ISO-10303-21;
HEADER;
/* Generated by software containing ST-Developer
 * from STEP Tools, Inc. (www.steptools.com) 
 */

FILE_DESCRIPTION(
/* description */ ('Alibre Inc.'),
/* implementation_level */ '2;1');

FILE_NAME(
/* name */ 'export-1C10D19D-4587-4D44-B606-F527D4FE5A0C',
/* time_stamp */ '2026-07-10T10:38:01-04:00',
/* author */ (''),
/* organization */ (''),
/* preprocessor_version */ 'ST-DEVELOPER v17',
/* originating_system */ 'Alibre',
/* authorisation */ '');

FILE_SCHEMA (('CONFIG_CONTROL_DESIGN'));
ENDSEC;

DATA;
#10=MECHANICAL_CONTEXT('detailed design',#18,'mechanical');
#11=PRODUCT_RELATED_PRODUCT_CATEGORY('detail','',(#98));
#12=CC_DESIGN_SECURITY_CLASSIFICATION(#14,(#97));
#13=SECURITY_CLASSIFICATION_LEVEL('unclassified');
#14=SECURITY_CLASSIFICATION('name','Security for version',#13);
#15=SHAPE_DEFINITION_REPRESENTATION(#16,#8474);
#16=PRODUCT_DEFINITION_SHAPE('','DefinitionDesc',#96);
#17=APPLICATION_PROTOCOL_DEFINITION('AP definition status',
'config_control_design',1994,#18);
#18=APPLICATION_CONTEXT(
'control the configuration of three dimensional design');
#19=DESIGN_CONTEXT('detailed design',#18,'design');
#20=PERSON_AND_ORGANIZATION_ROLE('creator');
#21=PERSON_AND_ORGANIZATION_ROLE('classification_officer');
#22=PERSON_AND_ORGANIZATION_ROLE('creator');
#23=PERSON_AND_ORGANIZATION_ROLE('design_supplier');
#24=PERSON_AND_ORGANIZATION_ROLE('design_owner');
#25=CC_DESIGN_PERSON_AND_ORGANIZATION_ASSIGNMENT(#57,#20,(#96));
#26=CC_DESIGN_PERSON_AND_ORGANIZATION_ASSIGNMENT(#60,#21,(#14));
#27=CC_DESIGN_PERSON_AND_ORGANIZATION_ASSIGNMENT(#61,#22,(#97));
#28=CC_DESIGN_PERSON_AND_ORGANIZATION_ASSIGNMENT(#62,#23,(#97));
#29=CC_DESIGN_PERSON_AND_ORGANIZATION_ASSIGNMENT(#63,#24,(#98));
#30=DATE_TIME_ROLE('creation_date');
#31=DATE_TIME_ROLE('classification_date');
#32=CC_DESIGN_DATE_AND_TIME_ASSIGNMENT(#86,#30,(#96));
#33=CC_DESIGN_DATE_AND_TIME_ASSIGNMENT(#89,#31,(#14));
#34=CC_DESIGN_APPROVAL(#93,(#96));
#35=CC_DESIGN_APPROVAL(#94,(#97));
#36=CC_DESIGN_APPROVAL(#95,(#14));
#37=APPROVAL_PERSON_ORGANIZATION(#56,#93,#64);
#38=APPROVAL_PERSON_ORGANIZATION(#58,#94,#65);
#39=APPROVAL_PERSON_ORGANIZATION(#59,#95,#66);
#40=ORGANIZATION('DEFINITION_APPROVEDBY_ORG_ID',
'DEFINITION_APPROVEDBY_ORG_NAME','DEFINITION_APPROVEDBY_ORG_DESCR');
#41=ORGANIZATION('DEF_CREATOR_ORG_ID','DEF_CREATOR_ORG_NAME',
'DEF_CREATOR_ORG_DESCR');
#42=ORGANIZATION('APPROVEDBY_ORG_ID','APPROVEDBY_ORG_NAME',
'APPROVEDBY_ORG_DESCR');
#43=ORGANIZATION('SECURITY_APPROVEDBY_ORG_ID',
'SECURITY_APPROVEDBY_ORG_NAME','SECURITY_APPROVEDBY_ORG_DESCR');
#44=ORGANIZATION('CLASSOFFICER_ORG_ID','CLASSOFFICER_ORG_NAME',
'CLASSOFFICER_ORG_DESCR');
#45=ORGANIZATION('CREATOR_ORG_ID','CREATOR_ORG_NAME',
'CREATOR_ORG_DESCR');
#46=ORGANIZATION('SUPPLIER_ORG_ID','SUPPLIER_ORG_NAME',
'SUPPLIER_ORG_DESCR');
#47=ORGANIZATION('OWNER_ORG_ID','OWNER_ORG_NAME','OWNER_ORG_DESCR');
#48=PERSON('DEFINITION_approverID','DEFINITION_APPROVEDBY_LASTNAME',
'DEFINITION_APPROVEDBY_FIRSTNAME',$,$,$);
#49=PERSON('DEF_createrID','DEF_CREATOR_LASTNAME',
'DEF_CREATOR_FIRSTNAME',$,$,$);
#50=PERSON('approverID','APPROVEDBY_LASTNAME','APPROVEDBY_FIRSTNAME',$,
$,$);
#51=PERSON('SECURITY_approverID','SECURITY_LASTNAME',
'SECURITY_APPROVEDBY_FIRSTNAME',$,$,$);
#52=PERSON('classifierID','CLASSOFFICER_LASTNAME',
'CLASSOFFICER_FIRSTNAME',$,$,$);
#53=PERSON('createrID','CREATOR_LASTNAME','CREATOR_FIRSTNAME',$,$,$);
#54=PERSON('supplierID','SUPPLIER_LASTNAME','SUPPLIER_FIRSTNAME',$,$,$);
#55=PERSON('ownerID','OWNER_LASTNAME','OWNER_FIRSTNAME',$,$,$);
#56=PERSON_AND_ORGANIZATION(#48,#40);
#57=PERSON_AND_ORGANIZATION(#49,#41);
#58=PERSON_AND_ORGANIZATION(#50,#42);
#59=PERSON_AND_ORGANIZATION(#51,#43);
#60=PERSON_AND_ORGANIZATION(#52,#44);
#61=PERSON_AND_ORGANIZATION(#53,#45);
#62=PERSON_AND_ORGANIZATION(#54,#46);
#63=PERSON_AND_ORGANIZATION(#55,#47);
#64=APPROVAL_ROLE('definition_approval');
#65=APPROVAL_ROLE('version_approval');
#66=APPROVAL_ROLE('security_approval');
#67=APPROVAL_DATE_TIME(#85,#93);
#68=APPROVAL_DATE_TIME(#87,#94);
#69=APPROVAL_DATE_TIME(#88,#95);
#70=COORDINATED_UNIVERSAL_TIME_OFFSET(4,0,.BEHIND.);
#71=COORDINATED_UNIVERSAL_TIME_OFFSET(4,0,.BEHIND.);
#72=COORDINATED_UNIVERSAL_TIME_OFFSET(4,0,.BEHIND.);
#73=COORDINATED_UNIVERSAL_TIME_OFFSET(4,0,.BEHIND.);
#74=COORDINATED_UNIVERSAL_TIME_OFFSET(4,0,.BEHIND.);
#75=LOCAL_TIME(11,47,52.,#70);
#76=LOCAL_TIME(11,47,52.,#71);
#77=LOCAL_TIME(11,47,52.,#72);
#78=LOCAL_TIME(11,47,52.,#73);
#79=LOCAL_TIME(11,47,52.,#74);
#80=CALENDAR_DATE(2026,16,6);
#81=CALENDAR_DATE(2026,16,6);
#82=CALENDAR_DATE(2026,16,6);
#83=CALENDAR_DATE(2026,16,6);
#84=CALENDAR_DATE(2026,16,6);
#85=DATE_AND_TIME(#80,#75);
#86=DATE_AND_TIME(#81,#76);
#87=DATE_AND_TIME(#82,#77);
#88=DATE_AND_TIME(#83,#78);
#89=DATE_AND_TIME(#84,#79);
#90=APPROVAL_STATUS('not_yet_approved');
#91=APPROVAL_STATUS('not_yet_approved');
#92=APPROVAL_STATUS('not_yet_approved');
#93=APPROVAL(#90,'defintion approval');
#94=APPROVAL(#91,'version approval');
#95=APPROVAL(#92,'security approval');
#96=PRODUCT_DEFINITION('DefinitionID','DefinitionDesc',#97,#19);
#97=PRODUCT_DEFINITION_FORMATION_WITH_SPECIFIED_SOURCE(
'PRODUCT_VERSION_ID','PRODUCT_VERSION_DESCR',#98,.NOT_KNOWN.);
#98=PRODUCT('','jkhbk','',(#10));
#99=(
LENGTH_UNIT()
NAMED_UNIT(*)
SI_UNIT(.CENTI.,.METRE.)
);
#100=(
NAMED_UNIT(*)
PLANE_ANGLE_UNIT()
SI_UNIT($,.RADIAN.)
);
#101=(
NAMED_UNIT(*)
SI_UNIT($,.STERADIAN.)
SOLID_ANGLE_UNIT()
);
#102=UNCERTAINTY_MEASURE_WITH_UNIT(LENGTH_MEASURE(1.E-6),#99,
'DISTANCE_ACCURACY_VALUE',
'Maximum model space distance between geometric entities at asserted c
onnectivities');
#103=(
GEOMETRIC_REPRESENTATION_CONTEXT(3)
GLOBAL_UNCERTAINTY_ASSIGNED_CONTEXT((#102))
GLOBAL_UNIT_ASSIGNED_CONTEXT((#101,#100,#99))
REPRESENTATION_CONTEXT('ID1','3D')
);
#104=SPHERICAL_SURFACE('',#3504,0.254);
#105=SPHERICAL_SURFACE('',#3517,0.254);
#106=SPHERICAL_SURFACE('',#3527,0.254);
#107=SPHERICAL_SURFACE('',#3541,0.254);
#108=ELLIPSE('',#3419,0.10776307345283,0.0762);
#109=ELLIPSE('',#3443,0.10776307345283,0.0762);
#110=ELLIPSE('',#3475,0.10776307345283,0.0762);
#111=ELLIPSE('',#3503,0.359210244842766,0.254);
#112=ELLIPSE('',#3516,0.359210244842766,0.254);
#113=ELLIPSE('',#3526,0.359210244842766,0.254);
#114=ELLIPSE('',#3531,0.359210244842766,0.254);
#115=ELLIPSE('',#3532,0.359210244842766,0.254);
#116=ELLIPSE('',#3537,0.359210244842766,0.254);
#117=B_SPLINE_SURFACE_WITH_KNOTS('',3,3,((#5977,#5978,#5979,#5980,#5981,
#5982,#5983,#5984,#5985,#5986),(#5987,#5988,#5989,#5990,#5991,#5992,#5993,
#5994,#5995,#5996),(#5997,#5998,#5999,#6000,#6001,#6002,#6003,#6004,#6005,
#6006),(#6007,#6008,#6009,#6010,#6011,#6012,#6013,#6014,#6015,#6016),(#6017,
#6018,#6019,#6020,#6021,#6022,#6023,#6024,#6025,#6026),(#6027,#6028,#6029,
#6030,#6031,#6032,#6033,#6034,#6035,#6036)),.UNSPECIFIED.,.F.,.F.,.U.,(4,
2,4),(4,2,2,2,4),(0.,0.5,1.),(-3.14159265358979,-2.33605607574626,-1.0471975511966,
1.01497608808286,3.1415926535898),.UNSPECIFIED.);
#118=B_SPLINE_SURFACE_WITH_KNOTS('',3,3,((#6138,#6139,#6140,#6141,#6142,
#6143,#6144,#6145,#6146,#6147,#6148,#6149,#6150,#6151,#6152,#6153,#6154,
#6155,#6156,#6157,#6158,#6159,#6160,#6161),(#6162,#6163,#6164,#6165,#6166,
#6167,#6168,#6169,#6170,#6171,#6172,#6173,#6174,#6175,#6176,#6177,#6178,
#6179,#6180,#6181,#6182,#6183,#6184,#6185),(#6186,#6187,#6188,#6189,#6190,
#6191,#6192,#6193,#6194,#6195,#6196,#6197,#6198,#6199,#6200,#6201,#6202,
#6203,#6204,#6205,#6206,#6207,#6208,#6209),(#6210,#6211,#6212,#6213,#6214,
#6215,#6216,#6217,#6218,#6219,#6220,#6221,#6222,#6223,#6224,#6225,#6226,
#6227,#6228,#6229,#6230,#6231,#6232,#6233),(#6234,#6235,#6236,#6237,#6238,
#6239,#6240,#6241,#6242,#6243,#6244,#6245,#6246,#6247,#6248,#6249,#6250,
#6251,#6252,#6253,#6254,#6255,#6256,#6257),(#6258,#6259,#6260,#6261,#6262,
#6263,#6264,#6265,#6266,#6267,#6268,#6269,#6270,#6271,#6272,#6273,#6274,
#6275,#6276,#6277,#6278,#6279,#6280,#6281)),.UNSPECIFIED.,.F.,.T.,.U.,(4,
2,4),(4,2,2,2,2,2,2,2,2,2,2,4),(0.,0.5,1.),(0.,0.064544848384676,0.167816605800158,
0.333051417664928,0.597427116648561,1.02042823502237,1.50589128135318,2.13606829345836,
2.46617728727289,2.79628628108742,3.2185076100236,3.32579181828966),
 .UNSPECIFIED.);
#119=B_SPLINE_SURFACE_WITH_KNOTS('',3,3,((#6366,#6367,#6368,#6369,#6370,
#6371,#6372,#6373,#6374,#6375,#6376,#6377,#6378,#6379,#6380,#6381,#6382,
#6383,#6384,#6385,#6386,#6387,#6388,#6389,#6390,#6391),(#6392,#6393,#6394,
#6395,#6396,#6397,#6398,#6399,#6400,#6401,#6402,#6403,#6404,#6405,#6406,
#6407,#6408,#6409,#6410,#6411,#6412,#6413,#6414,#6415,#6416,#6417),(#6418,
#6419,#6420,#6421,#6422,#6423,#6424,#6425,#6426,#6427,#6428,#6429,#6430,
#6431,#6432,#6433,#6434,#6435,#6436,#6437,#6438,#6439,#6440,#6441,#6442,
#6443),(#6444,#6445,#6446,#6447,#6448,#6449,#6450,#6451,#6452,#6453,#6454,
#6455,#6456,#6457,#6458,#6459,#6460,#6461,#6462,#6463,#6464,#6465,#6466,
#6467,#6468,#6469),(#6470,#6471,#6472,#6473,#6474,#6475,#6476,#6477,#6478,
#6479,#6480,#6481,#6482,#6483,#6484,#6485,#6486,#6487,#6488,#6489,#6490,
#6491,#6492,#6493,#6494,#6495),(#6496,#6497,#6498,#6499,#6500,#6501,#6502,
#6503,#6504,#6505,#6506,#6507,#6508,#6509,#6510,#6511,#6512,#6513,#6514,
#6515,#6516,#6517,#6518,#6519,#6520,#6521)),.UNSPECIFIED.,.F.,.T.,.U.,(4,
2,4),(4,2,2,2,2,2,2,2,2,2,2,2,4),(0.,0.5,1.),(-3.45351164471329,-3.37939598820693,
-3.26081093779675,-3.07107485714047,-2.76749712809042,-2.52747599871645,
-2.28745486934248,-1.91031906717299,-1.3468934380064,-1.00265385199635,
-0.658414265986312,-0.248413804649105,0.),.UNSPECIFIED.);
#120=B_SPLINE_SURFACE_WITH_KNOTS('',3,3,((#6548,#6549,#6550,#6551,#6552,
#6553,#6554,#6555,#6556,#6557,#6558,#6559,#6560,#6561,#6562,#6563,#6564,
#6565,#6566,#6567,#6568,#6569,#6570,#6571),(#6572,#6573,#6574,#6575,#6576,
#6577,#6578,#6579,#6580,#6581,#6582,#6583,#6584,#6585,#6586,#6587,#6588,
#6589,#6590,#6591,#6592,#6593,#6594,#6595),(#6596,#6597,#6598,#6599,#6600,
#6601,#6602,#6603,#6604,#6605,#6606,#6607,#6608,#6609,#6610,#6611,#6612,
#6613,#6614,#6615,#6616,#6617,#6618,#6619),(#6620,#6621,#6622,#6623,#6624,
#6625,#6626,#6627,#6628,#6629,#6630,#6631,#6632,#6633,#6634,#6635,#6636,
#6637,#6638,#6639,#6640,#6641,#6642,#6643),(#6644,#6645,#6646,#6647,#6648,
#6649,#6650,#6651,#6652,#6653,#6654,#6655,#6656,#6657,#6658,#6659,#6660,
#6661,#6662,#6663,#6664,#6665,#6666,#6667),(#6668,#6669,#6670,#6671,#6672,
#6673,#6674,#6675,#6676,#6677,#6678,#6679,#6680,#6681,#6682,#6683,#6684,
#6685,#6686,#6687,#6688,#6689,#6690,#6691)),.UNSPECIFIED.,.F.,.T.,.U.,(4,
2,4),(4,2,2,2,2,2,2,2,2,2,2,4),(0.,0.5,1.),(0.,0.0686855820641974,0.178582513366913,
0.354417603451259,0.635753747586212,1.08589157820214,1.55503553503443,2.13156143458123,
2.46767213423265,2.80378283388406,3.24646483303406,3.38592124888034),
 .UNSPECIFIED.);
#121=B_SPLINE_SURFACE_WITH_KNOTS('',3,3,((#6800,#6801,#6802,#6803,#6804,
#6805,#6806,#6807,#6808,#6809,#6810,#6811,#6812,#6813,#6814,#6815,#6816,
#6817,#6818,#6819,#6820,#6821,#6822,#6823),(#6824,#6825,#6826,#6827,#6828,
#6829,#6830,#6831,#6832,#6833,#6834,#6835,#6836,#6837,#6838,#6839,#6840,
#6841,#6842,#6843,#6844,#6845,#6846,#6847),(#6848,#6849,#6850,#6851,#6852,
#6853,#6854,#6855,#6856,#6857,#6858,#6859,#6860,#6861,#6862,#6863,#6864,
#6865,#6866,#6867,#6868,#6869,#6870,#6871),(#6872,#6873,#6874,#6875,#6876,
#6877,#6878,#6879,#6880,#6881,#6882,#6883,#6884,#6885,#6886,#6887,#6888,
#6889,#6890,#6891,#6892,#6893,#6894,#6895),(#6896,#6897,#6898,#6899,#6900,
#6901,#6902,#6903,#6904,#6905,#6906,#6907,#6908,#6909,#6910,#6911,#6912,
#6913,#6914,#6915,#6916,#6917,#6918,#6919),(#6920,#6921,#6922,#6923,#6924,
#6925,#6926,#6927,#6928,#6929,#6930,#6931,#6932,#6933,#6934,#6935,#6936,
#6937,#6938,#6939,#6940,#6941,#6942,#6943)),.UNSPECIFIED.,.F.,.T.,.U.,(4,
2,4),(4,2,2,2,2,2,2,2,2,2,2,4),(0.,0.5,1.),(0.,0.0699952615987737,0.181987680156812,
0.361175549849672,0.64787614135825,1.10659708777197,1.57042773060844,2.14506173573082,
2.48399382103814,2.82292590634546,3.25882302421147,3.40323273488872),
 .UNSPECIFIED.);
#122=B_SPLINE_SURFACE_WITH_KNOTS('',3,3,((#7080,#7081,#7082,#7083,#7084,
#7085,#7086,#7087,#7088,#7089,#7090,#7091,#7092,#7093,#7094,#7095,#7096,
#7097,#7098,#7099,#7100,#7101,#7102,#7103),(#7104,#7105,#7106,#7107,#7108,
#7109,#7110,#7111,#7112,#7113,#7114,#7115,#7116,#7117,#7118,#7119,#7120,
#7121,#7122,#7123,#7124,#7125,#7126,#7127),(#7128,#7129,#7130,#7131,#7132,
#7133,#7134,#7135,#7136,#7137,#7138,#7139,#7140,#7141,#7142,#7143,#7144,
#7145,#7146,#7147,#7148,#7149,#7150,#7151),(#7152,#7153,#7154,#7155,#7156,
#7157,#7158,#7159,#7160,#7161,#7162,#7163,#7164,#7165,#7166,#7167,#7168,
#7169,#7170,#7171,#7172,#7173,#7174,#7175),(#7176,#7177,#7178,#7179,#7180,
#7181,#7182,#7183,#7184,#7185,#7186,#7187,#7188,#7189,#7190,#7191,#7192,
#7193,#7194,#7195,#7196,#7197,#7198,#7199),(#7200,#7201,#7202,#7203,#7204,
#7205,#7206,#7207,#7208,#7209,#7210,#7211,#7212,#7213,#7214,#7215,#7216,
#7217,#7218,#7219,#7220,#7221,#7222,#7223)),.UNSPECIFIED.,.F.,.T.,.U.,(4,
2,4),(4,2,2,2,2,2,2,2,2,2,2,4),(0.,0.5,1.),(-3.27781536210233,-3.21616819805955,
-3.11753273559111,-2.9597159956416,-2.70720921172239,-2.30319835745165,
-1.80423890635245,-1.16579672777904,-0.837749305021524,-0.509701882264008,
-0.070049166021487,0.),.UNSPECIFIED.);
#123=B_SPLINE_SURFACE_WITH_KNOTS('',3,3,((#7451,#7452,#7453,#7454,#7455,
#7456,#7457,#7458,#7459,#7460,#7461,#7462,#7463,#7464,#7465,#7466,#7467,
#7468,#7469,#7470,#7471,#7472,#7473,#7474),(#7475,#7476,#7477,#7478,#7479,
#7480,#7481,#7482,#7483,#7484,#7485,#7486,#7487,#7488,#7489,#7490,#7491,
#7492,#7493,#7494,#7495,#7496,#7497,#7498),(#7499,#7500,#7501,#7502,#7503,
#7504,#7505,#7506,#7507,#7508,#7509,#7510,#7511,#7512,#7513,#7514,#7515,
#7516,#7517,#7518,#7519,#7520,#7521,#7522),(#7523,#7524,#7525,#7526,#7527,
#7528,#7529,#7530,#7531,#7532,#7533,#7534,#7535,#7536,#7537,#7538,#7539,
#7540,#7541,#7542,#7543,#7544,#7545,#7546),(#7547,#7548,#7549,#7550,#7551,
#7552,#7553,#7554,#7555,#7556,#7557,#7558,#7559,#7560,#7561,#7562,#7563,
#7564,#7565,#7566,#7567,#7568,#7569,#7570),(#7571,#7572,#7573,#7574,#7575,
#7576,#7577,#7578,#7579,#7580,#7581,#7582,#7583,#7584,#7585,#7586,#7587,
#7588,#7589,#7590,#7591,#7592,#7593,#7594)),.UNSPECIFIED.,.F.,.T.,.U.,(4,
2,4),(4,2,2,2,2,2,2,2,2,2,2,4),(0.,0.5,1.),(-3.38928818762224,-3.32035174251006,
-3.21005343033057,-3.03357613084338,-2.75121245166389,-2.29943056497669,
-1.83116213658345,-1.19051223175436,-0.853754633084925,-0.516997034415486,
-0.0561890382878223,0.),.UNSPECIFIED.);
#124=B_SPLINE_SURFACE_WITH_KNOTS('',3,3,((#7654,#7655,#7656,#7657,#7658,
#7659,#7660,#7661,#7662,#7663,#7664,#7665,#7666,#7667,#7668,#7669,#7670,
#7671,#7672,#7673,#7674,#7675,#7676,#7677),(#7678,#7679,#7680,#7681,#7682,
#7683,#7684,#7685,#7686,#7687,#7688,#7689,#7690,#7691,#7692,#7693,#7694,
#7695,#7696,#7697,#7698,#7699,#7700,#7701),(#7702,#7703,#7704,#7705,#7706,
#7707,#7708,#7709,#7710,#7711,#7712,#7713,#7714,#7715,#7716,#7717,#7718,
#7719,#7720,#7721,#7722,#7723,#7724,#7725),(#7726,#7727,#7728,#7729,#7730,
#7731,#7732,#7733,#7734,#7735,#7736,#7737,#7738,#7739,#7740,#7741,#7742,
#7743,#7744,#7745,#7746,#7747,#7748,#7749),(#7750,#7751,#7752,#7753,#7754,
#7755,#7756,#7757,#7758,#7759,#7760,#7761,#7762,#7763,#7764,#7765,#7766,
#7767,#7768,#7769,#7770,#7771,#7772,#7773),(#7774,#7775,#7776,#7777,#7778,
#7779,#7780,#7781,#7782,#7783,#7784,#7785,#7786,#7787,#7788,#7789,#7790,
#7791,#7792,#7793,#7794,#7795,#7796,#7797)),.UNSPECIFIED.,.F.,.T.,.U.,(4,
2,4),(4,2,2,2,2,2,2,2,2,2,2,4),(0.,0.5,1.),(0.,0.067708427243036,0.176041910831894,
0.349375484574066,0.626709202561541,1.0704431513415,1.54354892393312,2.1212694712987,
2.45519097292405,2.78911247454939,3.23686871867142,3.372475471615),
 .UNSPECIFIED.);
#125=B_SPLINE_SURFACE_WITH_KNOTS('',3,3,((#7911,#7912,#7913,#7914,#7915,
#7916,#7917,#7918,#7919,#7920,#7921,#7922,#7923,#7924,#7925,#7926,#7927,
#7928,#7929,#7930,#7931,#7932,#7933,#7934,#7935,#7936,#7937,#7938),(#7939,
#7940,#7941,#7942,#7943,#7944,#7945,#7946,#7947,#7948,#7949,#7950,#7951,
#7952,#7953,#7954,#7955,#7956,#7957,#7958,#7959,#7960,#7961,#7962,#7963,
#7964,#7965,#7966),(#7967,#7968,#7969,#7970,#7971,#7972,#7973,#7974,#7975,
#7976,#7977,#7978,#7979,#7980,#7981,#7982,#7983,#7984,#7985,#7986,#7987,
#7988,#7989,#7990,#7991,#7992,#7993,#7994),(#7995,#7996,#7997,#7998,#7999,
#8000,#8001,#8002,#8003,#8004,#8005,#8006,#8007,#8008,#8009,#8010,#8011,
#8012,#8013,#8014,#8015,#8016,#8017,#8018,#8019,#8020,#8021,#8022),(#8023,
#8024,#8025,#8026,#8027,#8028,#8029,#8030,#8031,#8032,#8033,#8034,#8035,
#8036,#8037,#8038,#8039,#8040,#8041,#8042,#8043,#8044,#8045,#8046,#8047,
#8048,#8049,#8050),(#8051,#8052,#8053,#8054,#8055,#8056,#8057,#8058,#8059,
#8060,#8061,#8062,#8063,#8064,#8065,#8066,#8067,#8068,#8069,#8070,#8071,
#8072,#8073,#8074,#8075,#8076,#8077,#8078)),.UNSPECIFIED.,.F.,.T.,.U.,(4,
2,4),(4,2,2,2,2,2,2,2,2,2,2,2,2,4),(0.,0.5,1.),(-0.214204992054545,-0.141704840897622,
-0.0714016640181817,-0.0274621784685314,0.,0.129535256397474,0.223454514339724,
0.28215405055363,0.318841260687322,0.355528470821014,0.414228007034922,
0.508147264977174,0.658418077684778,0.773698916791557),.UNSPECIFIED.);
#126=TOROIDAL_SURFACE('',#3310,0.1524,0.0762);
#127=TOROIDAL_SURFACE('',#3313,0.1524,0.0762);
#128=TOROIDAL_SURFACE('',#3319,0.6858,0.0762);
#129=TOROIDAL_SURFACE('',#3325,0.6858,0.0762);
#130=TOROIDAL_SURFACE('',#3329,0.1524,0.0762);
#131=TOROIDAL_SURFACE('',#3332,0.1524,0.0762);
#132=TOROIDAL_SURFACE('',#3337,0.6858,0.0762);
#133=TOROIDAL_SURFACE('',#3342,0.6858,0.0762);
#134=TOROIDAL_SURFACE('',#3346,0.3937,0.0762);
#135=TOROIDAL_SURFACE('',#3349,0.3937,0.0762);
#136=TOROIDAL_SURFACE('',#3362,0.1524,0.0762);
#137=TOROIDAL_SURFACE('',#3368,0.6858,0.0762);
#138=TOROIDAL_SURFACE('',#3374,0.6858,0.0762);
#139=TOROIDAL_SURFACE('',#3378,0.1524,0.0762);
#140=TOROIDAL_SURFACE('',#3383,0.3937,0.0762);
#141=TOROIDAL_SURFACE('',#3392,0.1524,0.0762);
#142=TOROIDAL_SURFACE('',#3397,0.6858,0.0762);
#143=TOROIDAL_SURFACE('',#3400,0.6858,0.0762);
#144=TOROIDAL_SURFACE('',#3405,0.1524,0.0762);
#145=TOROIDAL_SURFACE('',#3411,0.3937,0.0762);
#146=TOROIDAL_SURFACE('',#3422,0.3048,0.0762);
#147=TOROIDAL_SURFACE('',#3433,0.3048,0.0762);
#148=TOROIDAL_SURFACE('',#3451,0.3048,0.0762);
#149=TOROIDAL_SURFACE('',#3462,0.304799999999999,0.0762);
#150=TOROIDAL_SURFACE('',#3485,0.1778,0.0635);
#151=TOROIDAL_SURFACE('',#3488,0.1778,0.0635);
#152=TOROIDAL_SURFACE('',#3491,0.1778,0.0635);
#153=B_SPLINE_CURVE_WITH_KNOTS('',3,(#4383,#4384,#4385,#4386,#4387,#4388,
#4389,#4390,#4391,#4392,#4393,#4394,#4395,#4396,#4397,#4398,#4399,#4400,
#4401,#4402,#4403,#4404),.UNSPECIFIED.,.F.,.U.,(4,2,2,2,2,2,2,2,2,2,4),
(0.,0.13152397159192,0.188399684163958,0.239275250934432,0.349097671322459,
0.409231303195765,0.517762348287285,0.565125506551739,0.613926105502523,
0.702850004418209,0.744586958953539),.UNSPECIFIED.);
#154=B_SPLINE_CURVE_WITH_KNOTS('',3,(#4429,#4430,#4431,#4432,#4433,#4434,
#4435,#4436,#4437,#4438,#4439,#4440,#4441,#4442,#4443,#4444,#4445,#4446),
 .UNSPECIFIED.,.F.,.U.,(4,2,2,2,2,2,2,2,4),(0.,0.128425053235194,0.190560033986958,
0.252416134825528,0.397897671625572,0.526083097225687,0.585720786265063,
0.681835237917813,0.772161790223928),.UNSPECIFIED.);
#155=B_SPLINE_CURVE_WITH_KNOTS('',3,(#4453,#4454,#4455,#4456,#4457,#4458,
#4459,#4460,#4461,#4462),.UNSPECIFIED.,.F.,.U.,(4,2,2,2,4),(0.,0.12899065558827,
0.257981489592258,0.378752378843567,0.42321452608729),.UNSPECIFIED.);
#156=B_SPLINE_CURVE_WITH_KNOTS('',3,(#4464,#4465,#4466,#4467,#4468,#4469,
#4470,#4471,#4472,#4473,#4474,#4475,#4476,#4477,#4478,#4479,#4480,#4481,
#4482,#4483,#4484,#4485,#4486,#4487,#4488,#4489,#4490,#4491,#4492,#4493,
#4494,#4495,#4496,#4497,#4498,#4499,#4500,#4501,#4502,#4503,#4504,#4505,
#4506,#4507),.UNSPECIFIED.,.T.,.U.,(4,2,2,2,2,2,2,2,2,2,2,2,2,2,2,2,2,2,
2,2,2,4),(0.,0.0401055724501051,0.124708496870173,0.200018111206173,0.260447761189484,
0.32104510781972,0.36348926476863,0.472525743744838,0.545649185204503,0.616492099705139,
0.671816971342639,0.717206953134264,0.755875161198915,0.790919777245358,
0.830077268708346,0.883176896634735,0.938794920329698,1.20423380674039,
1.3800742887297,1.5314291314182,1.59541904816645,1.65434135564224),
 .UNSPECIFIED.);
#157=B_SPLINE_CURVE_WITH_KNOTS('',3,(#4513,#4514,#4515,#4516,#4517,#4518,
#4519,#4520,#4521,#4522,#4523,#4524,#4525,#4526,#4527,#4528,#4529,#4530,
#4531,#4532,#4533,#4534,#4535,#4536,#4537,#4538,#4539,#4540,#4541,#4542),
 .UNSPECIFIED.,.T.,.U.,(4,2,2,2,2,2,2,2,2,2,2,2,2,2,4),(0.,0.000731964795022737,
0.0895743336844195,0.147839312325174,0.180788752960924,0.210702588605744,
0.239032795579805,0.266523172369831,0.294013549159856,0.322343756133917,
0.352257591778738,0.385207032414488,0.443472011055242,0.532314379944639,
0.533046344739662),.UNSPECIFIED.);
#158=B_SPLINE_CURVE_WITH_KNOTS('',3,(#4627,#4628,#4629,#4630,#4631,#4632,
#4633,#4634,#4635,#4636,#4637,#4638,#4639,#4640,#4641,#4642,#4643,#4644,
#4645,#4646,#4647,#4648,#4649,#4650,#4651,#4652,#4653,#4654,#4655,#4656),
 .UNSPECIFIED.,.T.,.U.,(4,2,2,2,2,2,2,2,2,2,2,2,2,2,4),(0.,0.000731964795068663,
0.0895743336843861,0.147839312325141,0.180788752960891,0.210702588605711,
0.239032795579772,0.266523172369797,0.294013549159823,0.322343756133884,
0.352257591778704,0.385207032414454,0.443472011055209,0.532314379944526,
0.533046344739595),.UNSPECIFIED.);
#159=B_SPLINE_CURVE_WITH_KNOTS('',3,(#4660,#4661,#4662,#4663,#4664,#4665,
#4666,#4667,#4668,#4669,#4670,#4671,#4672,#4673,#4674,#4675,#4676,#4677,
#4678,#4679,#4680,#4681,#4682,#4683,#4684,#4685,#4686,#4687,#4688,#4689,
#4690,#4691,#4692,#4693,#4694,#4695,#4696,#4697,#4698,#4699,#4700,#4701,
#4702,#4703,#4704,#4705,#4706,#4707,#4708,#4709,#4710,#4711,#4712,#4713,
#4714,#4715,#4716,#4717,#4718,#4719,#4720,#4721,#4722,#4723,#4724,#4725,
#4726,#4727,#4728,#4729,#4730,#4731,#4732,#4733,#4734,#4735,#4736,#4737,
#4738,#4739,#4740,#4741,#4742,#4743,#4744,#4745,#4746,#4747,#4748,#4749,
#4750,#4751,#4752,#4753,#4754,#4755,#4756,#4757),.UNSPECIFIED.,.T.,.U.,
(4,2,2,2,2,2,2,2,2,2,2,2,2,2,2,2,2,2,2,2,2,2,2,2,2,2,2,2,2,2,2,2,2,2,2,
2,2,2,2,2,2,2,2,2,2,2,2,2,4),(0.,0.00600132069684154,0.00964992642531609,
0.0177549945646897,0.0317128199297152,0.0450088757318728,0.0812687562407998,
0.116620408710658,0.14688064556845,0.177932446975988,0.206313384475584,
0.233271302423554,0.259482022863882,0.285692743304209,0.312650661252179,
0.341031598751776,0.372083400159313,0.402343637017106,0.437695289486964,
0.473955169995891,0.487251225798048,0.501209051163074,0.509314119302447,
0.512962725030922,0.518964045727764,0.524965366424605,0.52861397215308,
0.536719040292453,0.550676865657479,0.563972921459636,0.600232801968563,
0.635584454438421,0.665844691296214,0.696896492703751,0.725277430203348,
0.752235348151318,0.778446068591645,0.804656789031973,0.831614706979943,
0.859995644479539,0.891047445887077,0.92130768274487,0.956659335214727,
0.992919215723654,1.00621527152581,1.02017309689084,1.02827816503021,1.03192677075869,
1.03792809145553),.UNSPECIFIED.);
#160=B_SPLINE_CURVE_WITH_KNOTS('',3,(#4783,#4784,#4785,#4786,#4787,#4788,
#4789,#4790,#4791,#4792),.UNSPECIFIED.,.F.,.U.,(4,2,2,2,4),(0.,0.128966502134751,
0.257965868732276,0.370641964298093,0.408825999069049),.UNSPECIFIED.);
#161=B_SPLINE_CURVE_WITH_KNOTS('',3,(#4794,#4795,#4796,#4797,#4798,#4799,
#4800,#4801,#4802,#4803,#4804,#4805,#4806,#4807,#4808,#4809,#4810,#4811,
#4812,#4813,#4814,#4815,#4816,#4817,#4818,#4819,#4820,#4821,#4822,#4823,
#4824,#4825,#4826,#4827),.UNSPECIFIED.,.T.,.U.,(4,2,2,2,2,2,2,2,2,2,2,2,
2,2,2,2,4),(0.,0.0281672764067201,0.0563970591363358,0.0847217407866597,
0.113165774084385,0.141656347948375,0.170094719997225,0.198385813229219,
0.226505545333315,0.254625277437411,0.282916370669405,0.311354742718256,
0.339845316582245,0.36828934987997,0.396614031530294,0.42484381425991,0.45301109066663),
 .UNSPECIFIED.);
#162=B_SPLINE_CURVE_WITH_KNOTS('',3,(#4838,#4839,#4840,#4841,#4842,#4843,
#4844,#4845,#4846,#4847,#4848,#4849,#4850,#4851,#4852,#4853,#4854,#4855,
#4856,#4857,#4858,#4859,#4860,#4861,#4862,#4863,#4864,#4865,#4866,#4867,
#4868,#4869,#4870,#4871),.UNSPECIFIED.,.T.,.U.,(4,2,2,2,2,2,2,2,2,2,2,2,
2,2,2,2,4),(0.,0.0281986161635593,0.0564138805992595,0.0846587617773472,
0.112952908805776,0.141282971429221,0.169632185506519,0.19791768579917,
0.226064008375696,0.254210330952223,0.282495831244873,0.310845045322171,
0.339175107945617,0.367469254974045,0.395714136152133,0.423929400587833,
0.452128016751393),.UNSPECIFIED.);
#163=B_SPLINE_CURVE_WITH_KNOTS('',3,(#4995,#4996,#4997,#4998,#4999,#5000,
#5001,#5002,#5003,#5004,#5005,#5006,#5007,#5008,#5009,#5010,#5011,#5012,
#5013,#5014,#5015,#5016,#5017,#5018,#5019,#5020,#5021,#5022,#5023,#5024),
 .UNSPECIFIED.,.T.,.U.,(4,2,2,2,2,2,2,2,2,2,2,2,2,2,4),(0.,0.000731964795066087,
0.0895743336843881,0.147839312325143,0.180788752960893,0.210702588605713,
0.239032795579774,0.266523172369799,0.294013549159825,0.322343756133886,
0.352257591778706,0.385207032414456,0.443472011055211,0.532314379944533,
0.533046344739599),.UNSPECIFIED.);
#164=B_SPLINE_CURVE_WITH_KNOTS('',3,(#5030,#5031,#5032,#5033,#5034,#5035,
#5036,#5037,#5038,#5039,#5040,#5041,#5042,#5043,#5044,#5045,#5046,#5047,
#5048,#5049,#5050,#5051,#5052,#5053,#5054,#5055,#5056,#5057,#5058,#5059,
#5060,#5061,#5062,#5063,#5064,#5065,#5066,#5067,#5068,#5069,#5070,#5071,
#5072,#5073,#5074,#5075,#5076,#5077,#5078,#5079,#5080,#5081,#5082,#5083,
#5084,#5085,#5086,#5087,#5088,#5089,#5090,#5091,#5092,#5093,#5094,#5095,
#5096,#5097,#5098,#5099,#5100,#5101,#5102,#5103,#5104,#5105,#5106,#5107,
#5108,#5109,#5110,#5111,#5112,#5113,#5114,#5115,#5116,#5117,#5118,#5119),
 .UNSPECIFIED.,.T.,.U.,(4,2,2,2,2,2,2,2,2,2,2,2,2,2,2,2,2,2,2,2,2,2,2,2,
2,2,2,2,2,2,2,2,2,2,2,2,2,2,2,2,2,2,2,2,4),(0.,0.0127067896936751,0.0216816857746412,
0.0353337385121716,0.0480423202911668,0.0834282032293706,0.1175486411803,
0.146758344447964,0.176673871150582,0.204074065707958,0.230119991759399,
0.255459911739715,0.280799831720031,0.306845757771472,0.334245952328847,
0.364161479031466,0.39337118229913,0.427491620250059,0.462877503188263,
0.475586084967258,0.489238137704788,0.498213033785754,0.51091982347943,
0.523626613173105,0.532601509254072,0.546253561991602,0.558962143770597,
0.594348026708801,0.62846846465973,0.657678167927394,0.687593694630013,
0.714993889187388,0.741039815238829,0.766379735219145,0.791719655199461,
0.817765581250901,0.845165775808278,0.875081302510896,0.90429100577856,
0.938411443729489,0.973797326667693,0.986505908446688,1.00015796118422,
1.00913285726518,1.02183964695886),.UNSPECIFIED.);
#165=B_SPLINE_CURVE_WITH_KNOTS('',3,(#5121,#5122,#5123,#5124,#5125,#5126,
#5127,#5128,#5129,#5130,#5131,#5132,#5133,#5134,#5135,#5136,#5137,#5138,
#5139,#5140,#5141,#5142,#5143,#5144,#5145,#5146,#5147,#5148,#5149,#5150),
 .UNSPECIFIED.,.T.,.U.,(4,2,2,2,2,2,2,2,2,2,2,2,2,2,4),(0.,0.000731964795066013,
0.0895743336843878,0.147839312325142,0.180788752960892,0.210702588605713,
0.239032795579774,0.266523172369799,0.294013549159826,0.322343756133886,
0.352257591778706,0.385207032414456,0.44347201105521,0.532314379944533,
0.533046344739599),.UNSPECIFIED.);
#166=B_SPLINE_CURVE_WITH_KNOTS('',3,(#5153,#5154,#5155,#5156,#5157,#5158,
#5159,#5160,#5161,#5162,#5163,#5164,#5165,#5166,#5167,#5168,#5169,#5170,
#5171,#5172,#5173,#5174,#5175,#5176,#5177,#5178,#5179,#5180,#5181,#5182,
#5183,#5184,#5185,#5186,#5187,#5188,#5189,#5190,#5191,#5192,#5193,#5194,
#5195,#5196,#5197,#5198,#5199,#5200,#5201,#5202,#5203,#5204,#5205,#5206,
#5207,#5208,#5209,#5210,#5211,#5212,#5213,#5214,#5215,#5216,#5217,#5218,
#5219,#5220,#5221,#5222,#5223,#5224,#5225,#5226,#5227,#5228,#5229,#5230,
#5231,#5232,#5233,#5234,#5235,#5236,#5237,#5238,#5239,#5240,#5241,#5242),
 .UNSPECIFIED.,.T.,.U.,(4,2,2,2,2,2,2,2,2,2,2,2,2,2,2,2,2,2,2,2,2,2,2,2,
2,2,2,2,2,2,2,2,2,2,2,2,2,2,2,2,2,2,2,2,4),(0.,0.012706789693673,0.0216816857746396,
0.03533373851217,0.0480423202911649,0.0834282032293692,0.1175486411803,
0.146758344447965,0.176673871150583,0.20407406570796,0.230119991759402,
0.255459911739717,0.280799831720033,0.306845757771475,0.334245952328852,
0.36416147903147,0.393371182299135,0.427491620250065,0.46287750318827,0.475586084967265,
0.489238137704795,0.498213033785761,0.510919823479435,0.523626613173108,
0.532601509254074,0.546253561991604,0.558962143770599,0.594348026708804,
0.628468464659734,0.657678167927399,0.687593694630017,0.714993889187394,
0.741039815238836,0.766379735219152,0.791719655199468,0.817765581250909,
0.845165775808286,0.875081302510905,0.90429100577857,0.9384114437295,0.973797326667705,
0.986505908446699,1.00015796118423,1.0091328572652,1.02183964695887),
 .UNSPECIFIED.);
#167=B_SPLINE_CURVE_WITH_KNOTS('',3,(#5244,#5245,#5246,#5247,#5248,#5249,
#5250,#5251,#5252,#5253,#5254,#5255,#5256,#5257,#5258,#5259,#5260,#5261,
#5262,#5263,#5264,#5265,#5266,#5267,#5268,#5269,#5270,#5271,#5272,#5273,
#5274,#5275,#5276,#5277,#5278,#5279,#5280,#5281,#5282,#5283,#5284,#5285,
#5286,#5287,#5288,#5289,#5290,#5291,#5292,#5293,#5294,#5295,#5296,#5297,
#5298,#5299,#5300,#5301,#5302,#5303,#5304,#5305,#5306,#5307,#5308,#5309,
#5310,#5311,#5312,#5313,#5314,#5315,#5316,#5317,#5318,#5319,#5320,#5321,
#5322,#5323,#5324,#5325,#5326,#5327,#5328,#5329,#5330,#5331,#5332,#5333,
#5334,#5335,#5336,#5337,#5338,#5339,#5340,#5341),.UNSPECIFIED.,.T.,.U.,
(4,2,2,2,2,2,2,2,2,2,2,2,2,2,2,2,2,2,2,2,2,2,2,2,2,2,2,2,2,2,2,2,2,2,2,
2,2,2,2,2,2,2,2,2,2,2,2,2,4),(0.,0.00600132069684281,0.00964992642531801,
0.0177549945646915,0.0317128199297168,0.0450088757318741,0.0812687562408008,
0.116620408710658,0.14688064556845,0.177932446975987,0.206313384475583,
0.233271302423553,0.25948202286388,0.285692743304207,0.312650661252177,
0.341031598751773,0.37208340015931,0.402343637017102,0.437695289486959,
0.473955169995886,0.487251225798043,0.501209051163068,0.509314119302443,
0.512962725030917,0.51896404572776,0.524965366424603,0.528613972153078,
0.536719040292452,0.550676865657477,0.563972921459634,0.600232801968561,
0.635584454438418,0.66584469129621,0.696896492703747,0.725277430203343,
0.752235348151314,0.77844606859164,0.804656789031968,0.831614706979937,
0.859995644479533,0.89104744588707,0.921307682744862,0.956659335214719,
0.992919215723646,1.0062152715258,1.02017309689083,1.0282781650302,1.03192677075868,
1.03792809145552),.UNSPECIFIED.);
#168=B_SPLINE_CURVE_WITH_KNOTS('',3,(#5372,#5373,#5374,#5375,#5376,#5377,
#5378,#5379,#5380,#5381,#5382,#5383,#5384,#5385,#5386,#5387,#5388,#5389,
#5390,#5391,#5392,#5393,#5394,#5395,#5396,#5397,#5398,#5399,#5400,#5401,
#5402,#5403,#5404,#5405,#5406,#5407,#5408,#5409,#5410,#5411),
 .UNSPECIFIED.,.T.,.U.,(4,2,2,2,2,2,2,2,2,2,2,2,2,2,2,2,2,2,2,4),(0.,0.0281428865004223,
0.0571637840816073,0.0864238924178105,0.118532638424405,0.150431655985442,
0.187670661154985,0.234556857969781,0.250867250141023,0.255763350391646,
0.259509509027046,0.267216372883021,0.281004407010549,0.322990718125847,
0.365164693528893,0.400580772314805,0.433403631710626,0.463276568297095,
0.491604854376557,0.519112797087963),.UNSPECIFIED.);
#169=B_SPLINE_CURVE_WITH_KNOTS('',3,(#5417,#5418,#5419,#5420,#5421,#5422,
#5423,#5424,#5425,#5426,#5427,#5428,#5429,#5430,#5431,#5432,#5433,#5434,
#5435,#5436,#5437,#5438,#5439,#5440,#5441,#5442,#5443,#5444,#5445,#5446,
#5447,#5448,#5449,#5450,#5451,#5452,#5453,#5454),.UNSPECIFIED.,.T.,.U.,
(4,2,2,2,2,2,2,2,2,2,2,2,2,2,2,2,2,2,4),(0.,0.0281427763454017,0.057164993756907,
0.0864267784544468,0.118542315872002,0.153979259599433,0.196217163177977,
0.238341505772168,0.252173516732745,0.259813771243497,0.26745402575425,
0.281286036714826,0.323410379309016,0.365648282887561,0.401085226614991,
0.433916147151244,0.463791695376124,0.492120105588032,0.519626927105087),
 .UNSPECIFIED.);
#170=B_SPLINE_CURVE_WITH_KNOTS('',3,(#5456,#5457,#5458,#5459,#5460,#5461,
#5462,#5463,#5464,#5465,#5466,#5467,#5468,#5469,#5470,#5471,#5472,#5473,
#5474,#5475,#5476,#5477,#5478,#5479,#5480,#5481,#5482,#5483,#5484,#5485,
#5486,#5487,#5488,#5489,#5490,#5491,#5492,#5493),.UNSPECIFIED.,.T.,.U.,
(4,2,2,2,2,2,2,2,2,2,2,2,2,2,2,2,2,2,4),(0.,0.0275079427114058,0.0558362287908682,
0.0857091653773371,0.118532024773158,0.15394810355907,0.196122078962116,
0.238108390077413,0.251896424204942,0.259603288060917,0.267310151916892,
0.281098186044421,0.323084497159719,0.365258472562765,0.400674551348677,
0.432783297355271,0.462043405691474,0.491064303272659,0.519207189773081),
 .UNSPECIFIED.);
#171=B_SPLINE_CURVE_WITH_KNOTS('',3,(#5496,#5497,#5498,#5499,#5500,#5501,
#5502,#5503,#5504,#5505,#5506,#5507,#5508,#5509,#5510,#5511,#5512,#5513,
#5514,#5515,#5516,#5517,#5518,#5519,#5520,#5521,#5522,#5523,#5524,#5525,
#5526,#5527,#5528,#5529,#5530,#5531,#5532,#5533),.UNSPECIFIED.,.T.,.U.,
(4,2,2,2,2,2,2,2,2,2,2,2,2,2,2,2,2,2,4),(0.,0.0275068215170548,0.0558352317289622,
0.0857107799538425,0.118541700490095,0.153978644217526,0.196216547796069,
0.238340890390259,0.252172901350835,0.259813155861589,0.267453410372341,
0.281285421332918,0.323409763927107,0.365647667505652,0.401084611233082,
0.433915531769334,0.463791079994216,0.492119490206123,0.519626311723178),
 .UNSPECIFIED.);
#172=B_SPLINE_CURVE_WITH_KNOTS('',3,(#5587,#5588,#5589,#5590,#5591,#5592,
#5593,#5594,#5595,#5596,#5597,#5598,#5599,#5600),.UNSPECIFIED.,.F.,.U.,
(4,2,2,2,2,2,4),(0.,0.134754071916308,0.187640697342039,0.229890682452626,
0.312048541541844,0.401141513578164,0.415464411682451),.UNSPECIFIED.);
#173=B_SPLINE_CURVE_WITH_KNOTS('',3,(#5602,#5603,#5604,#5605,#5606,#5607,
#5608,#5609,#5610,#5611,#5612,#5613,#5614,#5615,#5616,#5617,#5618,#5619,
#5620,#5621,#5622,#5623,#5624,#5625,#5626,#5627,#5628,#5629,#5630,#5631),
 .UNSPECIFIED.,.T.,.U.,(4,2,2,2,2,2,2,2,2,2,2,2,2,2,4),(0.,0.000731964795066087,
0.0895743336843882,0.147839312325143,0.180788752960893,0.210702588605713,
0.239032795579774,0.266523172369799,0.294013549159825,0.322343756133886,
0.352257591778706,0.385207032414456,0.443472011055211,0.532314379944533,
0.533046344739599),.UNSPECIFIED.);
#174=B_SPLINE_CURVE_WITH_KNOTS('',3,(#5634,#5635,#5636,#5637,#5638,#5639,
#5640,#5641,#5642,#5643,#5644,#5645,#5646,#5647,#5648,#5649,#5650,#5651,
#5652,#5653,#5654,#5655,#5656,#5657,#5658,#5659,#5660,#5661,#5662,#5663,
#5664,#5665,#5666,#5667,#5668,#5669,#5670,#5671,#5672,#5673,#5674,#5675,
#5676,#5677,#5678,#5679,#5680,#5681,#5682,#5683,#5684,#5685,#5686,#5687,
#5688,#5689,#5690,#5691,#5692,#5693,#5694,#5695,#5696,#5697,#5698,#5699,
#5700,#5701,#5702,#5703,#5704,#5705,#5706,#5707,#5708,#5709,#5710,#5711,
#5712,#5713,#5714,#5715,#5716,#5717,#5718,#5719,#5720,#5721,#5722,#5723),
 .UNSPECIFIED.,.T.,.U.,(4,2,2,2,2,2,2,2,2,2,2,2,2,2,2,2,2,2,2,2,2,2,2,2,
2,2,2,2,2,2,2,2,2,2,2,2,2,2,2,2,2,2,2,2,4),(0.,0.0127067896936751,0.0216816857746412,
0.0353337385121716,0.0480423202911667,0.0834282032293706,0.1175486411803,
0.146758344447964,0.176673871150582,0.204074065707958,0.230119991759399,
0.255459911739715,0.280799831720031,0.306845757771472,0.334245952328847,
0.364161479031466,0.39337118229913,0.427491620250059,0.462877503188263,
0.475586084967258,0.489238137704788,0.498213033785754,0.51091982347943,
0.523626613173105,0.532601509254072,0.546253561991602,0.558962143770597,
0.594348026708801,0.62846846465973,0.657678167927394,0.687593694630013,
0.714993889187388,0.741039815238829,0.766379735219145,0.791719655199461,
0.817765581250901,0.845165775808278,0.875081302510896,0.90429100577856,
0.938411443729489,0.973797326667693,0.986505908446688,1.00015796118422,
1.00913285726518,1.02183964695886),.UNSPECIFIED.);
#175=B_SPLINE_CURVE_WITH_KNOTS('',3,(#5725,#5726,#5727,#5728,#5729,#5730,
#5731,#5732,#5733,#5734,#5735,#5736,#5737,#5738,#5739,#5740,#5741,#5742,
#5743,#5744,#5745,#5746,#5747,#5748,#5749,#5750,#5751,#5752,#5753,#5754,
#5755,#5756,#5757,#5758,#5759,#5760,#5761,#5762),.UNSPECIFIED.,.T.,.U.,
(4,2,2,2,2,2,2,2,2,2,2,2,2,2,2,2,2,2,4),(0.,0.0281580899944437,0.05699799248864,
0.0860270449666541,0.117218924110834,0.150759738468438,0.187475055678347,
0.221780736965681,0.234912900772333,0.245888640835468,0.256864380898604,
0.269996544705255,0.30430222599259,0.341017543202499,0.374558357560103,
0.406293557854356,0.435805194799203,0.464114419590257,0.491776889754211),
 .UNSPECIFIED.);
#176=B_SPLINE_CURVE_WITH_KNOTS('',3,(#5794,#5795,#5796,#5797,#5798,#5799,
#5800,#5801,#5802,#5803,#5804,#5805,#5806,#5807,#5808,#5809,#5810,#5811,
#5812,#5813,#5814,#5815,#5816,#5817,#5818,#5819,#5820,#5821,#5822,#5823),
 .UNSPECIFIED.,.T.,.U.,(4,2,2,2,2,2,2,2,2,2,2,2,2,2,4),(0.,0.000731964795066013,
0.0895743336843883,0.147839312325143,0.180788752960893,0.210702588605713,
0.239032795579773,0.266523172369799,0.294013549159825,0.322343756133886,
0.352257591778707,0.385207032414456,0.443472011055211,0.532314379944533,
0.533046344739599),.UNSPECIFIED.);
#177=B_SPLINE_CURVE_WITH_KNOTS('',3,(#5832,#5833,#5834,#5835,#5836,#5837,
#5838,#5839,#5840,#5841,#5842,#5843,#5844,#5845,#5846,#5847,#5848,#5849,
#5850,#5851,#5852,#5853,#5854,#5855,#5856,#5857,#5858,#5859,#5860,#5861,
#5862,#5863,#5864,#5865,#5866,#5867,#5868,#5869),.UNSPECIFIED.,.T.,.U.,
(4,2,2,2,2,2,2,2,2,2,2,2,2,2,2,2,2,2,4),(0.,0.0276624701639543,0.0559716949550089,
0.0854833318998556,0.117218532194109,0.150759346551713,0.187474663761622,
0.221780345048956,0.234912508855608,0.245888248918743,0.256863988981879,
0.26999615278853,0.304301834075865,0.341017151285774,0.374557965643378,
0.405749844787557,0.434778897265571,0.463618799759767,0.491776889754211),
 .UNSPECIFIED.);
#178=B_SPLINE_CURVE_WITH_KNOTS('',3,(#5871,#5872,#5873,#5874,#5875,#5876,
#5877,#5878,#5879,#5880,#5881,#5882,#5883,#5884,#5885,#5886,#5887,#5888,
#5889,#5890,#5891,#5892,#5893,#5894,#5895,#5896,#5897,#5898,#5899,#5900,
#5901,#5902,#5903,#5904,#5905,#5906,#5907,#5908,#5909,#5910,#5911,#5912,
#5913,#5914,#5915,#5916,#5917,#5918,#5919,#5920,#5921,#5922,#5923,#5924,
#5925,#5926,#5927,#5928,#5929,#5930,#5931,#5932,#5933,#5934,#5935,#5936,
#5937,#5938,#5939,#5940,#5941,#5942,#5943,#5944,#5945,#5946,#5947,#5948,
#5949,#5950,#5951,#5952,#5953,#5954,#5955,#5956,#5957,#5958,#5959,#5960),
 .UNSPECIFIED.,.T.,.U.,(4,2,2,2,2,2,2,2,2,2,2,2,2,2,2,2,2,2,2,2,2,2,2,2,
2,2,2,2,2,2,2,2,2,2,2,2,2,2,2,2,2,2,2,2,4),(0.,0.0127067896936738,0.0216816857746393,
0.0353337385121702,0.0480423202911651,0.0834282032293697,0.1175486411803,
0.146758344447964,0.176673871150583,0.20407406570796,0.230119991759402,
0.255459911739717,0.280799831720034,0.306845757771476,0.334245952328852,
0.364161479031471,0.393371182299135,0.427491620250066,0.46287750318827,
0.475586084967265,0.489238137704796,0.498213033785762,0.510919823479435,
0.523626613173109,0.532601509254074,0.546253561991605,0.5589621437706,0.594348026708805,
0.628468464659735,0.6576781679274,0.687593694630019,0.714993889187395,0.741039815238837,
0.766379735219153,0.791719655199469,0.817765581250911,0.845165775808288,
0.875081302510906,0.904291005778571,0.938411443729501,0.973797326667706,
0.986505908446701,1.00015796118423,1.0091328572652,1.02183964695887),
 .UNSPECIFIED.);
#179=B_SPLINE_CURVE_WITH_KNOTS('',3,(#6037,#6038,#6039,#6040,#6041,#6042,
#6043,#6044,#6045,#6046),.UNSPECIFIED.,.F.,.U.,(4,2,2,2,4),(-3.14159265358979,
-2.33605607574626,-1.0471975511966,1.01497608808286,3.1415926535898),
 .UNSPECIFIED.);
#180=B_SPLINE_CURVE_WITH_KNOTS('',3,(#6047,#6048,#6049,#6050,#6051,#6052,
#6053,#6054,#6055,#6056),.UNSPECIFIED.,.F.,.U.,(4,2,2,2,4),(-3.14159265358979,
-2.33605607574626,-1.0471975511966,1.01497608808286,3.1415926535898),
 .UNSPECIFIED.);
#181=B_SPLINE_CURVE_WITH_KNOTS('',3,(#6082,#6083,#6084,#6085,#6086,#6087,
#6088,#6089,#6090,#6091,#6092,#6093,#6094,#6095,#6096,#6097,#6098,#6099,
#6100,#6101,#6102,#6103,#6104,#6105,#6106,#6107,#6108,#6109,#6110,#6111,
#6112,#6113,#6114,#6115),.UNSPECIFIED.,.T.,.U.,(4,2,2,2,2,2,2,2,2,2,2,2,
2,2,2,2,4),(0.,0.0281986161635593,0.0564138805992595,0.0846587617773472,
0.112952908805776,0.141282971429222,0.169632185506519,0.197917685799169,
0.226064008375696,0.254210330952223,0.282495831244873,0.310845045322171,
0.339175107945617,0.367469254974045,0.395714136152133,0.423929400587833,
0.452128016751392),.UNSPECIFIED.);
#182=B_SPLINE_CURVE_WITH_KNOTS('',3,(#6282,#6283,#6284,#6285,#6286,#6287,
#6288,#6289,#6290,#6291,#6292,#6293,#6294),.UNSPECIFIED.,.F.,.U.,(4,3,3,
3,4),(0.,0.064544848384676,0.167816605800158,0.333051417664928,0.405660087290375),
 .UNSPECIFIED.);
#183=B_SPLINE_CURVE_WITH_KNOTS('',3,(#6298,#6299,#6300,#6301,#6302,#6303,
#6304,#6305,#6306,#6307,#6308,#6309),.UNSPECIFIED.,.F.,.U.,(4,2,2,2,2,4),
(0.,0.064544848384676,0.167816605800158,0.333051417664928,0.597427116648561,
0.791901087528778),.UNSPECIFIED.);
#184=B_SPLINE_CURVE_WITH_KNOTS('',3,(#6320,#6321,#6322,#6323,#6324,#6325,
#6326,#6327,#6328,#6329,#6330,#6331,#6332,#6333,#6334,#6335,#6336,#6337,
#6338,#6339),.UNSPECIFIED.,.F.,.U.,(4,2,2,2,2,2,2,2,2,4),(-0.00171896564428236,
0.,0.0134341821831385,0.0457026307033433,0.0617436862069316,0.0729317470268611,
0.0842011604940712,0.100646962730182,0.145438083415604,0.147162511185202),
 .UNSPECIFIED.);
#185=B_SPLINE_CURVE_WITH_KNOTS('',3,(#6344,#6345,#6346,#6347,#6348,#6349,
#6350,#6351,#6352,#6353,#6354,#6355,#6356,#6357,#6358,#6359),
 .UNSPECIFIED.,.F.,.U.,(4,3,3,3,3,4),(-3.45351164471329,-3.37939598820693,
-3.26081093779675,-3.07107485714047,-2.76749712809042,-2.66387139079534),
 .UNSPECIFIED.);
#186=B_SPLINE_CURVE_WITH_KNOTS('',3,(#6524,#6525,#6526,#6527,#6528,#6529,
#6530,#6531,#6532,#6533),.UNSPECIFIED.,.F.,.U.,(4,2,2,2,4),(-3.45351164471329,
-3.37939598820693,-3.26081093779675,-3.07107485714047,-3.05571085156612),
 .UNSPECIFIED.);
#187=B_SPLINE_CURVE_WITH_KNOTS('',3,(#6534,#6535,#6536,#6537,#6538,#6539,
#6540,#6541,#6542,#6543,#6544,#6545),.UNSPECIFIED.,.F.,.U.,(4,2,2,2,2,4),
(0.0770606668666692,0.128992929602222,0.257985273038196,0.386976575841614,
0.456988582168774,0.512271512435923),.UNSPECIFIED.);
#188=B_SPLINE_CURVE_WITH_KNOTS('',3,(#6692,#6693,#6694,#6695,#6696,#6697,
#6698,#6699,#6700,#6701),.UNSPECIFIED.,.F.,.U.,(4,2,2,2,4),(0.,0.128990099846828,
0.257981018241458,0.386972650080365,0.427252251549854),.UNSPECIFIED.);
#189=B_SPLINE_CURVE_WITH_KNOTS('',3,(#6704,#6705,#6706,#6707,#6708,#6709,
#6710,#6711,#6712,#6713,#6714,#6715),.UNSPECIFIED.,.F.,.U.,(4,2,2,2,2,4),
(0.398262291375484,0.417944457433645,0.546274798276109,0.591291048011289,
0.657399143204653,0.759790524969763),.UNSPECIFIED.);
#190=B_SPLINE_CURVE_WITH_KNOTS('',3,(#6717,#6718,#6719,#6720,#6721,#6722,
#6723,#6724,#6725,#6726,#6727,#6728,#6729),.UNSPECIFIED.,.F.,.U.,(4,3,3,
3,4),(0.,0.0686855820641974,0.178582513366913,0.354417603451259,0.401696493782026),
 .UNSPECIFIED.);
#191=B_SPLINE_CURVE_WITH_KNOTS('',3,(#6733,#6734,#6735,#6736,#6737,#6738,
#6739,#6740,#6741,#6742,#6743,#6744),.UNSPECIFIED.,.F.,.U.,(4,2,2,2,2,4),
(0.,0.0686855820641974,0.178582513366913,0.354417603451259,0.635753747586212,
0.836897335784622),.UNSPECIFIED.);
#192=B_SPLINE_CURVE_WITH_KNOTS('',3,(#6753,#6754,#6755,#6756,#6757,#6758,
#6759,#6760,#6761,#6762,#6763,#6764,#6765,#6766,#6767,#6768,#6769,#6770,
#6771,#6772,#6773,#6774,#6775,#6776,#6777,#6778,#6779,#6780,#6781,#6782,
#6783,#6784,#6785,#6786),.UNSPECIFIED.,.T.,.U.,(4,2,2,2,2,2,2,2,2,2,2,2,
2,2,2,2,4),(0.,0.0282093487767088,0.0564228465704287,0.0846426249765283,
0.112870259249518,0.141100929912775,0.169328120039107,0.19754562186251,
0.225751845646893,0.253958069431276,0.282175571254679,0.310402761381011,
0.338633432044268,0.366861066317258,0.395080844723357,0.423294342517077,
0.451503691293786),.UNSPECIFIED.);
#193=B_SPLINE_CURVE_WITH_KNOTS('',3,(#6793,#6794,#6795,#6796,#6797,#6798,
#6799),.UNSPECIFIED.,.F.,.U.,(4,3,4),(0.240998945595235,0.28215405055363,
0.318841260687322),.UNSPECIFIED.);
#194=B_SPLINE_CURVE_WITH_KNOTS('',3,(#6944,#6945,#6946,#6947,#6948,#6949,
#6950,#6951,#6952,#6953,#6954,#6955,#6956,#6957,#6958,#6959,#6960,#6961,
#6962,#6963,#6964,#6965),.UNSPECIFIED.,.F.,.U.,(4,2,2,2,2,2,2,2,2,2,4),
(0.,0.13202609765767,0.188625607170464,0.23761575325847,0.341720756080614,
0.409067054803375,0.500112314159941,0.543534397121838,0.5825718067497,0.650758643070227,
0.709382003848923),.UNSPECIFIED.);
#195=B_SPLINE_CURVE_WITH_KNOTS('',3,(#6968,#6969,#6970,#6971,#6972,#6973,
#6974,#6975,#6976,#6977,#6978,#6979,#6980),.UNSPECIFIED.,.F.,.U.,(4,3,3,
3,4),(0.,0.0699952615987737,0.181987680156812,0.361175549849672,0.400610121544068),
 .UNSPECIFIED.);
#196=B_SPLINE_CURVE_WITH_KNOTS('',3,(#6984,#6985,#6986,#6987,#6988,#6989,
#6990,#6991,#6992,#6993,#6994,#6995),.UNSPECIFIED.,.F.,.U.,(4,2,2,2,2,4),
(0.,0.0699952615987737,0.181987680156812,0.361175549849672,0.64787614135825,
0.896133003815028),.UNSPECIFIED.);
#197=B_SPLINE_CURVE_WITH_KNOTS('',3,(#6997,#6998,#6999,#7000,#7001,#7002,
#7003,#7004,#7005,#7006),.UNSPECIFIED.,.F.,.U.,(4,2,2,2,4),(0.,0.128978103753216,
0.257970728362621,0.386975880826846,0.480817705577872),.UNSPECIFIED.);
#198=B_SPLINE_CURVE_WITH_KNOTS('',3,(#7008,#7009,#7010,#7011,#7012,#7013,
#7014,#7015,#7016,#7017,#7018,#7019,#7020,#7021,#7022,#7023,#7024,#7025,
#7026,#7027,#7028,#7029,#7030,#7031,#7032,#7033,#7034,#7035,#7036,#7037,
#7038,#7039,#7040,#7041,#7042,#7043,#7044,#7045,#7046,#7047),
 .UNSPECIFIED.,.T.,.U.,(4,2,2,2,2,2,2,2,2,2,2,2,2,2,2,2,2,2,2,4),(0.,0.130053352451902,
0.250715034958711,0.367144785809723,0.486043012747607,0.631698407592037,
0.739135864215169,1.01833589682406,1.15734729161726,1.31489172887594,1.45486521026571,
1.58273525135967,1.70481021618815,1.82768135371632,1.97815789218452,2.24975206903511,
2.54058342913712,2.69463681955886,2.7710531886384,2.84453941029357),
 .UNSPECIFIED.);
#199=B_SPLINE_CURVE_WITH_KNOTS('',3,(#7049,#7050,#7051,#7052,#7053,#7054,
#7055,#7056,#7057,#7058,#7059,#7060),.UNSPECIFIED.,.F.,.U.,(4,2,2,2,2,4),
(0.,0.122292897015361,0.280964071053763,0.356687722218861,0.432175660981401,
0.432876132276989),.UNSPECIFIED.);
#200=B_SPLINE_CURVE_WITH_KNOTS('',3,(#7065,#7066,#7067,#7068,#7069,#7070,
#7071,#7072,#7073,#7074),.UNSPECIFIED.,.F.,.U.,(4,2,2,2,4),(-0.426449666257446,
-0.259485915184681,-0.121777016123263,0.,0.000667649270616037),
 .UNSPECIFIED.);
#201=B_SPLINE_CURVE_WITH_KNOTS('',3,(#7224,#7225,#7226,#7227,#7228,#7229,
#7230,#7231,#7232,#7233,#7234,#7235,#7236,#7237,#7238,#7239,#7240,#7241,
#7242,#7243,#7244,#7245,#7246,#7247,#7248,#7249,#7250,#7251,#7252,#7253,
#7254,#7255,#7256,#7257,#7258,#7259,#7260,#7261,#7262,#7263,#7264,#7265),
 .UNSPECIFIED.,.T.,.U.,(4,2,2,2,2,2,2,2,2,2,2,2,2,2,2,2,2,2,2,2,4),(-1.94447475109884,
-1.88500526399583,-1.82447589715689,-1.69990234166092,-1.58532200778624,
-1.410653747654,-1.33335453137255,-1.27035545731137,-1.21225248026826,-1.14632308654055,
-1.08084681839295,-1.01104660667713,-0.934536732845091,-0.853541279817945,
-0.751073784440155,-0.611213742201242,-0.400884454171299,-0.26157015265426,
-0.155637035802969,-0.0541199217520369,0.),.UNSPECIFIED.);
#202=B_SPLINE_CURVE_WITH_KNOTS('',3,(#7267,#7268,#7269,#7270,#7271,#7272,
#7273,#7274,#7275,#7276),.UNSPECIFIED.,.F.,.U.,(4,2,2,2,4),(0.0725589137316961,
0.128989821017453,0.257979434237582,0.364478876604108,0.470977960496203),
 .UNSPECIFIED.);
#203=B_SPLINE_CURVE_WITH_KNOTS('',3,(#7278,#7279,#7280,#7281,#7282,#7283,
#7284,#7285,#7286,#7287,#7288,#7289,#7290,#7291,#7292,#7293),
 .UNSPECIFIED.,.F.,.U.,(4,3,3,3,3,4),(-3.27781536210233,-3.21616819805955,
-3.11753273559111,-2.9597159956416,-2.70720921172239,-2.47166196980656),
 .UNSPECIFIED.);
#204=B_SPLINE_CURVE_WITH_KNOTS('',3,(#7297,#7298,#7299,#7300,#7301,#7302,
#7303,#7304,#7305,#7306),.UNSPECIFIED.,.F.,.U.,(4,2,2,2,4),(-3.27781536210233,
-3.21616819805955,-3.11753273559111,-2.9597159956416,-2.86887414415369),
 .UNSPECIFIED.);
#205=B_SPLINE_CURVE_WITH_KNOTS('',3,(#7308,#7309,#7310,#7311,#7312,#7313,
#7314,#7315,#7316,#7317,#7318,#7319,#7320,#7321,#7322,#7323,#7324,#7325),
 .UNSPECIFIED.,.F.,.U.,(4,2,2,2,2,2,2,2,4),(0.,0.126686433288789,0.191792986093539,
0.261978509437751,0.432448464886701,0.507070508247597,0.571330995686542,
0.686487773959359,0.716752250657879),.UNSPECIFIED.);
#206=B_SPLINE_CURVE_WITH_KNOTS('',3,(#7343,#7344,#7345,#7346,#7347,#7348,
#7349,#7350,#7351,#7352,#7353,#7354,#7355,#7356,#7357,#7358,#7359,#7360,
#7361,#7362,#7363,#7364,#7365,#7366,#7367,#7368,#7369,#7370,#7371,#7372,
#7373,#7374,#7375,#7376),.UNSPECIFIED.,.T.,.U.,(4,2,2,2,2,2,2,2,2,2,2,2,
2,2,2,2,4),(0.,0.0282075850111082,0.0564217674352875,0.084645937987565,
0.112882604669892,0.141124103050083,0.169360067958342,0.197580621562609,
0.225783235438134,0.253985849313659,0.282206402917925,0.310442367826185,
0.338683866206375,0.366920532888702,0.39514470344098,0.423358885865159,
0.451566470876268),.UNSPECIFIED.);
#207=B_SPLINE_CURVE_WITH_KNOTS('',3,(#7383,#7384,#7385,#7386,#7387,#7388,
#7389,#7390,#7391,#7392,#7393,#7394,#7395,#7396,#7397,#7398,#7399,#7400,
#7401,#7402,#7403,#7404,#7405,#7406,#7407,#7408,#7409,#7410,#7411,#7412,
#7413,#7414,#7415,#7416),.UNSPECIFIED.,.T.,.U.,(4,2,2,2,2,2,2,2,2,2,2,2,
2,2,2,2,4),(0.,0.0281441793416373,0.0563828610045702,0.0847652515030752,
0.113328926204638,0.141963636442871,0.170519633955857,0.198851849098231,
0.226923754816857,0.254995660535484,0.283327875677857,0.311883873190844,
0.340518583429076,0.369082258130639,0.397464648629145,0.425703330292078,
0.453847509633715),.UNSPECIFIED.);
#208=B_SPLINE_CURVE_WITH_KNOTS('',3,(#7595,#7596,#7597,#7598,#7599,#7600,
#7601,#7602,#7603,#7604,#7605,#7606),.UNSPECIFIED.,.F.,.U.,(4,2,2,2,2,4),
(0.0847455027244705,0.0926242294719238,0.197577397731653,0.350393915072841,
0.639524703695501,0.640692933849614),.UNSPECIFIED.);
#209=B_SPLINE_CURVE_WITH_KNOTS('',3,(#7608,#7609,#7610,#7611,#7612,#7613,
#7614,#7615,#7616,#7617,#7618,#7619,#7620,#7621,#7622,#7623,#7624,#7625,
#7626),.UNSPECIFIED.,.F.,.U.,(4,3,3,3,3,3,4),(-3.38928818762224,-3.32035174251006,
-3.21005343033057,-3.03357613084338,-2.75121245166389,-2.29943056497669,
-2.20924296802646),.UNSPECIFIED.);
#210=B_SPLINE_CURVE_WITH_KNOTS('',3,(#7630,#7631,#7632,#7633,#7634,#7635,
#7636,#7637,#7638,#7639),.UNSPECIFIED.,.F.,.U.,(4,2,2,2,4),(-3.38928818762224,
-3.32035174251006,-3.21005343033057,-3.03357613084338,-2.98708468048674),
 .UNSPECIFIED.);
#211=B_SPLINE_CURVE_WITH_KNOTS('',3,(#7640,#7641,#7642,#7643,#7644,#7645,
#7646,#7647,#7648,#7649),.UNSPECIFIED.,.F.,.U.,(4,2,2,2,4),(-0.000665488540139783,
0.,0.129668320631129,0.268235426388887,0.416385780505087),.UNSPECIFIED.);
#212=B_SPLINE_CURVE_WITH_KNOTS('',3,(#7798,#7799,#7800,#7801,#7802,#7803,
#7804,#7805,#7806,#7807,#7808,#7809,#7810,#7811,#7812,#7813,#7814,#7815),
 .UNSPECIFIED.,.F.,.U.,(4,2,2,2,2,2,2,2,4),(0.,0.130489501121795,0.188578821555428,
0.242124756630501,0.307473230478488,0.449028781161369,0.478944109210161,
0.530792515771594,0.579154114936277),.UNSPECIFIED.);
#213=B_SPLINE_CURVE_WITH_KNOTS('',3,(#7818,#7819,#7820,#7821,#7822,#7823,
#7824,#7825,#7826,#7827,#7828,#7829,#7830),.UNSPECIFIED.,.F.,.U.,(4,3,3,
3,4),(0.,0.067708427243036,0.176041910831894,0.349375484574066,0.402555366125825),
 .UNSPECIFIED.);
#214=B_SPLINE_CURVE_WITH_KNOTS('',3,(#7834,#7835,#7836,#7837,#7838,#7839,
#7840,#7841,#7842,#7843,#7844,#7845),.UNSPECIFIED.,.F.,.U.,(4,2,2,2,2,4),
(0.,0.067708427243036,0.176041910831894,0.349375484574066,0.626709202561541,
0.847107103180004),.UNSPECIFIED.);
#215=B_SPLINE_CURVE_WITH_KNOTS('',3,(#7847,#7848,#7849,#7850,#7851,#7852,
#7853,#7854,#7855,#7856,#7857,#7858,#7859,#7860,#7861,#7862,#7863,#7864,
#7865,#7866,#7867,#7868,#7869,#7870),.UNSPECIFIED.,.T.,.U.,(4,2,2,2,2,2,
2,2,2,2,2,4),(0.,0.067708427243036,0.176041910831894,0.349375484574066,
0.626709202561541,1.0704431513415,1.54354892393312,2.1212694712987,2.45519097292405,
2.78911247454939,3.23686871867142,3.372475471615),.UNSPECIFIED.);
#216=B_SPLINE_CURVE_WITH_KNOTS('',3,(#7871,#7872,#7873,#7874,#7875,#7876,
#7877,#7878,#7879,#7880,#7881,#7882,#7883,#7884,#7885,#7886,#7887,#7888),
 .UNSPECIFIED.,.F.,.U.,(4,2,2,2,2,2,2,2,4),(0.,0.130489501121795,0.188578821555428,
0.242124756630501,0.307473230478488,0.449028781161369,0.478944109210161,
0.530792515771594,0.579154114936277),.UNSPECIFIED.);
#217=B_SPLINE_CURVE_WITH_KNOTS('',3,(#8079,#8080,#8081,#8082,#8083,#8084,
#8085,#8086,#8087,#8088),.UNSPECIFIED.,.F.,.U.,(4,2,2,2,4),(-0.000529577649979806,
0.,0.081176051092714,0.126015048798683,0.158136004659466),.UNSPECIFIED.);
#218=B_SPLINE_CURVE_WITH_KNOTS('',3,(#8090,#8091,#8092,#8093,#8094,#8095,
#8096,#8097,#8098,#8099),.UNSPECIFIED.,.F.,.U.,(4,2,2,2,4),(0.0797098060938204,
0.129535256397474,0.223454514339724,0.28215405055363,0.318841260687322),
 .UNSPECIFIED.);
#219=B_SPLINE_CURVE_WITH_KNOTS('',3,(#8173,#8174,#8175,#8176,#8177,#8178,
#8179,#8180,#8181,#8182,#8183,#8184,#8185,#8186,#8187,#8188,#8189,#8190,
#8191,#8192,#8193,#8194,#8195,#8196,#8197,#8198,#8199,#8200,#8201,#8202,
#8203,#8204,#8205,#8206,#8207,#8208,#8209,#8210,#8211,#8212,#8213,#8214,
#8215),.UNSPECIFIED.,.F.,.U.,(4,2,2,2,2,2,2,2,2,2,3,2,2,2,2,2,2,2,2,2,4),
(-0.866308037587203,-0.787942451338019,-0.709576865088835,-0.631211278839652,
-0.554269920672938,-0.477328562506223,-0.397276895278018,-0.317225228049812,
-0.158612614024906,-0.0793063070124527,0.,0.0793063070124529,0.158612614024906,
0.317225228049812,0.397276895278017,0.477328562506223,0.554269920672938,
0.631211278839652,0.709576865088836,0.787942451338019,0.866308037587203),
 .UNSPECIFIED.);
#220=B_SPLINE_CURVE_WITH_KNOTS('',3,(#8259,#8260,#8261,#8262,#8263,#8264,
#8265,#8266,#8267,#8268,#8269,#8270,#8271,#8272,#8273,#8274,#8275,#8276,
#8277,#8278,#8279,#8280,#8281,#8282,#8283,#8284,#8285,#8286,#8287,#8288,
#8289),.UNSPECIFIED.,.F.,.U.,(4,2,2,2,2,2,2,3,2,2,2,2,2,2,4),(-0.652319585835188,
-0.554673737396749,-0.45702788895831,-0.359382040519871,-0.30700244761553,
-0.254622854711188,-0.127311427355594,0.,0.127311427355594,0.254622854711188,
0.30700244761553,0.359382040519871,0.45702788895831,0.554673737396749,0.652319585835188),
 .UNSPECIFIED.);
#221=B_SPLINE_CURVE_WITH_KNOTS('',3,(#8298,#8299,#8300,#8301,#8302,#8303,
#8304,#8305,#8306,#8307,#8308,#8309,#8310,#8311,#8312,#8313,#8314,#8315,
#8316,#8317,#8318,#8319,#8320,#8321,#8322,#8323,#8324,#8325,#8326,#8327,
#8328,#8329,#8330,#8331,#8332,#8333,#8334,#8335,#8336,#8337,#8338,#8339,
#8340),.UNSPECIFIED.,.F.,.U.,(4,2,2,2,2,2,2,2,2,2,3,2,2,2,2,2,2,2,2,2,4),
(-0.773901065332783,-0.706975931766512,-0.640050798200241,-0.573125664633971,
-0.50746990341387,-0.441814142193769,-0.373051939505431,-0.304289736817094,
-0.152144868408547,-0.0760724342042738,0.,0.0760724342042736,0.152144868408547,
0.304289736817094,0.373051939505432,0.441814142193769,0.50746990341387,
0.573125664633971,0.640050798200241,0.706975931766512,0.773901065332783),
 .UNSPECIFIED.);
#222=PLANE('',#3234);
#223=PLANE('',#3237);
#224=PLANE('',#3238);
#225=PLANE('',#3239);
#226=PLANE('',#3257);
#227=PLANE('',#3259);
#228=PLANE('',#3263);
#229=PLANE('',#3266);
#230=PLANE('',#3269);
#231=PLANE('',#3273);
#232=PLANE('',#3274);
#233=PLANE('',#3279);
#234=PLANE('',#3288);
#235=PLANE('',#3289);
#236=PLANE('',#3294);
#237=PLANE('',#3352);
#238=PLANE('',#3354);
#239=PLANE('',#3359);
#240=PLANE('',#3360);
#241=PLANE('',#3361);
#242=PLANE('',#3420);
#243=PLANE('',#3424);
#244=PLANE('',#3431);
#245=PLANE('',#3445);
#246=PLANE('',#3446);
#247=PLANE('',#3449);
#248=PLANE('',#3456);
#249=PLANE('',#3464);
#250=PLANE('',#3465);
#251=PLANE('',#3467);
#252=PLANE('',#3470);
#253=PLANE('',#3471);
#254=PLANE('',#3472);
#255=PLANE('',#3478);
#256=PLANE('',#3481);
#257=PLANE('',#3482);
#258=PLANE('',#3494);
#259=PLANE('',#3497);
#260=PLANE('',#3499);
#261=PLANE('',#3507);
#262=PLANE('',#3509);
#263=PLANE('',#3521);
#264=PLANE('',#3533);
#265=PLANE('',#3535);
#266=PLANE('',#3546);
#267=PLANE('',#3547);
#268=PLANE('',#3549);
#269=PLANE('',#3552);
#270=PLANE('',#3553);
#271=PLANE('',#3556);
#272=PLANE('',#3560);
#273=PLANE('',#3561);
#274=PLANE('',#3564);
#275=PLANE('',#3565);
#276=VECTOR('',#3572,1.);
#277=VECTOR('',#3577,1.);
#278=VECTOR('',#3579,1.);
#279=VECTOR('',#3582,1.);
#280=VECTOR('',#3583,1.);
#281=VECTOR('',#3584,1.);
#282=VECTOR('',#3587,1.);
#283=VECTOR('',#3588,1.);
#284=VECTOR('',#3589,1.);
#285=VECTOR('',#3590,1.);
#286=VECTOR('',#3591,1.);
#287=VECTOR('',#3592,1.);
#288=VECTOR('',#3593,1.);
#289=VECTOR('',#3595,1.);
#290=VECTOR('',#3596,1.);
#291=VECTOR('',#3597,1.);
#292=VECTOR('',#3599,1.);
#293=VECTOR('',#3600,1.);
#294=VECTOR('',#3601,1.);
#295=VECTOR('',#3617,1.);
#296=VECTOR('',#3620,1.);
#297=VECTOR('',#3623,1.);
#298=VECTOR('',#3624,1.);
#299=VECTOR('',#3625,1.);
#300=VECTOR('',#3628,1.);
#301=VECTOR('',#3631,1.);
#302=VECTOR('',#3632,1.);
#303=VECTOR('',#3633,1.);
#304=VECTOR('',#3634,1.);
#305=VECTOR('',#3635,1.);
#306=VECTOR('',#3638,1.);
#307=VECTOR('',#3641,1.);
#308=VECTOR('',#3642,1.);
#309=VECTOR('',#3643,1.);
#310=VECTOR('',#3646,1.);
#311=VECTOR('',#3649,1.);
#312=VECTOR('',#3650,1.);
#313=VECTOR('',#3653,1.);
#314=VECTOR('',#3656,1.);
#315=VECTOR('',#3658,1.);
#316=VECTOR('',#3661,1.);
#317=VECTOR('',#3662,1.);
#318=VECTOR('',#3663,1.);
#319=VECTOR('',#3665,1.);
#320=VECTOR('',#3666,1.);
#321=VECTOR('',#3671,1.);
#322=VECTOR('',#3675,1.);
#323=VECTOR('',#3676,1.);
#324=VECTOR('',#3679,1.);
#325=VECTOR('',#3685,1.);
#326=VECTOR('',#3686,1.);
#327=VECTOR('',#3687,1.);
#328=VECTOR('',#3690,1.);
#329=VECTOR('',#3692,1.);
#330=VECTOR('',#3693,1.);
#331=VECTOR('',#3694,1.);
#332=VECTOR('',#3695,1.);
#333=VECTOR('',#3700,1.);
#334=VECTOR('',#3704,1.);
#335=VECTOR('',#3705,1.);
#336=VECTOR('',#3709,1.);
#337=VECTOR('',#3710,1.);
#338=VECTOR('',#3711,1.);
#339=VECTOR('',#3719,1.);
#340=VECTOR('',#3722,1.);
#341=VECTOR('',#3723,1.);
#342=VECTOR('',#3724,1.);
#343=VECTOR('',#3741,1.);
#344=VECTOR('',#3744,1.);
#345=VECTOR('',#3745,1.);
#346=VECTOR('',#3753,1.);
#347=VECTOR('',#3760,1.);
#348=VECTOR('',#3767,1.);
#349=VECTOR('',#3768,1.);
#350=VECTOR('',#3769,1.);
#351=VECTOR('',#3772,1.);
#352=VECTOR('',#3775,1.);
#353=VECTOR('',#3776,1.);
#354=VECTOR('',#3781,1.);
#355=VECTOR('',#3788,1.);
#356=VECTOR('',#3791,1.);
#357=VECTOR('',#3794,1.);
#358=VECTOR('',#3811,1.);
#359=VECTOR('',#3812,1.);
#360=VECTOR('',#3824,1.);
#361=VECTOR('',#3825,1.);
#362=VECTOR('',#3833,1.);
#363=VECTOR('',#3848,1.);
#364=VECTOR('',#3858,1.);
#365=VECTOR('',#3866,1.);
#366=VECTOR('',#3878,1.);
#367=VECTOR('',#3881,1.);
#368=VECTOR('',#3883,1.);
#369=VECTOR('',#3890,1.);
#370=VECTOR('',#3891,1.);
#371=VECTOR('',#3894,1.);
#372=VECTOR('',#3895,1.);
#373=VECTOR('',#3899,1.);
#374=VECTOR('',#3900,1.);
#375=VECTOR('',#3901,1.);
#376=VECTOR('',#3913,1.);
#377=VECTOR('',#3914,1.);
#378=VECTOR('',#3926,1.);
#379=VECTOR('',#3927,1.);
#380=VECTOR('',#3944,1.);
#381=VECTOR('',#3945,1.);
#382=VECTOR('',#3961,1.);
#383=VECTOR('',#3962,1.);
#384=VECTOR('',#3974,1.);
#385=VECTOR('',#3998,1.);
#386=VECTOR('',#3999,1.);
#387=VECTOR('',#4002,1.);
#388=VECTOR('',#4010,1.);
#389=VECTOR('',#4013,1.);
#390=VECTOR('',#4014,1.);
#391=VECTOR('',#4019,1.);
#392=VECTOR('',#4020,1.);
#393=VECTOR('',#4025,1.);
#394=VECTOR('',#4035,1.);
#395=VECTOR('',#4038,1.);
#396=VECTOR('',#4043,1.);
#397=VECTOR('',#4048,1.);
#398=VECTOR('',#4049,1.);
#399=VECTOR('',#4060,1.);
#400=VECTOR('',#4065,1.);
#401=VECTOR('',#4070,1.);
#402=VECTOR('',#4071,1.);
#403=VECTOR('',#4076,1.);
#404=VECTOR('',#4082,1.);
#405=VECTOR('',#4083,1.);
#406=VECTOR('',#4084,1.);
#407=VECTOR('',#4085,1.);
#408=VECTOR('',#4087,1.);
#409=VECTOR('',#4098,1.);
#410=VECTOR('',#4105,1.);
#411=VECTOR('',#4107,1.);
#412=VECTOR('',#4108,1.);
#413=VECTOR('',#4109,1.);
#414=VECTOR('',#4110,1.);
#415=VECTOR('',#4111,1.);
#416=VECTOR('',#4112,1.);
#417=VECTOR('',#4113,1.);
#418=VECTOR('',#4114,1.);
#419=VECTOR('',#4115,1.);
#420=VECTOR('',#4116,1.);
#421=VECTOR('',#4117,1.);
#422=VECTOR('',#4118,1.);
#423=VECTOR('',#4119,1.);
#424=VECTOR('',#4120,1.);
#425=VECTOR('',#4125,1.);
#426=VECTOR('',#4126,1.);
#427=VECTOR('',#4133,1.);
#428=VECTOR('',#4134,1.);
#429=VECTOR('',#4139,1.);
#430=VECTOR('',#4143,1.);
#431=VECTOR('',#4145,1.);
#432=VECTOR('',#4152,1.);
#433=VECTOR('',#4154,1.);
#434=VECTOR('',#4159,1.);
#435=VECTOR('',#4167,1.);
#436=VECTOR('',#4172,1.);
#437=VECTOR('',#4173,1.);
#438=VECTOR('',#4175,1.);
#439=VECTOR('',#4176,1.);
#440=VECTOR('',#4214,1.);
#441=VECTOR('',#4222,1.);
#442=VECTOR('',#4223,1.);
#443=VECTOR('',#4224,1.);
#444=VECTOR('',#4227,1.);
#445=VECTOR('',#4229,1.);
#446=VECTOR('',#4232,1.);
#447=VECTOR('',#4239,1.);
#448=VECTOR('',#4244,1.);
#449=VECTOR('',#4256,1.);
#450=VECTOR('',#4257,1.);
#451=VECTOR('',#4260,1.);
#452=VECTOR('',#4261,1.);
#453=VECTOR('',#4268,1.);
#454=VECTOR('',#4283,1.);
#455=VECTOR('',#4292,1.);
#456=VECTOR('',#4297,1.);
#457=VECTOR('',#4308,1.);
#458=VECTOR('',#4309,1.);
#459=VECTOR('',#4312,1.);
#460=VECTOR('',#4314,1.);
#461=VECTOR('',#4316,1.);
#462=VECTOR('',#4319,1.);
#463=VECTOR('',#4323,1.);
#464=VECTOR('',#4326,1.);
#465=VECTOR('',#4329,1.);
#466=VECTOR('',#4332,1.);
#467=VECTOR('',#4336,1.);
#468=VECTOR('',#4337,1.);
#469=VECTOR('',#4338,1.);
#470=VECTOR('',#4341,1.);
#471=VECTOR('',#4346,1.);
#472=VECTOR('',#4348,1.);
#473=VECTOR('',#4350,1.);
#474=VECTOR('',#4351,1.);
#475=VECTOR('',#4352,1.);
#476=VECTOR('',#4355,1.);
#477=VECTOR('',#4356,1.);
#478=VECTOR('',#4359,1.);
#479=VECTOR('',#4364,1.);
#480=LINE('',#4371,#276);
#481=LINE('',#4377,#277);
#482=LINE('',#4379,#278);
#483=LINE('',#4406,#279);
#484=LINE('',#4408,#280);
#485=LINE('',#4410,#281);
#486=LINE('',#4415,#282);
#487=LINE('',#4417,#283);
#488=LINE('',#4419,#284);
#489=LINE('',#4421,#285);
#490=LINE('',#4423,#286);
#491=LINE('',#4425,#287);
#492=LINE('',#4427,#288);
#493=LINE('',#4448,#289);
#494=LINE('',#4450,#290);
#495=LINE('',#4509,#291);
#496=LINE('',#4511,#292);
#497=LINE('',#4544,#293);
#498=LINE('',#4546,#294);
#499=LINE('',#4562,#295);
#500=LINE('',#4566,#296);
#501=LINE('',#4570,#297);
#502=LINE('',#4572,#298);
#503=LINE('',#4574,#299);
#504=LINE('',#4578,#300);
#505=LINE('',#4582,#301);
#506=LINE('',#4584,#302);
#507=LINE('',#4586,#303);
#508=LINE('',#4588,#304);
#509=LINE('',#4590,#305);
#510=LINE('',#4594,#306);
#511=LINE('',#4598,#307);
#512=LINE('',#4600,#308);
#513=LINE('',#4602,#309);
#514=LINE('',#4606,#310);
#515=LINE('',#4610,#311);
#516=LINE('',#4612,#312);
#517=LINE('',#4614,#313);
#518=LINE('',#4618,#314);
#519=LINE('',#4620,#315);
#520=LINE('',#4624,#316);
#521=LINE('',#4625,#317);
#522=LINE('',#4658,#318);
#523=LINE('',#4759,#319);
#524=LINE('',#4761,#320);
#525=LINE('',#4765,#321);
#526=LINE('',#4769,#322);
#527=LINE('',#4771,#323);
#528=LINE('',#4773,#324);
#529=LINE('',#4779,#325);
#530=LINE('',#4780,#326);
#531=LINE('',#4829,#327);
#532=LINE('',#4834,#328);
#533=LINE('',#4836,#329);
#534=LINE('',#4873,#330);
#535=LINE('',#4874,#331);
#536=LINE('',#4876,#332);
#537=LINE('',#4880,#333);
#538=LINE('',#4884,#334);
#539=LINE('',#4886,#335);
#540=LINE('',#4890,#336);
#541=LINE('',#4892,#337);
#542=LINE('',#4894,#338);
#543=LINE('',#4900,#339);
#544=LINE('',#4905,#340);
#545=LINE('',#4907,#341);
#546=LINE('',#4910,#342);
#547=LINE('',#4923,#343);
#548=LINE('',#4928,#344);
#549=LINE('',#4930,#345);
#550=LINE('',#4936,#346);
#551=LINE('',#4945,#347);
#552=LINE('',#4953,#348);
#553=LINE('',#4955,#349);
#554=LINE('',#4957,#350);
#555=LINE('',#4961,#351);
#556=LINE('',#4965,#352);
#557=LINE('',#4967,#353);
#558=LINE('',#4974,#354);
#559=LINE('',#4983,#355);
#560=LINE('',#4988,#356);
#561=LINE('',#4993,#357);
#562=LINE('',#5352,#358);
#563=LINE('',#5353,#359);
#564=LINE('',#5363,#360);
#565=LINE('',#5364,#361);
#566=LINE('',#5370,#362);
#567=LINE('',#5540,#363);
#568=LINE('',#5548,#364);
#569=LINE('',#5554,#365);
#570=LINE('',#5566,#366);
#571=LINE('',#5568,#367);
#572=LINE('',#5570,#368);
#573=LINE('',#5574,#369);
#574=LINE('',#5575,#370);
#575=LINE('',#5577,#371);
#576=LINE('',#5578,#372);
#577=LINE('',#5582,#373);
#578=LINE('',#5583,#374);
#579=LINE('',#5585,#375);
#580=LINE('',#5773,#376);
#581=LINE('',#5774,#377);
#582=LINE('',#5785,#378);
#583=LINE('',#5786,#379);
#584=LINE('',#5962,#380);
#585=LINE('',#5963,#381);
#586=LINE('',#6058,#382);
#587=LINE('',#6059,#383);
#588=LINE('',#6068,#384);
#589=LINE('',#6124,#385);
#590=LINE('',#6125,#386);
#591=LINE('',#6127,#387);
#592=LINE('',#6134,#388);
#593=LINE('',#6136,#389);
#594=LINE('',#6137,#390);
#595=LINE('',#6311,#391);
#596=LINE('',#6312,#392);
#597=LINE('',#6316,#393);
#598=LINE('',#6363,#394);
#599=LINE('',#6365,#395);
#600=LINE('',#6547,#396);
#601=LINE('',#6746,#397);
#602=LINE('',#6747,#398);
#603=LINE('',#6791,#399);
#604=LINE('',#7062,#400);
#605=LINE('',#7078,#401);
#606=LINE('',#7079,#402);
#607=LINE('',#7327,#403);
#608=LINE('',#7334,#404);
#609=LINE('',#7336,#405);
#610=LINE('',#7338,#406);
#611=LINE('',#7339,#407);
#612=LINE('',#7341,#408);
#613=LINE('',#7418,#409);
#614=LINE('',#7422,#410);
#615=LINE('',#7424,#411);
#616=LINE('',#7426,#412);
#617=LINE('',#7428,#413);
#618=LINE('',#7430,#414);
#619=LINE('',#7432,#415);
#620=LINE('',#7434,#416);
#621=LINE('',#7436,#417);
#622=LINE('',#7438,#418);
#623=LINE('',#7440,#419);
#624=LINE('',#7442,#420);
#625=LINE('',#7443,#421);
#626=LINE('',#7446,#422);
#627=LINE('',#7448,#423);
#628=LINE('',#7450,#424);
#629=LINE('',#7651,#425);
#630=LINE('',#7652,#426);
#631=LINE('',#7890,#427);
#632=LINE('',#7891,#428);
#633=LINE('',#7895,#429);
#634=LINE('',#7899,#430);
#635=LINE('',#7901,#431);
#636=LINE('',#7906,#432);
#637=LINE('',#7908,#433);
#638=LINE('',#8101,#434);
#639=LINE('',#8107,#435);
#640=LINE('',#8111,#436);
#641=LINE('',#8112,#437);
#642=LINE('',#8114,#438);
#643=LINE('',#8115,#439);
#644=LINE('',#8149,#440);
#645=LINE('',#8155,#441);
#646=LINE('',#8157,#442);
#647=LINE('',#8158,#443);
#648=LINE('',#8160,#444);
#649=LINE('',#8162,#445);
#650=LINE('',#8164,#446);
#651=LINE('',#8171,#447);
#652=LINE('',#8219,#448);
#653=LINE('',#8228,#449);
#654=LINE('',#8230,#450);
#655=LINE('',#8235,#451);
#656=LINE('',#8237,#452);
#657=LINE('',#8242,#453);
#658=LINE('',#8254,#454);
#659=LINE('',#8292,#455);
#660=LINE('',#8296,#456);
#661=LINE('',#8346,#457);
#662=LINE('',#8347,#458);
#663=LINE('',#8349,#459);
#664=LINE('',#8351,#460);
#665=LINE('',#8353,#461);
#666=LINE('',#8355,#462);
#667=LINE('',#8358,#463);
#668=LINE('',#8360,#464);
#669=LINE('',#8363,#465);
#670=LINE('',#8365,#466);
#671=LINE('',#8369,#467);
#672=LINE('',#8371,#468);
#673=LINE('',#8373,#469);
#674=LINE('',#8375,#470);
#675=LINE('',#8379,#471);
#676=LINE('',#8381,#472);
#677=LINE('',#8383,#473);
#678=LINE('',#8385,#474);
#679=LINE('',#8387,#475);
#680=LINE('',#8389,#476);
#681=LINE('',#8390,#477);
#682=LINE('',#8392,#478);
#683=LINE('',#8396,#479);
#684=VERTEX_POINT('',#4369);
#685=VERTEX_POINT('',#4370);
#686=VERTEX_POINT('',#4372);
#687=VERTEX_POINT('',#4374);
#688=VERTEX_POINT('',#4376);
#689=VERTEX_POINT('',#4380);
#690=VERTEX_POINT('',#4382);
#691=VERTEX_POINT('',#4405);
#692=VERTEX_POINT('',#4407);
#693=VERTEX_POINT('',#4409);
#694=VERTEX_POINT('',#4411);
#695=VERTEX_POINT('',#4413);
#696=VERTEX_POINT('',#4414);
#697=VERTEX_POINT('',#4416);
#698=VERTEX_POINT('',#4418);
#699=VERTEX_POINT('',#4420);
#700=VERTEX_POINT('',#4422);
#701=VERTEX_POINT('',#4424);
#702=VERTEX_POINT('',#4426);
#703=VERTEX_POINT('',#4428);
#704=VERTEX_POINT('',#4449);
#705=VERTEX_POINT('',#4451);
#706=VERTEX_POINT('',#4452);
#707=VERTEX_POINT('',#4463);
#708=VERTEX_POINT('',#4508);
#709=VERTEX_POINT('',#4512);
#710=VERTEX_POINT('',#4543);
#711=VERTEX_POINT('',#4545);
#712=VERTEX_POINT('',#4549);
#713=VERTEX_POINT('',#4551);
#714=VERTEX_POINT('',#4553);
#715=VERTEX_POINT('',#4555);
#716=VERTEX_POINT('',#4557);
#717=VERTEX_POINT('',#4559);
#718=VERTEX_POINT('',#4561);
#719=VERTEX_POINT('',#4563);
#720=VERTEX_POINT('',#4565);
#721=VERTEX_POINT('',#4567);
#722=VERTEX_POINT('',#4569);
#723=VERTEX_POINT('',#4571);
#724=VERTEX_POINT('',#4573);
#725=VERTEX_POINT('',#4575);
#726=VERTEX_POINT('',#4577);
#727=VERTEX_POINT('',#4579);
#728=VERTEX_POINT('',#4581);
#729=VERTEX_POINT('',#4583);
#730=VERTEX_POINT('',#4585);
#731=VERTEX_POINT('',#4587);
#732=VERTEX_POINT('',#4589);
#733=VERTEX_POINT('',#4591);
#734=VERTEX_POINT('',#4593);
#735=VERTEX_POINT('',#4595);
#736=VERTEX_POINT('',#4597);
#737=VERTEX_POINT('',#4599);
#738=VERTEX_POINT('',#4601);
#739=VERTEX_POINT('',#4603);
#740=VERTEX_POINT('',#4605);
#741=VERTEX_POINT('',#4607);
#742=VERTEX_POINT('',#4609);
#743=VERTEX_POINT('',#4611);
#744=VERTEX_POINT('',#4615);
#745=VERTEX_POINT('',#4617);
#746=VERTEX_POINT('',#4621);
#747=VERTEX_POINT('',#4623);
#748=VERTEX_POINT('',#4626);
#749=VERTEX_POINT('',#4657);
#750=VERTEX_POINT('',#4659);
#751=VERTEX_POINT('',#4760);
#752=VERTEX_POINT('',#4762);
#753=VERTEX_POINT('',#4766);
#754=VERTEX_POINT('',#4770);
#755=VERTEX_POINT('',#4774);
#756=VERTEX_POINT('',#4778);
#757=VERTEX_POINT('',#4781);
#758=VERTEX_POINT('',#4782);
#759=VERTEX_POINT('',#4793);
#760=VERTEX_POINT('',#4828);
#761=VERTEX_POINT('',#4830);
#762=VERTEX_POINT('',#4831);
#763=VERTEX_POINT('',#4833);
#764=VERTEX_POINT('',#4837);
#765=VERTEX_POINT('',#4872);
#766=VERTEX_POINT('',#4875);
#767=VERTEX_POINT('',#4877);
#768=VERTEX_POINT('',#4881);
#769=VERTEX_POINT('',#4885);
#770=VERTEX_POINT('',#4889);
#771=VERTEX_POINT('',#4891);
#772=VERTEX_POINT('',#4893);
#773=VERTEX_POINT('',#4898);
#774=VERTEX_POINT('',#4901);
#775=VERTEX_POINT('',#4902);
#776=VERTEX_POINT('',#4904);
#777=VERTEX_POINT('',#4906);
#778=VERTEX_POINT('',#4908);
#779=VERTEX_POINT('',#4909);
#780=VERTEX_POINT('',#4915);
#781=VERTEX_POINT('',#4918);
#782=VERTEX_POINT('',#4920);
#783=VERTEX_POINT('',#4924);
#784=VERTEX_POINT('',#4925);
#785=VERTEX_POINT('',#4927);
#786=VERTEX_POINT('',#4929);
#787=VERTEX_POINT('',#4934);
#788=VERTEX_POINT('',#4937);
#789=VERTEX_POINT('',#4938);
#790=VERTEX_POINT('',#4940);
#791=VERTEX_POINT('',#4942);
#792=VERTEX_POINT('',#4944);
#793=VERTEX_POINT('',#4946);
#794=VERTEX_POINT('',#4948);
#795=VERTEX_POINT('',#4950);
#796=VERTEX_POINT('',#4952);
#797=VERTEX_POINT('',#4954);
#798=VERTEX_POINT('',#4956);
#799=VERTEX_POINT('',#4958);
#800=VERTEX_POINT('',#4960);
#801=VERTEX_POINT('',#4962);
#802=VERTEX_POINT('',#4964);
#803=VERTEX_POINT('',#4966);
#804=VERTEX_POINT('',#4968);
#805=VERTEX_POINT('',#4969);
#806=VERTEX_POINT('',#4971);
#807=VERTEX_POINT('',#4973);
#808=VERTEX_POINT('',#4975);
#809=VERTEX_POINT('',#4977);
#810=VERTEX_POINT('',#4979);
#811=VERTEX_POINT('',#4981);
#812=VERTEX_POINT('',#4982);
#813=VERTEX_POINT('',#4984);
#814=VERTEX_POINT('',#4985);
#815=VERTEX_POINT('',#4987);
#816=VERTEX_POINT('',#4989);
#817=VERTEX_POINT('',#4991);
#818=VERTEX_POINT('',#4992);
#819=VERTEX_POINT('',#5025);
#820=VERTEX_POINT('',#5026);
#821=VERTEX_POINT('',#5028);
#822=VERTEX_POINT('',#5151);
#823=VERTEX_POINT('',#5152);
#824=VERTEX_POINT('',#5243);
#825=VERTEX_POINT('',#5342);
#826=VERTEX_POINT('',#5344);
#827=VERTEX_POINT('',#5346);
#828=VERTEX_POINT('',#5350);
#829=VERTEX_POINT('',#5351);
#830=VERTEX_POINT('',#5356);
#831=VERTEX_POINT('',#5357);
#832=VERTEX_POINT('',#5362);
#833=VERTEX_POINT('',#5367);
#834=VERTEX_POINT('',#5412);
#835=VERTEX_POINT('',#5413);
#836=VERTEX_POINT('',#5415);
#837=VERTEX_POINT('',#5494);
#838=VERTEX_POINT('',#5495);
#839=VERTEX_POINT('',#5535);
#840=VERTEX_POINT('',#5539);
#841=VERTEX_POINT('',#5543);
#842=VERTEX_POINT('',#5547);
#843=VERTEX_POINT('',#5551);
#844=VERTEX_POINT('',#5557);
#845=VERTEX_POINT('',#5559);
#846=VERTEX_POINT('',#5562);
#847=VERTEX_POINT('',#5564);
#848=VERTEX_POINT('',#5584);
#849=VERTEX_POINT('',#5586);
#850=VERTEX_POINT('',#5632);
#851=VERTEX_POINT('',#5633);
#852=VERTEX_POINT('',#5724);
#853=VERTEX_POINT('',#5763);
#854=VERTEX_POINT('',#5765);
#855=VERTEX_POINT('',#5767);
#856=VERTEX_POINT('',#5771);
#857=VERTEX_POINT('',#5772);
#858=VERTEX_POINT('',#5777);
#859=VERTEX_POINT('',#5778);
#860=VERTEX_POINT('',#5783);
#861=VERTEX_POINT('',#5784);
#862=VERTEX_POINT('',#5789);
#863=VERTEX_POINT('',#5790);
#864=VERTEX_POINT('',#5824);
#865=VERTEX_POINT('',#5825);
#866=VERTEX_POINT('',#5827);
#867=VERTEX_POINT('',#5829);
#868=VERTEX_POINT('',#5831);
#869=VERTEX_POINT('',#5870);
#870=VERTEX_POINT('',#5966);
#871=VERTEX_POINT('',#5967);
#872=VERTEX_POINT('',#5969);
#873=VERTEX_POINT('',#5971);
#874=VERTEX_POINT('',#5973);
#875=VERTEX_POINT('',#5975);
#876=VERTEX_POINT('',#6063);
#877=VERTEX_POINT('',#6067);
#878=VERTEX_POINT('',#6071);
#879=VERTEX_POINT('',#6075);
#880=VERTEX_POINT('',#6076);
#881=VERTEX_POINT('',#6078);
#882=VERTEX_POINT('',#6116);
#883=VERTEX_POINT('',#6117);
#884=VERTEX_POINT('',#6119);
#885=VERTEX_POINT('',#6121);
#886=VERTEX_POINT('',#6130);
#887=VERTEX_POINT('',#6132);
#888=VERTEX_POINT('',#6295);
#889=VERTEX_POINT('',#6297);
#890=VERTEX_POINT('',#6315);
#891=VERTEX_POINT('',#6319);
#892=VERTEX_POINT('',#6340);
#893=VERTEX_POINT('',#6343);
#894=VERTEX_POINT('',#6362);
#895=VERTEX_POINT('',#6523);
#896=VERTEX_POINT('',#6702);
#897=VERTEX_POINT('',#6703);
#898=VERTEX_POINT('',#6716);
#899=VERTEX_POINT('',#6730);
#900=VERTEX_POINT('',#6732);
#901=VERTEX_POINT('',#6749);
#902=VERTEX_POINT('',#6751);
#903=VERTEX_POINT('',#6788);
#904=VERTEX_POINT('',#6792);
#905=VERTEX_POINT('',#6966);
#906=VERTEX_POINT('',#6967);
#907=VERTEX_POINT('',#6981);
#908=VERTEX_POINT('',#6983);
#909=VERTEX_POINT('',#6996);
#910=VERTEX_POINT('',#7007);
#911=VERTEX_POINT('',#7048);
#912=VERTEX_POINT('',#7063);
#913=VERTEX_POINT('',#7064);
#914=VERTEX_POINT('',#7075);
#915=VERTEX_POINT('',#7266);
#916=VERTEX_POINT('',#7277);
#917=VERTEX_POINT('',#7294);
#918=VERTEX_POINT('',#7296);
#919=VERTEX_POINT('',#7307);
#920=VERTEX_POINT('',#7328);
#921=VERTEX_POINT('',#7329);
#922=VERTEX_POINT('',#7331);
#923=VERTEX_POINT('',#7335);
#924=VERTEX_POINT('',#7337);
#925=VERTEX_POINT('',#7342);
#926=VERTEX_POINT('',#7380);
#927=VERTEX_POINT('',#7425);
#928=VERTEX_POINT('',#7427);
#929=VERTEX_POINT('',#7429);
#930=VERTEX_POINT('',#7431);
#931=VERTEX_POINT('',#7433);
#932=VERTEX_POINT('',#7435);
#933=VERTEX_POINT('',#7437);
#934=VERTEX_POINT('',#7439);
#935=VERTEX_POINT('',#7441);
#936=VERTEX_POINT('',#7444);
#937=VERTEX_POINT('',#7445);
#938=VERTEX_POINT('',#7447);
#939=VERTEX_POINT('',#7449);
#940=VERTEX_POINT('',#7607);
#941=VERTEX_POINT('',#7627);
#942=VERTEX_POINT('',#7629);
#943=VERTEX_POINT('',#7816);
#944=VERTEX_POINT('',#7817);
#945=VERTEX_POINT('',#7831);
#946=VERTEX_POINT('',#7833);
#947=VERTEX_POINT('',#7846);
#948=VERTEX_POINT('',#7898);
#949=VERTEX_POINT('',#7909);
#950=VERTEX_POINT('',#8089);
#951=VERTEX_POINT('',#8102);
#952=VERTEX_POINT('',#8108);
#953=VERTEX_POINT('',#8119);
#954=VERTEX_POINT('',#8122);
#955=VERTEX_POINT('',#8124);
#956=VERTEX_POINT('',#8127);
#957=VERTEX_POINT('',#8129);
#958=VERTEX_POINT('',#8132);
#959=VERTEX_POINT('',#8136);
#960=VERTEX_POINT('',#8140);
#961=VERTEX_POINT('',#8143);
#962=VERTEX_POINT('',#8146);
#963=VERTEX_POINT('',#8148);
#964=VERTEX_POINT('',#8152);
#965=VERTEX_POINT('',#8156);
#966=VERTEX_POINT('',#8165);
#967=VERTEX_POINT('',#8166);
#968=VERTEX_POINT('',#8170);
#969=VERTEX_POINT('',#8172);
#970=VERTEX_POINT('',#8218);
#971=VERTEX_POINT('',#8220);
#972=VERTEX_POINT('',#8226);
#973=VERTEX_POINT('',#8229);
#974=VERTEX_POINT('',#8231);
#975=VERTEX_POINT('',#8233);
#976=VERTEX_POINT('',#8234);
#977=VERTEX_POINT('',#8236);
#978=VERTEX_POINT('',#8241);
#979=VERTEX_POINT('',#8243);
#980=VERTEX_POINT('',#8247);
#981=VERTEX_POINT('',#8251);
#982=VERTEX_POINT('',#8253);
#983=VERTEX_POINT('',#8291);
#984=VERTEX_POINT('',#8293);
#985=VERTEX_POINT('',#8297);
#986=VERTEX_POINT('',#8366);
#987=VERTEX_POINT('',#8370);
#988=VERTEX_POINT('',#8372);
#989=VERTEX_POINT('',#8378);
#990=VERTEX_POINT('',#8384);
#991=VERTEX_POINT('',#8386);
#992=CIRCLE('',#3231,0.3302);
#993=CIRCLE('',#3232,0.3302);
#994=CIRCLE('',#3233,0.3302);
#995=CIRCLE('',#3235,0.380999999999999);
#996=CIRCLE('',#3236,0.3175);
#997=CIRCLE('',#3240,0.3175);
#998=CIRCLE('',#3241,0.3175);
#999=CIRCLE('',#3242,0.3175);
#1000=CIRCLE('',#3243,0.3175);
#1001=CIRCLE('',#3244,0.1143);
#1002=CIRCLE('',#3245,0.1143);
#1003=CIRCLE('',#3246,0.1143);
#1004=CIRCLE('',#3247,0.762);
#1005=CIRCLE('',#3248,0.762);
#1006=CIRCLE('',#3249,0.762);
#1007=CIRCLE('',#3250,0.762);
#1008=CIRCLE('',#3251,0.762);
#1009=CIRCLE('',#3252,0.762);
#1010=CIRCLE('',#3253,0.762);
#1011=CIRCLE('',#3254,0.762);
#1012=CIRCLE('',#3256,0.762);
#1013=CIRCLE('',#3258,0.1524);
#1014=CIRCLE('',#3260,0.1524);
#1015=CIRCLE('',#3262,0.762);
#1016=CIRCLE('',#3265,0.762);
#1017=CIRCLE('',#3267,0.1524);
#1018=CIRCLE('',#3268,0.0762);
#1019=CIRCLE('',#3270,0.1524);
#1020=CIRCLE('',#3272,0.762);
#1021=CIRCLE('',#3275,0.1143);
#1022=CIRCLE('',#3277,0.1143);
#1023=CIRCLE('',#3278,0.1143);
#1024=CIRCLE('',#3280,0.1143);
#1025=CIRCLE('',#3282,0.1143);
#1026=CIRCLE('',#3283,0.1143);
#1027=CIRCLE('',#3284,0.1143);
#1028=CIRCLE('',#3286,0.1143);
#1029=CIRCLE('',#3287,0.1143);
#1030=CIRCLE('',#3290,0.1143);
#1031=CIRCLE('',#3292,0.1143);
#1032=CIRCLE('',#3293,0.1143);
#1033=CIRCLE('',#3295,0.3302);
#1034=CIRCLE('',#3296,0.380999999999999);
#1035=CIRCLE('',#3297,0.3302);
#1036=CIRCLE('',#3298,0.3302);
#1037=CIRCLE('',#3299,0.381);
#1038=CIRCLE('',#3300,0.3302);
#1039=CIRCLE('',#3301,0.254);
#1040=CIRCLE('',#3302,0.254);
#1041=CIRCLE('',#3303,0.381);
#1042=CIRCLE('',#3304,0.3302);
#1043=CIRCLE('',#3305,0.3302);
#1044=CIRCLE('',#3306,0.381);
#1045=CIRCLE('',#3307,0.3302);
#1046=CIRCLE('',#3308,0.254);
#1047=CIRCLE('',#3309,0.254);
#1048=CIRCLE('',#3311,0.0762);
#1049=CIRCLE('',#3312,0.0761999999999996);
#1050=CIRCLE('',#3314,0.1524);
#1051=CIRCLE('',#3315,0.0762000000000005);
#1052=CIRCLE('',#3316,0.0762);
#1053=CIRCLE('',#3318,0.0762);
#1054=CIRCLE('',#3320,0.0762);
#1055=CIRCLE('',#3321,0.6858);
#1056=CIRCLE('',#3322,0.762);
#1057=CIRCLE('',#3324,0.0761999999999992);
#1058=CIRCLE('',#3326,0.0762000000000002);
#1059=CIRCLE('',#3327,0.6858);
#1060=CIRCLE('',#3330,0.0762);
#1061=CIRCLE('',#3331,0.0761999999999998);
#1062=CIRCLE('',#3333,0.0762);
#1063=CIRCLE('',#3334,0.0762);
#1064=CIRCLE('',#3336,0.0762);
#1065=CIRCLE('',#3338,0.0762000000000009);
#1066=CIRCLE('',#3339,0.6858);
#1067=CIRCLE('',#3341,0.0762);
#1068=CIRCLE('',#3343,0.0762000000000005);
#1069=CIRCLE('',#3344,0.6858);
#1070=CIRCLE('',#3347,0.3175);
#1071=CIRCLE('',#3348,0.3937);
#1072=CIRCLE('',#3350,0.3175);
#1073=CIRCLE('',#3351,0.3937);
#1074=CIRCLE('',#3363,0.1524);
#1075=CIRCLE('',#3364,0.0761999999999998);
#1076=CIRCLE('',#3365,0.0762);
#1077=CIRCLE('',#3367,0.0762);
#1078=CIRCLE('',#3369,0.0762);
#1079=CIRCLE('',#3370,0.6858);
#1080=CIRCLE('',#3371,0.762);
#1081=CIRCLE('',#3373,0.0762);
#1082=CIRCLE('',#3375,0.0762000000000005);
#1083=CIRCLE('',#3376,0.6858);
#1084=CIRCLE('',#3377,0.762);
#1085=CIRCLE('',#3379,0.0762);
#1086=CIRCLE('',#3380,0.0761999999999996);
#1087=CIRCLE('',#3381,0.1524);
#1088=CIRCLE('',#3384,0.0761999999999998);
#1089=CIRCLE('',#3385,0.3175);
#1090=CIRCLE('',#3386,0.3175);
#1091=CIRCLE('',#3387,0.0762000000000002);
#1092=CIRCLE('',#3388,0.3937);
#1093=CIRCLE('',#3389,0.3937);
#1094=CIRCLE('',#3393,0.0762);
#1095=CIRCLE('',#3394,0.0762);
#1096=CIRCLE('',#3396,0.0762);
#1097=CIRCLE('',#3398,0.0762);
#1098=CIRCLE('',#3399,0.6858);
#1099=CIRCLE('',#3401,0.0761999999999996);
#1100=CIRCLE('',#3402,0.6858);
#1101=CIRCLE('',#3403,0.0762);
#1102=CIRCLE('',#3404,0.762);
#1103=CIRCLE('',#3406,0.0762);
#1104=CIRCLE('',#3407,0.0762);
#1105=CIRCLE('',#3408,0.1524);
#1106=CIRCLE('',#3412,0.3175);
#1107=CIRCLE('',#3413,0.3937);
#1108=CIRCLE('',#3416,0.3302);
#1109=CIRCLE('',#3421,0.3048);
#1110=CIRCLE('',#3423,0.381);
#1111=CIRCLE('',#3425,0.254);
#1112=CIRCLE('',#3427,0.3302);
#1113=CIRCLE('',#3429,0.3302);
#1114=CIRCLE('',#3432,0.3048);
#1115=CIRCLE('',#3434,0.381);
#1116=CIRCLE('',#3435,0.0762);
#1117=CIRCLE('',#3437,0.3302);
#1118=CIRCLE('',#3439,0.381);
#1119=CIRCLE('',#3441,0.3302);
#1120=CIRCLE('',#3444,0.0762);
#1121=CIRCLE('',#3448,0.0762);
#1122=CIRCLE('',#3450,0.3048);
#1123=CIRCLE('',#3452,0.381);
#1124=CIRCLE('',#3454,0.381);
#1125=CIRCLE('',#3457,0.3302);
#1126=CIRCLE('',#3460,0.3302);
#1127=CIRCLE('',#3463,0.380999999999999);
#1128=CIRCLE('',#3466,0.254);
#1129=CIRCLE('',#3469,0.0762);
#1130=CIRCLE('',#3473,0.254);
#1131=CIRCLE('',#3477,0.0762);
#1132=CIRCLE('',#3479,0.254);
#1133=CIRCLE('',#3484,0.1143);
#1134=CIRCLE('',#3486,0.1143);
#1135=CIRCLE('',#3487,0.1778);
#1136=CIRCLE('',#3489,0.1143);
#1137=CIRCLE('',#3490,0.1778);
#1138=CIRCLE('',#3492,0.1778);
#1139=CIRCLE('',#3495,0.3175);
#1140=CIRCLE('',#3498,0.3175);
#1141=CIRCLE('',#3500,0.3175);
#1142=CIRCLE('',#3502,0.254);
#1143=CIRCLE('',#3505,0.254);
#1144=CIRCLE('',#3506,0.254);
#1145=CIRCLE('',#3511,0.254);
#1146=CIRCLE('',#3512,0.254);
#1147=CIRCLE('',#3513,0.254);
#1148=CIRCLE('',#3515,0.254);
#1149=CIRCLE('',#3518,0.254);
#1150=CIRCLE('',#3520,0.3175);
#1151=CIRCLE('',#3522,0.3175);
#1152=CIRCLE('',#3523,0.254);
#1153=CIRCLE('',#3525,0.254);
#1154=CIRCLE('',#3528,0.254);
#1155=CIRCLE('',#3529,0.254);
#1156=CIRCLE('',#3534,0.254);
#1157=CIRCLE('',#3538,0.254);
#1158=CIRCLE('',#3540,0.254);
#1159=CIRCLE('',#3542,0.254);
#1160=CIRCLE('',#3555,0.254);
#1161=CIRCLE('',#3559,0.254);
#1162=EDGE_CURVE('',#684,#685,#992,.T.);
#1163=EDGE_CURVE('',#685,#686,#480,.T.);
#1164=EDGE_CURVE('',#686,#687,#993,.T.);
#1165=EDGE_CURVE('',#688,#687,#994,.T.);
#1166=EDGE_CURVE('',#688,#684,#481,.T.);
#1167=EDGE_CURVE('',#689,#686,#482,.T.);
#1168=EDGE_CURVE('',#689,#690,#995,.T.);
#1169=EDGE_CURVE('',#690,#691,#153,.T.);
#1170=EDGE_CURVE('',#692,#691,#483,.T.);
#1171=EDGE_CURVE('',#693,#692,#484,.T.);
#1172=EDGE_CURVE('',#694,#693,#485,.T.);
#1173=EDGE_CURVE('',#694,#695,#996,.T.);
#1174=EDGE_CURVE('',#695,#696,#996,.T.);
#1175=EDGE_CURVE('',#697,#696,#486,.T.);
#1176=EDGE_CURVE('',#698,#697,#487,.T.);
#1177=EDGE_CURVE('',#698,#699,#488,.T.);
#1178=EDGE_CURVE('',#700,#699,#489,.T.);
#1179=EDGE_CURVE('',#701,#700,#490,.T.);
#1180=EDGE_CURVE('',#702,#701,#491,.T.);
#1181=EDGE_CURVE('',#702,#703,#492,.T.);
#1182=EDGE_CURVE('',#703,#687,#154,.T.);
#1183=EDGE_CURVE('',#685,#704,#493,.T.);
#1184=EDGE_CURVE('',#705,#704,#494,.T.);
#1185=EDGE_CURVE('',#705,#706,#482,.T.);
#1186=EDGE_CURVE('',#707,#706,#155,.T.);
#1187=EDGE_CURVE('',#707,#708,#156,.T.);
#1188=EDGE_CURVE('',#689,#708,#495,.F.);
#1189=EDGE_CURVE('',#709,#688,#496,.T.);
#1190=EDGE_CURVE('',#710,#709,#157,.F.);
#1191=EDGE_CURVE('',#710,#711,#497,.T.);
#1192=EDGE_CURVE('',#711,#684,#498,.T.);
#1193=EDGE_CURVE('',#712,#712,#997,.T.);
#1194=EDGE_CURVE('',#713,#713,#998,.T.);
#1195=EDGE_CURVE('',#714,#714,#999,.T.);
#1196=EDGE_CURVE('',#715,#715,#1000,.T.);
#1197=EDGE_CURVE('',#716,#716,#1001,.T.);
#1198=EDGE_CURVE('',#717,#717,#1002,.T.);
#1199=EDGE_CURVE('',#718,#718,#1003,.T.);
#1200=EDGE_CURVE('',#719,#711,#499,.T.);
#1201=EDGE_CURVE('',#720,#719,#1004,.T.);
#1202=EDGE_CURVE('',#721,#720,#500,.T.);
#1203=EDGE_CURVE('',#722,#721,#1005,.T.);
#1204=EDGE_CURVE('',#723,#722,#501,.T.);
#1205=EDGE_CURVE('',#724,#723,#502,.T.);
#1206=EDGE_CURVE('',#725,#724,#503,.T.);
#1207=EDGE_CURVE('',#726,#725,#1006,.T.);
#1208=EDGE_CURVE('',#727,#726,#504,.T.);
#1209=EDGE_CURVE('',#728,#727,#1007,.T.);
#1210=EDGE_CURVE('',#729,#728,#505,.T.);
#1211=EDGE_CURVE('',#730,#729,#506,.T.);
#1212=EDGE_CURVE('',#731,#730,#507,.T.);
#1213=EDGE_CURVE('',#732,#731,#508,.T.);
#1214=EDGE_CURVE('',#733,#732,#509,.T.);
#1215=EDGE_CURVE('',#734,#733,#1008,.T.);
#1216=EDGE_CURVE('',#735,#734,#510,.T.);
#1217=EDGE_CURVE('',#736,#735,#1009,.T.);
#1218=EDGE_CURVE('',#737,#736,#511,.T.);
#1219=EDGE_CURVE('',#738,#737,#512,.T.);
#1220=EDGE_CURVE('',#739,#738,#513,.T.);
#1221=EDGE_CURVE('',#740,#739,#1010,.T.);
#1222=EDGE_CURVE('',#741,#740,#514,.T.);
#1223=EDGE_CURVE('',#742,#741,#1011,.T.);
#1224=EDGE_CURVE('',#743,#742,#515,.T.);
#1225=EDGE_CURVE('',#704,#743,#516,.T.);
#1226=EDGE_CURVE('',#725,#744,#517,.T.);
#1227=EDGE_CURVE('',#745,#744,#1012,.T.);
#1228=EDGE_CURVE('',#745,#726,#518,.T.);
#1229=EDGE_CURVE('',#746,#724,#519,.T.);
#1230=EDGE_CURVE('',#747,#746,#1013,.T.);
#1231=EDGE_CURVE('',#744,#747,#520,.T.);
#1232=EDGE_CURVE('',#723,#748,#521,.T.);
#1233=EDGE_CURVE('',#748,#749,#158,.T.);
#1234=EDGE_CURVE('',#749,#750,#522,.T.);
#1235=EDGE_CURVE('',#746,#750,#159,.F.);
#1236=EDGE_CURVE('',#751,#722,#523,.T.);
#1237=EDGE_CURVE('',#752,#751,#524,.T.);
#1238=EDGE_CURVE('',#748,#752,#1014,.T.);
#1239=EDGE_CURVE('',#721,#753,#525,.T.);
#1240=EDGE_CURVE('',#751,#753,#1015,.T.);
#1241=EDGE_CURVE('',#754,#720,#526,.T.);
#1242=EDGE_CURVE('',#753,#754,#527,.T.);
#1243=EDGE_CURVE('',#719,#755,#528,.T.);
#1244=EDGE_CURVE('',#754,#755,#1016,.T.);
#1245=EDGE_CURVE('',#756,#710,#1017,.T.);
#1246=EDGE_CURVE('',#755,#756,#529,.T.);
#1247=EDGE_CURVE('',#757,#758,#530,.T.);
#1248=EDGE_CURVE('',#759,#757,#160,.T.);
#1249=EDGE_CURVE('',#760,#759,#161,.T.);
#1250=EDGE_CURVE('',#761,#760,#531,.T.);
#1251=EDGE_CURVE('',#762,#761,#531,.T.);
#1252=EDGE_CURVE('',#763,#762,#1018,.T.);
#1253=EDGE_CURVE('',#758,#763,#532,.T.);
#1254=EDGE_CURVE('',#743,#764,#533,.T.);
#1255=EDGE_CURVE('',#765,#764,#162,.F.);
#1256=EDGE_CURVE('',#765,#705,#534,.T.);
#1257=EDGE_CURVE('',#766,#742,#535,.T.);
#1258=EDGE_CURVE('',#767,#766,#536,.T.);
#1259=EDGE_CURVE('',#764,#767,#1019,.T.);
#1260=EDGE_CURVE('',#741,#768,#537,.T.);
#1261=EDGE_CURVE('',#766,#768,#1020,.T.);
#1262=EDGE_CURVE('',#769,#740,#538,.T.);
#1263=EDGE_CURVE('',#768,#769,#539,.T.);
#1264=EDGE_CURVE('',#761,#770,#1021,.T.);
#1265=EDGE_CURVE('',#770,#771,#540,.T.);
#1266=EDGE_CURVE('',#772,#771,#541,.T.);
#1267=EDGE_CURVE('',#762,#772,#542,.T.);
#1268=EDGE_CURVE('',#770,#761,#1022,.T.);
#1269=EDGE_CURVE('',#773,#773,#1023,.T.);
#1270=EDGE_CURVE('',#774,#775,#543,.T.);
#1271=EDGE_CURVE('',#774,#776,#1024,.T.);
#1272=EDGE_CURVE('',#777,#776,#544,.T.);
#1273=EDGE_CURVE('',#777,#778,#545,.T.);
#1274=EDGE_CURVE('',#778,#779,#1024,.T.);
#1275=EDGE_CURVE('',#779,#775,#546,.T.);
#1276=EDGE_CURVE('',#776,#778,#1025,.T.);
#1277=EDGE_CURVE('',#779,#774,#1026,.T.);
#1278=EDGE_CURVE('',#780,#780,#1027,.T.);
#1279=EDGE_CURVE('',#781,#781,#1028,.T.);
#1280=EDGE_CURVE('',#782,#782,#1029,.T.);
#1281=EDGE_CURVE('',#783,#784,#547,.T.);
#1282=EDGE_CURVE('',#784,#785,#1030,.T.);
#1283=EDGE_CURVE('',#786,#785,#548,.T.);
#1284=EDGE_CURVE('',#783,#786,#549,.T.);
#1285=EDGE_CURVE('',#785,#784,#1031,.T.);
#1286=EDGE_CURVE('',#787,#787,#1032,.T.);
#1287=EDGE_CURVE('',#788,#789,#550,.T.);
#1288=EDGE_CURVE('',#790,#788,#1033,.T.);
#1289=EDGE_CURVE('',#790,#791,#1034,.T.);
#1290=EDGE_CURVE('',#792,#791,#1035,.T.);
#1291=EDGE_CURVE('',#793,#792,#551,.T.);
#1292=EDGE_CURVE('',#794,#793,#1036,.T.);
#1293=EDGE_CURVE('',#794,#795,#1037,.T.);
#1294=EDGE_CURVE('',#796,#795,#1038,.T.);
#1295=EDGE_CURVE('',#797,#796,#552,.T.);
#1296=EDGE_CURVE('',#797,#798,#553,.T.);
#1297=EDGE_CURVE('',#798,#799,#554,.T.);
#1298=EDGE_CURVE('',#800,#799,#1039,.T.);
#1299=EDGE_CURVE('',#800,#801,#555,.T.);
#1300=EDGE_CURVE('',#802,#801,#1040,.T.);
#1301=EDGE_CURVE('',#802,#803,#556,.T.);
#1302=EDGE_CURVE('',#803,#789,#557,.T.);
#1303=EDGE_CURVE('',#804,#805,#552,.T.);
#1304=EDGE_CURVE('',#804,#806,#1041,.T.);
#1305=EDGE_CURVE('',#807,#806,#1042,.T.);
#1306=EDGE_CURVE('',#808,#807,#558,.T.);
#1307=EDGE_CURVE('',#809,#808,#1043,.T.);
#1308=EDGE_CURVE('',#809,#810,#1044,.T.);
#1309=EDGE_CURVE('',#811,#810,#1045,.T.);
#1310=EDGE_CURVE('',#812,#811,#550,.T.);
#1311=EDGE_CURVE('',#812,#813,#559,.T.);
#1312=EDGE_CURVE('',#813,#814,#556,.T.);
#1313=EDGE_CURVE('',#815,#814,#1046,.T.);
#1314=EDGE_CURVE('',#815,#816,#560,.T.);
#1315=EDGE_CURVE('',#817,#816,#1047,.T.);
#1316=EDGE_CURVE('',#817,#818,#554,.T.);
#1317=EDGE_CURVE('',#818,#805,#561,.T.);
#1318=EDGE_CURVE('',#819,#820,#163,.T.);
#1319=EDGE_CURVE('',#819,#821,#1048,.T.);
#1320=EDGE_CURVE('',#821,#747,#1049,.T.);
#1321=EDGE_CURVE('',#750,#820,#164,.F.);
#1322=EDGE_CURVE('',#822,#823,#165,.F.);
#1323=EDGE_CURVE('',#824,#823,#166,.T.);
#1324=EDGE_CURVE('',#825,#824,#167,.T.);
#1325=EDGE_CURVE('',#825,#826,#1050,.T.);
#1326=EDGE_CURVE('',#826,#827,#1051,.T.);
#1327=EDGE_CURVE('',#827,#822,#1052,.T.);
#1328=EDGE_CURVE('',#828,#829,#1053,.T.);
#1329=EDGE_CURVE('',#829,#827,#562,.T.);
#1330=EDGE_CURVE('',#826,#828,#563,.T.);
#1331=EDGE_CURVE('',#830,#831,#1054,.T.);
#1332=EDGE_CURVE('',#831,#829,#1055,.T.);
#1333=EDGE_CURVE('',#828,#830,#1056,.T.);
#1334=EDGE_CURVE('',#745,#832,#1057,.T.);
#1335=EDGE_CURVE('',#832,#831,#564,.T.);
#1336=EDGE_CURVE('',#830,#745,#565,.T.);
#1337=EDGE_CURVE('',#744,#833,#1058,.T.);
#1338=EDGE_CURVE('',#833,#832,#1059,.T.);
#1339=EDGE_CURVE('',#821,#833,#566,.T.);
#1340=EDGE_CURVE('',#834,#835,#168,.T.);
#1341=EDGE_CURVE('',#834,#836,#1060,.T.);
#1342=EDGE_CURVE('',#836,#756,#1061,.T.);
#1343=EDGE_CURVE('',#835,#709,#169,.T.);
#1344=EDGE_CURVE('',#837,#838,#170,.F.);
#1345=EDGE_CURVE('',#838,#749,#171,.F.);
#1346=EDGE_CURVE('',#752,#839,#1062,.T.);
#1347=EDGE_CURVE('',#839,#837,#1063,.T.);
#1348=EDGE_CURVE('',#751,#840,#1064,.T.);
#1349=EDGE_CURVE('',#840,#839,#567,.T.);
#1350=EDGE_CURVE('',#753,#841,#1065,.T.);
#1351=EDGE_CURVE('',#841,#840,#1066,.T.);
#1352=EDGE_CURVE('',#754,#842,#1067,.T.);
#1353=EDGE_CURVE('',#842,#841,#568,.T.);
#1354=EDGE_CURVE('',#755,#843,#1068,.T.);
#1355=EDGE_CURVE('',#843,#842,#1069,.T.);
#1356=EDGE_CURVE('',#836,#843,#569,.T.);
#1357=EDGE_CURVE('',#844,#844,#1070,.T.);
#1358=EDGE_CURVE('',#845,#845,#1071,.T.);
#1359=EDGE_CURVE('',#846,#846,#1072,.T.);
#1360=EDGE_CURVE('',#847,#847,#1073,.T.);
#1361=EDGE_CURVE('',#727,#830,#570,.T.);
#1362=EDGE_CURVE('',#828,#728,#571,.T.);
#1363=EDGE_CURVE('',#729,#825,#572,.T.);
#1364=EDGE_CURVE('',#819,#822,#573,.T.);
#1365=EDGE_CURVE('',#827,#821,#574,.T.);
#1366=EDGE_CURVE('',#837,#834,#575,.T.);
#1367=EDGE_CURVE('',#839,#836,#576,.T.);
#1368=EDGE_CURVE('',#838,#820,#577,.F.);
#1369=EDGE_CURVE('',#835,#848,#578,.T.);
#1370=EDGE_CURVE('',#687,#757,#154,.T.);
#1371=EDGE_CURVE('',#758,#849,#579,.F.);
#1372=EDGE_CURVE('',#848,#849,#172,.T.);
#1373=EDGE_CURVE('',#850,#851,#173,.F.);
#1374=EDGE_CURVE('',#852,#851,#174,.T.);
#1375=EDGE_CURVE('',#852,#853,#175,.F.);
#1376=EDGE_CURVE('',#853,#854,#1074,.T.);
#1377=EDGE_CURVE('',#854,#855,#1075,.T.);
#1378=EDGE_CURVE('',#855,#850,#1076,.T.);
#1379=EDGE_CURVE('',#856,#857,#1077,.T.);
#1380=EDGE_CURVE('',#857,#855,#580,.T.);
#1381=EDGE_CURVE('',#854,#856,#581,.T.);
#1382=EDGE_CURVE('',#858,#859,#1078,.T.);
#1383=EDGE_CURVE('',#859,#857,#1079,.T.);
#1384=EDGE_CURVE('',#856,#858,#1080,.T.);
#1385=EDGE_CURVE('',#860,#861,#1081,.T.);
#1386=EDGE_CURVE('',#861,#859,#582,.T.);
#1387=EDGE_CURVE('',#858,#860,#583,.T.);
#1388=EDGE_CURVE('',#862,#863,#1082,.T.);
#1389=EDGE_CURVE('',#863,#861,#1083,.T.);
#1390=EDGE_CURVE('',#860,#862,#1084,.T.);
#1391=EDGE_CURVE('',#864,#865,#176,.T.);
#1392=EDGE_CURVE('',#864,#866,#1085,.T.);
#1393=EDGE_CURVE('',#866,#867,#1086,.T.);
#1394=EDGE_CURVE('',#867,#868,#1087,.T.);
#1395=EDGE_CURVE('',#869,#868,#177,.T.);
#1396=EDGE_CURVE('',#869,#865,#178,.F.);
#1397=EDGE_CURVE('',#866,#863,#584,.T.);
#1398=EDGE_CURVE('',#862,#867,#585,.T.);
#1399=EDGE_CURVE('',#870,#871,#1088,.T.);
#1400=EDGE_CURVE('',#871,#872,#1089,.T.);
#1401=EDGE_CURVE('',#872,#873,#1090,.T.);
#1402=EDGE_CURVE('',#873,#874,#1091,.T.);
#1403=EDGE_CURVE('',#874,#875,#1092,.T.);
#1404=EDGE_CURVE('',#875,#870,#1093,.T.);
#1405=EDGE_CURVE('',#870,#874,#179,.F.);
#1406=EDGE_CURVE('',#873,#871,#180,.T.);
#1407=EDGE_CURVE('',#855,#874,#586,.T.);
#1408=EDGE_CURVE('',#870,#866,#586,.T.);
#1409=EDGE_CURVE('',#864,#850,#587,.T.);
#1410=EDGE_CURVE('',#767,#876,#1094,.T.);
#1411=EDGE_CURVE('',#876,#765,#1095,.T.);
#1412=EDGE_CURVE('',#766,#877,#1096,.T.);
#1413=EDGE_CURVE('',#877,#876,#588,.T.);
#1414=EDGE_CURVE('',#768,#878,#1097,.T.);
#1415=EDGE_CURVE('',#878,#877,#1098,.T.);
#1416=EDGE_CURVE('',#879,#880,#1099,.T.);
#1417=EDGE_CURVE('',#880,#881,#1100,.T.);
#1418=EDGE_CURVE('',#881,#769,#1101,.T.);
#1419=EDGE_CURVE('',#769,#879,#1102,.T.);
#1420=EDGE_CURVE('',#882,#883,#181,.T.);
#1421=EDGE_CURVE('',#882,#884,#1103,.T.);
#1422=EDGE_CURVE('',#884,#885,#1104,.T.);
#1423=EDGE_CURVE('',#885,#883,#1105,.T.);
#1424=EDGE_CURVE('',#884,#880,#589,.T.);
#1425=EDGE_CURVE('',#879,#885,#590,.T.);
#1426=EDGE_CURVE('',#881,#878,#591,.T.);
#1427=EDGE_CURVE('',#886,#886,#1106,.T.);
#1428=EDGE_CURVE('',#887,#887,#1107,.T.);
#1429=EDGE_CURVE('',#876,#884,#592,.T.);
#1430=EDGE_CURVE('',#882,#765,#534,.T.);
#1431=EDGE_CURVE('',#737,#853,#593,.T.);
#1432=EDGE_CURVE('',#852,#882,#534,.T.);
#1433=EDGE_CURVE('',#883,#738,#594,.T.);
#1434=EDGE_CURVE('',#703,#888,#182,.F.);
#1435=EDGE_CURVE('',#888,#889,#1108,.T.);
#1436=EDGE_CURVE('',#889,#759,#183,.T.);
#1437=EDGE_CURVE('',#888,#811,#595,.T.);
#1438=EDGE_CURVE('',#810,#889,#596,.T.);
#1439=EDGE_CURVE('',#772,#890,#108,.T.);
#1440=EDGE_CURVE('',#890,#763,#597,.T.);
#1441=EDGE_CURVE('',#891,#760,#1109,.T.);
#1442=EDGE_CURVE('',#891,#892,#184,.T.);
#1443=EDGE_CURVE('',#892,#770,#540,.T.);
#1444=EDGE_CURVE('',#889,#893,#1110,.T.);
#1445=EDGE_CURVE('',#891,#893,#185,.F.);
#1446=EDGE_CURVE('',#894,#702,#1111,.T.);
#1447=EDGE_CURVE('',#894,#812,#598,.T.);
#1448=EDGE_CURVE('',#893,#809,#599,.T.);
#1449=EDGE_CURVE('',#893,#895,#1112,.T.);
#1450=EDGE_CURVE('',#895,#848,#186,.T.);
#1451=EDGE_CURVE('',#849,#892,#187,.T.);
#1452=EDGE_CURVE('',#808,#895,#600,.T.);
#1453=EDGE_CURVE('',#896,#897,#188,.T.);
#1454=EDGE_CURVE('',#898,#897,#189,.F.);
#1455=EDGE_CURVE('',#898,#899,#190,.F.);
#1456=EDGE_CURVE('',#899,#900,#1113,.T.);
#1457=EDGE_CURVE('',#900,#896,#191,.T.);
#1458=EDGE_CURVE('',#899,#807,#601,.T.);
#1459=EDGE_CURVE('',#806,#900,#602,.T.);
#1460=EDGE_CURVE('',#784,#901,#547,.T.);
#1461=EDGE_CURVE('',#902,#901,#1114,.T.);
#1462=EDGE_CURVE('',#785,#902,#548,.T.);
#1463=EDGE_CURVE('',#901,#896,#192,.T.);
#1464=EDGE_CURVE('',#900,#903,#1115,.T.);
#1465=EDGE_CURVE('',#902,#903,#1116,.T.);
#1466=EDGE_CURVE('',#904,#804,#603,.T.);
#1467=EDGE_CURVE('',#903,#904,#193,.F.);
#1468=EDGE_CURVE('',#905,#906,#194,.T.);
#1469=EDGE_CURVE('',#905,#907,#195,.F.);
#1470=EDGE_CURVE('',#907,#908,#1117,.T.);
#1471=EDGE_CURVE('',#908,#909,#196,.T.);
#1472=EDGE_CURVE('',#909,#910,#197,.T.);
#1473=EDGE_CURVE('',#911,#910,#198,.T.);
#1474=EDGE_CURVE('',#906,#911,#199,.T.);
#1475=EDGE_CURVE('',#912,#913,#604,.F.);
#1476=EDGE_CURVE('',#914,#913,#200,.T.);
#1477=EDGE_CURVE('',#912,#914,#1118,.T.);
#1478=EDGE_CURVE('',#907,#796,#605,.T.);
#1479=EDGE_CURVE('',#795,#908,#606,.T.);
#1480=EDGE_CURVE('',#913,#915,#201,.T.);
#1481=EDGE_CURVE('',#916,#915,#202,.F.);
#1482=EDGE_CURVE('',#916,#917,#203,.F.);
#1483=EDGE_CURVE('',#917,#918,#1119,.T.);
#1484=EDGE_CURVE('',#918,#919,#204,.T.);
#1485=EDGE_CURVE('',#914,#919,#205,.T.);
#1486=EDGE_CURVE('',#920,#921,#607,.T.);
#1487=EDGE_CURVE('',#922,#921,#109,.T.);
#1488=EDGE_CURVE('',#922,#774,#543,.T.);
#1489=EDGE_CURVE('',#775,#920,#1120,.T.);
#1490=EDGE_CURVE('',#923,#730,#608,.T.);
#1491=EDGE_CURVE('',#923,#924,#609,.T.);
#1492=EDGE_CURVE('',#924,#911,#610,.T.);
#1493=EDGE_CURVE('',#910,#731,#611,.T.);
#1494=EDGE_CURVE('',#915,#920,#612,.T.);
#1495=EDGE_CURVE('',#925,#779,#546,.T.);
#1496=EDGE_CURVE('',#916,#925,#206,.T.);
#1497=EDGE_CURVE('',#921,#777,#1121,.T.);
#1498=EDGE_CURVE('',#776,#922,#544,.T.);
#1499=EDGE_CURVE('',#778,#926,#545,.T.);
#1500=EDGE_CURVE('',#925,#926,#1122,.T.);
#1501=EDGE_CURVE('',#926,#909,#207,.T.);
#1502=EDGE_CURVE('',#908,#917,#1123,.T.);
#1503=EDGE_CURVE('',#917,#794,#613,.T.);
#1504=EDGE_CURVE('',#906,#924,#1124,.T.);
#1505=EDGE_CURVE('',#793,#918,#614,.T.);
#1506=EDGE_CURVE('',#927,#923,#615,.T.);
#1507=EDGE_CURVE('',#928,#927,#616,.T.);
#1508=EDGE_CURVE('',#929,#928,#617,.T.);
#1509=EDGE_CURVE('',#930,#929,#618,.T.);
#1510=EDGE_CURVE('',#931,#930,#619,.T.);
#1511=EDGE_CURVE('',#931,#932,#620,.T.);
#1512=EDGE_CURVE('',#933,#932,#621,.T.);
#1513=EDGE_CURVE('',#934,#933,#622,.T.);
#1514=EDGE_CURVE('',#935,#934,#623,.T.);
#1515=EDGE_CURVE('',#935,#905,#624,.T.);
#1516=EDGE_CURVE('',#936,#937,#625,.T.);
#1517=EDGE_CURVE('',#938,#936,#626,.T.);
#1518=EDGE_CURVE('',#939,#938,#627,.T.);
#1519=EDGE_CURVE('',#939,#937,#628,.T.);
#1520=EDGE_CURVE('',#940,#707,#208,.F.);
#1521=EDGE_CURVE('',#940,#941,#209,.F.);
#1522=EDGE_CURVE('',#941,#942,#1125,.T.);
#1523=EDGE_CURVE('',#942,#691,#210,.T.);
#1524=EDGE_CURVE('',#708,#690,#211,.T.);
#1525=EDGE_CURVE('',#941,#790,#629,.T.);
#1526=EDGE_CURVE('',#788,#942,#630,.T.);
#1527=EDGE_CURVE('',#943,#944,#212,.T.);
#1528=EDGE_CURVE('',#943,#945,#213,.F.);
#1529=EDGE_CURVE('',#945,#946,#1126,.T.);
#1530=EDGE_CURVE('',#946,#947,#214,.T.);
#1531=EDGE_CURVE('',#947,#940,#215,.T.);
#1532=EDGE_CURVE('',#944,#706,#216,.T.);
#1533=EDGE_CURVE('',#945,#792,#631,.T.);
#1534=EDGE_CURVE('',#791,#946,#632,.T.);
#1535=EDGE_CURVE('',#946,#941,#1127,.T.);
#1536=EDGE_CURVE('',#851,#943,#633,.T.);
#1537=EDGE_CURVE('',#948,#935,#1128,.T.);
#1538=EDGE_CURVE('',#948,#797,#634,.T.);
#1539=EDGE_CURVE('',#865,#919,#635,.T.);
#1540=EDGE_CURVE('',#771,#890,#1129,.T.);
#1541=EDGE_CURVE('',#823,#898,#636,.F.);
#1542=EDGE_CURVE('',#789,#949,#637,.T.);
#1543=EDGE_CURVE('',#692,#949,#1130,.T.);
#1544=EDGE_CURVE('',#950,#904,#217,.T.);
#1545=EDGE_CURVE('',#950,#902,#218,.T.);
#1546=EDGE_CURVE('',#950,#951,#638,.T.);
#1547=EDGE_CURVE('',#786,#951,#110,.T.);
#1548=EDGE_CURVE('',#951,#783,#1131,.T.);
#1549=EDGE_CURVE('',#805,#952,#639,.T.);
#1550=EDGE_CURVE('',#928,#952,#1132,.T.);
#1551=EDGE_CURVE('',#927,#897,#616,.T.);
#1552=EDGE_CURVE('',#733,#862,#640,.T.);
#1553=EDGE_CURVE('',#860,#734,#641,.T.);
#1554=EDGE_CURVE('',#912,#869,#642,.T.);
#1555=EDGE_CURVE('',#868,#732,#643,.T.);
#1556=EDGE_CURVE('',#927,#824,#496,.T.);
#1557=EDGE_CURVE('',#953,#953,#1133,.T.);
#1558=EDGE_CURVE('',#954,#954,#1134,.T.);
#1559=EDGE_CURVE('',#955,#955,#1135,.T.);
#1560=EDGE_CURVE('',#956,#956,#1136,.T.);
#1561=EDGE_CURVE('',#957,#957,#1137,.T.);
#1562=EDGE_CURVE('',#958,#958,#1138,.T.);
#1563=EDGE_CURVE('',#959,#959,#1139,.T.);
#1564=EDGE_CURVE('',#960,#960,#1140,.T.);
#1565=EDGE_CURVE('',#961,#961,#1141,.T.);
#1566=EDGE_CURVE('',#962,#930,#1142,.T.);
#1567=EDGE_CURVE('',#929,#963,#111,.T.);
#1568=EDGE_CURVE('',#963,#962,#644,.T.);
#1569=EDGE_CURVE('',#930,#964,#1143,.T.);
#1570=EDGE_CURVE('',#962,#964,#1144,.T.);
#1571=EDGE_CURVE('',#964,#965,#645,.T.);
#1572=EDGE_CURVE('',#816,#964,#646,.T.);
#1573=EDGE_CURVE('',#965,#815,#647,.T.);
#1574=EDGE_CURVE('',#962,#817,#648,.T.);
#1575=EDGE_CURVE('',#963,#818,#649,.T.);
#1576=EDGE_CURVE('',#966,#967,#650,.T.);
#1577=EDGE_CURVE('',#931,#966,#1145,.T.);
#1578=EDGE_CURVE('',#965,#700,#1146,.T.);
#1579=EDGE_CURVE('',#968,#699,#1147,.T.);
#1580=EDGE_CURVE('',#969,#968,#651,.T.);
#1581=EDGE_CURVE('',#967,#969,#219,.T.);
#1582=EDGE_CURVE('',#700,#970,#1148,.T.);
#1583=EDGE_CURVE('',#970,#971,#652,.T.);
#1584=EDGE_CURVE('',#971,#701,#112,.T.);
#1585=EDGE_CURVE('',#965,#970,#1149,.T.);
#1586=EDGE_CURVE('',#969,#972,#1150,.T.);
#1587=EDGE_CURVE('',#972,#967,#1150,.T.);
#1588=EDGE_CURVE('',#973,#968,#653,.T.);
#1589=EDGE_CURVE('',#973,#974,#654,.T.);
#1590=EDGE_CURVE('',#975,#974,#1151,.T.);
#1591=EDGE_CURVE('',#976,#975,#1151,.T.);
#1592=EDGE_CURVE('',#976,#977,#655,.T.);
#1593=EDGE_CURVE('',#977,#966,#656,.T.);
#1594=EDGE_CURVE('',#698,#973,#1152,.T.);
#1595=EDGE_CURVE('',#933,#978,#1153,.T.);
#1596=EDGE_CURVE('',#978,#979,#657,.T.);
#1597=EDGE_CURVE('',#979,#934,#113,.T.);
#1598=EDGE_CURVE('',#980,#933,#1154,.T.);
#1599=EDGE_CURVE('',#980,#978,#1155,.T.);
#1600=EDGE_CURVE('',#981,#938,#114,.T.);
#1601=EDGE_CURVE('',#936,#982,#115,.T.);
#1602=EDGE_CURVE('',#982,#981,#658,.T.);
#1603=EDGE_CURVE('',#977,#932,#1156,.T.);
#1604=EDGE_CURVE('',#694,#696,#220,.T.);
#1605=EDGE_CURVE('',#693,#983,#116,.T.);
#1606=EDGE_CURVE('',#983,#984,#659,.T.);
#1607=EDGE_CURVE('',#984,#697,#1157,.T.);
#1608=EDGE_CURVE('',#985,#980,#660,.T.);
#1609=EDGE_CURVE('',#974,#976,#221,.T.);
#1610=EDGE_CURVE('',#697,#985,#1158,.T.);
#1611=EDGE_CURVE('',#984,#985,#1159,.T.);
#1612=EDGE_CURVE('',#984,#802,#661,.T.);
#1613=EDGE_CURVE('',#801,#985,#662,.T.);
#1614=EDGE_CURVE('',#814,#970,#663,.T.);
#1615=EDGE_CURVE('',#980,#800,#664,.T.);
#1616=EDGE_CURVE('',#813,#971,#665,.T.);
#1617=EDGE_CURVE('',#952,#963,#666,.T.);
#1618=EDGE_CURVE('',#971,#894,#667,.T.);
#1619=EDGE_CURVE('',#949,#983,#668,.T.);
#1620=EDGE_CURVE('',#983,#803,#669,.T.);
#1621=EDGE_CURVE('',#981,#986,#670,.T.);
#1622=EDGE_CURVE('',#986,#939,#1160,.T.);
#1623=EDGE_CURVE('',#987,#981,#671,.T.);
#1624=EDGE_CURVE('',#988,#987,#672,.T.);
#1625=EDGE_CURVE('',#986,#988,#673,.T.);
#1626=EDGE_CURVE('',#979,#948,#674,.T.);
#1627=EDGE_CURVE('',#937,#989,#1161,.T.);
#1628=EDGE_CURVE('',#989,#982,#675,.T.);
#1629=EDGE_CURVE('',#798,#979,#676,.T.);
#1630=EDGE_CURVE('',#990,#989,#677,.T.);
#1631=EDGE_CURVE('',#991,#990,#678,.T.);
#1632=EDGE_CURVE('',#982,#991,#679,.T.);
#1633=EDGE_CURVE('',#735,#858,#680,.T.);
#1634=EDGE_CURVE('',#856,#736,#681,.T.);
#1635=EDGE_CURVE('',#739,#879,#682,.T.);
#1636=EDGE_CURVE('',#799,#978,#683,.T.);
#1637=EDGE_CURVE('',#988,#990,#552,.T.);
#1638=EDGE_CURVE('',#987,#991,#554,.T.);
#1639=ORIENTED_EDGE('',*,*,#1162,.T.);
#1640=ORIENTED_EDGE('',*,*,#1163,.T.);
#1641=ORIENTED_EDGE('',*,*,#1164,.T.);
#1642=ORIENTED_EDGE('',*,*,#1165,.F.);
#1643=ORIENTED_EDGE('',*,*,#1166,.T.);
#1644=ORIENTED_EDGE('',*,*,#1164,.F.);
#1645=ORIENTED_EDGE('',*,*,#1167,.F.);
#1646=ORIENTED_EDGE('',*,*,#1168,.T.);
#1647=ORIENTED_EDGE('',*,*,#1169,.T.);
#1648=ORIENTED_EDGE('',*,*,#1170,.F.);
#1649=ORIENTED_EDGE('',*,*,#1171,.F.);
#1650=ORIENTED_EDGE('',*,*,#1172,.F.);
#1651=ORIENTED_EDGE('',*,*,#1173,.T.);
#1652=ORIENTED_EDGE('',*,*,#1174,.T.);
#1653=ORIENTED_EDGE('',*,*,#1175,.F.);
#1654=ORIENTED_EDGE('',*,*,#1176,.F.);
#1655=ORIENTED_EDGE('',*,*,#1177,.T.);
#1656=ORIENTED_EDGE('',*,*,#1178,.F.);
#1657=ORIENTED_EDGE('',*,*,#1179,.F.);
#1658=ORIENTED_EDGE('',*,*,#1180,.F.);
#1659=ORIENTED_EDGE('',*,*,#1181,.T.);
#1660=ORIENTED_EDGE('',*,*,#1182,.T.);
#1661=ORIENTED_EDGE('',*,*,#1163,.F.);
#1662=ORIENTED_EDGE('',*,*,#1183,.T.);
#1663=ORIENTED_EDGE('',*,*,#1184,.F.);
#1664=ORIENTED_EDGE('',*,*,#1185,.T.);
#1665=ORIENTED_EDGE('',*,*,#1186,.F.);
#1666=ORIENTED_EDGE('',*,*,#1187,.T.);
#1667=ORIENTED_EDGE('',*,*,#1188,.F.);
#1668=ORIENTED_EDGE('',*,*,#1167,.T.);
#1669=ORIENTED_EDGE('',*,*,#1166,.F.);
#1670=ORIENTED_EDGE('',*,*,#1189,.F.);
#1671=ORIENTED_EDGE('',*,*,#1190,.F.);
#1672=ORIENTED_EDGE('',*,*,#1191,.T.);
#1673=ORIENTED_EDGE('',*,*,#1192,.T.);
#1674=ORIENTED_EDGE('',*,*,#1193,.F.);
#1675=ORIENTED_EDGE('',*,*,#1194,.F.);
#1676=ORIENTED_EDGE('',*,*,#1195,.F.);
#1677=ORIENTED_EDGE('',*,*,#1196,.F.);
#1678=ORIENTED_EDGE('',*,*,#1197,.F.);
#1679=ORIENTED_EDGE('',*,*,#1198,.F.);
#1680=ORIENTED_EDGE('',*,*,#1199,.F.);
#1681=ORIENTED_EDGE('',*,*,#1162,.F.);
#1682=ORIENTED_EDGE('',*,*,#1192,.F.);
#1683=ORIENTED_EDGE('',*,*,#1200,.F.);
#1684=ORIENTED_EDGE('',*,*,#1201,.F.);
#1685=ORIENTED_EDGE('',*,*,#1202,.F.);
#1686=ORIENTED_EDGE('',*,*,#1203,.F.);
#1687=ORIENTED_EDGE('',*,*,#1204,.F.);
#1688=ORIENTED_EDGE('',*,*,#1205,.F.);
#1689=ORIENTED_EDGE('',*,*,#1206,.F.);
#1690=ORIENTED_EDGE('',*,*,#1207,.F.);
#1691=ORIENTED_EDGE('',*,*,#1208,.F.);
#1692=ORIENTED_EDGE('',*,*,#1209,.F.);
#1693=ORIENTED_EDGE('',*,*,#1210,.F.);
#1694=ORIENTED_EDGE('',*,*,#1211,.F.);
#1695=ORIENTED_EDGE('',*,*,#1212,.F.);
#1696=ORIENTED_EDGE('',*,*,#1213,.F.);
#1697=ORIENTED_EDGE('',*,*,#1214,.F.);
#1698=ORIENTED_EDGE('',*,*,#1215,.F.);
#1699=ORIENTED_EDGE('',*,*,#1216,.F.);
#1700=ORIENTED_EDGE('',*,*,#1217,.F.);
#1701=ORIENTED_EDGE('',*,*,#1218,.F.);
#1702=ORIENTED_EDGE('',*,*,#1219,.F.);
#1703=ORIENTED_EDGE('',*,*,#1220,.F.);
#1704=ORIENTED_EDGE('',*,*,#1221,.F.);
#1705=ORIENTED_EDGE('',*,*,#1222,.F.);
#1706=ORIENTED_EDGE('',*,*,#1223,.F.);
#1707=ORIENTED_EDGE('',*,*,#1224,.F.);
#1708=ORIENTED_EDGE('',*,*,#1225,.F.);
#1709=ORIENTED_EDGE('',*,*,#1183,.F.);
#1710=ORIENTED_EDGE('',*,*,#1207,.T.);
#1711=ORIENTED_EDGE('',*,*,#1226,.T.);
#1712=ORIENTED_EDGE('',*,*,#1227,.F.);
#1713=ORIENTED_EDGE('',*,*,#1228,.T.);
#1714=ORIENTED_EDGE('',*,*,#1206,.T.);
#1715=ORIENTED_EDGE('',*,*,#1229,.F.);
#1716=ORIENTED_EDGE('',*,*,#1230,.F.);
#1717=ORIENTED_EDGE('',*,*,#1231,.F.);
#1718=ORIENTED_EDGE('',*,*,#1226,.F.);
#1719=ORIENTED_EDGE('',*,*,#1205,.T.);
#1720=ORIENTED_EDGE('',*,*,#1232,.T.);
#1721=ORIENTED_EDGE('',*,*,#1233,.T.);
#1722=ORIENTED_EDGE('',*,*,#1234,.T.);
#1723=ORIENTED_EDGE('',*,*,#1235,.F.);
#1724=ORIENTED_EDGE('',*,*,#1229,.T.);
#1725=ORIENTED_EDGE('',*,*,#1204,.T.);
#1726=ORIENTED_EDGE('',*,*,#1236,.F.);
#1727=ORIENTED_EDGE('',*,*,#1237,.F.);
#1728=ORIENTED_EDGE('',*,*,#1238,.F.);
#1729=ORIENTED_EDGE('',*,*,#1232,.F.);
#1730=ORIENTED_EDGE('',*,*,#1203,.T.);
#1731=ORIENTED_EDGE('',*,*,#1239,.T.);
#1732=ORIENTED_EDGE('',*,*,#1240,.F.);
#1733=ORIENTED_EDGE('',*,*,#1236,.T.);
#1734=ORIENTED_EDGE('',*,*,#1202,.T.);
#1735=ORIENTED_EDGE('',*,*,#1241,.F.);
#1736=ORIENTED_EDGE('',*,*,#1242,.F.);
#1737=ORIENTED_EDGE('',*,*,#1239,.F.);
#1738=ORIENTED_EDGE('',*,*,#1201,.T.);
#1739=ORIENTED_EDGE('',*,*,#1243,.T.);
#1740=ORIENTED_EDGE('',*,*,#1244,.F.);
#1741=ORIENTED_EDGE('',*,*,#1241,.T.);
#1742=ORIENTED_EDGE('',*,*,#1200,.T.);
#1743=ORIENTED_EDGE('',*,*,#1191,.F.);
#1744=ORIENTED_EDGE('',*,*,#1245,.F.);
#1745=ORIENTED_EDGE('',*,*,#1246,.F.);
#1746=ORIENTED_EDGE('',*,*,#1243,.F.);
#1747=ORIENTED_EDGE('',*,*,#1247,.F.);
#1748=ORIENTED_EDGE('',*,*,#1248,.F.);
#1749=ORIENTED_EDGE('',*,*,#1249,.F.);
#1750=ORIENTED_EDGE('',*,*,#1250,.F.);
#1751=ORIENTED_EDGE('',*,*,#1251,.F.);
#1752=ORIENTED_EDGE('',*,*,#1252,.F.);
#1753=ORIENTED_EDGE('',*,*,#1253,.F.);
#1754=ORIENTED_EDGE('',*,*,#1225,.T.);
#1755=ORIENTED_EDGE('',*,*,#1254,.T.);
#1756=ORIENTED_EDGE('',*,*,#1255,.F.);
#1757=ORIENTED_EDGE('',*,*,#1256,.T.);
#1758=ORIENTED_EDGE('',*,*,#1184,.T.);
#1759=ORIENTED_EDGE('',*,*,#1224,.T.);
#1760=ORIENTED_EDGE('',*,*,#1257,.F.);
#1761=ORIENTED_EDGE('',*,*,#1258,.F.);
#1762=ORIENTED_EDGE('',*,*,#1259,.F.);
#1763=ORIENTED_EDGE('',*,*,#1254,.F.);
#1764=ORIENTED_EDGE('',*,*,#1223,.T.);
#1765=ORIENTED_EDGE('',*,*,#1260,.T.);
#1766=ORIENTED_EDGE('',*,*,#1261,.F.);
#1767=ORIENTED_EDGE('',*,*,#1257,.T.);
#1768=ORIENTED_EDGE('',*,*,#1222,.T.);
#1769=ORIENTED_EDGE('',*,*,#1262,.F.);
#1770=ORIENTED_EDGE('',*,*,#1263,.F.);
#1771=ORIENTED_EDGE('',*,*,#1260,.F.);
#1772=ORIENTED_EDGE('',*,*,#1251,.T.);
#1773=ORIENTED_EDGE('',*,*,#1264,.T.);
#1774=ORIENTED_EDGE('',*,*,#1265,.T.);
#1775=ORIENTED_EDGE('',*,*,#1266,.F.);
#1776=ORIENTED_EDGE('',*,*,#1267,.F.);
#1777=ORIENTED_EDGE('',*,*,#1264,.F.);
#1778=ORIENTED_EDGE('',*,*,#1268,.F.);
#1779=ORIENTED_EDGE('',*,*,#1269,.F.);
#1780=ORIENTED_EDGE('',*,*,#1270,.F.);
#1781=ORIENTED_EDGE('',*,*,#1271,.T.);
#1782=ORIENTED_EDGE('',*,*,#1272,.F.);
#1783=ORIENTED_EDGE('',*,*,#1273,.T.);
#1784=ORIENTED_EDGE('',*,*,#1274,.T.);
#1785=ORIENTED_EDGE('',*,*,#1275,.T.);
#1786=ORIENTED_EDGE('',*,*,#1274,.F.);
#1787=ORIENTED_EDGE('',*,*,#1276,.F.);
#1788=ORIENTED_EDGE('',*,*,#1271,.F.);
#1789=ORIENTED_EDGE('',*,*,#1277,.F.);
#1790=ORIENTED_EDGE('',*,*,#1278,.F.);
#1791=ORIENTED_EDGE('',*,*,#1279,.F.);
#1792=ORIENTED_EDGE('',*,*,#1280,.F.);
#1793=ORIENTED_EDGE('',*,*,#1279,.T.);
#1794=ORIENTED_EDGE('',*,*,#1281,.T.);
#1795=ORIENTED_EDGE('',*,*,#1282,.T.);
#1796=ORIENTED_EDGE('',*,*,#1283,.F.);
#1797=ORIENTED_EDGE('',*,*,#1284,.F.);
#1798=ORIENTED_EDGE('',*,*,#1285,.F.);
#1799=ORIENTED_EDGE('',*,*,#1282,.F.);
#1800=ORIENTED_EDGE('',*,*,#1286,.F.);
#1801=ORIENTED_EDGE('',*,*,#1287,.F.);
#1802=ORIENTED_EDGE('',*,*,#1288,.F.);
#1803=ORIENTED_EDGE('',*,*,#1289,.T.);
#1804=ORIENTED_EDGE('',*,*,#1290,.F.);
#1805=ORIENTED_EDGE('',*,*,#1291,.F.);
#1806=ORIENTED_EDGE('',*,*,#1292,.F.);
#1807=ORIENTED_EDGE('',*,*,#1293,.T.);
#1808=ORIENTED_EDGE('',*,*,#1294,.F.);
#1809=ORIENTED_EDGE('',*,*,#1295,.F.);
#1810=ORIENTED_EDGE('',*,*,#1296,.T.);
#1811=ORIENTED_EDGE('',*,*,#1297,.T.);
#1812=ORIENTED_EDGE('',*,*,#1298,.F.);
#1813=ORIENTED_EDGE('',*,*,#1299,.T.);
#1814=ORIENTED_EDGE('',*,*,#1300,.F.);
#1815=ORIENTED_EDGE('',*,*,#1301,.T.);
#1816=ORIENTED_EDGE('',*,*,#1302,.T.);
#1817=ORIENTED_EDGE('',*,*,#1280,.T.);
#1818=ORIENTED_EDGE('',*,*,#1278,.T.);
#1819=ORIENTED_EDGE('',*,*,#1303,.F.);
#1820=ORIENTED_EDGE('',*,*,#1304,.T.);
#1821=ORIENTED_EDGE('',*,*,#1305,.F.);
#1822=ORIENTED_EDGE('',*,*,#1306,.F.);
#1823=ORIENTED_EDGE('',*,*,#1307,.F.);
#1824=ORIENTED_EDGE('',*,*,#1308,.T.);
#1825=ORIENTED_EDGE('',*,*,#1309,.F.);
#1826=ORIENTED_EDGE('',*,*,#1310,.F.);
#1827=ORIENTED_EDGE('',*,*,#1311,.T.);
#1828=ORIENTED_EDGE('',*,*,#1312,.T.);
#1829=ORIENTED_EDGE('',*,*,#1313,.F.);
#1830=ORIENTED_EDGE('',*,*,#1314,.T.);
#1831=ORIENTED_EDGE('',*,*,#1315,.F.);
#1832=ORIENTED_EDGE('',*,*,#1316,.T.);
#1833=ORIENTED_EDGE('',*,*,#1317,.T.);
#1834=ORIENTED_EDGE('',*,*,#1286,.T.);
#1835=ORIENTED_EDGE('',*,*,#1269,.T.);
#1836=ORIENTED_EDGE('',*,*,#1318,.F.);
#1837=ORIENTED_EDGE('',*,*,#1319,.T.);
#1838=ORIENTED_EDGE('',*,*,#1320,.T.);
#1839=ORIENTED_EDGE('',*,*,#1230,.T.);
#1840=ORIENTED_EDGE('',*,*,#1235,.T.);
#1841=ORIENTED_EDGE('',*,*,#1321,.T.);
#1842=ORIENTED_EDGE('',*,*,#1322,.T.);
#1843=ORIENTED_EDGE('',*,*,#1323,.F.);
#1844=ORIENTED_EDGE('',*,*,#1324,.F.);
#1845=ORIENTED_EDGE('',*,*,#1325,.T.);
#1846=ORIENTED_EDGE('',*,*,#1326,.T.);
#1847=ORIENTED_EDGE('',*,*,#1327,.T.);
#1848=ORIENTED_EDGE('',*,*,#1328,.T.);
#1849=ORIENTED_EDGE('',*,*,#1329,.T.);
#1850=ORIENTED_EDGE('',*,*,#1326,.F.);
#1851=ORIENTED_EDGE('',*,*,#1330,.T.);
#1852=ORIENTED_EDGE('',*,*,#1331,.T.);
#1853=ORIENTED_EDGE('',*,*,#1332,.T.);
#1854=ORIENTED_EDGE('',*,*,#1328,.F.);
#1855=ORIENTED_EDGE('',*,*,#1333,.T.);
#1856=ORIENTED_EDGE('',*,*,#1334,.T.);
#1857=ORIENTED_EDGE('',*,*,#1335,.T.);
#1858=ORIENTED_EDGE('',*,*,#1331,.F.);
#1859=ORIENTED_EDGE('',*,*,#1336,.T.);
#1860=ORIENTED_EDGE('',*,*,#1337,.T.);
#1861=ORIENTED_EDGE('',*,*,#1338,.T.);
#1862=ORIENTED_EDGE('',*,*,#1334,.F.);
#1863=ORIENTED_EDGE('',*,*,#1227,.T.);
#1864=ORIENTED_EDGE('',*,*,#1337,.F.);
#1865=ORIENTED_EDGE('',*,*,#1231,.T.);
#1866=ORIENTED_EDGE('',*,*,#1320,.F.);
#1867=ORIENTED_EDGE('',*,*,#1339,.T.);
#1868=ORIENTED_EDGE('',*,*,#1340,.F.);
#1869=ORIENTED_EDGE('',*,*,#1341,.T.);
#1870=ORIENTED_EDGE('',*,*,#1342,.T.);
#1871=ORIENTED_EDGE('',*,*,#1245,.T.);
#1872=ORIENTED_EDGE('',*,*,#1190,.T.);
#1873=ORIENTED_EDGE('',*,*,#1343,.F.);
#1874=ORIENTED_EDGE('',*,*,#1344,.T.);
#1875=ORIENTED_EDGE('',*,*,#1345,.T.);
#1876=ORIENTED_EDGE('',*,*,#1233,.F.);
#1877=ORIENTED_EDGE('',*,*,#1238,.T.);
#1878=ORIENTED_EDGE('',*,*,#1346,.T.);
#1879=ORIENTED_EDGE('',*,*,#1347,.T.);
#1880=ORIENTED_EDGE('',*,*,#1348,.T.);
#1881=ORIENTED_EDGE('',*,*,#1349,.T.);
#1882=ORIENTED_EDGE('',*,*,#1346,.F.);
#1883=ORIENTED_EDGE('',*,*,#1237,.T.);
#1884=ORIENTED_EDGE('',*,*,#1350,.T.);
#1885=ORIENTED_EDGE('',*,*,#1351,.T.);
#1886=ORIENTED_EDGE('',*,*,#1348,.F.);
#1887=ORIENTED_EDGE('',*,*,#1240,.T.);
#1888=ORIENTED_EDGE('',*,*,#1352,.T.);
#1889=ORIENTED_EDGE('',*,*,#1353,.T.);
#1890=ORIENTED_EDGE('',*,*,#1350,.F.);
#1891=ORIENTED_EDGE('',*,*,#1242,.T.);
#1892=ORIENTED_EDGE('',*,*,#1354,.T.);
#1893=ORIENTED_EDGE('',*,*,#1355,.T.);
#1894=ORIENTED_EDGE('',*,*,#1352,.F.);
#1895=ORIENTED_EDGE('',*,*,#1244,.T.);
#1896=ORIENTED_EDGE('',*,*,#1354,.F.);
#1897=ORIENTED_EDGE('',*,*,#1246,.T.);
#1898=ORIENTED_EDGE('',*,*,#1342,.F.);
#1899=ORIENTED_EDGE('',*,*,#1356,.T.);
#1900=ORIENTED_EDGE('',*,*,#1357,.T.);
#1901=ORIENTED_EDGE('',*,*,#1358,.T.);
#1902=ORIENTED_EDGE('',*,*,#1359,.T.);
#1903=ORIENTED_EDGE('',*,*,#1360,.T.);
#1904=ORIENTED_EDGE('',*,*,#1208,.T.);
#1905=ORIENTED_EDGE('',*,*,#1228,.F.);
#1906=ORIENTED_EDGE('',*,*,#1336,.F.);
#1907=ORIENTED_EDGE('',*,*,#1361,.F.);
#1908=ORIENTED_EDGE('',*,*,#1209,.T.);
#1909=ORIENTED_EDGE('',*,*,#1361,.T.);
#1910=ORIENTED_EDGE('',*,*,#1333,.F.);
#1911=ORIENTED_EDGE('',*,*,#1362,.T.);
#1912=ORIENTED_EDGE('',*,*,#1210,.T.);
#1913=ORIENTED_EDGE('',*,*,#1362,.F.);
#1914=ORIENTED_EDGE('',*,*,#1330,.F.);
#1915=ORIENTED_EDGE('',*,*,#1325,.F.);
#1916=ORIENTED_EDGE('',*,*,#1363,.F.);
#1917=ORIENTED_EDGE('',*,*,#1193,.T.);
#1918=ORIENTED_EDGE('',*,*,#1357,.F.);
#1919=ORIENTED_EDGE('',*,*,#1194,.T.);
#1920=ORIENTED_EDGE('',*,*,#1359,.F.);
#1921=ORIENTED_EDGE('',*,*,#1319,.F.);
#1922=ORIENTED_EDGE('',*,*,#1364,.T.);
#1923=ORIENTED_EDGE('',*,*,#1327,.F.);
#1924=ORIENTED_EDGE('',*,*,#1365,.T.);
#1925=ORIENTED_EDGE('',*,*,#1341,.F.);
#1926=ORIENTED_EDGE('',*,*,#1366,.F.);
#1927=ORIENTED_EDGE('',*,*,#1347,.F.);
#1928=ORIENTED_EDGE('',*,*,#1367,.T.);
#1929=ORIENTED_EDGE('',*,*,#1339,.F.);
#1930=ORIENTED_EDGE('',*,*,#1365,.F.);
#1931=ORIENTED_EDGE('',*,*,#1329,.F.);
#1932=ORIENTED_EDGE('',*,*,#1332,.F.);
#1933=ORIENTED_EDGE('',*,*,#1335,.F.);
#1934=ORIENTED_EDGE('',*,*,#1338,.F.);
#1935=ORIENTED_EDGE('',*,*,#1358,.F.);
#1936=ORIENTED_EDGE('',*,*,#1356,.F.);
#1937=ORIENTED_EDGE('',*,*,#1367,.F.);
#1938=ORIENTED_EDGE('',*,*,#1349,.F.);
#1939=ORIENTED_EDGE('',*,*,#1351,.F.);
#1940=ORIENTED_EDGE('',*,*,#1353,.F.);
#1941=ORIENTED_EDGE('',*,*,#1355,.F.);
#1942=ORIENTED_EDGE('',*,*,#1360,.F.);
#1943=ORIENTED_EDGE('',*,*,#1234,.F.);
#1944=ORIENTED_EDGE('',*,*,#1345,.F.);
#1945=ORIENTED_EDGE('',*,*,#1368,.T.);
#1946=ORIENTED_EDGE('',*,*,#1321,.F.);
#1947=ORIENTED_EDGE('',*,*,#1369,.F.);
#1948=ORIENTED_EDGE('',*,*,#1343,.T.);
#1949=ORIENTED_EDGE('',*,*,#1189,.T.);
#1950=ORIENTED_EDGE('',*,*,#1165,.T.);
#1951=ORIENTED_EDGE('',*,*,#1370,.T.);
#1952=ORIENTED_EDGE('',*,*,#1247,.T.);
#1953=ORIENTED_EDGE('',*,*,#1371,.T.);
#1954=ORIENTED_EDGE('',*,*,#1372,.F.);
#1955=ORIENTED_EDGE('',*,*,#1373,.T.);
#1956=ORIENTED_EDGE('',*,*,#1374,.F.);
#1957=ORIENTED_EDGE('',*,*,#1375,.T.);
#1958=ORIENTED_EDGE('',*,*,#1376,.T.);
#1959=ORIENTED_EDGE('',*,*,#1377,.T.);
#1960=ORIENTED_EDGE('',*,*,#1378,.T.);
#1961=ORIENTED_EDGE('',*,*,#1379,.T.);
#1962=ORIENTED_EDGE('',*,*,#1380,.T.);
#1963=ORIENTED_EDGE('',*,*,#1377,.F.);
#1964=ORIENTED_EDGE('',*,*,#1381,.T.);
#1965=ORIENTED_EDGE('',*,*,#1382,.T.);
#1966=ORIENTED_EDGE('',*,*,#1383,.T.);
#1967=ORIENTED_EDGE('',*,*,#1379,.F.);
#1968=ORIENTED_EDGE('',*,*,#1384,.T.);
#1969=ORIENTED_EDGE('',*,*,#1385,.T.);
#1970=ORIENTED_EDGE('',*,*,#1386,.T.);
#1971=ORIENTED_EDGE('',*,*,#1382,.F.);
#1972=ORIENTED_EDGE('',*,*,#1387,.T.);
#1973=ORIENTED_EDGE('',*,*,#1388,.T.);
#1974=ORIENTED_EDGE('',*,*,#1389,.T.);
#1975=ORIENTED_EDGE('',*,*,#1385,.F.);
#1976=ORIENTED_EDGE('',*,*,#1390,.T.);
#1977=ORIENTED_EDGE('',*,*,#1391,.F.);
#1978=ORIENTED_EDGE('',*,*,#1392,.T.);
#1979=ORIENTED_EDGE('',*,*,#1393,.T.);
#1980=ORIENTED_EDGE('',*,*,#1394,.T.);
#1981=ORIENTED_EDGE('',*,*,#1395,.F.);
#1982=ORIENTED_EDGE('',*,*,#1396,.T.);
#1983=ORIENTED_EDGE('',*,*,#1393,.F.);
#1984=ORIENTED_EDGE('',*,*,#1397,.T.);
#1985=ORIENTED_EDGE('',*,*,#1388,.F.);
#1986=ORIENTED_EDGE('',*,*,#1398,.T.);
#1987=ORIENTED_EDGE('',*,*,#1399,.T.);
#1988=ORIENTED_EDGE('',*,*,#1400,.T.);
#1989=ORIENTED_EDGE('',*,*,#1401,.T.);
#1990=ORIENTED_EDGE('',*,*,#1402,.T.);
#1991=ORIENTED_EDGE('',*,*,#1403,.T.);
#1992=ORIENTED_EDGE('',*,*,#1404,.T.);
#1993=ORIENTED_EDGE('',*,*,#1399,.F.);
#1994=ORIENTED_EDGE('',*,*,#1405,.T.);
#1995=ORIENTED_EDGE('',*,*,#1402,.F.);
#1996=ORIENTED_EDGE('',*,*,#1406,.T.);
#1997=ORIENTED_EDGE('',*,*,#1378,.F.);
#1998=ORIENTED_EDGE('',*,*,#1407,.T.);
#1999=ORIENTED_EDGE('',*,*,#1405,.F.);
#2000=ORIENTED_EDGE('',*,*,#1408,.T.);
#2001=ORIENTED_EDGE('',*,*,#1392,.F.);
#2002=ORIENTED_EDGE('',*,*,#1409,.T.);
#2003=ORIENTED_EDGE('',*,*,#1380,.F.);
#2004=ORIENTED_EDGE('',*,*,#1383,.F.);
#2005=ORIENTED_EDGE('',*,*,#1386,.F.);
#2006=ORIENTED_EDGE('',*,*,#1389,.F.);
#2007=ORIENTED_EDGE('',*,*,#1397,.F.);
#2008=ORIENTED_EDGE('',*,*,#1408,.F.);
#2009=ORIENTED_EDGE('',*,*,#1404,.F.);
#2010=ORIENTED_EDGE('',*,*,#1403,.F.);
#2011=ORIENTED_EDGE('',*,*,#1407,.F.);
#2012=ORIENTED_EDGE('',*,*,#1195,.T.);
#2013=ORIENTED_EDGE('',*,*,#1401,.F.);
#2014=ORIENTED_EDGE('',*,*,#1400,.F.);
#2015=ORIENTED_EDGE('',*,*,#1406,.F.);
#2016=ORIENTED_EDGE('',*,*,#1255,.T.);
#2017=ORIENTED_EDGE('',*,*,#1259,.T.);
#2018=ORIENTED_EDGE('',*,*,#1410,.T.);
#2019=ORIENTED_EDGE('',*,*,#1411,.T.);
#2020=ORIENTED_EDGE('',*,*,#1412,.T.);
#2021=ORIENTED_EDGE('',*,*,#1413,.T.);
#2022=ORIENTED_EDGE('',*,*,#1410,.F.);
#2023=ORIENTED_EDGE('',*,*,#1258,.T.);
#2024=ORIENTED_EDGE('',*,*,#1414,.T.);
#2025=ORIENTED_EDGE('',*,*,#1415,.T.);
#2026=ORIENTED_EDGE('',*,*,#1412,.F.);
#2027=ORIENTED_EDGE('',*,*,#1261,.T.);
#2028=ORIENTED_EDGE('',*,*,#1416,.T.);
#2029=ORIENTED_EDGE('',*,*,#1417,.T.);
#2030=ORIENTED_EDGE('',*,*,#1418,.T.);
#2031=ORIENTED_EDGE('',*,*,#1419,.T.);
#2032=ORIENTED_EDGE('',*,*,#1420,.F.);
#2033=ORIENTED_EDGE('',*,*,#1421,.T.);
#2034=ORIENTED_EDGE('',*,*,#1422,.T.);
#2035=ORIENTED_EDGE('',*,*,#1423,.T.);
#2036=ORIENTED_EDGE('',*,*,#1422,.F.);
#2037=ORIENTED_EDGE('',*,*,#1424,.T.);
#2038=ORIENTED_EDGE('',*,*,#1416,.F.);
#2039=ORIENTED_EDGE('',*,*,#1425,.T.);
#2040=ORIENTED_EDGE('',*,*,#1418,.F.);
#2041=ORIENTED_EDGE('',*,*,#1426,.T.);
#2042=ORIENTED_EDGE('',*,*,#1414,.F.);
#2043=ORIENTED_EDGE('',*,*,#1263,.T.);
#2044=ORIENTED_EDGE('',*,*,#1427,.T.);
#2045=ORIENTED_EDGE('',*,*,#1428,.T.);
#2046=ORIENTED_EDGE('',*,*,#1411,.F.);
#2047=ORIENTED_EDGE('',*,*,#1429,.T.);
#2048=ORIENTED_EDGE('',*,*,#1421,.F.);
#2049=ORIENTED_EDGE('',*,*,#1430,.T.);
#2050=ORIENTED_EDGE('',*,*,#1196,.T.);
#2051=ORIENTED_EDGE('',*,*,#1427,.F.);
#2052=ORIENTED_EDGE('',*,*,#1413,.F.);
#2053=ORIENTED_EDGE('',*,*,#1415,.F.);
#2054=ORIENTED_EDGE('',*,*,#1426,.F.);
#2055=ORIENTED_EDGE('',*,*,#1417,.F.);
#2056=ORIENTED_EDGE('',*,*,#1424,.F.);
#2057=ORIENTED_EDGE('',*,*,#1429,.F.);
#2058=ORIENTED_EDGE('',*,*,#1428,.F.);
#2059=ORIENTED_EDGE('',*,*,#1219,.T.);
#2060=ORIENTED_EDGE('',*,*,#1431,.T.);
#2061=ORIENTED_EDGE('',*,*,#1375,.F.);
#2062=ORIENTED_EDGE('',*,*,#1432,.T.);
#2063=ORIENTED_EDGE('',*,*,#1420,.T.);
#2064=ORIENTED_EDGE('',*,*,#1433,.T.);
#2065=ORIENTED_EDGE('',*,*,#1248,.T.);
#2066=ORIENTED_EDGE('',*,*,#1370,.F.);
#2067=ORIENTED_EDGE('',*,*,#1182,.F.);
#2068=ORIENTED_EDGE('',*,*,#1434,.T.);
#2069=ORIENTED_EDGE('',*,*,#1435,.T.);
#2070=ORIENTED_EDGE('',*,*,#1436,.T.);
#2071=ORIENTED_EDGE('',*,*,#1435,.F.);
#2072=ORIENTED_EDGE('',*,*,#1437,.T.);
#2073=ORIENTED_EDGE('',*,*,#1309,.T.);
#2074=ORIENTED_EDGE('',*,*,#1438,.T.);
#2075=ORIENTED_EDGE('',*,*,#1252,.T.);
#2076=ORIENTED_EDGE('',*,*,#1267,.T.);
#2077=ORIENTED_EDGE('',*,*,#1439,.T.);
#2078=ORIENTED_EDGE('',*,*,#1440,.T.);
#2079=ORIENTED_EDGE('',*,*,#1268,.T.);
#2080=ORIENTED_EDGE('',*,*,#1250,.T.);
#2081=ORIENTED_EDGE('',*,*,#1441,.F.);
#2082=ORIENTED_EDGE('',*,*,#1442,.T.);
#2083=ORIENTED_EDGE('',*,*,#1443,.T.);
#2084=ORIENTED_EDGE('',*,*,#1249,.T.);
#2085=ORIENTED_EDGE('',*,*,#1436,.F.);
#2086=ORIENTED_EDGE('',*,*,#1444,.T.);
#2087=ORIENTED_EDGE('',*,*,#1445,.F.);
#2088=ORIENTED_EDGE('',*,*,#1441,.T.);
#2089=ORIENTED_EDGE('',*,*,#1434,.F.);
#2090=ORIENTED_EDGE('',*,*,#1181,.F.);
#2091=ORIENTED_EDGE('',*,*,#1446,.F.);
#2092=ORIENTED_EDGE('',*,*,#1447,.T.);
#2093=ORIENTED_EDGE('',*,*,#1310,.T.);
#2094=ORIENTED_EDGE('',*,*,#1437,.F.);
#2095=ORIENTED_EDGE('',*,*,#1438,.F.);
#2096=ORIENTED_EDGE('',*,*,#1308,.F.);
#2097=ORIENTED_EDGE('',*,*,#1448,.F.);
#2098=ORIENTED_EDGE('',*,*,#1444,.F.);
#2099=ORIENTED_EDGE('',*,*,#1442,.F.);
#2100=ORIENTED_EDGE('',*,*,#1445,.T.);
#2101=ORIENTED_EDGE('',*,*,#1449,.T.);
#2102=ORIENTED_EDGE('',*,*,#1450,.T.);
#2103=ORIENTED_EDGE('',*,*,#1372,.T.);
#2104=ORIENTED_EDGE('',*,*,#1451,.T.);
#2105=ORIENTED_EDGE('',*,*,#1449,.F.);
#2106=ORIENTED_EDGE('',*,*,#1448,.T.);
#2107=ORIENTED_EDGE('',*,*,#1307,.T.);
#2108=ORIENTED_EDGE('',*,*,#1452,.T.);
#2109=ORIENTED_EDGE('',*,*,#1453,.T.);
#2110=ORIENTED_EDGE('',*,*,#1454,.F.);
#2111=ORIENTED_EDGE('',*,*,#1455,.T.);
#2112=ORIENTED_EDGE('',*,*,#1456,.T.);
#2113=ORIENTED_EDGE('',*,*,#1457,.T.);
#2114=ORIENTED_EDGE('',*,*,#1456,.F.);
#2115=ORIENTED_EDGE('',*,*,#1458,.T.);
#2116=ORIENTED_EDGE('',*,*,#1305,.T.);
#2117=ORIENTED_EDGE('',*,*,#1459,.T.);
#2118=ORIENTED_EDGE('',*,*,#1285,.T.);
#2119=ORIENTED_EDGE('',*,*,#1460,.T.);
#2120=ORIENTED_EDGE('',*,*,#1461,.F.);
#2121=ORIENTED_EDGE('',*,*,#1462,.F.);
#2122=ORIENTED_EDGE('',*,*,#1463,.T.);
#2123=ORIENTED_EDGE('',*,*,#1457,.F.);
#2124=ORIENTED_EDGE('',*,*,#1464,.T.);
#2125=ORIENTED_EDGE('',*,*,#1465,.F.);
#2126=ORIENTED_EDGE('',*,*,#1461,.T.);
#2127=ORIENTED_EDGE('',*,*,#1459,.F.);
#2128=ORIENTED_EDGE('',*,*,#1304,.F.);
#2129=ORIENTED_EDGE('',*,*,#1466,.F.);
#2130=ORIENTED_EDGE('',*,*,#1467,.F.);
#2131=ORIENTED_EDGE('',*,*,#1464,.F.);
#2132=ORIENTED_EDGE('',*,*,#1468,.F.);
#2133=ORIENTED_EDGE('',*,*,#1469,.T.);
#2134=ORIENTED_EDGE('',*,*,#1470,.T.);
#2135=ORIENTED_EDGE('',*,*,#1471,.T.);
#2136=ORIENTED_EDGE('',*,*,#1472,.T.);
#2137=ORIENTED_EDGE('',*,*,#1473,.F.);
#2138=ORIENTED_EDGE('',*,*,#1474,.F.);
#2139=ORIENTED_EDGE('',*,*,#1475,.T.);
#2140=ORIENTED_EDGE('',*,*,#1476,.F.);
#2141=ORIENTED_EDGE('',*,*,#1477,.F.);
#2142=ORIENTED_EDGE('',*,*,#1470,.F.);
#2143=ORIENTED_EDGE('',*,*,#1478,.T.);
#2144=ORIENTED_EDGE('',*,*,#1294,.T.);
#2145=ORIENTED_EDGE('',*,*,#1479,.T.);
#2146=ORIENTED_EDGE('',*,*,#1476,.T.);
#2147=ORIENTED_EDGE('',*,*,#1480,.T.);
#2148=ORIENTED_EDGE('',*,*,#1481,.F.);
#2149=ORIENTED_EDGE('',*,*,#1482,.T.);
#2150=ORIENTED_EDGE('',*,*,#1483,.T.);
#2151=ORIENTED_EDGE('',*,*,#1484,.T.);
#2152=ORIENTED_EDGE('',*,*,#1485,.F.);
#2153=ORIENTED_EDGE('',*,*,#1486,.T.);
#2154=ORIENTED_EDGE('',*,*,#1487,.F.);
#2155=ORIENTED_EDGE('',*,*,#1488,.T.);
#2156=ORIENTED_EDGE('',*,*,#1270,.T.);
#2157=ORIENTED_EDGE('',*,*,#1489,.T.);
#2158=ORIENTED_EDGE('',*,*,#1212,.T.);
#2159=ORIENTED_EDGE('',*,*,#1490,.F.);
#2160=ORIENTED_EDGE('',*,*,#1491,.T.);
#2161=ORIENTED_EDGE('',*,*,#1492,.T.);
#2162=ORIENTED_EDGE('',*,*,#1473,.T.);
#2163=ORIENTED_EDGE('',*,*,#1493,.T.);
#2164=ORIENTED_EDGE('',*,*,#1494,.T.);
#2165=ORIENTED_EDGE('',*,*,#1489,.F.);
#2166=ORIENTED_EDGE('',*,*,#1275,.F.);
#2167=ORIENTED_EDGE('',*,*,#1495,.F.);
#2168=ORIENTED_EDGE('',*,*,#1496,.F.);
#2169=ORIENTED_EDGE('',*,*,#1481,.T.);
#2170=ORIENTED_EDGE('',*,*,#1497,.T.);
#2171=ORIENTED_EDGE('',*,*,#1272,.T.);
#2172=ORIENTED_EDGE('',*,*,#1498,.T.);
#2173=ORIENTED_EDGE('',*,*,#1487,.T.);
#2174=ORIENTED_EDGE('',*,*,#1277,.T.);
#2175=ORIENTED_EDGE('',*,*,#1488,.F.);
#2176=ORIENTED_EDGE('',*,*,#1498,.F.);
#2177=ORIENTED_EDGE('',*,*,#1276,.T.);
#2178=ORIENTED_EDGE('',*,*,#1499,.T.);
#2179=ORIENTED_EDGE('',*,*,#1500,.F.);
#2180=ORIENTED_EDGE('',*,*,#1495,.T.);
#2181=ORIENTED_EDGE('',*,*,#1501,.T.);
#2182=ORIENTED_EDGE('',*,*,#1471,.F.);
#2183=ORIENTED_EDGE('',*,*,#1502,.T.);
#2184=ORIENTED_EDGE('',*,*,#1482,.F.);
#2185=ORIENTED_EDGE('',*,*,#1496,.T.);
#2186=ORIENTED_EDGE('',*,*,#1500,.T.);
#2187=ORIENTED_EDGE('',*,*,#1479,.F.);
#2188=ORIENTED_EDGE('',*,*,#1293,.F.);
#2189=ORIENTED_EDGE('',*,*,#1503,.F.);
#2190=ORIENTED_EDGE('',*,*,#1502,.F.);
#2191=ORIENTED_EDGE('',*,*,#1474,.T.);
#2192=ORIENTED_EDGE('',*,*,#1492,.F.);
#2193=ORIENTED_EDGE('',*,*,#1504,.F.);
#2194=ORIENTED_EDGE('',*,*,#1483,.F.);
#2195=ORIENTED_EDGE('',*,*,#1503,.T.);
#2196=ORIENTED_EDGE('',*,*,#1292,.T.);
#2197=ORIENTED_EDGE('',*,*,#1505,.T.);
#2198=ORIENTED_EDGE('',*,*,#1468,.T.);
#2199=ORIENTED_EDGE('',*,*,#1504,.T.);
#2200=ORIENTED_EDGE('',*,*,#1491,.F.);
#2201=ORIENTED_EDGE('',*,*,#1506,.F.);
#2202=ORIENTED_EDGE('',*,*,#1507,.F.);
#2203=ORIENTED_EDGE('',*,*,#1508,.F.);
#2204=ORIENTED_EDGE('',*,*,#1509,.F.);
#2205=ORIENTED_EDGE('',*,*,#1510,.F.);
#2206=ORIENTED_EDGE('',*,*,#1511,.T.);
#2207=ORIENTED_EDGE('',*,*,#1512,.F.);
#2208=ORIENTED_EDGE('',*,*,#1513,.F.);
#2209=ORIENTED_EDGE('',*,*,#1514,.F.);
#2210=ORIENTED_EDGE('',*,*,#1515,.T.);
#2211=ORIENTED_EDGE('',*,*,#1516,.F.);
#2212=ORIENTED_EDGE('',*,*,#1517,.F.);
#2213=ORIENTED_EDGE('',*,*,#1518,.F.);
#2214=ORIENTED_EDGE('',*,*,#1519,.T.);
#2215=ORIENTED_EDGE('',*,*,#1520,.F.);
#2216=ORIENTED_EDGE('',*,*,#1521,.T.);
#2217=ORIENTED_EDGE('',*,*,#1522,.T.);
#2218=ORIENTED_EDGE('',*,*,#1523,.T.);
#2219=ORIENTED_EDGE('',*,*,#1169,.F.);
#2220=ORIENTED_EDGE('',*,*,#1524,.F.);
#2221=ORIENTED_EDGE('',*,*,#1187,.F.);
#2222=ORIENTED_EDGE('',*,*,#1522,.F.);
#2223=ORIENTED_EDGE('',*,*,#1525,.T.);
#2224=ORIENTED_EDGE('',*,*,#1288,.T.);
#2225=ORIENTED_EDGE('',*,*,#1526,.T.);
#2226=ORIENTED_EDGE('',*,*,#1524,.T.);
#2227=ORIENTED_EDGE('',*,*,#1168,.F.);
#2228=ORIENTED_EDGE('',*,*,#1188,.T.);
#2229=ORIENTED_EDGE('',*,*,#1527,.F.);
#2230=ORIENTED_EDGE('',*,*,#1528,.T.);
#2231=ORIENTED_EDGE('',*,*,#1529,.T.);
#2232=ORIENTED_EDGE('',*,*,#1530,.T.);
#2233=ORIENTED_EDGE('',*,*,#1531,.T.);
#2234=ORIENTED_EDGE('',*,*,#1520,.T.);
#2235=ORIENTED_EDGE('',*,*,#1186,.T.);
#2236=ORIENTED_EDGE('',*,*,#1532,.F.);
#2237=ORIENTED_EDGE('',*,*,#1529,.F.);
#2238=ORIENTED_EDGE('',*,*,#1533,.T.);
#2239=ORIENTED_EDGE('',*,*,#1290,.T.);
#2240=ORIENTED_EDGE('',*,*,#1534,.T.);
#2241=ORIENTED_EDGE('',*,*,#1531,.F.);
#2242=ORIENTED_EDGE('',*,*,#1530,.F.);
#2243=ORIENTED_EDGE('',*,*,#1535,.T.);
#2244=ORIENTED_EDGE('',*,*,#1521,.F.);
#2245=ORIENTED_EDGE('',*,*,#1532,.T.);
#2246=ORIENTED_EDGE('',*,*,#1185,.F.);
#2247=ORIENTED_EDGE('',*,*,#1256,.F.);
#2248=ORIENTED_EDGE('',*,*,#1430,.F.);
#2249=ORIENTED_EDGE('',*,*,#1432,.F.);
#2250=ORIENTED_EDGE('',*,*,#1374,.T.);
#2251=ORIENTED_EDGE('',*,*,#1536,.T.);
#2252=ORIENTED_EDGE('',*,*,#1527,.T.);
#2253=ORIENTED_EDGE('',*,*,#1525,.F.);
#2254=ORIENTED_EDGE('',*,*,#1535,.F.);
#2255=ORIENTED_EDGE('',*,*,#1534,.F.);
#2256=ORIENTED_EDGE('',*,*,#1289,.F.);
#2257=ORIENTED_EDGE('',*,*,#1469,.F.);
#2258=ORIENTED_EDGE('',*,*,#1515,.F.);
#2259=ORIENTED_EDGE('',*,*,#1537,.F.);
#2260=ORIENTED_EDGE('',*,*,#1538,.T.);
#2261=ORIENTED_EDGE('',*,*,#1295,.T.);
#2262=ORIENTED_EDGE('',*,*,#1478,.F.);
#2263=ORIENTED_EDGE('',*,*,#1539,.T.);
#2264=ORIENTED_EDGE('',*,*,#1484,.F.);
#2265=ORIENTED_EDGE('',*,*,#1505,.F.);
#2266=ORIENTED_EDGE('',*,*,#1291,.T.);
#2267=ORIENTED_EDGE('',*,*,#1533,.F.);
#2268=ORIENTED_EDGE('',*,*,#1528,.F.);
#2269=ORIENTED_EDGE('',*,*,#1536,.F.);
#2270=ORIENTED_EDGE('',*,*,#1373,.F.);
#2271=ORIENTED_EDGE('',*,*,#1409,.F.);
#2272=ORIENTED_EDGE('',*,*,#1391,.T.);
#2273=ORIENTED_EDGE('',*,*,#1540,.T.);
#2274=ORIENTED_EDGE('',*,*,#1439,.F.);
#2275=ORIENTED_EDGE('',*,*,#1266,.T.);
#2276=ORIENTED_EDGE('',*,*,#1253,.T.);
#2277=ORIENTED_EDGE('',*,*,#1440,.F.);
#2278=ORIENTED_EDGE('',*,*,#1540,.F.);
#2279=ORIENTED_EDGE('',*,*,#1265,.F.);
#2280=ORIENTED_EDGE('',*,*,#1443,.F.);
#2281=ORIENTED_EDGE('',*,*,#1451,.F.);
#2282=ORIENTED_EDGE('',*,*,#1371,.F.);
#2283=ORIENTED_EDGE('',*,*,#1368,.F.);
#2284=ORIENTED_EDGE('',*,*,#1344,.F.);
#2285=ORIENTED_EDGE('',*,*,#1366,.T.);
#2286=ORIENTED_EDGE('',*,*,#1340,.T.);
#2287=ORIENTED_EDGE('',*,*,#1369,.T.);
#2288=ORIENTED_EDGE('',*,*,#1450,.F.);
#2289=ORIENTED_EDGE('',*,*,#1452,.F.);
#2290=ORIENTED_EDGE('',*,*,#1306,.T.);
#2291=ORIENTED_EDGE('',*,*,#1458,.F.);
#2292=ORIENTED_EDGE('',*,*,#1455,.F.);
#2293=ORIENTED_EDGE('',*,*,#1541,.F.);
#2294=ORIENTED_EDGE('',*,*,#1322,.F.);
#2295=ORIENTED_EDGE('',*,*,#1364,.F.);
#2296=ORIENTED_EDGE('',*,*,#1318,.T.);
#2297=ORIENTED_EDGE('',*,*,#1526,.F.);
#2298=ORIENTED_EDGE('',*,*,#1287,.T.);
#2299=ORIENTED_EDGE('',*,*,#1542,.T.);
#2300=ORIENTED_EDGE('',*,*,#1543,.F.);
#2301=ORIENTED_EDGE('',*,*,#1170,.T.);
#2302=ORIENTED_EDGE('',*,*,#1523,.F.);
#2303=ORIENTED_EDGE('',*,*,#1544,.F.);
#2304=ORIENTED_EDGE('',*,*,#1545,.T.);
#2305=ORIENTED_EDGE('',*,*,#1465,.T.);
#2306=ORIENTED_EDGE('',*,*,#1467,.T.);
#2307=ORIENTED_EDGE('',*,*,#1545,.F.);
#2308=ORIENTED_EDGE('',*,*,#1546,.T.);
#2309=ORIENTED_EDGE('',*,*,#1547,.F.);
#2310=ORIENTED_EDGE('',*,*,#1283,.T.);
#2311=ORIENTED_EDGE('',*,*,#1462,.T.);
#2312=ORIENTED_EDGE('',*,*,#1548,.T.);
#2313=ORIENTED_EDGE('',*,*,#1284,.T.);
#2314=ORIENTED_EDGE('',*,*,#1547,.T.);
#2315=ORIENTED_EDGE('',*,*,#1546,.F.);
#2316=ORIENTED_EDGE('',*,*,#1544,.T.);
#2317=ORIENTED_EDGE('',*,*,#1466,.T.);
#2318=ORIENTED_EDGE('',*,*,#1303,.T.);
#2319=ORIENTED_EDGE('',*,*,#1549,.T.);
#2320=ORIENTED_EDGE('',*,*,#1550,.F.);
#2321=ORIENTED_EDGE('',*,*,#1507,.T.);
#2322=ORIENTED_EDGE('',*,*,#1551,.T.);
#2323=ORIENTED_EDGE('',*,*,#1453,.F.);
#2324=ORIENTED_EDGE('',*,*,#1463,.F.);
#2325=ORIENTED_EDGE('',*,*,#1460,.F.);
#2326=ORIENTED_EDGE('',*,*,#1281,.F.);
#2327=ORIENTED_EDGE('',*,*,#1548,.F.);
#2328=ORIENTED_EDGE('',*,*,#1215,.T.);
#2329=ORIENTED_EDGE('',*,*,#1552,.T.);
#2330=ORIENTED_EDGE('',*,*,#1390,.F.);
#2331=ORIENTED_EDGE('',*,*,#1553,.T.);
#2332=ORIENTED_EDGE('',*,*,#1213,.T.);
#2333=ORIENTED_EDGE('',*,*,#1493,.F.);
#2334=ORIENTED_EDGE('',*,*,#1472,.F.);
#2335=ORIENTED_EDGE('',*,*,#1501,.F.);
#2336=ORIENTED_EDGE('',*,*,#1499,.F.);
#2337=ORIENTED_EDGE('',*,*,#1273,.F.);
#2338=ORIENTED_EDGE('',*,*,#1497,.F.);
#2339=ORIENTED_EDGE('',*,*,#1486,.F.);
#2340=ORIENTED_EDGE('',*,*,#1494,.F.);
#2341=ORIENTED_EDGE('',*,*,#1480,.F.);
#2342=ORIENTED_EDGE('',*,*,#1475,.F.);
#2343=ORIENTED_EDGE('',*,*,#1554,.T.);
#2344=ORIENTED_EDGE('',*,*,#1395,.T.);
#2345=ORIENTED_EDGE('',*,*,#1555,.T.);
#2346=ORIENTED_EDGE('',*,*,#1211,.T.);
#2347=ORIENTED_EDGE('',*,*,#1363,.T.);
#2348=ORIENTED_EDGE('',*,*,#1324,.T.);
#2349=ORIENTED_EDGE('',*,*,#1556,.F.);
#2350=ORIENTED_EDGE('',*,*,#1506,.T.);
#2351=ORIENTED_EDGE('',*,*,#1490,.T.);
#2352=ORIENTED_EDGE('',*,*,#1214,.T.);
#2353=ORIENTED_EDGE('',*,*,#1555,.F.);
#2354=ORIENTED_EDGE('',*,*,#1394,.F.);
#2355=ORIENTED_EDGE('',*,*,#1398,.F.);
#2356=ORIENTED_EDGE('',*,*,#1552,.F.);
#2357=ORIENTED_EDGE('',*,*,#1197,.T.);
#2358=ORIENTED_EDGE('',*,*,#1557,.F.);
#2359=ORIENTED_EDGE('',*,*,#1558,.T.);
#2360=ORIENTED_EDGE('',*,*,#1559,.T.);
#2361=ORIENTED_EDGE('',*,*,#1560,.T.);
#2362=ORIENTED_EDGE('',*,*,#1561,.T.);
#2363=ORIENTED_EDGE('',*,*,#1557,.T.);
#2364=ORIENTED_EDGE('',*,*,#1562,.T.);
#2365=ORIENTED_EDGE('',*,*,#1198,.T.);
#2366=ORIENTED_EDGE('',*,*,#1558,.F.);
#2367=ORIENTED_EDGE('',*,*,#1563,.F.);
#2368=ORIENTED_EDGE('',*,*,#1559,.F.);
#2369=ORIENTED_EDGE('',*,*,#1199,.T.);
#2370=ORIENTED_EDGE('',*,*,#1560,.F.);
#2371=ORIENTED_EDGE('',*,*,#1564,.F.);
#2372=ORIENTED_EDGE('',*,*,#1561,.F.);
#2373=ORIENTED_EDGE('',*,*,#1565,.F.);
#2374=ORIENTED_EDGE('',*,*,#1562,.F.);
#2375=ORIENTED_EDGE('',*,*,#1566,.T.);
#2376=ORIENTED_EDGE('',*,*,#1509,.T.);
#2377=ORIENTED_EDGE('',*,*,#1567,.T.);
#2378=ORIENTED_EDGE('',*,*,#1568,.T.);
#2379=ORIENTED_EDGE('',*,*,#1569,.F.);
#2380=ORIENTED_EDGE('',*,*,#1566,.F.);
#2381=ORIENTED_EDGE('',*,*,#1570,.T.);
#2382=ORIENTED_EDGE('',*,*,#1571,.F.);
#2383=ORIENTED_EDGE('',*,*,#1572,.F.);
#2384=ORIENTED_EDGE('',*,*,#1314,.F.);
#2385=ORIENTED_EDGE('',*,*,#1573,.F.);
#2386=ORIENTED_EDGE('',*,*,#1570,.F.);
#2387=ORIENTED_EDGE('',*,*,#1574,.T.);
#2388=ORIENTED_EDGE('',*,*,#1315,.T.);
#2389=ORIENTED_EDGE('',*,*,#1572,.T.);
#2390=ORIENTED_EDGE('',*,*,#1568,.F.);
#2391=ORIENTED_EDGE('',*,*,#1575,.T.);
#2392=ORIENTED_EDGE('',*,*,#1316,.F.);
#2393=ORIENTED_EDGE('',*,*,#1574,.F.);
#2394=ORIENTED_EDGE('',*,*,#1576,.F.);
#2395=ORIENTED_EDGE('',*,*,#1577,.F.);
#2396=ORIENTED_EDGE('',*,*,#1510,.T.);
#2397=ORIENTED_EDGE('',*,*,#1569,.T.);
#2398=ORIENTED_EDGE('',*,*,#1571,.T.);
#2399=ORIENTED_EDGE('',*,*,#1578,.T.);
#2400=ORIENTED_EDGE('',*,*,#1178,.T.);
#2401=ORIENTED_EDGE('',*,*,#1579,.F.);
#2402=ORIENTED_EDGE('',*,*,#1580,.F.);
#2403=ORIENTED_EDGE('',*,*,#1581,.F.);
#2404=ORIENTED_EDGE('',*,*,#1582,.T.);
#2405=ORIENTED_EDGE('',*,*,#1583,.T.);
#2406=ORIENTED_EDGE('',*,*,#1584,.T.);
#2407=ORIENTED_EDGE('',*,*,#1179,.T.);
#2408=ORIENTED_EDGE('',*,*,#1582,.F.);
#2409=ORIENTED_EDGE('',*,*,#1578,.F.);
#2410=ORIENTED_EDGE('',*,*,#1585,.T.);
#2411=ORIENTED_EDGE('',*,*,#1564,.T.);
#2412=ORIENTED_EDGE('',*,*,#1581,.T.);
#2413=ORIENTED_EDGE('',*,*,#1586,.T.);
#2414=ORIENTED_EDGE('',*,*,#1587,.T.);
#2415=ORIENTED_EDGE('',*,*,#1576,.T.);
#2416=ORIENTED_EDGE('',*,*,#1587,.F.);
#2417=ORIENTED_EDGE('',*,*,#1586,.F.);
#2418=ORIENTED_EDGE('',*,*,#1580,.T.);
#2419=ORIENTED_EDGE('',*,*,#1588,.F.);
#2420=ORIENTED_EDGE('',*,*,#1589,.T.);
#2421=ORIENTED_EDGE('',*,*,#1590,.F.);
#2422=ORIENTED_EDGE('',*,*,#1591,.F.);
#2423=ORIENTED_EDGE('',*,*,#1592,.T.);
#2424=ORIENTED_EDGE('',*,*,#1593,.T.);
#2425=ORIENTED_EDGE('',*,*,#1579,.T.);
#2426=ORIENTED_EDGE('',*,*,#1177,.F.);
#2427=ORIENTED_EDGE('',*,*,#1594,.T.);
#2428=ORIENTED_EDGE('',*,*,#1588,.T.);
#2429=ORIENTED_EDGE('',*,*,#1595,.T.);
#2430=ORIENTED_EDGE('',*,*,#1596,.T.);
#2431=ORIENTED_EDGE('',*,*,#1597,.T.);
#2432=ORIENTED_EDGE('',*,*,#1513,.T.);
#2433=ORIENTED_EDGE('',*,*,#1595,.F.);
#2434=ORIENTED_EDGE('',*,*,#1598,.F.);
#2435=ORIENTED_EDGE('',*,*,#1599,.T.);
#2436=ORIENTED_EDGE('',*,*,#1600,.T.);
#2437=ORIENTED_EDGE('',*,*,#1517,.T.);
#2438=ORIENTED_EDGE('',*,*,#1601,.T.);
#2439=ORIENTED_EDGE('',*,*,#1602,.T.);
#2440=ORIENTED_EDGE('',*,*,#1577,.T.);
#2441=ORIENTED_EDGE('',*,*,#1593,.F.);
#2442=ORIENTED_EDGE('',*,*,#1603,.T.);
#2443=ORIENTED_EDGE('',*,*,#1511,.F.);
#2444=ORIENTED_EDGE('',*,*,#1477,.T.);
#2445=ORIENTED_EDGE('',*,*,#1485,.T.);
#2446=ORIENTED_EDGE('',*,*,#1539,.F.);
#2447=ORIENTED_EDGE('',*,*,#1396,.F.);
#2448=ORIENTED_EDGE('',*,*,#1554,.F.);
#2449=ORIENTED_EDGE('',*,*,#1604,.F.);
#2450=ORIENTED_EDGE('',*,*,#1172,.T.);
#2451=ORIENTED_EDGE('',*,*,#1605,.T.);
#2452=ORIENTED_EDGE('',*,*,#1606,.T.);
#2453=ORIENTED_EDGE('',*,*,#1607,.T.);
#2454=ORIENTED_EDGE('',*,*,#1175,.T.);
#2455=ORIENTED_EDGE('',*,*,#1608,.T.);
#2456=ORIENTED_EDGE('',*,*,#1598,.T.);
#2457=ORIENTED_EDGE('',*,*,#1512,.T.);
#2458=ORIENTED_EDGE('',*,*,#1603,.F.);
#2459=ORIENTED_EDGE('',*,*,#1592,.F.);
#2460=ORIENTED_EDGE('',*,*,#1609,.F.);
#2461=ORIENTED_EDGE('',*,*,#1589,.F.);
#2462=ORIENTED_EDGE('',*,*,#1594,.F.);
#2463=ORIENTED_EDGE('',*,*,#1176,.T.);
#2464=ORIENTED_EDGE('',*,*,#1610,.T.);
#2465=ORIENTED_EDGE('',*,*,#1610,.F.);
#2466=ORIENTED_EDGE('',*,*,#1607,.F.);
#2467=ORIENTED_EDGE('',*,*,#1611,.T.);
#2468=ORIENTED_EDGE('',*,*,#1563,.T.);
#2469=ORIENTED_EDGE('',*,*,#1609,.T.);
#2470=ORIENTED_EDGE('',*,*,#1591,.T.);
#2471=ORIENTED_EDGE('',*,*,#1590,.T.);
#2472=ORIENTED_EDGE('',*,*,#1611,.F.);
#2473=ORIENTED_EDGE('',*,*,#1612,.T.);
#2474=ORIENTED_EDGE('',*,*,#1300,.T.);
#2475=ORIENTED_EDGE('',*,*,#1613,.T.);
#2476=ORIENTED_EDGE('',*,*,#1585,.F.);
#2477=ORIENTED_EDGE('',*,*,#1573,.T.);
#2478=ORIENTED_EDGE('',*,*,#1313,.T.);
#2479=ORIENTED_EDGE('',*,*,#1614,.T.);
#2480=ORIENTED_EDGE('',*,*,#1608,.F.);
#2481=ORIENTED_EDGE('',*,*,#1613,.F.);
#2482=ORIENTED_EDGE('',*,*,#1299,.F.);
#2483=ORIENTED_EDGE('',*,*,#1615,.F.);
#2484=ORIENTED_EDGE('',*,*,#1583,.F.);
#2485=ORIENTED_EDGE('',*,*,#1614,.F.);
#2486=ORIENTED_EDGE('',*,*,#1312,.F.);
#2487=ORIENTED_EDGE('',*,*,#1616,.T.);
#2488=ORIENTED_EDGE('',*,*,#1550,.T.);
#2489=ORIENTED_EDGE('',*,*,#1617,.T.);
#2490=ORIENTED_EDGE('',*,*,#1567,.F.);
#2491=ORIENTED_EDGE('',*,*,#1508,.T.);
#2492=ORIENTED_EDGE('',*,*,#1617,.F.);
#2493=ORIENTED_EDGE('',*,*,#1549,.F.);
#2494=ORIENTED_EDGE('',*,*,#1317,.F.);
#2495=ORIENTED_EDGE('',*,*,#1575,.F.);
#2496=ORIENTED_EDGE('',*,*,#1180,.T.);
#2497=ORIENTED_EDGE('',*,*,#1584,.F.);
#2498=ORIENTED_EDGE('',*,*,#1618,.T.);
#2499=ORIENTED_EDGE('',*,*,#1446,.T.);
#2500=ORIENTED_EDGE('',*,*,#1543,.T.);
#2501=ORIENTED_EDGE('',*,*,#1619,.T.);
#2502=ORIENTED_EDGE('',*,*,#1605,.F.);
#2503=ORIENTED_EDGE('',*,*,#1171,.T.);
#2504=ORIENTED_EDGE('',*,*,#1618,.F.);
#2505=ORIENTED_EDGE('',*,*,#1616,.F.);
#2506=ORIENTED_EDGE('',*,*,#1311,.F.);
#2507=ORIENTED_EDGE('',*,*,#1447,.F.);
#2508=ORIENTED_EDGE('',*,*,#1619,.F.);
#2509=ORIENTED_EDGE('',*,*,#1542,.F.);
#2510=ORIENTED_EDGE('',*,*,#1302,.F.);
#2511=ORIENTED_EDGE('',*,*,#1620,.F.);
#2512=ORIENTED_EDGE('',*,*,#1518,.T.);
#2513=ORIENTED_EDGE('',*,*,#1600,.F.);
#2514=ORIENTED_EDGE('',*,*,#1621,.T.);
#2515=ORIENTED_EDGE('',*,*,#1622,.T.);
#2516=ORIENTED_EDGE('',*,*,#1621,.F.);
#2517=ORIENTED_EDGE('',*,*,#1623,.F.);
#2518=ORIENTED_EDGE('',*,*,#1624,.F.);
#2519=ORIENTED_EDGE('',*,*,#1625,.F.);
#2520=ORIENTED_EDGE('',*,*,#1514,.T.);
#2521=ORIENTED_EDGE('',*,*,#1597,.F.);
#2522=ORIENTED_EDGE('',*,*,#1626,.T.);
#2523=ORIENTED_EDGE('',*,*,#1537,.T.);
#2524=ORIENTED_EDGE('',*,*,#1627,.T.);
#2525=ORIENTED_EDGE('',*,*,#1628,.T.);
#2526=ORIENTED_EDGE('',*,*,#1601,.F.);
#2527=ORIENTED_EDGE('',*,*,#1516,.T.);
#2528=ORIENTED_EDGE('',*,*,#1626,.F.);
#2529=ORIENTED_EDGE('',*,*,#1629,.F.);
#2530=ORIENTED_EDGE('',*,*,#1296,.F.);
#2531=ORIENTED_EDGE('',*,*,#1538,.F.);
#2532=ORIENTED_EDGE('',*,*,#1628,.F.);
#2533=ORIENTED_EDGE('',*,*,#1630,.F.);
#2534=ORIENTED_EDGE('',*,*,#1631,.F.);
#2535=ORIENTED_EDGE('',*,*,#1632,.F.);
#2536=ORIENTED_EDGE('',*,*,#1217,.T.);
#2537=ORIENTED_EDGE('',*,*,#1633,.T.);
#2538=ORIENTED_EDGE('',*,*,#1384,.F.);
#2539=ORIENTED_EDGE('',*,*,#1634,.T.);
#2540=ORIENTED_EDGE('',*,*,#1221,.T.);
#2541=ORIENTED_EDGE('',*,*,#1635,.T.);
#2542=ORIENTED_EDGE('',*,*,#1419,.F.);
#2543=ORIENTED_EDGE('',*,*,#1262,.T.);
#2544=ORIENTED_EDGE('',*,*,#1218,.T.);
#2545=ORIENTED_EDGE('',*,*,#1634,.F.);
#2546=ORIENTED_EDGE('',*,*,#1381,.F.);
#2547=ORIENTED_EDGE('',*,*,#1376,.F.);
#2548=ORIENTED_EDGE('',*,*,#1431,.F.);
#2549=ORIENTED_EDGE('',*,*,#1220,.T.);
#2550=ORIENTED_EDGE('',*,*,#1433,.F.);
#2551=ORIENTED_EDGE('',*,*,#1423,.F.);
#2552=ORIENTED_EDGE('',*,*,#1425,.F.);
#2553=ORIENTED_EDGE('',*,*,#1635,.F.);
#2554=ORIENTED_EDGE('',*,*,#1216,.T.);
#2555=ORIENTED_EDGE('',*,*,#1553,.F.);
#2556=ORIENTED_EDGE('',*,*,#1387,.F.);
#2557=ORIENTED_EDGE('',*,*,#1633,.F.);
#2558=ORIENTED_EDGE('',*,*,#1556,.T.);
#2559=ORIENTED_EDGE('',*,*,#1323,.T.);
#2560=ORIENTED_EDGE('',*,*,#1541,.T.);
#2561=ORIENTED_EDGE('',*,*,#1454,.T.);
#2562=ORIENTED_EDGE('',*,*,#1551,.F.);
#2563=ORIENTED_EDGE('',*,*,#1599,.F.);
#2564=ORIENTED_EDGE('',*,*,#1615,.T.);
#2565=ORIENTED_EDGE('',*,*,#1298,.T.);
#2566=ORIENTED_EDGE('',*,*,#1636,.T.);
#2567=ORIENTED_EDGE('',*,*,#1604,.T.);
#2568=ORIENTED_EDGE('',*,*,#1174,.F.);
#2569=ORIENTED_EDGE('',*,*,#1173,.F.);
#2570=ORIENTED_EDGE('',*,*,#1565,.T.);
#2571=ORIENTED_EDGE('',*,*,#1606,.F.);
#2572=ORIENTED_EDGE('',*,*,#1620,.T.);
#2573=ORIENTED_EDGE('',*,*,#1301,.F.);
#2574=ORIENTED_EDGE('',*,*,#1612,.F.);
#2575=ORIENTED_EDGE('',*,*,#1596,.F.);
#2576=ORIENTED_EDGE('',*,*,#1636,.F.);
#2577=ORIENTED_EDGE('',*,*,#1297,.F.);
#2578=ORIENTED_EDGE('',*,*,#1629,.T.);
#2579=ORIENTED_EDGE('',*,*,#1519,.F.);
#2580=ORIENTED_EDGE('',*,*,#1622,.F.);
#2581=ORIENTED_EDGE('',*,*,#1625,.T.);
#2582=ORIENTED_EDGE('',*,*,#1637,.T.);
#2583=ORIENTED_EDGE('',*,*,#1630,.T.);
#2584=ORIENTED_EDGE('',*,*,#1627,.F.);
#2585=ORIENTED_EDGE('',*,*,#1624,.T.);
#2586=ORIENTED_EDGE('',*,*,#1638,.T.);
#2587=ORIENTED_EDGE('',*,*,#1631,.T.);
#2588=ORIENTED_EDGE('',*,*,#1637,.F.);
#2589=ORIENTED_EDGE('',*,*,#1602,.F.);
#2590=ORIENTED_EDGE('',*,*,#1632,.T.);
#2591=ORIENTED_EDGE('',*,*,#1638,.F.);
#2592=ORIENTED_EDGE('',*,*,#1623,.T.);
#2593=EDGE_LOOP('',(#1639,#1640,#1641,#1642,#1643));
#2594=EDGE_LOOP('',(#1644,#1645,#1646,#1647,#1648,#1649,#1650,#1651,#1652,
#1653,#1654,#1655,#1656,#1657,#1658,#1659,#1660));
#2595=EDGE_LOOP('',(#1661,#1662,#1663,#1664,#1665,#1666,#1667,#1668));
#2596=EDGE_LOOP('',(#1669,#1670,#1671,#1672,#1673));
#2597=EDGE_LOOP('',(#1674));
#2598=EDGE_LOOP('',(#1675));
#2599=EDGE_LOOP('',(#1676));
#2600=EDGE_LOOP('',(#1677));
#2601=EDGE_LOOP('',(#1678));
#2602=EDGE_LOOP('',(#1679));
#2603=EDGE_LOOP('',(#1680));
#2604=EDGE_LOOP('',(#1681,#1682,#1683,#1684,#1685,#1686,#1687,#1688,#1689,
#1690,#1691,#1692,#1693,#1694,#1695,#1696,#1697,#1698,#1699,#1700,#1701,
#1702,#1703,#1704,#1705,#1706,#1707,#1708,#1709));
#2605=EDGE_LOOP('',(#1710,#1711,#1712,#1713));
#2606=EDGE_LOOP('',(#1714,#1715,#1716,#1717,#1718));
#2607=EDGE_LOOP('',(#1719,#1720,#1721,#1722,#1723,#1724));
#2608=EDGE_LOOP('',(#1725,#1726,#1727,#1728,#1729));
#2609=EDGE_LOOP('',(#1730,#1731,#1732,#1733));
#2610=EDGE_LOOP('',(#1734,#1735,#1736,#1737));
#2611=EDGE_LOOP('',(#1738,#1739,#1740,#1741));
#2612=EDGE_LOOP('',(#1742,#1743,#1744,#1745,#1746));
#2613=EDGE_LOOP('',(#1747,#1748,#1749,#1750,#1751,#1752,#1753));
#2614=EDGE_LOOP('',(#1754,#1755,#1756,#1757,#1758));
#2615=EDGE_LOOP('',(#1759,#1760,#1761,#1762,#1763));
#2616=EDGE_LOOP('',(#1764,#1765,#1766,#1767));
#2617=EDGE_LOOP('',(#1768,#1769,#1770,#1771));
#2618=EDGE_LOOP('',(#1772,#1773,#1774,#1775,#1776));
#2619=EDGE_LOOP('',(#1777,#1778));
#2620=EDGE_LOOP('',(#1779));
#2621=EDGE_LOOP('',(#1780,#1781,#1782,#1783,#1784,#1785));
#2622=EDGE_LOOP('',(#1786,#1787,#1788,#1789));
#2623=EDGE_LOOP('',(#1790));
#2624=EDGE_LOOP('',(#1791));
#2625=EDGE_LOOP('',(#1792));
#2626=EDGE_LOOP('',(#1793));
#2627=EDGE_LOOP('',(#1794,#1795,#1796,#1797));
#2628=EDGE_LOOP('',(#1798,#1799));
#2629=EDGE_LOOP('',(#1800));
#2630=EDGE_LOOP('',(#1801,#1802,#1803,#1804,#1805,#1806,#1807,#1808,#1809,
#1810,#1811,#1812,#1813,#1814,#1815,#1816));
#2631=EDGE_LOOP('',(#1817));
#2632=EDGE_LOOP('',(#1818));
#2633=EDGE_LOOP('',(#1819,#1820,#1821,#1822,#1823,#1824,#1825,#1826,#1827,
#1828,#1829,#1830,#1831,#1832,#1833));
#2634=EDGE_LOOP('',(#1834));
#2635=EDGE_LOOP('',(#1835));
#2636=EDGE_LOOP('',(#1836,#1837,#1838,#1839,#1840,#1841));
#2637=EDGE_LOOP('',(#1842,#1843,#1844,#1845,#1846,#1847));
#2638=EDGE_LOOP('',(#1848,#1849,#1850,#1851));
#2639=EDGE_LOOP('',(#1852,#1853,#1854,#1855));
#2640=EDGE_LOOP('',(#1856,#1857,#1858,#1859));
#2641=EDGE_LOOP('',(#1860,#1861,#1862,#1863));
#2642=EDGE_LOOP('',(#1864,#1865,#1866,#1867));
#2643=EDGE_LOOP('',(#1868,#1869,#1870,#1871,#1872,#1873));
#2644=EDGE_LOOP('',(#1874,#1875,#1876,#1877,#1878,#1879));
#2645=EDGE_LOOP('',(#1880,#1881,#1882,#1883));
#2646=EDGE_LOOP('',(#1884,#1885,#1886,#1887));
#2647=EDGE_LOOP('',(#1888,#1889,#1890,#1891));
#2648=EDGE_LOOP('',(#1892,#1893,#1894,#1895));
#2649=EDGE_LOOP('',(#1896,#1897,#1898,#1899));
#2650=EDGE_LOOP('',(#1900));
#2651=EDGE_LOOP('',(#1901));
#2652=EDGE_LOOP('',(#1902));
#2653=EDGE_LOOP('',(#1903));
#2654=EDGE_LOOP('',(#1904,#1905,#1906,#1907));
#2655=EDGE_LOOP('',(#1908,#1909,#1910,#1911));
#2656=EDGE_LOOP('',(#1912,#1913,#1914,#1915,#1916));
#2657=EDGE_LOOP('',(#1917));
#2658=EDGE_LOOP('',(#1918));
#2659=EDGE_LOOP('',(#1919));
#2660=EDGE_LOOP('',(#1920));
#2661=EDGE_LOOP('',(#1921,#1922,#1923,#1924));
#2662=EDGE_LOOP('',(#1925,#1926,#1927,#1928));
#2663=EDGE_LOOP('',(#1929,#1930,#1931,#1932,#1933,#1934));
#2664=EDGE_LOOP('',(#1935));
#2665=EDGE_LOOP('',(#1936,#1937,#1938,#1939,#1940,#1941));
#2666=EDGE_LOOP('',(#1942));
#2667=EDGE_LOOP('',(#1943,#1944,#1945,#1946));
#2668=EDGE_LOOP('',(#1947,#1948,#1949,#1950,#1951,#1952,#1953,#1954));
#2669=EDGE_LOOP('',(#1955,#1956,#1957,#1958,#1959,#1960));
#2670=EDGE_LOOP('',(#1961,#1962,#1963,#1964));
#2671=EDGE_LOOP('',(#1965,#1966,#1967,#1968));
#2672=EDGE_LOOP('',(#1969,#1970,#1971,#1972));
#2673=EDGE_LOOP('',(#1973,#1974,#1975,#1976));
#2674=EDGE_LOOP('',(#1977,#1978,#1979,#1980,#1981,#1982));
#2675=EDGE_LOOP('',(#1983,#1984,#1985,#1986));
#2676=EDGE_LOOP('',(#1987,#1988,#1989,#1990,#1991,#1992));
#2677=EDGE_LOOP('',(#1993,#1994,#1995,#1996));
#2678=EDGE_LOOP('',(#1997,#1998,#1999,#2000,#2001,#2002));
#2679=EDGE_LOOP('',(#2003,#2004,#2005,#2006,#2007,#2008,#2009,#2010,#2011));
#2680=EDGE_LOOP('',(#2012));
#2681=EDGE_LOOP('',(#2013,#2014,#2015));
#2682=EDGE_LOOP('',(#2016,#2017,#2018,#2019));
#2683=EDGE_LOOP('',(#2020,#2021,#2022,#2023));
#2684=EDGE_LOOP('',(#2024,#2025,#2026,#2027));
#2685=EDGE_LOOP('',(#2028,#2029,#2030,#2031));
#2686=EDGE_LOOP('',(#2032,#2033,#2034,#2035));
#2687=EDGE_LOOP('',(#2036,#2037,#2038,#2039));
#2688=EDGE_LOOP('',(#2040,#2041,#2042,#2043));
#2689=EDGE_LOOP('',(#2044));
#2690=EDGE_LOOP('',(#2045));
#2691=EDGE_LOOP('',(#2046,#2047,#2048,#2049));
#2692=EDGE_LOOP('',(#2050));
#2693=EDGE_LOOP('',(#2051));
#2694=EDGE_LOOP('',(#2052,#2053,#2054,#2055,#2056,#2057));
#2695=EDGE_LOOP('',(#2058));
#2696=EDGE_LOOP('',(#2059,#2060,#2061,#2062,#2063,#2064));
#2697=EDGE_LOOP('',(#2065,#2066,#2067,#2068,#2069,#2070));
#2698=EDGE_LOOP('',(#2071,#2072,#2073,#2074));
#2699=EDGE_LOOP('',(#2075,#2076,#2077,#2078));
#2700=EDGE_LOOP('',(#2079,#2080,#2081,#2082,#2083));
#2701=EDGE_LOOP('',(#2084,#2085,#2086,#2087,#2088));
#2702=EDGE_LOOP('',(#2089,#2090,#2091,#2092,#2093,#2094));
#2703=EDGE_LOOP('',(#2095,#2096,#2097,#2098));
#2704=EDGE_LOOP('',(#2099,#2100,#2101,#2102,#2103,#2104));
#2705=EDGE_LOOP('',(#2105,#2106,#2107,#2108));
#2706=EDGE_LOOP('',(#2109,#2110,#2111,#2112,#2113));
#2707=EDGE_LOOP('',(#2114,#2115,#2116,#2117));
#2708=EDGE_LOOP('',(#2118,#2119,#2120,#2121));
#2709=EDGE_LOOP('',(#2122,#2123,#2124,#2125,#2126));
#2710=EDGE_LOOP('',(#2127,#2128,#2129,#2130,#2131));
#2711=EDGE_LOOP('',(#2132,#2133,#2134,#2135,#2136,#2137,#2138));
#2712=EDGE_LOOP('',(#2139,#2140,#2141));
#2713=EDGE_LOOP('',(#2142,#2143,#2144,#2145));
#2714=EDGE_LOOP('',(#2146,#2147,#2148,#2149,#2150,#2151,#2152));
#2715=EDGE_LOOP('',(#2153,#2154,#2155,#2156,#2157));
#2716=EDGE_LOOP('',(#2158,#2159,#2160,#2161,#2162,#2163));
#2717=EDGE_LOOP('',(#2164,#2165,#2166,#2167,#2168,#2169));
#2718=EDGE_LOOP('',(#2170,#2171,#2172,#2173));
#2719=EDGE_LOOP('',(#2174,#2175,#2176,#2177,#2178,#2179,#2180));
#2720=EDGE_LOOP('',(#2181,#2182,#2183,#2184,#2185,#2186));
#2721=EDGE_LOOP('',(#2187,#2188,#2189,#2190));
#2722=EDGE_LOOP('',(#2191,#2192,#2193));
#2723=EDGE_LOOP('',(#2194,#2195,#2196,#2197));
#2724=EDGE_LOOP('',(#2198,#2199,#2200,#2201,#2202,#2203,#2204,#2205,#2206,
#2207,#2208,#2209,#2210));
#2725=EDGE_LOOP('',(#2211,#2212,#2213,#2214));
#2726=EDGE_LOOP('',(#2215,#2216,#2217,#2218,#2219,#2220,#2221));
#2727=EDGE_LOOP('',(#2222,#2223,#2224,#2225));
#2728=EDGE_LOOP('',(#2226,#2227,#2228));
#2729=EDGE_LOOP('',(#2229,#2230,#2231,#2232,#2233,#2234,#2235,#2236));
#2730=EDGE_LOOP('',(#2237,#2238,#2239,#2240));
#2731=EDGE_LOOP('',(#2241,#2242,#2243,#2244));
#2732=EDGE_LOOP('',(#2245,#2246,#2247,#2248,#2249,#2250,#2251,#2252));
#2733=EDGE_LOOP('',(#2253,#2254,#2255,#2256));
#2734=EDGE_LOOP('',(#2257,#2258,#2259,#2260,#2261,#2262));
#2735=EDGE_LOOP('',(#2263,#2264,#2265,#2266,#2267,#2268,#2269,#2270,#2271,
#2272));
#2736=EDGE_LOOP('',(#2273,#2274,#2275));
#2737=EDGE_LOOP('',(#2276,#2277,#2278,#2279,#2280,#2281,#2282));
#2738=EDGE_LOOP('',(#2283,#2284,#2285,#2286,#2287,#2288,#2289,#2290,#2291,
#2292,#2293,#2294,#2295,#2296));
#2739=EDGE_LOOP('',(#2297,#2298,#2299,#2300,#2301,#2302));
#2740=EDGE_LOOP('',(#2303,#2304,#2305,#2306));
#2741=EDGE_LOOP('',(#2307,#2308,#2309,#2310,#2311));
#2742=EDGE_LOOP('',(#2312,#2313,#2314));
#2743=EDGE_LOOP('',(#2315,#2316,#2317,#2318,#2319,#2320,#2321,#2322,#2323,
#2324,#2325,#2326,#2327));
#2744=EDGE_LOOP('',(#2328,#2329,#2330,#2331));
#2745=EDGE_LOOP('',(#2332,#2333,#2334,#2335,#2336,#2337,#2338,#2339,#2340,
#2341,#2342,#2343,#2344,#2345));
#2746=EDGE_LOOP('',(#2346,#2347,#2348,#2349,#2350,#2351));
#2747=EDGE_LOOP('',(#2352,#2353,#2354,#2355,#2356));
#2748=EDGE_LOOP('',(#2357));
#2749=EDGE_LOOP('',(#2358));
#2750=EDGE_LOOP('',(#2359));
#2751=EDGE_LOOP('',(#2360));
#2752=EDGE_LOOP('',(#2361));
#2753=EDGE_LOOP('',(#2362));
#2754=EDGE_LOOP('',(#2363));
#2755=EDGE_LOOP('',(#2364));
#2756=EDGE_LOOP('',(#2365));
#2757=EDGE_LOOP('',(#2366));
#2758=EDGE_LOOP('',(#2367));
#2759=EDGE_LOOP('',(#2368));
#2760=EDGE_LOOP('',(#2369));
#2761=EDGE_LOOP('',(#2370));
#2762=EDGE_LOOP('',(#2371));
#2763=EDGE_LOOP('',(#2372));
#2764=EDGE_LOOP('',(#2373));
#2765=EDGE_LOOP('',(#2374));
#2766=EDGE_LOOP('',(#2375,#2376,#2377,#2378));
#2767=EDGE_LOOP('',(#2379,#2380,#2381));
#2768=EDGE_LOOP('',(#2382,#2383,#2384,#2385));
#2769=EDGE_LOOP('',(#2386,#2387,#2388,#2389));
#2770=EDGE_LOOP('',(#2390,#2391,#2392,#2393));
#2771=EDGE_LOOP('',(#2394,#2395,#2396,#2397,#2398,#2399,#2400,#2401,#2402,
#2403));
#2772=EDGE_LOOP('',(#2404,#2405,#2406,#2407));
#2773=EDGE_LOOP('',(#2408,#2409,#2410));
#2774=EDGE_LOOP('',(#2411));
#2775=EDGE_LOOP('',(#2412,#2413,#2414));
#2776=EDGE_LOOP('',(#2415,#2416,#2417,#2418,#2419,#2420,#2421,#2422,#2423,
#2424));
#2777=EDGE_LOOP('',(#2425,#2426,#2427,#2428));
#2778=EDGE_LOOP('',(#2429,#2430,#2431,#2432));
#2779=EDGE_LOOP('',(#2433,#2434,#2435));
#2780=EDGE_LOOP('',(#2436,#2437,#2438,#2439));
#2781=EDGE_LOOP('',(#2440,#2441,#2442,#2443));
#2782=EDGE_LOOP('',(#2444,#2445,#2446,#2447,#2448));
#2783=EDGE_LOOP('',(#2449,#2450,#2451,#2452,#2453,#2454));
#2784=EDGE_LOOP('',(#2455,#2456,#2457,#2458,#2459,#2460,#2461,#2462,#2463,
#2464));
#2785=EDGE_LOOP('',(#2465,#2466,#2467));
#2786=EDGE_LOOP('',(#2468));
#2787=EDGE_LOOP('',(#2469,#2470,#2471));
#2788=EDGE_LOOP('',(#2472,#2473,#2474,#2475));
#2789=EDGE_LOOP('',(#2476,#2477,#2478,#2479));
#2790=EDGE_LOOP('',(#2480,#2481,#2482,#2483));
#2791=EDGE_LOOP('',(#2484,#2485,#2486,#2487));
#2792=EDGE_LOOP('',(#2488,#2489,#2490,#2491));
#2793=EDGE_LOOP('',(#2492,#2493,#2494,#2495));
#2794=EDGE_LOOP('',(#2496,#2497,#2498,#2499));
#2795=EDGE_LOOP('',(#2500,#2501,#2502,#2503));
#2796=EDGE_LOOP('',(#2504,#2505,#2506,#2507));
#2797=EDGE_LOOP('',(#2508,#2509,#2510,#2511));
#2798=EDGE_LOOP('',(#2512,#2513,#2514,#2515));
#2799=EDGE_LOOP('',(#2516,#2517,#2518,#2519));
#2800=EDGE_LOOP('',(#2520,#2521,#2522,#2523));
#2801=EDGE_LOOP('',(#2524,#2525,#2526,#2527));
#2802=EDGE_LOOP('',(#2528,#2529,#2530,#2531));
#2803=EDGE_LOOP('',(#2532,#2533,#2534,#2535));
#2804=EDGE_LOOP('',(#2536,#2537,#2538,#2539));
#2805=EDGE_LOOP('',(#2540,#2541,#2542,#2543));
#2806=EDGE_LOOP('',(#2544,#2545,#2546,#2547,#2548));
#2807=EDGE_LOOP('',(#2549,#2550,#2551,#2552,#2553));
#2808=EDGE_LOOP('',(#2554,#2555,#2556,#2557));
#2809=EDGE_LOOP('',(#2558,#2559,#2560,#2561,#2562));
#2810=EDGE_LOOP('',(#2563,#2564,#2565,#2566));
#2811=EDGE_LOOP('',(#2567,#2568,#2569));
#2812=EDGE_LOOP('',(#2570));
#2813=EDGE_LOOP('',(#2571,#2572,#2573,#2574));
#2814=EDGE_LOOP('',(#2575,#2576,#2577,#2578));
#2815=EDGE_LOOP('',(#2579,#2580,#2581,#2582,#2583,#2584));
#2816=EDGE_LOOP('',(#2585,#2586,#2587,#2588));
#2817=EDGE_LOOP('',(#2589,#2590,#2591,#2592));
#2818=FACE_BOUND('',#2593,.T.);
#2819=FACE_BOUND('',#2594,.T.);
#2820=FACE_BOUND('',#2595,.T.);
#2821=FACE_BOUND('',#2596,.T.);
#2822=FACE_BOUND('',#2597,.T.);
#2823=FACE_BOUND('',#2598,.T.);
#2824=FACE_BOUND('',#2599,.T.);
#2825=FACE_BOUND('',#2600,.T.);
#2826=FACE_BOUND('',#2601,.T.);
#2827=FACE_BOUND('',#2602,.T.);
#2828=FACE_BOUND('',#2603,.T.);
#2829=FACE_BOUND('',#2604,.T.);
#2830=FACE_BOUND('',#2605,.T.);
#2831=FACE_BOUND('',#2606,.T.);
#2832=FACE_BOUND('',#2607,.T.);
#2833=FACE_BOUND('',#2608,.T.);
#2834=FACE_BOUND('',#2609,.T.);
#2835=FACE_BOUND('',#2610,.T.);
#2836=FACE_BOUND('',#2611,.T.);
#2837=FACE_BOUND('',#2612,.T.);
#2838=FACE_BOUND('',#2613,.T.);
#2839=FACE_BOUND('',#2614,.T.);
#2840=FACE_BOUND('',#2615,.T.);
#2841=FACE_BOUND('',#2616,.T.);
#2842=FACE_BOUND('',#2617,.T.);
#2843=FACE_BOUND('',#2618,.T.);
#2844=FACE_BOUND('',#2619,.T.);
#2845=FACE_BOUND('',#2620,.T.);
#2846=FACE_BOUND('',#2621,.T.);
#2847=FACE_BOUND('',#2622,.T.);
#2848=FACE_BOUND('',#2623,.T.);
#2849=FACE_BOUND('',#2624,.T.);
#2850=FACE_BOUND('',#2625,.T.);
#2851=FACE_BOUND('',#2626,.T.);
#2852=FACE_BOUND('',#2627,.T.);
#2853=FACE_BOUND('',#2628,.T.);
#2854=FACE_BOUND('',#2629,.T.);
#2855=FACE_BOUND('',#2630,.T.);
#2856=FACE_BOUND('',#2631,.T.);
#2857=FACE_BOUND('',#2632,.T.);
#2858=FACE_BOUND('',#2633,.T.);
#2859=FACE_BOUND('',#2634,.T.);
#2860=FACE_BOUND('',#2635,.T.);
#2861=FACE_BOUND('',#2636,.T.);
#2862=FACE_BOUND('',#2637,.T.);
#2863=FACE_BOUND('',#2638,.T.);
#2864=FACE_BOUND('',#2639,.T.);
#2865=FACE_BOUND('',#2640,.T.);
#2866=FACE_BOUND('',#2641,.T.);
#2867=FACE_BOUND('',#2642,.T.);
#2868=FACE_BOUND('',#2643,.T.);
#2869=FACE_BOUND('',#2644,.T.);
#2870=FACE_BOUND('',#2645,.T.);
#2871=FACE_BOUND('',#2646,.T.);
#2872=FACE_BOUND('',#2647,.T.);
#2873=FACE_BOUND('',#2648,.T.);
#2874=FACE_BOUND('',#2649,.T.);
#2875=FACE_BOUND('',#2650,.T.);
#2876=FACE_BOUND('',#2651,.T.);
#2877=FACE_BOUND('',#2652,.T.);
#2878=FACE_BOUND('',#2653,.T.);
#2879=FACE_BOUND('',#2654,.T.);
#2880=FACE_BOUND('',#2655,.T.);
#2881=FACE_BOUND('',#2656,.T.);
#2882=FACE_BOUND('',#2657,.T.);
#2883=FACE_BOUND('',#2658,.T.);
#2884=FACE_BOUND('',#2659,.T.);
#2885=FACE_BOUND('',#2660,.T.);
#2886=FACE_BOUND('',#2661,.T.);
#2887=FACE_BOUND('',#2662,.T.);
#2888=FACE_BOUND('',#2663,.T.);
#2889=FACE_BOUND('',#2664,.T.);
#2890=FACE_BOUND('',#2665,.T.);
#2891=FACE_BOUND('',#2666,.T.);
#2892=FACE_BOUND('',#2667,.T.);
#2893=FACE_BOUND('',#2668,.T.);
#2894=FACE_BOUND('',#2669,.T.);
#2895=FACE_BOUND('',#2670,.T.);
#2896=FACE_BOUND('',#2671,.T.);
#2897=FACE_BOUND('',#2672,.T.);
#2898=FACE_BOUND('',#2673,.T.);
#2899=FACE_BOUND('',#2674,.T.);
#2900=FACE_BOUND('',#2675,.T.);
#2901=FACE_BOUND('',#2676,.T.);
#2902=FACE_BOUND('',#2677,.T.);
#2903=FACE_BOUND('',#2678,.T.);
#2904=FACE_BOUND('',#2679,.T.);
#2905=FACE_BOUND('',#2680,.T.);
#2906=FACE_BOUND('',#2681,.T.);
#2907=FACE_BOUND('',#2682,.T.);
#2908=FACE_BOUND('',#2683,.T.);
#2909=FACE_BOUND('',#2684,.T.);
#2910=FACE_BOUND('',#2685,.T.);
#2911=FACE_BOUND('',#2686,.T.);
#2912=FACE_BOUND('',#2687,.T.);
#2913=FACE_BOUND('',#2688,.T.);
#2914=FACE_BOUND('',#2689,.T.);
#2915=FACE_BOUND('',#2690,.T.);
#2916=FACE_BOUND('',#2691,.T.);
#2917=FACE_BOUND('',#2692,.T.);
#2918=FACE_BOUND('',#2693,.T.);
#2919=FACE_BOUND('',#2694,.T.);
#2920=FACE_BOUND('',#2695,.T.);
#2921=FACE_BOUND('',#2696,.T.);
#2922=FACE_BOUND('',#2697,.T.);
#2923=FACE_BOUND('',#2698,.T.);
#2924=FACE_BOUND('',#2699,.T.);
#2925=FACE_BOUND('',#2700,.T.);
#2926=FACE_BOUND('',#2701,.T.);
#2927=FACE_BOUND('',#2702,.T.);
#2928=FACE_BOUND('',#2703,.T.);
#2929=FACE_BOUND('',#2704,.T.);
#2930=FACE_BOUND('',#2705,.T.);
#2931=FACE_BOUND('',#2706,.T.);
#2932=FACE_BOUND('',#2707,.T.);
#2933=FACE_BOUND('',#2708,.T.);
#2934=FACE_BOUND('',#2709,.T.);
#2935=FACE_BOUND('',#2710,.T.);
#2936=FACE_BOUND('',#2711,.T.);
#2937=FACE_BOUND('',#2712,.T.);
#2938=FACE_BOUND('',#2713,.T.);
#2939=FACE_BOUND('',#2714,.T.);
#2940=FACE_BOUND('',#2715,.T.);
#2941=FACE_BOUND('',#2716,.T.);
#2942=FACE_BOUND('',#2717,.T.);
#2943=FACE_BOUND('',#2718,.T.);
#2944=FACE_BOUND('',#2719,.T.);
#2945=FACE_BOUND('',#2720,.T.);
#2946=FACE_BOUND('',#2721,.T.);
#2947=FACE_BOUND('',#2722,.T.);
#2948=FACE_BOUND('',#2723,.T.);
#2949=FACE_BOUND('',#2724,.T.);
#2950=FACE_BOUND('',#2725,.T.);
#2951=FACE_BOUND('',#2726,.T.);
#2952=FACE_BOUND('',#2727,.T.);
#2953=FACE_BOUND('',#2728,.T.);
#2954=FACE_BOUND('',#2729,.T.);
#2955=FACE_BOUND('',#2730,.T.);
#2956=FACE_BOUND('',#2731,.T.);
#2957=FACE_BOUND('',#2732,.T.);
#2958=FACE_BOUND('',#2733,.T.);
#2959=FACE_BOUND('',#2734,.T.);
#2960=FACE_BOUND('',#2735,.T.);
#2961=FACE_BOUND('',#2736,.T.);
#2962=FACE_BOUND('',#2737,.T.);
#2963=FACE_BOUND('',#2738,.T.);
#2964=FACE_BOUND('',#2739,.T.);
#2965=FACE_BOUND('',#2740,.T.);
#2966=FACE_BOUND('',#2741,.T.);
#2967=FACE_BOUND('',#2742,.T.);
#2968=FACE_BOUND('',#2743,.T.);
#2969=FACE_BOUND('',#2744,.T.);
#2970=FACE_BOUND('',#2745,.T.);
#2971=FACE_BOUND('',#2746,.T.);
#2972=FACE_BOUND('',#2747,.T.);
#2973=FACE_BOUND('',#2748,.T.);
#2974=FACE_BOUND('',#2749,.T.);
#2975=FACE_BOUND('',#2750,.T.);
#2976=FACE_BOUND('',#2751,.T.);
#2977=FACE_BOUND('',#2752,.T.);
#2978=FACE_BOUND('',#2753,.T.);
#2979=FACE_BOUND('',#2754,.T.);
#2980=FACE_BOUND('',#2755,.T.);
#2981=FACE_BOUND('',#2756,.T.);
#2982=FACE_BOUND('',#2757,.T.);
#2983=FACE_BOUND('',#2758,.T.);
#2984=FACE_BOUND('',#2759,.T.);
#2985=FACE_BOUND('',#2760,.T.);
#2986=FACE_BOUND('',#2761,.T.);
#2987=FACE_BOUND('',#2762,.T.);
#2988=FACE_BOUND('',#2763,.T.);
#2989=FACE_BOUND('',#2764,.T.);
#2990=FACE_BOUND('',#2765,.T.);
#2991=FACE_BOUND('',#2766,.T.);
#2992=FACE_BOUND('',#2767,.T.);
#2993=FACE_BOUND('',#2768,.T.);
#2994=FACE_BOUND('',#2769,.T.);
#2995=FACE_BOUND('',#2770,.T.);
#2996=FACE_BOUND('',#2771,.T.);
#2997=FACE_BOUND('',#2772,.T.);
#2998=FACE_BOUND('',#2773,.T.);
#2999=FACE_BOUND('',#2774,.T.);
#3000=FACE_BOUND('',#2775,.T.);
#3001=FACE_BOUND('',#2776,.T.);
#3002=FACE_BOUND('',#2777,.T.);
#3003=FACE_BOUND('',#2778,.T.);
#3004=FACE_BOUND('',#2779,.T.);
#3005=FACE_BOUND('',#2780,.T.);
#3006=FACE_BOUND('',#2781,.T.);
#3007=FACE_BOUND('',#2782,.T.);
#3008=FACE_BOUND('',#2783,.T.);
#3009=FACE_BOUND('',#2784,.T.);
#3010=FACE_BOUND('',#2785,.T.);
#3011=FACE_BOUND('',#2786,.T.);
#3012=FACE_BOUND('',#2787,.T.);
#3013=FACE_BOUND('',#2788,.T.);
#3014=FACE_BOUND('',#2789,.T.);
#3015=FACE_BOUND('',#2790,.T.);
#3016=FACE_BOUND('',#2791,.T.);
#3017=FACE_BOUND('',#2792,.T.);
#3018=FACE_BOUND('',#2793,.T.);
#3019=FACE_BOUND('',#2794,.T.);
#3020=FACE_BOUND('',#2795,.T.);
#3021=FACE_BOUND('',#2796,.T.);
#3022=FACE_BOUND('',#2797,.T.);
#3023=FACE_BOUND('',#2798,.T.);
#3024=FACE_BOUND('',#2799,.T.);
#3025=FACE_BOUND('',#2800,.T.);
#3026=FACE_BOUND('',#2801,.T.);
#3027=FACE_BOUND('',#2802,.T.);
#3028=FACE_BOUND('',#2803,.T.);
#3029=FACE_BOUND('',#2804,.T.);
#3030=FACE_BOUND('',#2805,.T.);
#3031=FACE_BOUND('',#2806,.T.);
#3032=FACE_BOUND('',#2807,.T.);
#3033=FACE_BOUND('',#2808,.T.);
#3034=FACE_BOUND('',#2809,.T.);
#3035=FACE_BOUND('',#2810,.T.);
#3036=FACE_BOUND('',#2811,.T.);
#3037=FACE_BOUND('',#2812,.T.);
#3038=FACE_BOUND('',#2813,.T.);
#3039=FACE_BOUND('',#2814,.T.);
#3040=FACE_BOUND('',#2815,.T.);
#3041=FACE_BOUND('',#2816,.T.);
#3042=FACE_BOUND('',#2817,.T.);
#3043=ADVANCED_FACE('',(#2818),#8398,.T.);
#3044=ADVANCED_FACE('',(#2819),#222,.F.);
#3045=ADVANCED_FACE('',(#2820),#223,.T.);
#3046=ADVANCED_FACE('',(#2821),#224,.T.);
#3047=ADVANCED_FACE('',(#2822,#2823,#2824,#2825,#2826,#2827,#2828,#2829),
#225,.T.);
#3048=ADVANCED_FACE('',(#2830),#8399,.T.);
#3049=ADVANCED_FACE('',(#2831),#226,.T.);
#3050=ADVANCED_FACE('',(#2832),#224,.T.);
#3051=ADVANCED_FACE('',(#2833),#227,.T.);
#3052=ADVANCED_FACE('',(#2834),#8400,.T.);
#3053=ADVANCED_FACE('',(#2835),#228,.F.);
#3054=ADVANCED_FACE('',(#2836),#8401,.T.);
#3055=ADVANCED_FACE('',(#2837),#229,.T.);
#3056=ADVANCED_FACE('',(#2838),#224,.T.);
#3057=ADVANCED_FACE('',(#2839),#230,.T.);
#3058=ADVANCED_FACE('',(#2840),#229,.T.);
#3059=ADVANCED_FACE('',(#2841),#8402,.T.);
#3060=ADVANCED_FACE('',(#2842),#231,.T.);
#3061=ADVANCED_FACE('',(#2843),#232,.F.);
#3062=ADVANCED_FACE('',(#2844,#2845),#8403,.F.);
#3063=ADVANCED_FACE('',(#2846),#233,.F.);
#3064=ADVANCED_FACE('',(#2847,#2848),#8404,.F.);
#3065=ADVANCED_FACE('',(#2849,#2850),#8405,.F.);
#3066=ADVANCED_FACE('',(#2851),#234,.F.);
#3067=ADVANCED_FACE('',(#2852),#235,.F.);
#3068=ADVANCED_FACE('',(#2853,#2854),#8406,.F.);
#3069=ADVANCED_FACE('',(#2855,#2856,#2857),#236,.F.);
#3070=ADVANCED_FACE('',(#2858,#2859,#2860),#236,.F.);
#3071=ADVANCED_FACE('',(#2861),#126,.T.);
#3072=ADVANCED_FACE('',(#2862),#127,.T.);
#3073=ADVANCED_FACE('',(#2863),#8407,.T.);
#3074=ADVANCED_FACE('',(#2864),#128,.T.);
#3075=ADVANCED_FACE('',(#2865),#8408,.T.);
#3076=ADVANCED_FACE('',(#2866),#129,.T.);
#3077=ADVANCED_FACE('',(#2867),#8409,.T.);
#3078=ADVANCED_FACE('',(#2868),#130,.T.);
#3079=ADVANCED_FACE('',(#2869),#131,.T.);
#3080=ADVANCED_FACE('',(#2870),#8410,.T.);
#3081=ADVANCED_FACE('',(#2871),#132,.T.);
#3082=ADVANCED_FACE('',(#2872),#8411,.T.);
#3083=ADVANCED_FACE('',(#2873),#133,.T.);
#3084=ADVANCED_FACE('',(#2874),#8412,.T.);
#3085=ADVANCED_FACE('',(#2875,#2876),#134,.T.);
#3086=ADVANCED_FACE('',(#2877,#2878),#135,.T.);
#3087=ADVANCED_FACE('',(#2879),#237,.F.);
#3088=ADVANCED_FACE('',(#2880),#8413,.T.);
#3089=ADVANCED_FACE('',(#2881),#238,.T.);
#3090=ADVANCED_FACE('',(#2882,#2883),#8414,.F.);
#3091=ADVANCED_FACE('',(#2884,#2885),#8415,.F.);
#3092=ADVANCED_FACE('',(#2886),#8416,.F.);
#3093=ADVANCED_FACE('',(#2887),#8417,.F.);
#3094=ADVANCED_FACE('',(#2888,#2889),#239,.T.);
#3095=ADVANCED_FACE('',(#2890,#2891),#240,.T.);
#3096=ADVANCED_FACE('',(#2892),#241,.T.);
#3097=ADVANCED_FACE('',(#2893),#241,.T.);
#3098=ADVANCED_FACE('',(#2894),#136,.T.);
#3099=ADVANCED_FACE('',(#2895),#8418,.T.);
#3100=ADVANCED_FACE('',(#2896),#137,.T.);
#3101=ADVANCED_FACE('',(#2897),#8419,.T.);
#3102=ADVANCED_FACE('',(#2898),#138,.T.);
#3103=ADVANCED_FACE('',(#2899),#139,.T.);
#3104=ADVANCED_FACE('',(#2900),#8420,.T.);
#3105=ADVANCED_FACE('',(#2901),#140,.T.);
#3106=ADVANCED_FACE('',(#2902),#117,.F.);
#3107=ADVANCED_FACE('',(#2903),#8421,.F.);
#3108=ADVANCED_FACE('',(#2904),#239,.T.);
#3109=ADVANCED_FACE('',(#2905,#2906),#8422,.F.);
#3110=ADVANCED_FACE('',(#2907),#141,.T.);
#3111=ADVANCED_FACE('',(#2908),#8423,.T.);
#3112=ADVANCED_FACE('',(#2909),#142,.T.);
#3113=ADVANCED_FACE('',(#2910),#143,.T.);
#3114=ADVANCED_FACE('',(#2911),#144,.T.);
#3115=ADVANCED_FACE('',(#2912),#8424,.T.);
#3116=ADVANCED_FACE('',(#2913),#8425,.T.);
#3117=ADVANCED_FACE('',(#2914,#2915),#145,.T.);
#3118=ADVANCED_FACE('',(#2916),#8426,.F.);
#3119=ADVANCED_FACE('',(#2917,#2918),#8427,.F.);
#3120=ADVANCED_FACE('',(#2919,#2920),#240,.T.);
#3121=ADVANCED_FACE('',(#2921),#230,.T.);
#3122=ADVANCED_FACE('',(#2922),#118,.T.);
#3123=ADVANCED_FACE('',(#2923),#8428,.F.);
#3124=ADVANCED_FACE('',(#2924),#8429,.F.);
#3125=ADVANCED_FACE('',(#2925),#242,.F.);
#3126=ADVANCED_FACE('',(#2926),#146,.T.);
#3127=ADVANCED_FACE('',(#2927),#243,.T.);
#3128=ADVANCED_FACE('',(#2928),#8430,.T.);
#3129=ADVANCED_FACE('',(#2929),#119,.T.);
#3130=ADVANCED_FACE('',(#2930),#8431,.F.);
#3131=ADVANCED_FACE('',(#2931),#120,.T.);
#3132=ADVANCED_FACE('',(#2932),#8432,.F.);
#3133=ADVANCED_FACE('',(#2933),#244,.F.);
#3134=ADVANCED_FACE('',(#2934),#147,.T.);
#3135=ADVANCED_FACE('',(#2935),#8433,.T.);
#3136=ADVANCED_FACE('',(#2936),#121,.T.);
#3137=ADVANCED_FACE('',(#2937),#8434,.T.);
#3138=ADVANCED_FACE('',(#2938),#8435,.F.);
#3139=ADVANCED_FACE('',(#2939),#122,.T.);
#3140=ADVANCED_FACE('',(#2940),#8436,.F.);
#3141=ADVANCED_FACE('',(#2941),#245,.T.);
#3142=ADVANCED_FACE('',(#2942),#246,.T.);
#3143=ADVANCED_FACE('',(#2943),#8437,.F.);
#3144=ADVANCED_FACE('',(#2944),#247,.F.);
#3145=ADVANCED_FACE('',(#2945),#148,.T.);
#3146=ADVANCED_FACE('',(#2946),#8434,.T.);
#3147=ADVANCED_FACE('',(#2947),#8438,.T.);
#3148=ADVANCED_FACE('',(#2948),#8439,.F.);
#3149=ADVANCED_FACE('',(#2949,#2950),#248,.F.);
#3150=ADVANCED_FACE('',(#2951),#123,.T.);
#3151=ADVANCED_FACE('',(#2952),#8440,.F.);
#3152=ADVANCED_FACE('',(#2953),#8441,.T.);
#3153=ADVANCED_FACE('',(#2954),#124,.T.);
#3154=ADVANCED_FACE('',(#2955),#8442,.F.);
#3155=ADVANCED_FACE('',(#2956),#149,.T.);
#3156=ADVANCED_FACE('',(#2957),#249,.F.);
#3157=ADVANCED_FACE('',(#2958),#8441,.T.);
#3158=ADVANCED_FACE('',(#2959),#250,.T.);
#3159=ADVANCED_FACE('',(#2960),#251,.T.);
#3160=ADVANCED_FACE('',(#2961),#8443,.F.);
#3161=ADVANCED_FACE('',(#2962),#252,.T.);
#3162=ADVANCED_FACE('',(#2963),#253,.T.);
#3163=ADVANCED_FACE('',(#2964),#254,.T.);
#3164=ADVANCED_FACE('',(#2965),#125,.F.);
#3165=ADVANCED_FACE('',(#2966),#8444,.F.);
#3166=ADVANCED_FACE('',(#2967),#8445,.F.);
#3167=ADVANCED_FACE('',(#2968),#255,.T.);
#3168=ADVANCED_FACE('',(#2969),#8446,.T.);
#3169=ADVANCED_FACE('',(#2970),#256,.T.);
#3170=ADVANCED_FACE('',(#2971),#257,.T.);
#3171=ADVANCED_FACE('',(#2972),#238,.T.);
#3172=ADVANCED_FACE('',(#2973,#2974),#8447,.F.);
#3173=ADVANCED_FACE('',(#2975,#2976),#150,.T.);
#3174=ADVANCED_FACE('',(#2977,#2978),#151,.T.);
#3175=ADVANCED_FACE('',(#2979,#2980),#152,.T.);
#3176=ADVANCED_FACE('',(#2981,#2982),#8448,.F.);
#3177=ADVANCED_FACE('',(#2983,#2984),#258,.F.);
#3178=ADVANCED_FACE('',(#2985,#2986),#8449,.F.);
#3179=ADVANCED_FACE('',(#2987,#2988),#259,.F.);
#3180=ADVANCED_FACE('',(#2989,#2990),#260,.F.);
#3181=ADVANCED_FACE('',(#2991),#8450,.F.);
#3182=ADVANCED_FACE('',(#2992),#104,.F.);
#3183=ADVANCED_FACE('',(#2993),#261,.T.);
#3184=ADVANCED_FACE('',(#2994),#8451,.F.);
#3185=ADVANCED_FACE('',(#2995),#262,.T.);
#3186=ADVANCED_FACE('',(#2996),#8452,.F.);
#3187=ADVANCED_FACE('',(#2997),#8453,.F.);
#3188=ADVANCED_FACE('',(#2998),#105,.F.);
#3189=ADVANCED_FACE('',(#2999,#3000),#8454,.T.);
#3190=ADVANCED_FACE('',(#3001),#263,.T.);
#3191=ADVANCED_FACE('',(#3002),#226,.T.);
#3192=ADVANCED_FACE('',(#3003),#8455,.F.);
#3193=ADVANCED_FACE('',(#3004),#106,.F.);
#3194=ADVANCED_FACE('',(#3005),#8456,.F.);
#3195=ADVANCED_FACE('',(#3006),#264,.T.);
#3196=ADVANCED_FACE('',(#3007),#265,.F.);
#3197=ADVANCED_FACE('',(#3008),#8457,.F.);
#3198=ADVANCED_FACE('',(#3009),#8458,.F.);
#3199=ADVANCED_FACE('',(#3010),#107,.F.);
#3200=ADVANCED_FACE('',(#3011,#3012),#8459,.T.);
#3201=ADVANCED_FACE('',(#3013),#8460,.F.);
#3202=ADVANCED_FACE('',(#3014),#8461,.F.);
#3203=ADVANCED_FACE('',(#3015),#266,.T.);
#3204=ADVANCED_FACE('',(#3016),#267,.T.);
#3205=ADVANCED_FACE('',(#3017),#8462,.F.);
#3206=ADVANCED_FACE('',(#3018),#268,.F.);
#3207=ADVANCED_FACE('',(#3019),#8463,.F.);
#3208=ADVANCED_FACE('',(#3020),#8464,.F.);
#3209=ADVANCED_FACE('',(#3021),#269,.F.);
#3210=ADVANCED_FACE('',(#3022),#270,.F.);
#3211=ADVANCED_FACE('',(#3023),#8465,.F.);
#3212=ADVANCED_FACE('',(#3024),#271,.F.);
#3213=ADVANCED_FACE('',(#3025),#8466,.F.);
#3214=ADVANCED_FACE('',(#3026),#8467,.F.);
#3215=ADVANCED_FACE('',(#3027),#272,.F.);
#3216=ADVANCED_FACE('',(#3028),#273,.F.);
#3217=ADVANCED_FACE('',(#3029),#8468,.T.);
#3218=ADVANCED_FACE('',(#3030),#8469,.T.);
#3219=ADVANCED_FACE('',(#3031),#226,.T.);
#3220=ADVANCED_FACE('',(#3032),#227,.T.);
#3221=ADVANCED_FACE('',(#3033),#274,.T.);
#3222=ADVANCED_FACE('',(#3034),#275,.T.);
#3223=ADVANCED_FACE('',(#3035),#8470,.F.);
#3224=ADVANCED_FACE('',(#3036,#3037),#8471,.T.);
#3225=ADVANCED_FACE('',(#3038),#267,.T.);
#3226=ADVANCED_FACE('',(#3039),#262,.T.);
#3227=ADVANCED_FACE('',(#3040),#255,.T.);
#3228=ADVANCED_FACE('',(#3041),#236,.F.);
#3229=ADVANCED_FACE('',(#3042),#262,.T.);
#3230=AXIS2_PLACEMENT_3D('',#4367,#3568,#3569);
#3231=AXIS2_PLACEMENT_3D('',#4368,#3570,#3571);
#3232=AXIS2_PLACEMENT_3D('',#4373,#3573,#3574);
#3233=AXIS2_PLACEMENT_3D('',#4375,#3575,#3576);
#3234=AXIS2_PLACEMENT_3D('',#4378,#3578,$);
#3235=AXIS2_PLACEMENT_3D('',#4381,#3580,#3581);
#3236=AXIS2_PLACEMENT_3D('',#4412,#3585,#3586);
#3237=AXIS2_PLACEMENT_3D('',#4447,#3594,$);
#3238=AXIS2_PLACEMENT_3D('',#4510,#3598,$);
#3239=AXIS2_PLACEMENT_3D('',#4547,#3602,$);
#3240=AXIS2_PLACEMENT_3D('',#4548,#3603,#3604);
#3241=AXIS2_PLACEMENT_3D('',#4550,#3605,#3606);
#3242=AXIS2_PLACEMENT_3D('',#4552,#3607,#3608);
#3243=AXIS2_PLACEMENT_3D('',#4554,#3609,#3610);
#3244=AXIS2_PLACEMENT_3D('',#4556,#3611,#3612);
#3245=AXIS2_PLACEMENT_3D('',#4558,#3613,#3614);
#3246=AXIS2_PLACEMENT_3D('',#4560,#3615,#3616);
#3247=AXIS2_PLACEMENT_3D('',#4564,#3618,#3619);
#3248=AXIS2_PLACEMENT_3D('',#4568,#3621,#3622);
#3249=AXIS2_PLACEMENT_3D('',#4576,#3626,#3627);
#3250=AXIS2_PLACEMENT_3D('',#4580,#3629,#3630);
#3251=AXIS2_PLACEMENT_3D('',#4592,#3636,#3637);
#3252=AXIS2_PLACEMENT_3D('',#4596,#3639,#3640);
#3253=AXIS2_PLACEMENT_3D('',#4604,#3644,#3645);
#3254=AXIS2_PLACEMENT_3D('',#4608,#3647,#3648);
#3255=AXIS2_PLACEMENT_3D('',#4613,#3651,#3652);
#3256=AXIS2_PLACEMENT_3D('',#4616,#3654,#3655);
#3257=AXIS2_PLACEMENT_3D('',#4619,#3657,$);
#3258=AXIS2_PLACEMENT_3D('',#4622,#3659,#3660);
#3259=AXIS2_PLACEMENT_3D('',#4758,#3664,$);
#3260=AXIS2_PLACEMENT_3D('',#4763,#3667,#3668);
#3261=AXIS2_PLACEMENT_3D('',#4764,#3669,#3670);
#3262=AXIS2_PLACEMENT_3D('',#4767,#3672,#3673);
#3263=AXIS2_PLACEMENT_3D('',#4768,#3674,$);
#3264=AXIS2_PLACEMENT_3D('',#4772,#3677,#3678);
#3265=AXIS2_PLACEMENT_3D('',#4775,#3680,#3681);
#3266=AXIS2_PLACEMENT_3D('',#4776,#3682,$);
#3267=AXIS2_PLACEMENT_3D('',#4777,#3683,#3684);
#3268=AXIS2_PLACEMENT_3D('',#4832,#3688,#3689);
#3269=AXIS2_PLACEMENT_3D('',#4835,#3691,$);
#3270=AXIS2_PLACEMENT_3D('',#4878,#3696,#3697);
#3271=AXIS2_PLACEMENT_3D('',#4879,#3698,#3699);
#3272=AXIS2_PLACEMENT_3D('',#4882,#3701,#3702);
#3273=AXIS2_PLACEMENT_3D('',#4883,#3703,$);
#3274=AXIS2_PLACEMENT_3D('',#4887,#3706,$);
#3275=AXIS2_PLACEMENT_3D('',#4888,#3707,#3708);
#3276=AXIS2_PLACEMENT_3D('',#4895,#3712,#3713);
#3277=AXIS2_PLACEMENT_3D('',#4896,#3714,#3715);
#3278=AXIS2_PLACEMENT_3D('',#4897,#3716,#3717);
#3279=AXIS2_PLACEMENT_3D('',#4899,#3718,$);
#3280=AXIS2_PLACEMENT_3D('',#4903,#3720,#3721);
#3281=AXIS2_PLACEMENT_3D('',#4911,#3725,#3726);
#3282=AXIS2_PLACEMENT_3D('',#4912,#3727,#3728);
#3283=AXIS2_PLACEMENT_3D('',#4913,#3729,#3730);
#3284=AXIS2_PLACEMENT_3D('',#4914,#3731,#3732);
#3285=AXIS2_PLACEMENT_3D('',#4916,#3733,#3734);
#3286=AXIS2_PLACEMENT_3D('',#4917,#3735,#3736);
#3287=AXIS2_PLACEMENT_3D('',#4919,#3737,#3738);
#3288=AXIS2_PLACEMENT_3D('',#4921,#3739,$);
#3289=AXIS2_PLACEMENT_3D('',#4922,#3740,$);
#3290=AXIS2_PLACEMENT_3D('',#4926,#3742,#3743);
#3291=AXIS2_PLACEMENT_3D('',#4931,#3746,#3747);
#3292=AXIS2_PLACEMENT_3D('',#4932,#3748,#3749);
#3293=AXIS2_PLACEMENT_3D('',#4933,#3750,#3751);
#3294=AXIS2_PLACEMENT_3D('',#4935,#3752,$);
#3295=AXIS2_PLACEMENT_3D('',#4939,#3754,#3755);
#3296=AXIS2_PLACEMENT_3D('',#4941,#3756,#3757);
#3297=AXIS2_PLACEMENT_3D('',#4943,#3758,#3759);
#3298=AXIS2_PLACEMENT_3D('',#4947,#3761,#3762);
#3299=AXIS2_PLACEMENT_3D('',#4949,#3763,#3764);
#3300=AXIS2_PLACEMENT_3D('',#4951,#3765,#3766);
#3301=AXIS2_PLACEMENT_3D('',#4959,#3770,#3771);
#3302=AXIS2_PLACEMENT_3D('',#4963,#3773,#3774);
#3303=AXIS2_PLACEMENT_3D('',#4970,#3777,#3778);
#3304=AXIS2_PLACEMENT_3D('',#4972,#3779,#3780);
#3305=AXIS2_PLACEMENT_3D('',#4976,#3782,#3783);
#3306=AXIS2_PLACEMENT_3D('',#4978,#3784,#3785);
#3307=AXIS2_PLACEMENT_3D('',#4980,#3786,#3787);
#3308=AXIS2_PLACEMENT_3D('',#4986,#3789,#3790);
#3309=AXIS2_PLACEMENT_3D('',#4990,#3792,#3793);
#3310=AXIS2_PLACEMENT_3D('',#4994,#3795,$);
#3311=AXIS2_PLACEMENT_3D('',#5027,#3796,#3797);
#3312=AXIS2_PLACEMENT_3D('',#5029,#3798,#3799);
#3313=AXIS2_PLACEMENT_3D('',#5120,#3800,$);
#3314=AXIS2_PLACEMENT_3D('',#5343,#3801,#3802);
#3315=AXIS2_PLACEMENT_3D('',#5345,#3803,#3804);
#3316=AXIS2_PLACEMENT_3D('',#5347,#3805,#3806);
#3317=AXIS2_PLACEMENT_3D('',#5348,#3807,#3808);
#3318=AXIS2_PLACEMENT_3D('',#5349,#3809,#3810);
#3319=AXIS2_PLACEMENT_3D('',#5354,#3813,$);
#3320=AXIS2_PLACEMENT_3D('',#5355,#3814,#3815);
#3321=AXIS2_PLACEMENT_3D('',#5358,#3816,#3817);
#3322=AXIS2_PLACEMENT_3D('',#5359,#3818,#3819);
#3323=AXIS2_PLACEMENT_3D('',#5360,#3820,#3821);
#3324=AXIS2_PLACEMENT_3D('',#5361,#3822,#3823);
#3325=AXIS2_PLACEMENT_3D('',#5365,#3826,$);
#3326=AXIS2_PLACEMENT_3D('',#5366,#3827,#3828);
#3327=AXIS2_PLACEMENT_3D('',#5368,#3829,#3830);
#3328=AXIS2_PLACEMENT_3D('',#5369,#3831,#3832);
#3329=AXIS2_PLACEMENT_3D('',#5371,#3834,$);
#3330=AXIS2_PLACEMENT_3D('',#5414,#3835,#3836);
#3331=AXIS2_PLACEMENT_3D('',#5416,#3837,#3838);
#3332=AXIS2_PLACEMENT_3D('',#5455,#3839,$);
#3333=AXIS2_PLACEMENT_3D('',#5534,#3840,#3841);
#3334=AXIS2_PLACEMENT_3D('',#5536,#3842,#3843);
#3335=AXIS2_PLACEMENT_3D('',#5537,#3844,#3845);
#3336=AXIS2_PLACEMENT_3D('',#5538,#3846,#3847);
#3337=AXIS2_PLACEMENT_3D('',#5541,#3849,$);
#3338=AXIS2_PLACEMENT_3D('',#5542,#3850,#3851);
#3339=AXIS2_PLACEMENT_3D('',#5544,#3852,#3853);
#3340=AXIS2_PLACEMENT_3D('',#5545,#3854,#3855);
#3341=AXIS2_PLACEMENT_3D('',#5546,#3856,#3857);
#3342=AXIS2_PLACEMENT_3D('',#5549,#3859,$);
#3343=AXIS2_PLACEMENT_3D('',#5550,#3860,#3861);
#3344=AXIS2_PLACEMENT_3D('',#5552,#3862,#3863);
#3345=AXIS2_PLACEMENT_3D('',#5553,#3864,#3865);
#3346=AXIS2_PLACEMENT_3D('',#5555,#3867,$);
#3347=AXIS2_PLACEMENT_3D('',#5556,#3868,#3869);
#3348=AXIS2_PLACEMENT_3D('',#5558,#3870,#3871);
#3349=AXIS2_PLACEMENT_3D('',#5560,#3872,$);
#3350=AXIS2_PLACEMENT_3D('',#5561,#3873,#3874);
#3351=AXIS2_PLACEMENT_3D('',#5563,#3875,#3876);
#3352=AXIS2_PLACEMENT_3D('',#5565,#3877,$);
#3353=AXIS2_PLACEMENT_3D('',#5567,#3879,#3880);
#3354=AXIS2_PLACEMENT_3D('',#5569,#3882,$);
#3355=AXIS2_PLACEMENT_3D('',#5571,#3884,#3885);
#3356=AXIS2_PLACEMENT_3D('',#5572,#3886,#3887);
#3357=AXIS2_PLACEMENT_3D('',#5573,#3888,#3889);
#3358=AXIS2_PLACEMENT_3D('',#5576,#3892,#3893);
#3359=AXIS2_PLACEMENT_3D('',#5579,#3896,$);
#3360=AXIS2_PLACEMENT_3D('',#5580,#3897,$);
#3361=AXIS2_PLACEMENT_3D('',#5581,#3898,$);
#3362=AXIS2_PLACEMENT_3D('',#5601,#3902,$);
#3363=AXIS2_PLACEMENT_3D('',#5764,#3903,#3904);
#3364=AXIS2_PLACEMENT_3D('',#5766,#3905,#3906);
#3365=AXIS2_PLACEMENT_3D('',#5768,#3907,#3908);
#3366=AXIS2_PLACEMENT_3D('',#5769,#3909,#3910);
#3367=AXIS2_PLACEMENT_3D('',#5770,#3911,#3912);
#3368=AXIS2_PLACEMENT_3D('',#5775,#3915,$);
#3369=AXIS2_PLACEMENT_3D('',#5776,#3916,#3917);
#3370=AXIS2_PLACEMENT_3D('',#5779,#3918,#3919);
#3371=AXIS2_PLACEMENT_3D('',#5780,#3920,#3921);
#3372=AXIS2_PLACEMENT_3D('',#5781,#3922,#3923);
#3373=AXIS2_PLACEMENT_3D('',#5782,#3924,#3925);
#3374=AXIS2_PLACEMENT_3D('',#5787,#3928,$);
#3375=AXIS2_PLACEMENT_3D('',#5788,#3929,#3930);
#3376=AXIS2_PLACEMENT_3D('',#5791,#3931,#3932);
#3377=AXIS2_PLACEMENT_3D('',#5792,#3933,#3934);
#3378=AXIS2_PLACEMENT_3D('',#5793,#3935,$);
#3379=AXIS2_PLACEMENT_3D('',#5826,#3936,#3937);
#3380=AXIS2_PLACEMENT_3D('',#5828,#3938,#3939);
#3381=AXIS2_PLACEMENT_3D('',#5830,#3940,#3941);
#3382=AXIS2_PLACEMENT_3D('',#5961,#3942,#3943);
#3383=AXIS2_PLACEMENT_3D('',#5964,#3946,$);
#3384=AXIS2_PLACEMENT_3D('',#5965,#3947,#3948);
#3385=AXIS2_PLACEMENT_3D('',#5968,#3949,#3950);
#3386=AXIS2_PLACEMENT_3D('',#5970,#3951,#3952);
#3387=AXIS2_PLACEMENT_3D('',#5972,#3953,#3954);
#3388=AXIS2_PLACEMENT_3D('',#5974,#3955,#3956);
#3389=AXIS2_PLACEMENT_3D('',#5976,#3957,#3958);
#3390=AXIS2_PLACEMENT_3D('',#6057,#3959,#3960);
#3391=AXIS2_PLACEMENT_3D('',#6060,#3963,#3964);
#3392=AXIS2_PLACEMENT_3D('',#6061,#3965,$);
#3393=AXIS2_PLACEMENT_3D('',#6062,#3966,#3967);
#3394=AXIS2_PLACEMENT_3D('',#6064,#3968,#3969);
#3395=AXIS2_PLACEMENT_3D('',#6065,#3970,#3971);
#3396=AXIS2_PLACEMENT_3D('',#6066,#3972,#3973);
#3397=AXIS2_PLACEMENT_3D('',#6069,#3975,$);
#3398=AXIS2_PLACEMENT_3D('',#6070,#3976,#3977);
#3399=AXIS2_PLACEMENT_3D('',#6072,#3978,#3979);
#3400=AXIS2_PLACEMENT_3D('',#6073,#3980,$);
#3401=AXIS2_PLACEMENT_3D('',#6074,#3981,#3982);
#3402=AXIS2_PLACEMENT_3D('',#6077,#3983,#3984);
#3403=AXIS2_PLACEMENT_3D('',#6079,#3985,#3986);
#3404=AXIS2_PLACEMENT_3D('',#6080,#3987,#3988);
#3405=AXIS2_PLACEMENT_3D('',#6081,#3989,$);
#3406=AXIS2_PLACEMENT_3D('',#6118,#3990,#3991);
#3407=AXIS2_PLACEMENT_3D('',#6120,#3992,#3993);
#3408=AXIS2_PLACEMENT_3D('',#6122,#3994,#3995);
#3409=AXIS2_PLACEMENT_3D('',#6123,#3996,#3997);
#3410=AXIS2_PLACEMENT_3D('',#6126,#4000,#4001);
#3411=AXIS2_PLACEMENT_3D('',#6128,#4003,$);
#3412=AXIS2_PLACEMENT_3D('',#6129,#4004,#4005);
#3413=AXIS2_PLACEMENT_3D('',#6131,#4006,#4007);
#3414=AXIS2_PLACEMENT_3D('',#6133,#4008,#4009);
#3415=AXIS2_PLACEMENT_3D('',#6135,#4011,#4012);
#3416=AXIS2_PLACEMENT_3D('',#6296,#4015,#4016);
#3417=AXIS2_PLACEMENT_3D('',#6310,#4017,#4018);
#3418=AXIS2_PLACEMENT_3D('',#6313,#4021,#4022);
#3419=AXIS2_PLACEMENT_3D('',#6314,#4023,#4024);
#3420=AXIS2_PLACEMENT_3D('',#6317,#4026,$);
#3421=AXIS2_PLACEMENT_3D('',#6318,#4027,#4028);
#3422=AXIS2_PLACEMENT_3D('',#6341,#4029,$);
#3423=AXIS2_PLACEMENT_3D('',#6342,#4030,#4031);
#3424=AXIS2_PLACEMENT_3D('',#6360,#4032,$);
#3425=AXIS2_PLACEMENT_3D('',#6361,#4033,#4034);
#3426=AXIS2_PLACEMENT_3D('',#6364,#4036,#4037);
#3427=AXIS2_PLACEMENT_3D('',#6522,#4039,#4040);
#3428=AXIS2_PLACEMENT_3D('',#6546,#4041,#4042);
#3429=AXIS2_PLACEMENT_3D('',#6731,#4044,#4045);
#3430=AXIS2_PLACEMENT_3D('',#6745,#4046,#4047);
#3431=AXIS2_PLACEMENT_3D('',#6748,#4050,$);
#3432=AXIS2_PLACEMENT_3D('',#6750,#4051,#4052);
#3433=AXIS2_PLACEMENT_3D('',#6752,#4053,$);
#3434=AXIS2_PLACEMENT_3D('',#6787,#4054,#4055);
#3435=AXIS2_PLACEMENT_3D('',#6789,#4056,#4057);
#3436=AXIS2_PLACEMENT_3D('',#6790,#4058,#4059);
#3437=AXIS2_PLACEMENT_3D('',#6982,#4061,#4062);
#3438=AXIS2_PLACEMENT_3D('',#7061,#4063,#4064);
#3439=AXIS2_PLACEMENT_3D('',#7076,#4066,#4067);
#3440=AXIS2_PLACEMENT_3D('',#7077,#4068,#4069);
#3441=AXIS2_PLACEMENT_3D('',#7295,#4072,#4073);
#3442=AXIS2_PLACEMENT_3D('',#7326,#4074,#4075);
#3443=AXIS2_PLACEMENT_3D('',#7330,#4077,#4078);
#3444=AXIS2_PLACEMENT_3D('',#7332,#4079,#4080);
#3445=AXIS2_PLACEMENT_3D('',#7333,#4081,$);
#3446=AXIS2_PLACEMENT_3D('',#7340,#4086,$);
#3447=AXIS2_PLACEMENT_3D('',#7377,#4088,#4089);
#3448=AXIS2_PLACEMENT_3D('',#7378,#4090,#4091);
#3449=AXIS2_PLACEMENT_3D('',#7379,#4092,$);
#3450=AXIS2_PLACEMENT_3D('',#7381,#4093,#4094);
#3451=AXIS2_PLACEMENT_3D('',#7382,#4095,$);
#3452=AXIS2_PLACEMENT_3D('',#7417,#4096,#4097);
#3453=AXIS2_PLACEMENT_3D('',#7419,#4099,#4100);
#3454=AXIS2_PLACEMENT_3D('',#7420,#4101,#4102);
#3455=AXIS2_PLACEMENT_3D('',#7421,#4103,#4104);
#3456=AXIS2_PLACEMENT_3D('',#7423,#4106,$);
#3457=AXIS2_PLACEMENT_3D('',#7628,#4121,#4122);
#3458=AXIS2_PLACEMENT_3D('',#7650,#4123,#4124);
#3459=AXIS2_PLACEMENT_3D('',#7653,#4127,#4128);
#3460=AXIS2_PLACEMENT_3D('',#7832,#4129,#4130);
#3461=AXIS2_PLACEMENT_3D('',#7889,#4131,#4132);
#3462=AXIS2_PLACEMENT_3D('',#7892,#4135,$);
#3463=AXIS2_PLACEMENT_3D('',#7893,#4136,#4137);
#3464=AXIS2_PLACEMENT_3D('',#7894,#4138,$);
#3465=AXIS2_PLACEMENT_3D('',#7896,#4140,$);
#3466=AXIS2_PLACEMENT_3D('',#7897,#4141,#4142);
#3467=AXIS2_PLACEMENT_3D('',#7900,#4144,$);
#3468=AXIS2_PLACEMENT_3D('',#7902,#4146,#4147);
#3469=AXIS2_PLACEMENT_3D('',#7903,#4148,#4149);
#3470=AXIS2_PLACEMENT_3D('',#7904,#4150,$);
#3471=AXIS2_PLACEMENT_3D('',#7905,#4151,$);
#3472=AXIS2_PLACEMENT_3D('',#7907,#4153,$);
#3473=AXIS2_PLACEMENT_3D('',#7910,#4155,#4156);
#3474=AXIS2_PLACEMENT_3D('',#8100,#4157,#4158);
#3475=AXIS2_PLACEMENT_3D('',#8103,#4160,#4161);
#3476=AXIS2_PLACEMENT_3D('',#8104,#4162,#4163);
#3477=AXIS2_PLACEMENT_3D('',#8105,#4164,#4165);
#3478=AXIS2_PLACEMENT_3D('',#8106,#4166,$);
#3479=AXIS2_PLACEMENT_3D('',#8109,#4168,#4169);
#3480=AXIS2_PLACEMENT_3D('',#8110,#4170,#4171);
#3481=AXIS2_PLACEMENT_3D('',#8113,#4174,$);
#3482=AXIS2_PLACEMENT_3D('',#8116,#4177,$);
#3483=AXIS2_PLACEMENT_3D('',#8117,#4178,#4179);
#3484=AXIS2_PLACEMENT_3D('',#8118,#4180,#4181);
#3485=AXIS2_PLACEMENT_3D('',#8120,#4182,$);
#3486=AXIS2_PLACEMENT_3D('',#8121,#4183,#4184);
#3487=AXIS2_PLACEMENT_3D('',#8123,#4185,#4186);
#3488=AXIS2_PLACEMENT_3D('',#8125,#4187,$);
#3489=AXIS2_PLACEMENT_3D('',#8126,#4188,#4189);
#3490=AXIS2_PLACEMENT_3D('',#8128,#4190,#4191);
#3491=AXIS2_PLACEMENT_3D('',#8130,#4192,$);
#3492=AXIS2_PLACEMENT_3D('',#8131,#4193,#4194);
#3493=AXIS2_PLACEMENT_3D('',#8133,#4195,#4196);
#3494=AXIS2_PLACEMENT_3D('',#8134,#4197,$);
#3495=AXIS2_PLACEMENT_3D('',#8135,#4198,#4199);
#3496=AXIS2_PLACEMENT_3D('',#8137,#4200,#4201);
#3497=AXIS2_PLACEMENT_3D('',#8138,#4202,$);
#3498=AXIS2_PLACEMENT_3D('',#8139,#4203,#4204);
#3499=AXIS2_PLACEMENT_3D('',#8141,#4205,$);
#3500=AXIS2_PLACEMENT_3D('',#8142,#4206,#4207);
#3501=AXIS2_PLACEMENT_3D('',#8144,#4208,#4209);
#3502=AXIS2_PLACEMENT_3D('',#8145,#4210,#4211);
#3503=AXIS2_PLACEMENT_3D('',#8147,#4212,#4213);
#3504=AXIS2_PLACEMENT_3D('',#8150,#4215,#4216);
#3505=AXIS2_PLACEMENT_3D('',#8151,#4217,#4218);
#3506=AXIS2_PLACEMENT_3D('',#8153,#4219,#4220);
#3507=AXIS2_PLACEMENT_3D('',#8154,#4221,$);
#3508=AXIS2_PLACEMENT_3D('',#8159,#4225,#4226);
#3509=AXIS2_PLACEMENT_3D('',#8161,#4228,$);
#3510=AXIS2_PLACEMENT_3D('',#8163,#4230,#4231);
#3511=AXIS2_PLACEMENT_3D('',#8167,#4233,#4234);
#3512=AXIS2_PLACEMENT_3D('',#8168,#4235,#4236);
#3513=AXIS2_PLACEMENT_3D('',#8169,#4237,#4238);
#3514=AXIS2_PLACEMENT_3D('',#8216,#4240,#4241);
#3515=AXIS2_PLACEMENT_3D('',#8217,#4242,#4243);
#3516=AXIS2_PLACEMENT_3D('',#8221,#4245,#4246);
#3517=AXIS2_PLACEMENT_3D('',#8222,#4247,#4248);
#3518=AXIS2_PLACEMENT_3D('',#8223,#4249,#4250);
#3519=AXIS2_PLACEMENT_3D('',#8224,#4251,#4252);
#3520=AXIS2_PLACEMENT_3D('',#8225,#4253,#4254);
#3521=AXIS2_PLACEMENT_3D('',#8227,#4255,$);
#3522=AXIS2_PLACEMENT_3D('',#8232,#4258,#4259);
#3523=AXIS2_PLACEMENT_3D('',#8238,#4262,#4263);
#3524=AXIS2_PLACEMENT_3D('',#8239,#4264,#4265);
#3525=AXIS2_PLACEMENT_3D('',#8240,#4266,#4267);
#3526=AXIS2_PLACEMENT_3D('',#8244,#4269,#4270);
#3527=AXIS2_PLACEMENT_3D('',#8245,#4271,#4272);
#3528=AXIS2_PLACEMENT_3D('',#8246,#4273,#4274);
#3529=AXIS2_PLACEMENT_3D('',#8248,#4275,#4276);
#3530=AXIS2_PLACEMENT_3D('',#8249,#4277,#4278);
#3531=AXIS2_PLACEMENT_3D('',#8250,#4279,#4280);
#3532=AXIS2_PLACEMENT_3D('',#8252,#4281,#4282);
#3533=AXIS2_PLACEMENT_3D('',#8255,#4284,$);
#3534=AXIS2_PLACEMENT_3D('',#8256,#4285,#4286);
#3535=AXIS2_PLACEMENT_3D('',#8257,#4287,$);
#3536=AXIS2_PLACEMENT_3D('',#8258,#4288,#4289);
#3537=AXIS2_PLACEMENT_3D('',#8290,#4290,#4291);
#3538=AXIS2_PLACEMENT_3D('',#8294,#4293,#4294);
#3539=AXIS2_PLACEMENT_3D('',#8295,#4295,#4296);
#3540=AXIS2_PLACEMENT_3D('',#8341,#4298,#4299);
#3541=AXIS2_PLACEMENT_3D('',#8342,#4300,#4301);
#3542=AXIS2_PLACEMENT_3D('',#8343,#4302,#4303);
#3543=AXIS2_PLACEMENT_3D('',#8344,#4304,#4305);
#3544=AXIS2_PLACEMENT_3D('',#8345,#4306,#4307);
#3545=AXIS2_PLACEMENT_3D('',#8348,#4310,#4311);
#3546=AXIS2_PLACEMENT_3D('',#8350,#4313,$);
#3547=AXIS2_PLACEMENT_3D('',#8352,#4315,$);
#3548=AXIS2_PLACEMENT_3D('',#8354,#4317,#4318);
#3549=AXIS2_PLACEMENT_3D('',#8356,#4320,$);
#3550=AXIS2_PLACEMENT_3D('',#8357,#4321,#4322);
#3551=AXIS2_PLACEMENT_3D('',#8359,#4324,#4325);
#3552=AXIS2_PLACEMENT_3D('',#8361,#4327,$);
#3553=AXIS2_PLACEMENT_3D('',#8362,#4328,$);
#3554=AXIS2_PLACEMENT_3D('',#8364,#4330,#4331);
#3555=AXIS2_PLACEMENT_3D('',#8367,#4333,#4334);
#3556=AXIS2_PLACEMENT_3D('',#8368,#4335,$);
#3557=AXIS2_PLACEMENT_3D('',#8374,#4339,#4340);
#3558=AXIS2_PLACEMENT_3D('',#8376,#4342,#4343);
#3559=AXIS2_PLACEMENT_3D('',#8377,#4344,#4345);
#3560=AXIS2_PLACEMENT_3D('',#8380,#4347,$);
#3561=AXIS2_PLACEMENT_3D('',#8382,#4349,$);
#3562=AXIS2_PLACEMENT_3D('',#8388,#4353,#4354);
#3563=AXIS2_PLACEMENT_3D('',#8391,#4357,#4358);
#3564=AXIS2_PLACEMENT_3D('',#8393,#4360,$);
#3565=AXIS2_PLACEMENT_3D('',#8394,#4361,$);
#3566=AXIS2_PLACEMENT_3D('',#8395,#4362,#4363);
#3567=AXIS2_PLACEMENT_3D('',#8397,#4365,#4366);
#3568=DIRECTION('',(0.,0.,1.));
#3569=DIRECTION('',(-0.233486659147798,-0.233486659147798,0.));
#3570=DIRECTION('',(1.16599518043667E-33,7.19839093910753E-50,-1.));
#3571=DIRECTION('',(-0.233486659147798,-0.233486659147798,0.));
#3572=DIRECTION('',(0.,0.,-1.));
#3573=DIRECTION('',(-1.98813375470429E-32,2.77741059198715E-32,1.));
#3574=DIRECTION('',(-0.233486659147798,-0.233486659147798,0.));
#3575=DIRECTION('',(0.,0.,-1.));
#3576=DIRECTION('',(-0.233486659147798,-0.233486659147798,0.));
#3577=DIRECTION('',(0.,0.,1.));
#3578=DIRECTION('',(-1.98813375470429E-32,2.77741059198715E-32,1.));
#3579=DIRECTION('',(0.,-1.,0.));
#3580=DIRECTION('',(-1.98813375470429E-32,2.77741059198715E-32,1.));
#3581=DIRECTION('',(-0.380999999999999,0.,0.));
#3582=DIRECTION('',(0.,1.,0.));
#3583=DIRECTION('',(-1.,0.,-1.98813375470429E-32));
#3584=DIRECTION('',(0.,-1.,2.77741059198715E-32));
#3585=DIRECTION('',(0.,0.,1.));
#3586=DIRECTION('',(0.3175,0.,0.));
#3587=DIRECTION('',(0.,-1.,2.77741059198715E-32));
#3588=DIRECTION('',(-1.,0.,-1.98813375470429E-32));
#3589=DIRECTION('',(1.15701797378722E-16,-1.,2.77741059198715E-32));
#3590=DIRECTION('',(1.,0.,1.98813375470429E-32));
#3591=DIRECTION('',(0.,-1.,2.77741059198715E-32));
#3592=DIRECTION('',(1.,0.,1.98813375470429E-32));
#3593=DIRECTION('',(0.,-1.,2.77741059198715E-32));
#3594=DIRECTION('',(-1.,0.,0.));
#3595=DIRECTION('',(0.,1.,7.19839093910753E-50));
#3596=DIRECTION('',(0.,0.,1.));
#3597=DIRECTION('',(0.,0.,1.));
#3598=DIRECTION('',(1.10043364000159E-16,-1.,0.));
#3599=DIRECTION('',(-1.,-1.10043364000159E-16,0.));
#3600=DIRECTION('',(0.,0.,1.));
#3601=DIRECTION('',(-1.,-1.10043364000159E-16,-1.16599518043667E-33));
#3602=DIRECTION('',(-1.16599518043667E-33,-7.19839093910753E-50,1.));
#3603=DIRECTION('',(-1.16599518043667E-33,-7.19839093910753E-50,1.));
#3604=DIRECTION('',(0.3175,0.,0.));
#3605=DIRECTION('',(-1.16599518043667E-33,-7.19839093910753E-50,1.));
#3606=DIRECTION('',(0.3175,0.,0.));
#3607=DIRECTION('',(-1.16599518043667E-33,-7.19839093910753E-50,1.));
#3608=DIRECTION('',(0.3175,0.,0.));
#3609=DIRECTION('',(-1.16599518043667E-33,-7.19839093910753E-50,1.));
#3610=DIRECTION('',(0.3175,0.,0.));
#3611=DIRECTION('',(-1.16599518043667E-33,-7.19839093910753E-50,1.));
#3612=DIRECTION('',(-0.1143,0.,0.));
#3613=DIRECTION('',(-1.16599518043667E-33,-7.19839093910753E-50,1.));
#3614=DIRECTION('',(-0.1143,0.,0.));
#3615=DIRECTION('',(-1.16599518043667E-33,-7.19839093910753E-50,1.));
#3616=DIRECTION('',(-0.1143,0.,0.));
#3617=DIRECTION('',(-1.15701797378722E-16,1.,-6.29238287203744E-50));
#3618=DIRECTION('',(1.16599518043667E-33,7.19839093910753E-50,-1.));
#3619=DIRECTION('',(-0.538815367264149,-0.538815367264149,0.));
#3620=DIRECTION('',(-1.,-1.31100219286295E-30,-1.16599518043667E-33));
#3621=DIRECTION('',(1.16599518043667E-33,7.19839093910753E-50,-1.));
#3622=DIRECTION('',(0.538815367264149,-0.538815367264149,0.));
#3623=DIRECTION('',(1.15701797378722E-16,-1.,6.29238287203744E-50));
#3624=DIRECTION('',(-1.,-1.10043364000159E-16,-1.16599518043667E-33));
#3625=DIRECTION('',(-1.15701797378722E-16,1.,-6.29238287203744E-50));
#3626=DIRECTION('',(1.16599518043667E-33,7.19839093910753E-50,-1.));
#3627=DIRECTION('',(-0.538815367264149,-0.538815367264149,-6.2803698347351E-16));
#3628=DIRECTION('',(-1.,-3.93311505969606E-31,-1.16599518043667E-33));
#3629=DIRECTION('',(1.16599518043667E-33,7.19839093910753E-50,-1.));
#3630=DIRECTION('',(0.538815367264149,-0.538815367264149,-6.2803698347351E-16));
#3631=DIRECTION('',(1.15701797378722E-16,-1.,6.29238287203744E-50));
#3632=DIRECTION('',(-1.,-1.10043364000159E-16,-1.16599518043667E-33));
#3633=DIRECTION('',(1.43792485378965E-16,-1.,9.56774355438085E-50));
#3634=DIRECTION('',(1.,0.,1.16599518043667E-33));
#3635=DIRECTION('',(1.15701797378722E-16,-1.,6.29238287203744E-50));
#3636=DIRECTION('',(1.16599518043667E-33,7.19839093910753E-50,-1.));
#3637=DIRECTION('',(0.538815367264149,0.538815367264149,-6.2803698347351E-16));
#3638=DIRECTION('',(1.,3.93311505969606E-31,1.16599518043667E-33));
#3639=DIRECTION('',(1.16599518043667E-33,7.19839093910753E-50,-1.));
#3640=DIRECTION('',(-0.538815367264149,0.538815367264149,-6.2803698347351E-16));
#3641=DIRECTION('',(-1.15701797378722E-16,1.,-6.29238287203744E-50));
#3642=DIRECTION('',(1.,0.,1.16599518043667E-33));
#3643=DIRECTION('',(1.15701797378722E-16,-1.,6.29238287203744E-50));
#3644=DIRECTION('',(1.16599518043667E-33,7.19839093910753E-50,-1.));
#3645=DIRECTION('',(0.538815367264149,0.538815367264149,0.));
#3646=DIRECTION('',(1.,1.31100219286295E-30,1.16599518043667E-33));
#3647=DIRECTION('',(1.16599518043667E-33,7.19839093910753E-50,-1.));
#3648=DIRECTION('',(-0.538815367264149,0.538815367264149,0.));
#3649=DIRECTION('',(-1.15701797378722E-16,1.,-6.29238287203744E-50));
#3650=DIRECTION('',(1.,0.,1.16599518043667E-33));
#3651=DIRECTION('',(-1.09961177103467E-15,-8.66253884416481E-30,1.));
#3652=DIRECTION('',(-0.538815367264149,-0.538815367264149,-6.2803698347351E-16));
#3653=DIRECTION('',(1.09961177103467E-15,8.66253884416481E-30,-1.));
#3654=DIRECTION('',(6.26211574478914E-16,7.24538047065697E-32,-1.));
#3655=DIRECTION('',(-0.538815367264149,-0.538815367264149,-3.33066907387547E-16));
#3656=DIRECTION('',(-1.09961177103467E-15,-8.66253884416481E-30,1.));
#3657=DIRECTION('',(-1.,-1.15701797378722E-16,-1.09961177103467E-15));
#3658=DIRECTION('',(-1.09961177103467E-15,-1.21004978378828E-31,1.));
#3659=DIRECTION('',(-1.,-1.15701797378722E-16,-1.09961177103467E-15));
#3660=DIRECTION('',(-1.30965925341153E-16,0.10776307345283,0.10776307345283));
#3661=DIRECTION('',(-1.15701797378722E-16,1.,0.));
#3662=DIRECTION('',(0.,0.,-1.));
#3663=DIRECTION('',(1.,1.10043364000159E-16,0.));
#3664=DIRECTION('',(1.,1.15701797378722E-16,0.));
#3665=DIRECTION('',(3.1320978566652E-45,-2.70704338880151E-29,1.));
#3666=DIRECTION('',(1.15701797378722E-16,-1.,0.));
#3667=DIRECTION('',(1.,1.15701797378722E-16,0.));
#3668=DIRECTION('',(-1.15022779113928E-17,0.0994131307549431,0.115510992695503));
#3669=DIRECTION('',(-3.1320978566652E-45,2.70704338880151E-29,-1.));
#3670=DIRECTION('',(0.538815367264149,-0.538815367264149,0.));
#3671=DIRECTION('',(-3.1320978566652E-45,2.70704338880151E-29,-1.));
#3672=DIRECTION('',(1.25240587700104E-16,1.44905611016695E-32,-1.));
#3673=DIRECTION('',(0.538815367264149,-0.538815367264149,6.93889390390723E-17));
#3674=DIRECTION('',(-1.31100219286295E-30,1.,2.70704338880151E-29));
#3675=DIRECTION('',(3.1320978566652E-45,-2.70704338880151E-29,1.));
#3676=DIRECTION('',(-1.,-1.31100219286295E-30,-1.25240587700104E-16));
#3677=DIRECTION('',(3.1320978566652E-45,-2.70704338880151E-29,1.));
#3678=DIRECTION('',(-0.538815367264149,-0.538815367264149,0.));
#3679=DIRECTION('',(-3.1320978566652E-45,2.70704338880151E-29,-1.));
#3680=DIRECTION('',(1.25240587700104E-16,1.44905611016695E-32,-1.));
#3681=DIRECTION('',(-0.538815367264149,-0.538815367264149,-6.93889390390723E-17));
#3682=DIRECTION('',(-1.,-1.15701797378722E-16,0.));
#3683=DIRECTION('',(-1.,-1.15701797378722E-16,0.));
#3684=DIRECTION('',(-1.15022779113928E-17,0.0994131307549428,0.115510992695503));
#3685=DIRECTION('',(-1.15701797378722E-16,1.,0.));
#3686=DIRECTION('',(1.,1.10043364000159E-16,0.));
#3687=DIRECTION('',(-1.,-1.10043364000159E-16,0.));
#3688=DIRECTION('',(-1.10043364000159E-16,1.,0.));
#3689=DIRECTION('',(0.0538815367264149,0.,-0.0538815367264149));
#3690=DIRECTION('',(0.,0.,-1.));
#3691=DIRECTION('',(0.,1.,0.));
#3692=DIRECTION('',(0.,0.,-1.));
#3693=DIRECTION('',(-1.,0.,0.));
#3694=DIRECTION('',(3.1320978566652E-45,-2.70704338880151E-29,1.));
#3695=DIRECTION('',(-1.15701797378722E-16,1.,0.));
#3696=DIRECTION('',(-1.,-1.15701797378722E-16,0.));
#3697=DIRECTION('',(1.27397563975669E-18,-0.0110108543567966,0.152001714090116));
#3698=DIRECTION('',(-3.1320978566652E-45,2.70704338880151E-29,-1.));
#3699=DIRECTION('',(-0.538815367264149,0.538815367264149,0.));
#3700=DIRECTION('',(-3.1320978566652E-45,2.70704338880151E-29,-1.));
#3701=DIRECTION('',(1.25240587700104E-16,1.44905611016695E-32,-1.));
#3702=DIRECTION('',(-0.538815367264149,0.538815367264149,-6.93889390390723E-17));
#3703=DIRECTION('',(-1.31100219286295E-30,1.,2.70704338880151E-29));
#3704=DIRECTION('',(3.1320978566652E-45,-2.70704338880151E-29,1.));
#3705=DIRECTION('',(1.,1.31100219286295E-30,1.25240587700104E-16));
#3706=DIRECTION('',(0.,0.,1.));
#3707=DIRECTION('',(0.,0.,-1.));
#3708=DIRECTION('',(0.1143,0.,0.));
#3709=DIRECTION('',(0.,1.,0.));
#3710=DIRECTION('',(1.,0.,0.));
#3711=DIRECTION('',(0.,-1.,0.));
#3712=DIRECTION('',(0.,0.,1.));
#3713=DIRECTION('',(0.1143,0.,0.));
#3714=DIRECTION('',(0.,0.,-1.));
#3715=DIRECTION('',(0.1143,0.,0.));
#3716=DIRECTION('',(0.,0.,1.));
#3717=DIRECTION('',(0.1143,0.,0.));
#3718=DIRECTION('',(0.,0.,1.));
#3719=DIRECTION('',(-1.,0.,0.));
#3720=DIRECTION('',(0.,0.,-1.));
#3721=DIRECTION('',(0.1143,0.,0.));
#3722=DIRECTION('',(0.,1.,0.));
#3723=DIRECTION('',(1.,0.,0.));
#3724=DIRECTION('',(1.43792485378965E-16,-1.,0.));
#3725=DIRECTION('',(0.,0.,1.));
#3726=DIRECTION('',(0.1143,0.,0.));
#3727=DIRECTION('',(0.,0.,-1.));
#3728=DIRECTION('',(0.1143,0.,0.));
#3729=DIRECTION('',(0.,0.,-1.));
#3730=DIRECTION('',(0.1143,0.,0.));
#3731=DIRECTION('',(0.,0.,1.));
#3732=DIRECTION('',(0.1143,0.,0.));
#3733=DIRECTION('',(0.,0.,1.));
#3734=DIRECTION('',(0.1143,0.,0.));
#3735=DIRECTION('',(0.,0.,-1.));
#3736=DIRECTION('',(0.1143,0.,0.));
#3737=DIRECTION('',(0.,0.,1.));
#3738=DIRECTION('',(0.1143,0.,0.));
#3739=DIRECTION('',(0.,0.,1.));
#3740=DIRECTION('',(0.,0.,1.));
#3741=DIRECTION('',(0.,-1.,0.));
#3742=DIRECTION('',(0.,0.,-1.));
#3743=DIRECTION('',(0.1143,0.,0.));
#3744=DIRECTION('',(0.,1.,0.));
#3745=DIRECTION('',(1.,0.,0.));
#3746=DIRECTION('',(0.,0.,1.));
#3747=DIRECTION('',(0.1143,0.,0.));
#3748=DIRECTION('',(0.,0.,-1.));
#3749=DIRECTION('',(0.1143,0.,0.));
#3750=DIRECTION('',(0.,0.,1.));
#3751=DIRECTION('',(0.1143,0.,0.));
#3752=DIRECTION('',(0.,0.,1.));
#3753=DIRECTION('',(0.,-1.,0.));
#3754=DIRECTION('',(0.,0.,-1.));
#3755=DIRECTION('',(0.281612285238845,0.172413922879086,0.));
#3756=DIRECTION('',(0.,0.,-1.));
#3757=DIRECTION('',(-0.380999999999999,0.,0.));
#3758=DIRECTION('',(0.,0.,-1.));
#3759=DIRECTION('',(-0.170905803795106,-0.282530080220052,0.));
#3760=DIRECTION('',(-1.,0.,0.));
#3761=DIRECTION('',(0.,0.,-1.));
#3762=DIRECTION('',(0.162986171371494,-0.287171634987966,0.));
#3763=DIRECTION('',(0.,0.,-1.));
#3764=DIRECTION('',(-0.381,0.,0.));
#3765=DIRECTION('',(0.,0.,-1.));
#3766=DIRECTION('',(-0.280826656285186,0.173690613216955,0.));
#3767=DIRECTION('',(0.,1.,0.));
#3768=DIRECTION('',(-1.,0.,0.));
#3769=DIRECTION('',(0.,1.,0.));
#3770=DIRECTION('',(0.,0.,-1.));
#3771=DIRECTION('',(0.179605122421383,0.179605122421383,0.));
#3772=DIRECTION('',(-1.,0.,0.));
#3773=DIRECTION('',(0.,0.,-1.));
#3774=DIRECTION('',(-0.179605122421383,0.179605122421383,0.));
#3775=DIRECTION('',(0.,-1.,0.));
#3776=DIRECTION('',(-1.,0.,0.));
#3777=DIRECTION('',(0.,0.,-1.));
#3778=DIRECTION('',(-0.381,0.,0.));
#3779=DIRECTION('',(0.,0.,-1.));
#3780=DIRECTION('',(0.172108269964942,0.28179918986696,0.));
#3781=DIRECTION('',(1.,0.,0.));
#3782=DIRECTION('',(0.,0.,-1.));
#3783=DIRECTION('',(-0.17846606072416,0.277816315520886,0.));
#3784=DIRECTION('',(0.,0.,-1.));
#3785=DIRECTION('',(-0.381,0.,0.));
#3786=DIRECTION('',(0.,0.,-1.));
#3787=DIRECTION('',(0.284928822415371,-0.16687602031745,0.));
#3788=DIRECTION('',(1.,0.,0.));
#3789=DIRECTION('',(0.,0.,-1.));
#3790=DIRECTION('',(-0.179605122421383,-0.179605122421383,0.));
#3791=DIRECTION('',(1.,0.,0.));
#3792=DIRECTION('',(0.,0.,-1.));
#3793=DIRECTION('',(0.179605122421383,-0.179605122421383,0.));
#3794=DIRECTION('',(1.,0.,0.));
#3795=DIRECTION('',(-1.,-1.15701797378722E-16,-1.09961177103467E-15));
#3796=DIRECTION('',(1.,1.15701797378722E-16,1.09961177103467E-15));
#3797=DIRECTION('',(-5.55111512312578E-17,0.0538815367264149,0.053881536726415));
#3798=DIRECTION('',(-2.31672109029228E-17,1.,9.10615997888088E-17));
#3799=DIRECTION('',(1.11022302462516E-16,0.,-0.0761999999999996));
#3800=DIRECTION('',(1.,1.15701797378722E-16,-1.09961177103467E-15));
#3801=DIRECTION('',(1.,1.15701797378722E-16,-1.09961177103467E-15));
#3802=DIRECTION('',(1.06029162762058E-16,0.10776307345283,0.10776307345283));
#3803=DIRECTION('',(-9.25345864758009E-17,1.,-9.10615997888088E-17));
#3804=DIRECTION('',(0.0762000000000005,0.,0.));
#3805=DIRECTION('',(-1.,-1.15701797378722E-16,1.09961177103467E-15));
#3806=DIRECTION('',(5.55111512312578E-17,0.0538815367264149,0.053881536726415));
#3807=DIRECTION('',(1.15701797378722E-16,-1.,0.));
#3808=DIRECTION('',(0.0538815367264149,0.,-0.0538815367264149));
#3809=DIRECTION('',(-1.15701797378722E-16,1.,0.));
#3810=DIRECTION('',(0.0762,0.,0.));
#3811=DIRECTION('',(-1.15701797378722E-16,1.,0.));
#3812=DIRECTION('',(1.15701797378722E-16,-1.,0.));
#3813=DIRECTION('',(-6.26211574478914E-16,-7.24538047065697E-32,1.));
#3814=DIRECTION('',(1.,-8.09436442567189E-17,6.22179105877995E-16));
#3815=DIRECTION('',(0.,-0.0762,0.));
#3816=DIRECTION('',(-6.26211574478914E-16,-7.24538047065697E-32,1.));
#3817=DIRECTION('',(0.484933830537734,-0.484933830537734,3.03671177539126E-16));
#3818=DIRECTION('',(6.26211574478914E-16,7.24538047065697E-32,-1.));
#3819=DIRECTION('',(0.538815367264149,-0.538815367264149,3.33066907387547E-16));
#3820=DIRECTION('',(-1.,-3.93311505969601E-31,-6.26211574478914E-16));
#3821=DIRECTION('',(0.,-0.0538815367264149,-0.0538815367264149));
#3822=DIRECTION('',(1.,3.93311505969601E-31,6.26211574478914E-16));
#3823=DIRECTION('',(0.,-0.0761999999999992,0.));
#3824=DIRECTION('',(1.,3.93311505969601E-31,6.26211574478914E-16));
#3825=DIRECTION('',(-1.,-3.93311505969601E-31,-6.26211574478914E-16));
#3826=DIRECTION('',(-6.26211574478914E-16,-7.24538047065697E-32,1.));
#3827=DIRECTION('',(8.09436442567189E-17,-1.,4.03246860091886E-18));
#3828=DIRECTION('',(-0.0762000000000002,0.,0.));
#3829=DIRECTION('',(-6.26211574478914E-16,-7.24538047065697E-32,1.));
#3830=DIRECTION('',(-0.484933830537734,-0.484933830537734,-3.03671177539126E-16));
#3831=DIRECTION('',(1.15701797378722E-16,-1.,0.));
#3832=DIRECTION('',(-0.0538815367264149,0.,-0.0538815367264149));
#3833=DIRECTION('',(1.15701797378722E-16,-1.,0.));
#3834=DIRECTION('',(1.,1.15701797378722E-16,0.));
#3835=DIRECTION('',(1.,1.15701797378722E-16,0.));
#3836=DIRECTION('',(0.,0.0497065653774714,0.0577554963477517));
#3837=DIRECTION('',(-6.64686416936126E-17,1.,9.10615997888087E-17));
#3838=DIRECTION('',(0.,0.,-0.0761999999999998));
#3839=DIRECTION('',(-1.,-1.15701797378722E-16,0.));
#3840=DIRECTION('',(-6.64686416936124E-17,1.,9.10615997888088E-17));
#3841=DIRECTION('',(0.0762,0.,0.));
#3842=DIRECTION('',(-1.,-1.15701797378722E-16,0.));
#3843=DIRECTION('',(0.,0.0497065653774716,0.0577554963477516));
#3844=DIRECTION('',(1.15701797378722E-16,-1.,0.));
#3845=DIRECTION('',(0.0538815367264149,0.,-0.0538815367264149));
#3846=DIRECTION('',(-1.15701797378722E-16,1.,0.));
#3847=DIRECTION('',(0.0762,0.,0.));
#3848=DIRECTION('',(-1.15701797378722E-16,1.,0.));
#3849=DIRECTION('',(-1.25240587700104E-16,-1.44905611016695E-32,1.));
#3850=DIRECTION('',(1.,0.,1.27010568566414E-16));
#3851=DIRECTION('',(0.,-0.0762000000000009,0.));
#3852=DIRECTION('',(-1.25240587700104E-16,-1.44905611016695E-32,1.));
#3853=DIRECTION('',(0.484933830537734,-0.484933830537734,6.07333979322085E-17));
#3854=DIRECTION('',(-1.,-1.31100219286295E-30,-1.25240587700104E-16));
#3855=DIRECTION('',(0.,-0.0538815367264149,-0.0538815367264149));
#3856=DIRECTION('',(1.,1.31100219286295E-30,1.25240587700104E-16));
#3857=DIRECTION('',(0.,-0.0762,0.));
#3858=DIRECTION('',(1.,1.31100219286295E-30,1.25240587700104E-16));
#3859=DIRECTION('',(-1.25240587700104E-16,-1.44905611016695E-32,1.));
#3860=DIRECTION('',(0.,-1.,-1.76998086631012E-18));
#3861=DIRECTION('',(-0.0762000000000005,0.,0.));
#3862=DIRECTION('',(-1.25240587700104E-16,-1.44905611016695E-32,1.));
#3863=DIRECTION('',(-0.484933830537734,-0.484933830537734,-6.07333979322085E-17));
#3864=DIRECTION('',(1.15701797378722E-16,-1.,0.));
#3865=DIRECTION('',(-0.0538815367264149,0.,-0.0538815367264149));
#3866=DIRECTION('',(1.15701797378722E-16,-1.,0.));
#3867=DIRECTION('',(-6.26211574478914E-16,-7.24538047065697E-32,1.));
#3868=DIRECTION('',(-6.26211574478914E-16,-7.24538047065697E-32,1.));
#3869=DIRECTION('',(0.3175,-5.52097991864063E-33,1.94289029309402E-16));
#3870=DIRECTION('',(6.26211574478914E-16,7.24538047065697E-32,-1.));
#3871=DIRECTION('',(0.3937,-6.84601509911438E-33,2.46539496872349E-16));
#3872=DIRECTION('',(-1.25240587700104E-16,-1.44905611016695E-32,1.));
#3873=DIRECTION('',(-1.25240587700104E-16,-1.44905611016695E-32,1.));
#3874=DIRECTION('',(0.3175,-1.10418075594722E-33,4.16333634234434E-17));
#3875=DIRECTION('',(1.25240587700104E-16,1.44905611016695E-32,-1.));
#3876=DIRECTION('',(0.3937,-1.36918413737455E-33,4.9307219377531E-17));
#3877=DIRECTION('',(-3.93311505969606E-31,1.,8.66253884416481E-30));
#3878=DIRECTION('',(-1.09961177103467E-15,8.66253884416481E-30,-1.));
#3879=DIRECTION('',(-1.09961177103467E-15,8.66253884416481E-30,-1.));
#3880=DIRECTION('',(0.538815367264149,-0.538815367264149,-6.2803698347351E-16));
#3881=DIRECTION('',(1.09961177103467E-15,-8.66253884416481E-30,1.));
#3882=DIRECTION('',(1.,1.15701797378722E-16,-1.09961177103467E-15));
#3883=DIRECTION('',(-1.09961177103467E-15,-1.21004978378828E-31,-1.));
#3884=DIRECTION('',(0.,0.,-1.));
#3885=DIRECTION('',(0.3175,0.,0.));
#3886=DIRECTION('',(0.,0.,-1.));
#3887=DIRECTION('',(0.3175,0.,0.));
#3888=DIRECTION('',(-1.,0.,-6.26211574478914E-16));
#3889=DIRECTION('',(0.,0.0538815367264149,0.0538815367264149));
#3890=DIRECTION('',(1.,0.,6.26211574478914E-16));
#3891=DIRECTION('',(-1.,0.,-6.26211574478914E-16));
#3892=DIRECTION('',(-1.,-1.10043364000159E-16,-1.25240587700104E-16));
#3893=DIRECTION('',(0.,0.0538815367264149,0.0538815367264149));
#3894=DIRECTION('',(-1.,-1.10043364000159E-16,-1.25240587700104E-16));
#3895=DIRECTION('',(-1.,-1.10043364000159E-16,-1.25240587700104E-16));
#3896=DIRECTION('',(6.26211574478914E-16,7.24538047065697E-32,-1.));
#3897=DIRECTION('',(1.25240587700104E-16,1.44905611016695E-32,-1.));
#3898=DIRECTION('',(0.,0.,1.));
#3899=DIRECTION('',(-1.,0.,0.));
#3900=DIRECTION('',(-1.,0.,0.));
#3901=DIRECTION('',(0.,1.,0.));
#3902=DIRECTION('',(-1.,-1.15701797378722E-16,-1.09961177103467E-15));
#3903=DIRECTION('',(-1.,-1.15701797378722E-16,-1.09961177103467E-15));
#3904=DIRECTION('',(-1.06029162762058E-16,-0.10776307345283,0.10776307345283));
#3905=DIRECTION('',(9.25345864757993E-17,-1.,-9.10615997888088E-17));
#3906=DIRECTION('',(-0.0761999999999998,0.,0.));
#3907=DIRECTION('',(1.,1.15701797378722E-16,1.09961177103467E-15));
#3908=DIRECTION('',(-5.55111512312578E-17,-0.0538815367264149,0.053881536726415));
#3909=DIRECTION('',(1.15701797378722E-16,-1.,0.));
#3910=DIRECTION('',(-0.0538815367264149,0.,-0.0538815367264149));
#3911=DIRECTION('',(1.15701797378722E-16,-1.,0.));
#3912=DIRECTION('',(-0.0762,0.,0.));
#3913=DIRECTION('',(1.15701797378722E-16,-1.,0.));
#3914=DIRECTION('',(-1.15701797378722E-16,1.,0.));
#3915=DIRECTION('',(-6.26211574478914E-16,-7.24538047065697E-32,1.));
#3916=DIRECTION('',(-1.,0.,-6.22179105877996E-16));
#3917=DIRECTION('',(0.,0.0762,0.));
#3918=DIRECTION('',(-6.26211574478914E-16,-7.24538047065697E-32,1.));
#3919=DIRECTION('',(-0.484933830537734,0.484933830537734,-3.03671177539126E-16));
#3920=DIRECTION('',(6.26211574478914E-16,7.24538047065697E-32,-1.));
#3921=DIRECTION('',(-0.538815367264149,0.538815367264149,-3.33066907387547E-16));
#3922=DIRECTION('',(1.,3.93311505969601E-31,6.26211574478914E-16));
#3923=DIRECTION('',(0.,0.0538815367264149,-0.0538815367264149));
#3924=DIRECTION('',(-1.,-3.93311505969601E-31,-6.26211574478914E-16));
#3925=DIRECTION('',(0.,0.0762,0.));
#3926=DIRECTION('',(-1.,-3.93311505969601E-31,-6.26211574478914E-16));
#3927=DIRECTION('',(1.,3.93311505969601E-31,6.26211574478914E-16));
#3928=DIRECTION('',(-6.26211574478914E-16,-7.24538047065697E-32,1.));
#3929=DIRECTION('',(1.61887288513438E-16,1.,-4.03246860091861E-18));
#3930=DIRECTION('',(0.0762000000000005,0.,0.));
#3931=DIRECTION('',(-6.26211574478914E-16,-7.24538047065697E-32,1.));
#3932=DIRECTION('',(0.484933830537734,0.484933830537734,3.03671177539126E-16));
#3933=DIRECTION('',(6.26211574478914E-16,7.24538047065697E-32,-1.));
#3934=DIRECTION('',(0.538815367264149,0.538815367264149,3.33066907387547E-16));
#3935=DIRECTION('',(1.,1.15701797378722E-16,-1.09961177103467E-15));
#3936=DIRECTION('',(-1.,-1.15701797378722E-16,1.09961177103467E-15));
#3937=DIRECTION('',(5.55111512312578E-17,-0.0538815367264149,0.053881536726415));
#3938=DIRECTION('',(2.31672109029212E-17,-1.,9.10615997888088E-17));
#3939=DIRECTION('',(0.,0.,-0.0761999999999996));
#3940=DIRECTION('',(1.,1.15701797378722E-16,-1.09961177103467E-15));
#3941=DIRECTION('',(1.30965925341153E-16,-0.10776307345283,0.10776307345283));
#3942=DIRECTION('',(1.15701797378722E-16,-1.,0.));
#3943=DIRECTION('',(0.0538815367264149,0.,-0.0538815367264149));
#3944=DIRECTION('',(-1.15701797378722E-16,1.,0.));
#3945=DIRECTION('',(1.15701797378722E-16,-1.,0.));
#3946=DIRECTION('',(-6.26211574478914E-16,-7.24538047065697E-32,1.));
#3947=DIRECTION('',(0.950488963767834,0.310758314057,5.81636466581897E-16));
#3948=DIRECTION('',(0.,0.,-0.0761999999999998));
#3949=DIRECTION('',(-6.26211574478914E-16,-7.24538047065697E-32,1.));
#3950=DIRECTION('',(0.3175,-5.52097991864063E-33,1.94289029309402E-16));
#3951=DIRECTION('',(-6.26211574478914E-16,-7.24538047065697E-32,1.));
#3952=DIRECTION('',(0.3175,-5.52097991864063E-33,1.94289029309402E-16));
#3953=DIRECTION('',(-0.950488963767834,0.310758314057,-5.81636466581897E-16));
#3954=DIRECTION('',(0.0236797835311435,0.0724272590391091,0.));
#3955=DIRECTION('',(6.26211574478914E-16,7.24538047065697E-32,-1.));
#3956=DIRECTION('',(0.3937,-6.84601509911438E-33,2.46539496872349E-16));
#3957=DIRECTION('',(6.26211574478914E-16,7.24538047065697E-32,-1.));
#3958=DIRECTION('',(0.3937,-6.84601509911438E-33,2.46539496872349E-16));
#3959=DIRECTION('',(1.,0.,6.26211574478914E-16));
#3960=DIRECTION('',(0.,-0.0538815367264149,0.0538815367264149));
#3961=DIRECTION('',(1.,0.,6.26211574478914E-16));
#3962=DIRECTION('',(-1.,0.,-6.26211574478914E-16));
#3963=DIRECTION('',(0.,0.,-1.));
#3964=DIRECTION('',(0.3175,0.,0.));
#3965=DIRECTION('',(-1.,-1.15701797378722E-16,0.));
#3966=DIRECTION('',(1.1509783177228E-16,-1.,-2.27653999472022E-17));
#3967=DIRECTION('',(-0.0762,0.,0.));
#3968=DIRECTION('',(1.,1.15701797378722E-16,0.));
#3969=DIRECTION('',(0.,-0.00550542717839829,0.0760008570450581));
#3970=DIRECTION('',(1.15701797378722E-16,-1.,0.));
#3971=DIRECTION('',(-0.0538815367264149,0.,-0.0538815367264149));
#3972=DIRECTION('',(1.15701797378722E-16,-1.,0.));
#3973=DIRECTION('',(-0.0762,0.,0.));
#3974=DIRECTION('',(1.15701797378722E-16,-1.,0.));
#3975=DIRECTION('',(-1.25240587700104E-16,-1.44905611016695E-32,1.));
#3976=DIRECTION('',(-1.,0.,-1.27010568566414E-16));
#3977=DIRECTION('',(0.,0.0762,0.));
#3978=DIRECTION('',(-1.25240587700104E-16,-1.44905611016695E-32,1.));
#3979=DIRECTION('',(-0.484933830537734,0.484933830537734,-6.07333979322085E-17));
#3980=DIRECTION('',(-1.25240587700104E-16,-1.44905611016695E-32,1.));
#3981=DIRECTION('',(0.,1.,1.76998086631017E-18));
#3982=DIRECTION('',(0.0761999999999996,4.44089209850063E-16,0.));
#3983=DIRECTION('',(-1.25240587700104E-16,-1.44905611016695E-32,1.));
#3984=DIRECTION('',(0.484933830537734,0.484933830537734,6.07333979322085E-17));
#3985=DIRECTION('',(1.,0.,1.27010568566414E-16));
#3986=DIRECTION('',(0.,0.,-0.0762));
#3987=DIRECTION('',(1.25240587700104E-16,1.44905611016695E-32,-1.));
#3988=DIRECTION('',(0.538815367264149,0.538815367264149,6.93889390390723E-17));
#3989=DIRECTION('',(-1.,-1.15701797378722E-16,0.));
#3990=DIRECTION('',(-1.,-1.15701797378722E-16,0.));
#3991=DIRECTION('',(0.,-0.00550542717839831,0.0760008570450581));
#3992=DIRECTION('',(1.1509783177228E-16,-1.,0.));
#3993=DIRECTION('',(0.,0.,-0.0762));
#3994=DIRECTION('',(1.,1.15701797378722E-16,0.));
#3995=DIRECTION('',(1.2739756397567E-18,-0.0110108543567966,0.152001714090116));
#3996=DIRECTION('',(1.15701797378722E-16,-1.,0.));
#3997=DIRECTION('',(0.0538815367264149,0.,-0.0538815367264149));
#3998=DIRECTION('',(-1.15701797378722E-16,1.,0.));
#3999=DIRECTION('',(1.15701797378722E-16,-1.,0.));
#4000=DIRECTION('',(1.,1.31100219286295E-30,1.25240587700104E-16));
#4001=DIRECTION('',(0.,0.0538815367264149,-0.0538815367264149));
#4002=DIRECTION('',(-1.,-1.31100219286295E-30,-1.25240587700104E-16));
#4003=DIRECTION('',(-1.25240587700104E-16,-1.44905611016695E-32,1.));
#4004=DIRECTION('',(-1.25240587700104E-16,-1.44905611016695E-32,1.));
#4005=DIRECTION('',(0.3175,-1.10418075594722E-33,4.16333634234434E-17));
#4006=DIRECTION('',(1.25240587700104E-16,1.44905611016695E-32,-1.));
#4007=DIRECTION('',(0.3937,-1.36918413737455E-33,4.9307219377531E-17));
#4008=DIRECTION('',(-1.,1.81480638847735E-48,-1.25240587700104E-16));
#4009=DIRECTION('',(0.,-0.0109820783190928,0.0754044690704292));
#4010=DIRECTION('',(1.,-1.81480638847735E-48,1.25240587700104E-16));
#4011=DIRECTION('',(0.,0.,-1.));
#4012=DIRECTION('',(0.3175,0.,0.));
#4013=DIRECTION('',(1.09961177103467E-15,0.,-1.));
#4014=DIRECTION('',(0.,0.,1.));
#4015=DIRECTION('',(0.,0.,-1.));
#4016=DIRECTION('',(0.3302,0.,0.));
#4017=DIRECTION('',(0.,0.,1.));
#4018=DIRECTION('',(0.284928822415371,-0.16687602031745,0.));
#4019=DIRECTION('',(0.,0.,-1.));
#4020=DIRECTION('',(0.,0.,1.));
#4021=DIRECTION('',(0.,-1.,0.));
#4022=DIRECTION('',(0.0538815367264149,0.,-0.0538815367264149));
#4023=DIRECTION('',(0.707106781186545,-0.70710678118655,0.));
#4024=DIRECTION('',(0.0762,0.0761999999999996,0.));
#4025=DIRECTION('',(0.,1.,0.));
#4026=DIRECTION('',(0.,0.,-1.));
#4027=DIRECTION('',(0.,0.,-1.));
#4028=DIRECTION('',(-0.200246817820612,-0.229791757799793,0.));
#4029=DIRECTION('',(0.,0.,-1.));
#4030=DIRECTION('',(0.,0.,1.));
#4031=DIRECTION('',(-0.250308522275765,-0.287239697249741,0.));
#4032=DIRECTION('',(-1.,0.,0.));
#4033=DIRECTION('',(-1.,0.,0.));
#4034=DIRECTION('',(0.,-0.179605122421383,0.179605122421383));
#4035=DIRECTION('',(0.,0.,-1.));
#4036=DIRECTION('',(0.,0.,1.));
#4037=DIRECTION('',(-0.381,0.,0.));
#4038=DIRECTION('',(0.,0.,-1.));
#4039=DIRECTION('',(0.,0.,-1.));
#4040=DIRECTION('',(-0.30030759198009,0.137285797514235,0.));
#4041=DIRECTION('',(0.,0.,-1.));
#4042=DIRECTION('',(-0.17846606072416,0.277816315520886,0.));
#4043=DIRECTION('',(0.,0.,1.));
#4044=DIRECTION('',(0.,0.,-1.));
#4045=DIRECTION('',(0.,0.3302,0.));
#4046=DIRECTION('',(0.,0.,1.));
#4047=DIRECTION('',(0.172108269964942,0.28179918986696,0.));
#4048=DIRECTION('',(0.,0.,-1.));
#4049=DIRECTION('',(0.,0.,1.));
#4050=DIRECTION('',(0.,0.,-1.));
#4051=DIRECTION('',(0.,0.,-1.));
#4052=DIRECTION('',(0.216586847948727,-0.21446019979389,0.));
#4053=DIRECTION('',(0.,0.,-1.));
#4054=DIRECTION('',(0.,0.,1.));
#4055=DIRECTION('',(0.270733559935909,-0.268075249742362,0.));
#4056=DIRECTION('',(-0.975487748227018,0.220053750386087,0.));
#4057=DIRECTION('',(0.,0.,0.0762));
#4058=DIRECTION('',(0.,0.,1.));
#4059=DIRECTION('',(-0.381,0.,0.));
#4060=DIRECTION('',(0.,0.,-1.));
#4061=DIRECTION('',(0.,0.,-1.));
#4062=DIRECTION('',(-0.3302,0.,0.));
#4063=DIRECTION('',(0.,0.,1.));
#4064=DIRECTION('',(-0.381,0.,0.));
#4065=DIRECTION('',(0.,0.,1.));
#4066=DIRECTION('',(-1.98813375470429E-32,2.77741059198715E-32,1.));
#4067=DIRECTION('',(-0.381,0.,0.));
#4068=DIRECTION('',(0.,0.,1.));
#4069=DIRECTION('',(-0.280826656285186,0.173690613216955,0.));
#4070=DIRECTION('',(0.,0.,-1.));
#4071=DIRECTION('',(0.,0.,1.));
#4072=DIRECTION('',(0.,0.,-1.));
#4073=DIRECTION('',(0.283494883786681,-0.169300593226298,0.));
#4074=DIRECTION('',(-1.,0.,0.));
#4075=DIRECTION('',(0.,-0.0538815367264149,-0.0538815367264149));
#4076=DIRECTION('',(1.,0.,0.));
#4077=DIRECTION('',(-0.707106781186545,0.70710678118655,0.));
#4078=DIRECTION('',(-0.0762,-0.0761999999999996,0.));
#4079=DIRECTION('',(-1.,-1.43792485378965E-16,0.));
#4080=DIRECTION('',(0.,-0.0538815367264149,-0.0538815367264149));
#4081=DIRECTION('',(1.,1.43792485378965E-16,0.));
#4082=DIRECTION('',(0.,0.,1.));
#4083=DIRECTION('',(-1.43792485378965E-16,1.,0.));
#4084=DIRECTION('',(0.,0.,-1.));
#4085=DIRECTION('',(0.,0.,1.));
#4086=DIRECTION('',(1.,1.43792485378965E-16,0.));
#4087=DIRECTION('',(0.,0.,-1.));
#4088=DIRECTION('',(0.,1.,0.));
#4089=DIRECTION('',(-0.0538815367264149,0.,-0.0538815367264149));
#4090=DIRECTION('',(0.,-1.,0.));
#4091=DIRECTION('',(-0.0538815367264149,0.,-0.0538815367264149));
#4092=DIRECTION('',(0.,0.,-1.));
#4093=DIRECTION('',(0.,0.,-1.));
#4094=DIRECTION('',(0.228418776418867,0.201811552145331,0.));
#4095=DIRECTION('',(0.,0.,-1.));
#4096=DIRECTION('',(0.,0.,1.));
#4097=DIRECTION('',(0.285523470523584,0.252264440181664,0.));
#4098=DIRECTION('',(0.,0.,-1.));
#4099=DIRECTION('',(0.,0.,1.));
#4100=DIRECTION('',(-0.381,0.,0.));
#4101=DIRECTION('',(-1.98813375470429E-32,2.77741059198715E-32,1.));
#4102=DIRECTION('',(-0.381,0.,0.));
#4103=DIRECTION('',(0.,0.,-1.));
#4104=DIRECTION('',(0.162986171371494,-0.287171634987966,0.));
#4105=DIRECTION('',(0.,0.,1.));
#4106=DIRECTION('',(-1.98813375470429E-32,2.77741059198715E-32,1.));
#4107=DIRECTION('',(1.,1.10043364000159E-16,0.));
#4108=DIRECTION('',(0.,-1.,0.));
#4109=DIRECTION('',(1.,0.,1.98813375470429E-32));
#4110=DIRECTION('',(0.,1.,-2.77741059198715E-32));
#4111=DIRECTION('',(1.,0.,1.98813375470429E-32));
#4112=DIRECTION('',(-1.15701797378722E-16,1.,-2.77741059198715E-32));
#4113=DIRECTION('',(-1.,0.,-1.98813375470429E-32));
#4114=DIRECTION('',(0.,1.,-2.77741059198715E-32));
#4115=DIRECTION('',(-1.,0.,-1.98813375470429E-32));
#4116=DIRECTION('',(0.,1.,-2.77741059198715E-32));
#4117=DIRECTION('',(1.,0.,1.98813375470429E-32));
#4118=DIRECTION('',(0.,1.,-2.77741059198715E-32));
#4119=DIRECTION('',(-1.,0.,-1.98813375470429E-32));
#4120=DIRECTION('',(0.,1.,-2.77741059198715E-32));
#4121=DIRECTION('',(0.,0.,-1.));
#4122=DIRECTION('',(0.150148147773741,0.294087697328731,0.));
#4123=DIRECTION('',(0.,0.,-1.));
#4124=DIRECTION('',(0.281612285238845,0.172413922879086,0.));
#4125=DIRECTION('',(0.,0.,-1.));
#4126=DIRECTION('',(0.,0.,1.));
#4127=DIRECTION('',(0.,0.,1.));
#4128=DIRECTION('',(-0.380999999999999,0.,0.));
#4129=DIRECTION('',(0.,0.,-1.));
#4130=DIRECTION('',(0.,-0.3302,0.));
#4131=DIRECTION('',(0.,0.,1.));
#4132=DIRECTION('',(-0.170905803795106,-0.282530080220052,0.));
#4133=DIRECTION('',(0.,0.,-1.));
#4134=DIRECTION('',(0.,0.,1.));
#4135=DIRECTION('',(0.,0.,-1.));
#4136=DIRECTION('',(0.,0.,1.));
#4137=DIRECTION('',(-0.271829619304975,0.266963776697349,0.));
#4138=DIRECTION('',(-1.98813375470429E-32,2.77741059198715E-32,1.));
#4139=DIRECTION('',(-1.,0.,0.));
#4140=DIRECTION('',(1.,0.,0.));
#4141=DIRECTION('',(1.,0.,0.));
#4142=DIRECTION('',(0.,0.179605122421383,0.179605122421383));
#4143=DIRECTION('',(0.,0.,-1.));
#4144=DIRECTION('',(0.,1.,0.));
#4145=DIRECTION('',(1.,0.,0.));
#4146=DIRECTION('',(1.,0.,0.));
#4147=DIRECTION('',(0.,0.0538815367264149,-0.0538815367264149));
#4148=DIRECTION('',(1.,0.,0.));
#4149=DIRECTION('',(0.,0.0538815367264149,-0.0538815367264149));
#4150=DIRECTION('',(-1.,0.,0.));
#4151=DIRECTION('',(0.,-1.,0.));
#4152=DIRECTION('',(-1.,0.,0.));
#4153=DIRECTION('',(-1.,0.,0.));
#4154=DIRECTION('',(0.,0.,1.));
#4155=DIRECTION('',(-1.,0.,0.));
#4156=DIRECTION('',(0.,0.179605122421383,0.179605122421383));
#4157=DIRECTION('',(0.,1.,0.));
#4158=DIRECTION('',(-0.0538815367264149,0.,-0.0538815367264149));
#4159=DIRECTION('',(0.,-1.,0.));
#4160=DIRECTION('',(0.707106781186547,0.707106781186547,0.));
#4161=DIRECTION('',(-0.0762,0.0762,0.));
#4162=DIRECTION('',(1.,0.,0.));
#4163=DIRECTION('',(0.,0.0538815367264149,-0.0538815367264149));
#4164=DIRECTION('',(-1.,0.,0.));
#4165=DIRECTION('',(0.,0.0538815367264149,-0.0538815367264149));
#4166=DIRECTION('',(1.,0.,0.));
#4167=DIRECTION('',(0.,0.,1.));
#4168=DIRECTION('',(1.,0.,0.));
#4169=DIRECTION('',(0.,-0.179605122421383,0.179605122421383));
#4170=DIRECTION('',(1.09961177103467E-15,-8.66253884416481E-30,1.));
#4171=DIRECTION('',(0.538815367264149,0.538815367264149,-6.2803698347351E-16));
#4172=DIRECTION('',(-1.09961177103467E-15,8.66253884416481E-30,-1.));
#4173=DIRECTION('',(1.09961177103467E-15,-8.66253884416481E-30,1.));
#4174=DIRECTION('',(0.,1.,0.));
#4175=DIRECTION('',(-1.,0.,0.));
#4176=DIRECTION('',(1.09961177103467E-15,0.,1.));
#4177=DIRECTION('',(1.10043364000159E-16,-1.,0.));
#4178=DIRECTION('',(0.,0.,1.));
#4179=DIRECTION('',(-0.1143,0.,0.));
#4180=DIRECTION('',(0.,0.,1.));
#4181=DIRECTION('',(0.1143,0.,0.));
#4182=DIRECTION('',(0.,0.,1.));
#4183=DIRECTION('',(0.,0.,1.));
#4184=DIRECTION('',(0.1143,0.,0.));
#4185=DIRECTION('',(0.,0.,-1.));
#4186=DIRECTION('',(0.1778,0.,0.));
#4187=DIRECTION('',(0.,0.,1.));
#4188=DIRECTION('',(0.,0.,1.));
#4189=DIRECTION('',(0.1143,0.,0.));
#4190=DIRECTION('',(0.,0.,-1.));
#4191=DIRECTION('',(0.1778,0.,0.));
#4192=DIRECTION('',(0.,0.,1.));
#4193=DIRECTION('',(0.,0.,-1.));
#4194=DIRECTION('',(0.1778,0.,0.));
#4195=DIRECTION('',(0.,0.,1.));
#4196=DIRECTION('',(-0.1143,0.,0.));
#4197=DIRECTION('',(0.,0.,1.));
#4198=DIRECTION('',(0.,0.,1.));
#4199=DIRECTION('',(0.3175,0.,0.));
#4200=DIRECTION('',(0.,0.,1.));
#4201=DIRECTION('',(-0.1143,0.,0.));
#4202=DIRECTION('',(0.,0.,1.));
#4203=DIRECTION('',(0.,0.,1.));
#4204=DIRECTION('',(0.3175,0.,0.));
#4205=DIRECTION('',(0.,0.,1.));
#4206=DIRECTION('',(0.,0.,1.));
#4207=DIRECTION('',(0.3175,0.,0.));
#4208=DIRECTION('',(0.,1.,-2.77741059198715E-32));
#4209=DIRECTION('',(0.179605122421383,0.,0.179605122421383));
#4210=DIRECTION('',(0.,-1.,2.77741059198715E-32));
#4211=DIRECTION('',(0.254,0.,0.));
#4212=DIRECTION('',(0.707106781186548,0.707106781186548,0.));
#4213=DIRECTION('',(0.254,-0.254,0.));
#4214=DIRECTION('',(0.,-1.,2.77741059198715E-32));
#4215=DIRECTION('',(0.,0.,-1.));
#4216=DIRECTION('',(0.707106781186547,-0.707106781186547,0.));
#4217=DIRECTION('',(1.,0.,1.98813375470429E-32));
#4218=DIRECTION('',(0.,0.,0.254));
#4219=DIRECTION('',(0.,0.,-1.));
#4220=DIRECTION('',(0.179605122421383,-0.179605122421383,0.));
#4221=DIRECTION('',(0.,1.,0.));
#4222=DIRECTION('',(-1.,0.,-1.98813375470429E-32));
#4223=DIRECTION('',(0.,0.,1.));
#4224=DIRECTION('',(0.,0.,-1.));
#4225=DIRECTION('',(0.,0.,1.));
#4226=DIRECTION('',(0.179605122421383,-0.179605122421383,0.));
#4227=DIRECTION('',(0.,0.,-1.));
#4228=DIRECTION('',(-1.,0.,0.));
#4229=DIRECTION('',(0.,0.,-1.));
#4230=DIRECTION('',(1.,0.,1.98813375470429E-32));
#4231=DIRECTION('',(0.,-0.179605122421383,0.179605122421383));
#4232=DIRECTION('',(-1.,0.,-1.98813375470429E-32));
#4233=DIRECTION('',(1.,1.15701797378722E-16,-1.09961177103467E-15));
#4234=DIRECTION('',(0.,-0.179605122421383,0.179605122421383));
#4235=DIRECTION('',(-1.,0.,-1.98813375470429E-32));
#4236=DIRECTION('',(0.,-0.254,0.));
#4237=DIRECTION('',(-1.,-1.15701797378722E-16,-1.09961177103467E-15));
#4238=DIRECTION('',(0.,-0.179605122421383,0.179605122421383));
#4239=DIRECTION('',(-1.,0.,-1.98813375470429E-32));
#4240=DIRECTION('',(0.,-1.,2.77741059198715E-32));
#4241=DIRECTION('',(-0.179605122421384,0.,0.179605122421383));
#4242=DIRECTION('',(0.,-1.,2.77741059198715E-32));
#4243=DIRECTION('',(0.,0.,0.254));
#4244=DIRECTION('',(0.,1.,-2.77741059198715E-32));
#4245=DIRECTION('',(-0.707106781186548,0.707106781186547,0.));
#4246=DIRECTION('',(-0.254,-0.254,2.77555756156289E-17));
#4247=DIRECTION('',(0.,0.,-1.));
#4248=DIRECTION('',(-0.707106781186549,-0.707106781186546,0.));
#4249=DIRECTION('',(0.,0.,-1.));
#4250=DIRECTION('',(-0.179605122421384,-0.179605122421383,0.));
#4251=DIRECTION('',(0.,0.,-1.));
#4252=DIRECTION('',(0.3175,0.,0.));
#4253=DIRECTION('',(6.26211574478914E-16,7.24538047065697E-32,-1.));
#4254=DIRECTION('',(0.3175,0.,0.));
#4255=DIRECTION('',(6.26211574478914E-16,7.24538047065697E-32,-1.));
#4256=DIRECTION('',(1.15701797378722E-16,-1.,0.));
#4257=DIRECTION('',(1.,0.,1.98813375470429E-32));
#4258=DIRECTION('',(6.26211574478914E-16,7.24538047065697E-32,-1.));
#4259=DIRECTION('',(0.3175,0.,0.));
#4260=DIRECTION('',(1.,0.,1.98813375470429E-32));
#4261=DIRECTION('',(1.15701797378722E-16,-1.,0.));
#4262=DIRECTION('',(-1.,-1.15701797378722E-16,-1.09961177103467E-15));
#4263=DIRECTION('',(0.,0.179605122421383,0.179605122421383));
#4264=DIRECTION('',(0.,1.,-2.77741059198715E-32));
#4265=DIRECTION('',(0.179605122421383,0.,0.179605122421383));
#4266=DIRECTION('',(0.,1.,-2.77741059198715E-32));
#4267=DIRECTION('',(0.,0.,0.254));
#4268=DIRECTION('',(0.,-1.,2.77741059198715E-32));
#4269=DIRECTION('',(0.707106781186547,-0.707106781186548,0.));
#4270=DIRECTION('',(0.254,0.254,0.));
#4271=DIRECTION('',(0.,0.,-1.));
#4272=DIRECTION('',(0.707106781186547,0.707106781186547,0.));
#4273=DIRECTION('',(1.,0.,1.98813375470429E-32));
#4274=DIRECTION('',(0.,0.254,0.));
#4275=DIRECTION('',(0.,0.,-1.));
#4276=DIRECTION('',(0.179605122421383,0.179605122421383,0.));
#4277=DIRECTION('',(0.,1.,-2.77741059198715E-32));
#4278=DIRECTION('',(0.179605122421383,0.,0.179605122421383));
#4279=DIRECTION('',(0.707106781186548,-0.707106781186548,0.));
#4280=DIRECTION('',(0.254,0.254,0.));
#4281=DIRECTION('',(0.707106781186548,0.707106781186548,0.));
#4282=DIRECTION('',(0.254,-0.254,0.));
#4283=DIRECTION('',(0.,-1.,2.77741059198715E-32));
#4284=DIRECTION('',(1.,1.15701797378722E-16,-1.09961177103467E-15));
#4285=DIRECTION('',(1.,1.15701797378722E-16,-1.09961177103467E-15));
#4286=DIRECTION('',(0.,0.179605122421383,0.179605122421383));
#4287=DIRECTION('',(-1.98813375470429E-32,2.77741059198715E-32,1.));
#4288=DIRECTION('',(0.,-1.,2.77741059198715E-32));
#4289=DIRECTION('',(-0.179605122421384,0.,0.179605122421383));
#4290=DIRECTION('',(-0.707106781186548,-0.707106781186548,0.));
#4291=DIRECTION('',(-0.254,0.254,-2.77555756156289E-17));
#4292=DIRECTION('',(0.,1.,-2.77741059198715E-32));
#4293=DIRECTION('',(0.,1.,-2.77741059198715E-32));
#4294=DIRECTION('',(-0.254,0.,0.));
#4295=DIRECTION('',(-1.,0.,-1.98813375470429E-32));
#4296=DIRECTION('',(0.,0.179605122421383,0.179605122421383));
#4297=DIRECTION('',(1.,0.,1.98813375470429E-32));
#4298=DIRECTION('',(-1.,0.,-1.98813375470429E-32));
#4299=DIRECTION('',(0.,0.,0.254));
#4300=DIRECTION('',(0.,0.,-1.));
#4301=DIRECTION('',(-0.707106781186549,0.707106781186546,0.));
#4302=DIRECTION('',(0.,0.,-1.));
#4303=DIRECTION('',(-0.179605122421384,0.179605122421383,0.));
#4304=DIRECTION('',(0.,0.,-1.));
#4305=DIRECTION('',(0.3175,0.,0.));
#4306=DIRECTION('',(0.,0.,1.));
#4307=DIRECTION('',(-0.179605122421383,0.179605122421383,0.));
#4308=DIRECTION('',(0.,0.,-1.));
#4309=DIRECTION('',(0.,0.,1.));
#4310=DIRECTION('',(0.,0.,1.));
#4311=DIRECTION('',(-0.179605122421383,-0.179605122421383,0.));
#4312=DIRECTION('',(0.,0.,1.));
#4313=DIRECTION('',(0.,-1.,0.));
#4314=DIRECTION('',(0.,0.,-1.));
#4315=DIRECTION('',(1.,0.,0.));
#4316=DIRECTION('',(0.,0.,1.));
#4317=DIRECTION('',(-1.,0.,-1.98813375470429E-32));
#4318=DIRECTION('',(0.,-0.179605122421383,0.179605122421383));
#4319=DIRECTION('',(-1.,0.,-1.98813375470429E-32));
#4320=DIRECTION('',(0.,-1.,0.));
#4321=DIRECTION('',(-1.,0.,-1.98813375470429E-32));
#4322=DIRECTION('',(0.,-0.179605122421383,0.179605122421383));
#4323=DIRECTION('',(-1.,0.,-1.98813375470429E-32));
#4324=DIRECTION('',(1.,0.,1.98813375470429E-32));
#4325=DIRECTION('',(0.,0.179605122421383,0.179605122421383));
#4326=DIRECTION('',(1.,0.,1.98813375470429E-32));
#4327=DIRECTION('',(0.,-1.,0.));
#4328=DIRECTION('',(0.,1.,0.));
#4329=DIRECTION('',(0.,0.,-1.));
#4330=DIRECTION('',(1.,0.,1.98813375470429E-32));
#4331=DIRECTION('',(0.,0.179605122421383,0.179605122421383));
#4332=DIRECTION('',(1.,0.,1.98813375470429E-32));
#4333=DIRECTION('',(1.,0.,0.));
#4334=DIRECTION('',(0.,0.179605122421383,0.179605122421383));
#4335=DIRECTION('',(0.,1.,0.));
#4336=DIRECTION('',(0.,0.,1.));
#4337=DIRECTION('',(-1.,0.,0.));
#4338=DIRECTION('',(0.,0.,-1.));
#4339=DIRECTION('',(1.,0.,1.98813375470429E-32));
#4340=DIRECTION('',(0.,0.179605122421383,0.179605122421383));
#4341=DIRECTION('',(1.,0.,1.98813375470429E-32));
#4342=DIRECTION('',(-1.,0.,-1.98813375470429E-32));
#4343=DIRECTION('',(0.,-0.179605122421383,0.179605122421383));
#4344=DIRECTION('',(1.,0.,0.));
#4345=DIRECTION('',(0.,-0.179605122421383,0.179605122421383));
#4346=DIRECTION('',(-1.,0.,-1.98813375470429E-32));
#4347=DIRECTION('',(0.,1.,0.));
#4348=DIRECTION('',(0.,0.,1.));
#4349=DIRECTION('',(0.,-1.,0.));
#4350=DIRECTION('',(0.,0.,1.));
#4351=DIRECTION('',(1.,0.,0.));
#4352=DIRECTION('',(0.,0.,-1.));
#4353=DIRECTION('',(1.09961177103467E-15,8.66253884416481E-30,-1.));
#4354=DIRECTION('',(-0.538815367264149,0.538815367264149,-6.2803698347351E-16));
#4355=DIRECTION('',(1.09961177103467E-15,8.66253884416481E-30,-1.));
#4356=DIRECTION('',(-1.09961177103467E-15,-8.66253884416481E-30,1.));
#4357=DIRECTION('',(3.1320978566652E-45,-2.70704338880151E-29,1.));
#4358=DIRECTION('',(0.538815367264149,0.538815367264149,0.));
#4359=DIRECTION('',(-3.1320978566652E-45,2.70704338880151E-29,-1.));
#4360=DIRECTION('',(-3.93311505969606E-31,1.,8.66253884416481E-30));
#4361=DIRECTION('',(0.,0.,1.));
#4362=DIRECTION('',(0.,0.,1.));
#4363=DIRECTION('',(0.179605122421383,0.179605122421383,0.));
#4364=DIRECTION('',(0.,0.,1.));
#4365=DIRECTION('',(0.,0.,-1.));
#4366=DIRECTION('',(0.3175,0.,0.));
#4367=CARTESIAN_POINT('',(-4.44633074264526,-2.78428574066163,1.397));
#4368=CARTESIAN_POINT('',(-4.44633074264526,-2.78428574066163,1.67465553092957));
#4369=CARTESIAN_POINT('',(-4.44633074264526,-3.11448574066163,1.67465553092957));
#4370=CARTESIAN_POINT('',(-4.77653074264526,-2.78428574066163,1.67465553092957));
#4371=CARTESIAN_POINT('',(-4.77653074264526,-2.78428574066163,1.397));
#4372=CARTESIAN_POINT('',(-4.77653074264526,-2.78428574066163,1.397));
#4373=CARTESIAN_POINT('',(-4.44633074264526,-2.78428574066163,1.397));
#4374=CARTESIAN_POINT('',(-4.76909273294839,-2.85397603858431,1.397));
#4375=CARTESIAN_POINT('',(-4.44633074264526,-2.78428574066163,1.397));
#4376=CARTESIAN_POINT('',(-4.44633074264526,-3.11448574066163,1.397));
#4377=CARTESIAN_POINT('',(-4.44633074264526,-3.11448574066163,1.397));
#4378=CARTESIAN_POINT('',(-0.740947008132932,-0.0260822772979774,1.397));
#4379=CARTESIAN_POINT('',(-4.77653074264526,3.06232118606567,1.397));
#4380=CARTESIAN_POINT('',(-4.77653074264526,2.67240803541533,1.397));
#4381=CARTESIAN_POINT('',(-4.77280187606812,3.05338978767395,1.397));
#4382=CARTESIAN_POINT('',(-4.76689086069217,2.67243564358673,1.397));
#4383=CARTESIAN_POINT('',(-4.76599788670736,3.48798226932048,1.397));
#4384=CARTESIAN_POINT('',(-4.76599788524072,3.44414094545651,1.397));
#4385=CARTESIAN_POINT('',(-4.76816520356571,3.39874102849606,1.39700000000002));
#4386=CARTESIAN_POINT('',(-4.77113117395987,3.32411781705329,1.39700000000002));
#4387=CARTESIAN_POINT('',(-4.77185497864265,3.30417927656214,1.39699999999865));
#4388=CARTESIAN_POINT('',(-4.77305395778897,3.26287775376259,1.39699999999865));
#4389=CARTESIAN_POINT('',(-4.77348311776456,3.24388941635399,1.397));
#4390=CARTESIAN_POINT('',(-4.77451258917,3.18246671121529,1.397));
#4391=CARTESIAN_POINT('',(-4.77470384804956,3.13711835209632,1.397));
#4392=CARTESIAN_POINT('',(-4.77480957382997,3.07781290847278,1.397));
#4393=CARTESIAN_POINT('',(-4.7748172736314,3.05453649977725,1.397));
#4394=CARTESIAN_POINT('',(-4.77477815488961,2.99673863814884,1.397));
#4395=CARTESIAN_POINT('',(-4.77466316337938,2.93971762975579,1.397));
#4396=CARTESIAN_POINT('',(-4.77368232352918,2.87295010281484,1.397));
#4397=CARTESIAN_POINT('',(-4.77327748258845,2.8531248238119,1.397));
#4398=CARTESIAN_POINT('',(-4.77215317349368,2.81183024397019,1.397));
#4399=CARTESIAN_POINT('',(-4.77147919358161,2.79218140608715,1.39699999999785));
#4400=CARTESIAN_POINT('',(-4.76915429345467,2.73194651812512,1.39699999999785));
#4401=CARTESIAN_POINT('',(-4.76763625403708,2.6998777997702,1.397));
#4402=CARTESIAN_POINT('',(-4.76628117822786,2.65048696675967,1.397));
#4403=CARTESIAN_POINT('',(-4.76599788761102,2.63460875290537,1.397));
#4404=CARTESIAN_POINT('',(-4.7659978867275,2.61879730606363,1.397));
#4405=CARTESIAN_POINT('',(-4.76599788665771,2.61879730606362,1.397));
#4406=CARTESIAN_POINT('',(-4.76599788665771,3.05334043502808,1.397));
#4407=CARTESIAN_POINT('',(-4.76599788665771,-1.28741484069824,1.397));
#4408=CARTESIAN_POINT('',(-2.47048580646515,-1.28741484069824,1.397));
#4409=CARTESIAN_POINT('',(-4.21751374816895,-1.28741484069824,1.397));
#4410=CARTESIAN_POINT('',(-4.21751374816895,-0.0285396575927762,1.397));
#4411=CARTESIAN_POINT('',(-4.21751374816895,0.880765765441179,1.397));
#4412=CARTESIAN_POINT('',(-3.90137767791748,0.910163640975952,1.397));
#4413=CARTESIAN_POINT('',(-3.58387767791748,0.910163640975952,1.397));
#4414=CARTESIAN_POINT('',(-4.21751374816895,0.939561516510725,1.397));
#4415=CARTESIAN_POINT('',(-4.21751374816895,-0.0285396575927762,1.397));
#4416=CARTESIAN_POINT('',(-4.21751374816895,2.52035541152954,1.397));
#4417=CARTESIAN_POINT('',(-0.730829119682311,2.52035541152954,1.397));
#4418=CARTESIAN_POINT('',(0.771205108935152,2.52035541152954,1.397));
#4419=CARTESIAN_POINT('',(0.771205108935152,2.1127159910202,1.397));
#4420=CARTESIAN_POINT('',(0.771205108935153,-2.58234948730469,1.397));
#4421=CARTESIAN_POINT('',(-0.730829119682311,-2.58234948730469,1.397));
#4422=CARTESIAN_POINT('',(-4.21751374816895,-2.58234948730469,1.397));
#4423=CARTESIAN_POINT('',(-4.21751374816895,-0.0285396575927762,1.397));
#4424=CARTESIAN_POINT('',(-4.21751374816895,-2.17310256576538,1.397));
#4425=CARTESIAN_POINT('',(-2.47048580646515,-2.17310256576538,1.397));
#4426=CARTESIAN_POINT('',(-4.76599788665771,-2.17310256576538,1.397));
#4427=CARTESIAN_POINT('',(-4.76599788665771,-0.0285400152206438,1.397));
#4428=CARTESIAN_POINT('',(-4.76599788665771,-2.73461409802635,1.39699999999999));
#4429=CARTESIAN_POINT('',(-4.76599788665771,-2.73461409802639,1.397));
#4430=CARTESIAN_POINT('',(-4.76599788665771,-2.77742244910479,1.397));
#4431=CARTESIAN_POINT('',(-4.76792465894122,-2.82206348475789,1.397));
#4432=CARTESIAN_POINT('',(-4.77076087354143,-2.89890893880496,1.397));
#4433=CARTESIAN_POINT('',(-4.77148081960324,-2.92022142924705,1.39699999999996));
#4434=CARTESIAN_POINT('',(-4.77276103576567,-2.96792597165993,1.39699999999996));
#4435=CARTESIAN_POINT('',(-4.77322222888167,-2.99100805675494,1.397));
#4436=CARTESIAN_POINT('',(-4.77434781326682,-3.07034717508922,1.397));
#4437=CARTESIAN_POINT('',(-4.77446123316748,-3.13678845174009,1.397));
#4438=CARTESIAN_POINT('',(-4.77420825944574,-3.22975990206844,1.397));
#4439=CARTESIAN_POINT('',(-4.77385038852164,-3.27733918381541,1.397));
#4440=CARTESIAN_POINT('',(-4.7724350682766,-3.34513871748495,1.397));
#4441=CARTESIAN_POINT('',(-4.77187820347686,-3.36575384457059,1.397));
#4442=CARTESIAN_POINT('',(-4.77004283277774,-3.42246181130227,1.397));
#4443=CARTESIAN_POINT('',(-4.76874738908425,-3.45363168096126,1.397));
#4444=CARTESIAN_POINT('',(-4.76682509003348,-3.50875651685686,1.397));
#4445=CARTESIAN_POINT('',(-4.76599788665771,-3.53753373560504,1.397));
#4446=CARTESIAN_POINT('',(-4.76599788665771,-3.5650728093231,1.397));
#4447=CARTESIAN_POINT('',(-4.77653074264526,-0.0260822772979776,1.397));
#4448=CARTESIAN_POINT('',(-4.77653074264526,0.138667225837706,1.67465553092957));
#4449=CARTESIAN_POINT('',(-4.77653074264526,3.06232118606567,1.67465553092957));
#4450=CARTESIAN_POINT('',(-4.77653074264526,3.06232118606567,1.397));
#4451=CARTESIAN_POINT('',(-4.77653074264526,3.06232118606567,1.397));
#4452=CARTESIAN_POINT('',(-4.77653074264526,3.06206603427663,1.397));
#4453=CARTESIAN_POINT('',(-4.77653074264553,3.3629250646694,1.14285132473082));
#4454=CARTESIAN_POINT('',(-4.77653074264553,3.32001205962691,1.14553574921092));
#4455=CARTESIAN_POINT('',(-4.77653074264504,3.27803365358827,1.15657636587415));
#4456=CARTESIAN_POINT('',(-4.77653074264504,3.20067165126818,1.19412712354419));
#4457=CARTESIAN_POINT('',(-4.77653074264479,3.16602768827782,1.22027827957821));
#4458=CARTESIAN_POINT('',(-4.77653074264479,3.11054006109527,1.28234547274864));
#4459=CARTESIAN_POINT('',(-4.77653074264502,3.0894226257387,1.31701294284847));
#4460=CARTESIAN_POINT('',(-4.77653074264502,3.06977587775468,1.36846735036652));
#4461=CARTESIAN_POINT('',(-4.77653074264526,3.06543762558639,1.38262630349085));
#4462=CARTESIAN_POINT('',(-4.77653074264526,3.06206603427663,1.397));
#4463=CARTESIAN_POINT('',(-4.77653074264526,3.06378050861097,1.39003229151675));
#4464=CARTESIAN_POINT('',(-4.7765307426452,2.50296145030923,1.05482101101311));
#4465=CARTESIAN_POINT('',(-4.7765307426452,2.50353491983633,1.04146479258679));
#4466=CARTESIAN_POINT('',(-4.77653074264526,2.50509043609739,1.02707632340665));
#4467=CARTESIAN_POINT('',(-4.77653074264526,2.51483429503374,0.978716227405552));
#4468=CARTESIAN_POINT('',(-4.77653074264554,2.52768748777886,0.944659965138676));
#4469=CARTESIAN_POINT('',(-4.77653074264554,2.56872951001849,0.881689477481292));
#4470=CARTESIAN_POINT('',(-4.77653074264526,2.59464628769499,0.85334940125593));
#4471=CARTESIAN_POINT('',(-4.77653074264526,2.65609310095643,0.808724834656936));
#4472=CARTESIAN_POINT('',(-4.77653074264526,2.69233115331337,0.787517700041685));
#4473=CARTESIAN_POINT('',(-4.77653074264526,2.80530835610343,0.754092674210866));
#4474=CARTESIAN_POINT('',(-4.77653074264526,2.86931004200647,0.747104276490535));
#4475=CARTESIAN_POINT('',(-4.77653074264526,2.99521973409468,0.743255896069484));
#4476=CARTESIAN_POINT('',(-4.77653074264526,3.07241097242463,0.743460910203067));
#4477=CARTESIAN_POINT('',(-4.77653074264526,3.19657788018329,0.744641456535068));
#4478=CARTESIAN_POINT('',(-4.77653074264547,3.28103493536176,0.746764285515417));
#4479=CARTESIAN_POINT('',(-4.77653074264547,3.42067026467907,0.790305537749316));
#4480=CARTESIAN_POINT('',(-4.77653074264526,3.46380230473799,0.816153956147412));
#4481=CARTESIAN_POINT('',(-4.77653074264526,3.52266255859532,0.864435789706443));
#4482=CARTESIAN_POINT('',(-4.77653074264526,3.54980312698397,0.894653088824304));
#4483=CARTESIAN_POINT('',(-4.77653074264526,3.58688589630724,0.964322254811557));
#4484=CARTESIAN_POINT('',(-4.77653074264518,3.59904486951977,0.999955413068538));
#4485=CARTESIAN_POINT('',(-4.77653074264518,3.60599487803413,1.07431620556279));
#4486=CARTESIAN_POINT('',(-4.77653074264525,3.60342563752433,1.11087388598828));
#4487=CARTESIAN_POINT('',(-4.77653074264525,3.58173292649713,1.18161888471506));
#4488=CARTESIAN_POINT('',(-4.77653074264526,3.56526433018463,1.21476173364215));
#4489=CARTESIAN_POINT('',(-4.77653074264526,3.5169832130166,1.27491759852604));
#4490=CARTESIAN_POINT('',(-4.77653074264469,3.48735461923905,1.30140148514944));
#4491=CARTESIAN_POINT('',(-4.77653074264469,3.40763920037573,1.34830156056567));
#4492=CARTESIAN_POINT('',(-4.77653074264526,3.35989883326802,1.36425826261456));
#4493=CARTESIAN_POINT('',(-4.77653074264526,3.25440589891119,1.38589581172479));
#4494=CARTESIAN_POINT('',(-4.77653074264526,3.18541236850027,1.38964080110593));
#4495=CARTESIAN_POINT('',(-4.77653074264526,2.9605401016709,1.39038456826926));
#4496=CARTESIAN_POINT('',(-4.77653074264526,2.89992484418568,1.38689847438384));
#4497=CARTESIAN_POINT('',(-4.77653074264526,2.83069114519409,1.38196251224638));
#4498=CARTESIAN_POINT('',(-4.77653074264526,2.76491365651346,1.37379776851203));
#4499=CARTESIAN_POINT('',(-4.77653074264526,2.65196038280403,1.32412801590298));
#4500=CARTESIAN_POINT('',(-4.77653074264526,2.61415694877641,1.29728128958836));
#4501=CARTESIAN_POINT('',(-4.77653074264526,2.56032347923099,1.24133731459194));
#4502=CARTESIAN_POINT('',(-4.77653074264526,2.53790466006752,1.20943700449297));
#4503=CARTESIAN_POINT('',(-4.77653074264526,2.5157534994155,1.15314008907386));
#4504=CARTESIAN_POINT('',(-4.77653074264548,2.51018307406028,1.13447923588386));
#4505=CARTESIAN_POINT('',(-4.77653074264548,2.50334929601637,1.09408162924702));
#4506=CARTESIAN_POINT('',(-4.7765307426452,2.50211892031304,1.07444370084776));
#4507=CARTESIAN_POINT('',(-4.7765307426452,2.50296145030923,1.05482101101311));
#4508=CARTESIAN_POINT('',(-4.77653074264526,2.67240803541533,1.33208774758671));
#4509=CARTESIAN_POINT('',(-4.77653074264526,2.67240803541533,0.));
#4510=CARTESIAN_POINT('',(-0.740947008132932,-3.11448574066162,1.397));
#4511=CARTESIAN_POINT('',(-0.738578677177426,-3.11448574066162,1.397));
#4512=CARTESIAN_POINT('',(-3.98179826677377,-3.11448574066163,1.39700000001606));
#4513=CARTESIAN_POINT('',(-3.92045021896362,-3.11448574066163,1.32159553092957));
#4514=CARTESIAN_POINT('',(-3.92062274472034,-3.11448574066163,1.32176805668629));
#4515=CARTESIAN_POINT('',(-3.92082977540195,-3.11448574066163,1.32197508782079));
#4516=CARTESIAN_POINT('',(-3.94194223272092,-3.11448574066163,1.34308837633933));
#4517=CARTESIAN_POINT('',(-3.9665853493194,-3.11448574066163,1.36869289636792));
#4518=CARTESIAN_POINT('',(-3.98982483257141,-3.11448574066163,1.41187199298367));
#4519=CARTESIAN_POINT('',(-3.99665021896362,-3.11448574066163,1.4341561429194));
#4520=CARTESIAN_POINT('',(-3.99665021896362,-3.11448574066163,1.4645609493449));
#4521=CARTESIAN_POINT('',(-3.99436318448586,-3.11448574066163,1.47754077890507));
#4522=CARTESIAN_POINT('',(-3.98665752240275,-3.11448574066163,1.49702694622526));
#4523=CARTESIAN_POINT('',(-3.98027119771163,-3.11448574066163,1.50714568463562));
#4524=CARTESIAN_POINT('',(-3.9667957508396,-3.11448574066163,1.52112217078193));
#4525=CARTESIAN_POINT('',(-3.95749766483914,-3.11448574066163,1.52759995567176));
#4526=CARTESIAN_POINT('',(-3.94038345821341,-3.11448574066163,1.53490195658407));
#4527=CARTESIAN_POINT('',(-3.92961367789363,-3.11448574066163,1.53712167783523));
#4528=CARTESIAN_POINT('',(-3.91128676003361,-3.11448574066163,1.53712167783523));
#4529=CARTESIAN_POINT('',(-3.90051697971383,-3.11448574066163,1.53490195658407));
#4530=CARTESIAN_POINT('',(-3.8834027730881,-3.11448574066163,1.52759995567176));
#4531=CARTESIAN_POINT('',(-3.87410468708764,-3.11448574066163,1.52112217078193));
#4532=CARTESIAN_POINT('',(-3.86062924021561,-3.11448574066163,1.50714568463562));
#4533=CARTESIAN_POINT('',(-3.85424291552449,-3.11448574066163,1.49702694622526));
#4534=CARTESIAN_POINT('',(-3.84653725344139,-3.11448574066163,1.47754077890507));
#4535=CARTESIAN_POINT('',(-3.84425021896362,-3.11448574066163,1.4645609493449));
#4536=CARTESIAN_POINT('',(-3.84425021896362,-3.11448574066163,1.4341561429194));
#4537=CARTESIAN_POINT('',(-3.85107560535583,-3.11448574066163,1.41187199298367));
#4538=CARTESIAN_POINT('',(-3.87431508860784,-3.11448574066163,1.36869289636792));
#4539=CARTESIAN_POINT('',(-3.89895820520633,-3.11448574066163,1.34308837633933));
#4540=CARTESIAN_POINT('',(-3.92007066252529,-3.11448574066163,1.32197508782079));
#4541=CARTESIAN_POINT('',(-3.9202776932069,-3.11448574066163,1.32176805668629));
#4542=CARTESIAN_POINT('',(-3.92045021896362,-3.11448574066163,1.32159553092957));
#4543=CARTESIAN_POINT('',(-3.99665021896362,-3.11448574066163,1.45357780246632));
#4544=CARTESIAN_POINT('',(-3.99665021896362,-3.11448574066163,1.49836276546479));
#4545=CARTESIAN_POINT('',(-3.99665021896362,-3.11448574066163,1.67465553092957));
#4546=CARTESIAN_POINT('',(-0.572146296501158,-3.11448574066162,1.67465553092957));
#4547=CARTESIAN_POINT('',(-0.403345584869385,0.303416728973389,1.67465553092957));
#4548=CARTESIAN_POINT('',(1.70648956298828,-3.63681054115295,1.67465553092957));
#4549=CARTESIAN_POINT('',(1.38898956298828,-3.63681054115295,1.67465553092957));
#4550=CARTESIAN_POINT('',(-3.09876441955566,-3.64299035072327,1.67465553092957));
#4551=CARTESIAN_POINT('',(-3.41626441955566,-3.64299035072327,1.67465553092957));
#4552=CARTESIAN_POINT('',(1.66801452636719,3.50374794006348,1.67465553092957));
#4553=CARTESIAN_POINT('',(1.35051452636719,3.50374794006348,1.67465553092957));
#4554=CARTESIAN_POINT('',(-3.12880945205688,3.51226806640625,1.67465553092957));
#4555=CARTESIAN_POINT('',(-3.44630945205688,3.51226806640625,1.67465553092957));
#4556=CARTESIAN_POINT('',(-3.90137767791748,0.910163640975952,1.67465553092957));
#4557=CARTESIAN_POINT('',(-3.78707767791748,0.910163640975952,1.67465553092957));
#4558=CARTESIAN_POINT('',(1.23725318908691,2.35125589370728,1.67465553092957));
#4559=CARTESIAN_POINT('',(1.35155318908691,2.35125589370728,1.67465553092957));
#4560=CARTESIAN_POINT('',(1.35102367401123,-2.47450685501099,1.67465553092957));
#4561=CARTESIAN_POINT('',(1.46532367401123,-2.47450685501099,1.67465553092957));
#4562=CARTESIAN_POINT('',(-3.99665021896362,2.27746549415588,1.67465553092957));
#4563=CARTESIAN_POINT('',(-3.99665021896362,-3.62248574066162,1.67465553092957));
#4564=CARTESIAN_POINT('',(-3.23465021896362,-3.62248574066162,1.67465553092957));
#4565=CARTESIAN_POINT('',(-3.23465021896362,-4.38448574066162,1.67465553092957));
#4566=CARTESIAN_POINT('',(-1.7567617893219,-4.38448574066162,1.67465553092957));
#4567=CARTESIAN_POINT('',(-2.9857057685852,-4.38448574066162,1.67465553092957));
#4568=CARTESIAN_POINT('',(-2.9857057685852,-3.62248574066162,1.67465553092957));
#4569=CARTESIAN_POINT('',(-2.2237057685852,-3.62248574066162,1.67465553092957));
#4570=CARTESIAN_POINT('',(-2.2237057685852,2.27746549415588,1.67465553092957));
#4571=CARTESIAN_POINT('',(-2.2237057685852,-3.11448574066162,1.67465553092957));
#4572=CARTESIAN_POINT('',(-0.572146296501158,-3.11448574066162,1.67465553092957));
#4573=CARTESIAN_POINT('',(0.771205108935152,-3.11448574066162,1.67465553092957));
#4574=CARTESIAN_POINT('',(0.771205108935152,2.27746549415588,1.67465553092957));
#4575=CARTESIAN_POINT('',(0.771205108935152,-3.62248574066162,1.67465553092957));
#4576=CARTESIAN_POINT('',(1.53320510893515,-3.62248574066162,1.67465553092957));
#4577=CARTESIAN_POINT('',(1.53320510893515,-4.38448574066162,1.67465553092957));
#4578=CARTESIAN_POINT('',(0.627159762032884,-4.38448574066162,1.67465553092957));
#4579=CARTESIAN_POINT('',(1.78212510893515,-4.38448574066162,1.67465553092957));
#4580=CARTESIAN_POINT('',(1.78212510893515,-3.62248574066162,1.67465553092957));
#4581=CARTESIAN_POINT('',(2.54412510893515,-3.62248574066162,1.67465553092957));
#4582=CARTESIAN_POINT('',(2.54412510893515,2.27746549415588,1.67465553092957));
#4583=CARTESIAN_POINT('',(2.54412510893515,-3.11448574066162,1.67465553092957));
#4584=CARTESIAN_POINT('',(-0.572146296501158,-3.11448574066162,1.67465553092957));
#4585=CARTESIAN_POINT('',(3.2946367263794,-3.11448574066162,1.67465553092957));
#4586=CARTESIAN_POINT('',(3.2946367263794,0.138667225837706,1.67465553092957));
#4587=CARTESIAN_POINT('',(3.2946367263794,3.06232118606567,1.67465553092957));
#4588=CARTESIAN_POINT('',(-0.572146296501159,3.06232118606567,1.67465553092957));
#4589=CARTESIAN_POINT('',(2.54412510893515,3.06232118606567,1.67465553092957));
#4590=CARTESIAN_POINT('',(2.54412510893515,2.27746549415588,1.67465553092957));
#4591=CARTESIAN_POINT('',(2.54412510893515,3.48951425933838,1.67465553092957));
#4592=CARTESIAN_POINT('',(1.78212510893515,3.48951425933838,1.67465553092957));
#4593=CARTESIAN_POINT('',(1.78212510893515,4.25151425933838,1.67465553092957));
#4594=CARTESIAN_POINT('',(0.627159762032883,4.25151425933838,1.67465553092957));
#4595=CARTESIAN_POINT('',(1.53320510893515,4.25151425933838,1.67465553092957));
#4596=CARTESIAN_POINT('',(1.53320510893515,3.48951425933838,1.67465553092957));
#4597=CARTESIAN_POINT('',(0.771205108935151,3.48951425933838,1.67465553092957));
#4598=CARTESIAN_POINT('',(0.771205108935152,2.27746549415588,1.67465553092957));
#4599=CARTESIAN_POINT('',(0.771205108935152,3.06232118606567,1.67465553092957));
#4600=CARTESIAN_POINT('',(-0.572146296501159,3.06232118606567,1.67465553092957));
#4601=CARTESIAN_POINT('',(-2.2237057685852,3.06232118606567,1.67465553092957));
#4602=CARTESIAN_POINT('',(-2.2237057685852,2.27746549415588,1.67465553092957));
#4603=CARTESIAN_POINT('',(-2.2237057685852,3.48951425933838,1.67465553092957));
#4604=CARTESIAN_POINT('',(-2.9857057685852,3.48951425933838,1.67465553092957));
#4605=CARTESIAN_POINT('',(-2.9857057685852,4.25151425933838,1.67465553092957));
#4606=CARTESIAN_POINT('',(-1.7567617893219,4.25151425933838,1.67465553092957));
#4607=CARTESIAN_POINT('',(-3.23465021896362,4.25151425933838,1.67465553092957));
#4608=CARTESIAN_POINT('',(-3.23465021896362,3.48951425933838,1.67465553092957));
#4609=CARTESIAN_POINT('',(-3.99665021896362,3.48951425933838,1.67465553092957));
#4610=CARTESIAN_POINT('',(-3.99665021896362,2.27746549415588,1.67465553092957));
#4611=CARTESIAN_POINT('',(-3.99665021896362,3.06232118606567,1.67465553092957));
#4612=CARTESIAN_POINT('',(-0.572146296501159,3.06232118606567,1.67465553092957));
#4613=CARTESIAN_POINT('',(1.53320510893515,-3.62248574066162,1.59657367861441));
#4614=CARTESIAN_POINT('',(0.771205108935152,-3.62248574066162,1.59657367861441));
#4615=CARTESIAN_POINT('',(0.771205108935152,-3.62248574066162,1.47084367861441));
#4616=CARTESIAN_POINT('',(1.53320510893515,-3.62248574066162,1.47084367861441));
#4617=CARTESIAN_POINT('',(1.53320510893515,-4.38448574066162,1.47084367861441));
#4618=CARTESIAN_POINT('',(1.53320510893515,-4.38448574066162,1.59657367861441));
#4619=CARTESIAN_POINT('',(0.771205108935151,4.25151425933838,1.59657367861441));
#4620=CARTESIAN_POINT('',(0.771205108935152,-3.11448574066162,1.4967868393072));
#4621=CARTESIAN_POINT('',(0.771205108935152,-3.11448574066162,1.44993142169079));
#4622=CARTESIAN_POINT('',(0.771205108935153,-3.1915359413147,1.31844367861441));
#4623=CARTESIAN_POINT('',(0.771205108935152,-3.1915359413147,1.47084367861441));
#4624=CARTESIAN_POINT('',(0.771205108935152,4.25151425933838,1.47084367861441));
#4625=CARTESIAN_POINT('',(-2.2237057685852,-3.11448574066162,1.49836276546479));
#4626=CARTESIAN_POINT('',(-2.2237057685852,-3.11448574066162,1.45357780246632));
#4627=CARTESIAN_POINT('',(-2.2999057685852,-3.11448574066162,1.32159553092957));
#4628=CARTESIAN_POINT('',(-2.30007829434193,-3.11448574066162,1.3217680566863));
#4629=CARTESIAN_POINT('',(-2.3002853250236,-3.11448574066162,1.32197508782077));
#4630=CARTESIAN_POINT('',(-2.32139778234123,-3.11448574066162,1.34308837634062));
#4631=CARTESIAN_POINT('',(-2.34604089894099,-3.11448574066162,1.36869289636794));
#4632=CARTESIAN_POINT('',(-2.36928038219299,-3.11448574066162,1.41187199298367));
#4633=CARTESIAN_POINT('',(-2.3761057685852,-3.11448574066162,1.4341561429194));
#4634=CARTESIAN_POINT('',(-2.3761057685852,-3.11448574066162,1.4645609493449));
#4635=CARTESIAN_POINT('',(-2.37381873410744,-3.11448574066162,1.47754077890507));
#4636=CARTESIAN_POINT('',(-2.36611307202433,-3.11448574066162,1.49702694622526));
#4637=CARTESIAN_POINT('',(-2.35972674733321,-3.11448574066162,1.50714568463562));
#4638=CARTESIAN_POINT('',(-2.34625130046118,-3.11448574066162,1.52112217078193));
#4639=CARTESIAN_POINT('',(-2.33695321446072,-3.11448574066162,1.52759995567176));
#4640=CARTESIAN_POINT('',(-2.31983900783499,-3.11448574066162,1.53490195658407));
#4641=CARTESIAN_POINT('',(-2.30906922751521,-3.11448574066162,1.53712167783523));
#4642=CARTESIAN_POINT('',(-2.29074230965519,-3.11448574066162,1.53712167783523));
#4643=CARTESIAN_POINT('',(-2.27997252933541,-3.11448574066162,1.53490195658407));
#4644=CARTESIAN_POINT('',(-2.26285832270968,-3.11448574066162,1.52759995567176));
#4645=CARTESIAN_POINT('',(-2.25356023670922,-3.11448574066162,1.52112217078193));
#4646=CARTESIAN_POINT('',(-2.24008478983719,-3.11448574066162,1.50714568463562));
#4647=CARTESIAN_POINT('',(-2.23369846514607,-3.11448574066162,1.49702694622526));
#4648=CARTESIAN_POINT('',(-2.22599280306297,-3.11448574066162,1.47754077890507));
#4649=CARTESIAN_POINT('',(-2.2237057685852,-3.11448574066162,1.4645609493449));
#4650=CARTESIAN_POINT('',(-2.2237057685852,-3.11448574066162,1.4341561429194));
#4651=CARTESIAN_POINT('',(-2.23053115497741,-3.11448574066162,1.41187199298367));
#4652=CARTESIAN_POINT('',(-2.25377063822941,-3.11448574066162,1.36869289636794));
#4653=CARTESIAN_POINT('',(-2.27841375482917,-3.11448574066162,1.34308837634062));
#4654=CARTESIAN_POINT('',(-2.2995262121468,-3.11448574066162,1.32197508782077));
#4655=CARTESIAN_POINT('',(-2.29973324282847,-3.11448574066162,1.3217680566863));
#4656=CARTESIAN_POINT('',(-2.2999057685852,-3.11448574066162,1.32159553092957));
#4657=CARTESIAN_POINT('',(-2.23855772077505,-3.11448574066162,1.39700000001606));
#4658=CARTESIAN_POINT('',(-0.738578677177426,-3.11448574066162,1.397));
#4659=CARTESIAN_POINT('',(0.784067157783363,-3.11448574066162,1.39700000055428));
#4660=CARTESIAN_POINT('',(0.858756220703529,-3.11448574066162,1.31844367861441));
#4661=CARTESIAN_POINT('',(0.858756220703529,-3.11448574066162,1.31644323838213));
#4662=CARTESIAN_POINT('',(0.859425184163649,-3.11448574066162,1.31413780482072));
#4663=CARTESIAN_POINT('',(0.860775582587561,-3.11448574066162,1.3112183509737));
#4664=CARTESIAN_POINT('',(0.861491845389288,-3.11448574066162,1.3099467616529));
#4665=CARTESIAN_POINT('',(0.863563490338514,-3.11448574066162,1.30662138056813));
#4666=CARTESIAN_POINT('',(0.865503123142375,-3.11448574066162,1.30402358047705));
#4667=CARTESIAN_POINT('',(0.870033326824122,-3.11448574066162,1.29823022641875));
#4668=CARTESIAN_POINT('',(0.873619262851558,-3.11448574066162,1.2939509268225));
#4669=CARTESIAN_POINT('',(0.879405068088235,-3.11448574066162,1.28694700602734));
#4670=CARTESIAN_POINT('',(0.882766022043763,-3.11448574066162,1.28282516123503));
#4671=CARTESIAN_POINT('',(0.892958038073181,-3.11448574066162,1.26982560522991));
#4672=CARTESIAN_POINT('',(0.901225488087674,-3.11448574066162,1.2579086467345));
#4673=CARTESIAN_POINT('',(0.912586174644774,-3.11448574066162,1.23691493110303));
#4674=CARTESIAN_POINT('',(0.917880415577063,-3.11448574066162,1.22380274951007));
#4675=CARTESIAN_POINT('',(0.922886838955772,-3.11448574066162,1.2025128417661));
#4676=CARTESIAN_POINT('',(0.924050550674497,-3.11448574066162,1.19046481767142));
#4677=CARTESIAN_POINT('',(0.922716752424216,-3.11448574066162,1.17007104172466));
#4678=CARTESIAN_POINT('',(0.919831180069779,-3.11448574066162,1.15799015717543));
#4679=CARTESIAN_POINT('',(0.911608796591105,-3.11448574066162,1.13996615421836));
#4680=CARTESIAN_POINT('',(0.905129431443134,-3.11448574066162,1.13064444592984));
#4681=CARTESIAN_POINT('',(0.891864202359831,-3.11448574066162,1.11782652358756));
#4682=CARTESIAN_POINT('',(0.882852183808169,-3.11448574066162,1.11190535680737));
#4683=CARTESIAN_POINT('',(0.866429329606706,-3.11448574066162,1.10524275098613));
#4684=CARTESIAN_POINT('',(0.856142015748594,-3.11448574066162,1.10322001221287));
#4685=CARTESIAN_POINT('',(0.83866820212171,-3.11448574066162,1.10322001221287));
#4686=CARTESIAN_POINT('',(0.828380888263598,-3.11448574066162,1.10524275098613));
#4687=CARTESIAN_POINT('',(0.811958034062135,-3.11448574066162,1.11190535680737));
#4688=CARTESIAN_POINT('',(0.802946015510473,-3.11448574066162,1.11782652358756));
#4689=CARTESIAN_POINT('',(0.78968078642717,-3.11448574066162,1.13064444592984));
#4690=CARTESIAN_POINT('',(0.783201421279198,-3.11448574066162,1.13996615421836));
#4691=CARTESIAN_POINT('',(0.774979037800525,-3.11448574066162,1.15799015717543));
#4692=CARTESIAN_POINT('',(0.772093465446087,-3.11448574066162,1.17007104172466));
#4693=CARTESIAN_POINT('',(0.770759667195806,-3.11448574066162,1.19046481767142));
#4694=CARTESIAN_POINT('',(0.771923378914531,-3.11448574066162,1.2025128417661));
#4695=CARTESIAN_POINT('',(0.77692980229324,-3.11448574066162,1.22380274951007));
#4696=CARTESIAN_POINT('',(0.78222404322553,-3.11448574066162,1.23691493110303));
#4697=CARTESIAN_POINT('',(0.79358472978263,-3.11448574066162,1.2579086467345));
#4698=CARTESIAN_POINT('',(0.801852179797122,-3.11448574066162,1.26982560522991));
#4699=CARTESIAN_POINT('',(0.812044195826541,-3.11448574066162,1.28282516123503));
#4700=CARTESIAN_POINT('',(0.815405149782068,-3.11448574066162,1.28694700602734));
#4701=CARTESIAN_POINT('',(0.821190955018746,-3.11448574066162,1.2939509268225));
#4702=CARTESIAN_POINT('',(0.824776891046182,-3.11448574066162,1.29823022641875));
#4703=CARTESIAN_POINT('',(0.829307094727928,-3.11448574066162,1.30402358047705));
#4704=CARTESIAN_POINT('',(0.83124672753179,-3.11448574066162,1.30662138056813));
#4705=CARTESIAN_POINT('',(0.833318372481016,-3.11448574066162,1.3099467616529));
#4706=CARTESIAN_POINT('',(0.834034635282743,-3.11448574066162,1.3112183509737));
#4707=CARTESIAN_POINT('',(0.835385033706654,-3.11448574066162,1.31413780482072));
#4708=CARTESIAN_POINT('',(0.836053997166775,-3.11448574066162,1.31644323838213));
#4709=CARTESIAN_POINT('',(0.836053997166775,-3.11448574066162,1.32044411884669));
#4710=CARTESIAN_POINT('',(0.835385033706654,-3.11448574066162,1.32274955240809));
#4711=CARTESIAN_POINT('',(0.834034635282743,-3.11448574066162,1.32566900625512));
#4712=CARTESIAN_POINT('',(0.833318372481016,-3.11448574066162,1.32694059557591));
#4713=CARTESIAN_POINT('',(0.83124672753179,-3.11448574066162,1.33026597666069));
#4714=CARTESIAN_POINT('',(0.829307094727928,-3.11448574066162,1.33286377675176));
#4715=CARTESIAN_POINT('',(0.824776891046182,-3.11448574066162,1.33865713081007));
#4716=CARTESIAN_POINT('',(0.821190955018746,-3.11448574066162,1.34293643040631));
#4717=CARTESIAN_POINT('',(0.815405149782068,-3.11448574066162,1.34994035120147));
#4718=CARTESIAN_POINT('',(0.812044195826541,-3.11448574066162,1.35406219599378));
#4719=CARTESIAN_POINT('',(0.801852179797122,-3.11448574066162,1.3670617519989));
#4720=CARTESIAN_POINT('',(0.79358472978263,-3.11448574066162,1.37897871049431));
#4721=CARTESIAN_POINT('',(0.78222404322553,-3.11448574066162,1.39997242612578));
#4722=CARTESIAN_POINT('',(0.77692980229324,-3.11448574066162,1.41308460771874));
#4723=CARTESIAN_POINT('',(0.771923378914531,-3.11448574066162,1.43437451546271));
#4724=CARTESIAN_POINT('',(0.770759667195806,-3.11448574066162,1.4464225395574));
#4725=CARTESIAN_POINT('',(0.772093465446087,-3.11448574066162,1.46681631550415));
#4726=CARTESIAN_POINT('',(0.774979037800525,-3.11448574066162,1.47889720005338));
#4727=CARTESIAN_POINT('',(0.783201421279198,-3.11448574066162,1.49692120301046));
#4728=CARTESIAN_POINT('',(0.789680786427169,-3.11448574066162,1.50624291129897));
#4729=CARTESIAN_POINT('',(0.802946015510473,-3.11448574066162,1.51906083364125));
#4730=CARTESIAN_POINT('',(0.811958034062135,-3.11448574066162,1.52498200042144));
#4731=CARTESIAN_POINT('',(0.828380888263598,-3.11448574066162,1.53164460624268));
#4732=CARTESIAN_POINT('',(0.838668202121709,-3.11448574066162,1.53366734501595));
#4733=CARTESIAN_POINT('',(0.856142015748594,-3.11448574066162,1.53366734501595));
#4734=CARTESIAN_POINT('',(0.866429329606705,-3.11448574066162,1.53164460624268));
#4735=CARTESIAN_POINT('',(0.882852183808168,-3.11448574066162,1.52498200042144));
#4736=CARTESIAN_POINT('',(0.89186420235983,-3.11448574066162,1.51906083364125));
#4737=CARTESIAN_POINT('',(0.905129431443134,-3.11448574066162,1.50624291129897));
#4738=CARTESIAN_POINT('',(0.911608796591105,-3.11448574066162,1.49692120301046));
#4739=CARTESIAN_POINT('',(0.919831180069778,-3.11448574066162,1.47889720005338));
#4740=CARTESIAN_POINT('',(0.922716752424216,-3.11448574066162,1.46681631550415));
#4741=CARTESIAN_POINT('',(0.924050550674497,-3.11448574066162,1.4464225395574));
#4742=CARTESIAN_POINT('',(0.922886838955772,-3.11448574066162,1.43437451546271));
#4743=CARTESIAN_POINT('',(0.917880415577063,-3.11448574066162,1.41308460771874));
#4744=CARTESIAN_POINT('',(0.912586174644773,-3.11448574066162,1.39997242612578));
#4745=CARTESIAN_POINT('',(0.901225488087674,-3.11448574066162,1.37897871049431));
#4746=CARTESIAN_POINT('',(0.892958038073181,-3.11448574066162,1.3670617519989));
#4747=CARTESIAN_POINT('',(0.882766022043763,-3.11448574066162,1.35406219599378));
#4748=CARTESIAN_POINT('',(0.879405068088235,-3.11448574066162,1.34994035120147));
#4749=CARTESIAN_POINT('',(0.873619262851558,-3.11448574066162,1.34293643040631));
#4750=CARTESIAN_POINT('',(0.870033326824122,-3.11448574066162,1.33865713081007));
#4751=CARTESIAN_POINT('',(0.865503123142375,-3.11448574066162,1.33286377675177));
#4752=CARTESIAN_POINT('',(0.863563490338514,-3.11448574066162,1.33026597666069));
#4753=CARTESIAN_POINT('',(0.861491845389288,-3.11448574066162,1.32694059557591));
#4754=CARTESIAN_POINT('',(0.860775582587561,-3.11448574066162,1.32566900625512));
#4755=CARTESIAN_POINT('',(0.859425184163649,-3.11448574066162,1.32274955240809));
#4756=CARTESIAN_POINT('',(0.858756220703529,-3.11448574066162,1.32044411884669));
#4757=CARTESIAN_POINT('',(0.858756220703529,-3.11448574066162,1.31844367861441));
#4758=CARTESIAN_POINT('',(-2.2237057685852,4.25151425933838,1.59972553092957));
#4759=CARTESIAN_POINT('',(-2.2237057685852,-3.62248574066162,1.59972553092957));
#4760=CARTESIAN_POINT('',(-2.2237057685852,-3.62248574066162,1.47399553092957));
#4761=CARTESIAN_POINT('',(-2.2237057685852,4.25151425933838,1.47399553092957));
#4762=CARTESIAN_POINT('',(-2.2237057685852,-3.19068574066162,1.47399553092957));
#4763=CARTESIAN_POINT('',(-2.2237057685852,-3.19068574066162,1.32159553092957));
#4764=CARTESIAN_POINT('',(-2.9857057685852,-3.62248574066162,1.59972553092957));
#4765=CARTESIAN_POINT('',(-2.9857057685852,-4.38448574066162,1.59972553092957));
#4766=CARTESIAN_POINT('',(-2.9857057685852,-4.38448574066162,1.47399553092957));
#4767=CARTESIAN_POINT('',(-2.9857057685852,-3.62248574066162,1.47399553092957));
#4768=CARTESIAN_POINT('',(-3.11017799377441,-4.38448574066162,1.59972553092957));
#4769=CARTESIAN_POINT('',(-3.23465021896362,-4.38448574066162,1.59972553092957));
#4770=CARTESIAN_POINT('',(-3.23465021896362,-4.38448574066162,1.47399553092957));
#4771=CARTESIAN_POINT('',(-3.11017799377441,-4.38448574066162,1.47399553092957));
#4772=CARTESIAN_POINT('',(-3.23465021896362,-3.62248574066162,1.59972553092957));
#4773=CARTESIAN_POINT('',(-3.99665021896362,-3.62248574066162,1.59972553092957));
#4774=CARTESIAN_POINT('',(-3.99665021896362,-3.62248574066162,1.47399553092957));
#4775=CARTESIAN_POINT('',(-3.23465021896362,-3.62248574066162,1.47399553092957));
#4776=CARTESIAN_POINT('',(-3.99665021896362,4.25151425933838,1.59972553092957));
#4777=CARTESIAN_POINT('',(-3.99665021896362,-3.19068574066162,1.32159553092957));
#4778=CARTESIAN_POINT('',(-3.99665021896362,-3.19068574066162,1.47399553092957));
#4779=CARTESIAN_POINT('',(-3.99665021896362,4.25151425933838,1.47399553092957));
#4780=CARTESIAN_POINT('',(-0.738578677177426,-3.11448574066162,1.397));
#4781=CARTESIAN_POINT('',(-4.77432946208646,-3.11448574066163,1.397));
#4782=CARTESIAN_POINT('',(-4.76599788665771,-3.11448574066162,1.397));
#4783=CARTESIAN_POINT('',(-5.05959027068898,-3.11448574065503,1.14252418512968));
#4784=CARTESIAN_POINT('',(-5.01686648443216,-3.11448574065503,1.14729051919506));
#4785=CARTESIAN_POINT('',(-4.97548211876613,-3.11448574063425,1.16035524397744));
#4786=CARTESIAN_POINT('',(-4.90003925614779,-3.11448574063425,1.20161571827283));
#4787=CARTESIAN_POINT('',(-4.86670418934342,-3.11448574061013,1.22942068082763));
#4788=CARTESIAN_POINT('',(-4.81599357335294,-3.11448574061013,1.2920156081354));
#4789=CARTESIAN_POINT('',(-4.79750203721244,-3.114485740639,1.32502010367607));
#4790=CARTESIAN_POINT('',(-4.78070793691792,-3.114485740639,1.3724197119656));
#4791=CARTESIAN_POINT('',(-4.7771612746845,-3.11448574066163,1.38463307872399));
#4792=CARTESIAN_POINT('',(-4.77432946208646,-3.11448574066163,1.397));
#4793=CARTESIAN_POINT('',(-5.05959027063095,-3.11448574066163,1.14252418460941));
#4794=CARTESIAN_POINT('',(-5.12764539709214,-3.11448574066162,1.0668));
#4795=CARTESIAN_POINT('',(-5.12764539709214,-3.11448574066162,1.05741090786443));
#4796=CARTESIAN_POINT('',(-5.12544109633373,-3.11448574066162,1.04636172998578));
#4797=CARTESIAN_POINT('',(-5.1182321903818,-3.11448574066162,1.02899985171433));
#4798=CARTESIAN_POINT('',(-5.11194463746387,-3.11448574066162,1.01962040719037));
#4799=CARTESIAN_POINT('',(-5.09859627043716,-3.11448574066162,1.00630876933812));
#4800=CARTESIAN_POINT('',(-5.0891647071229,-3.11448574066162,1.00003090123311));
#4801=CARTESIAN_POINT('',(-5.0716744504559,-3.11448574066162,0.992808210965222));
#4802=CARTESIAN_POINT('',(-5.06051318309185,-3.11448574066162,0.9906));
#4803=CARTESIAN_POINT('',(-5.04153498070461,-3.11448574066162,0.9906));
#4804=CARTESIAN_POINT('',(-5.03035586395357,-3.11448574066162,0.992813909781952));
#4805=CARTESIAN_POINT('',(-5.0128106229164,-3.11448574066162,1.00004336753996));
#4806=CARTESIAN_POINT('',(-5.00333235449078,-3.11448574066162,1.00633312019155));
#4807=CARTESIAN_POINT('',(-4.98991784166005,-3.11448574066162,1.01966099340973));
#4808=CARTESIAN_POINT('',(-4.98359320594177,-3.11448574066162,1.02904506161243));
#4809=CARTESIAN_POINT('',(-4.97635348586249,-3.11448574066162,1.0463990854611));
#4810=CARTESIAN_POINT('',(-4.97413863222676,-3.11448574066162,1.0574267559653));
#4811=CARTESIAN_POINT('',(-4.97413863222676,-3.11448574066162,1.0761732440347));
#4812=CARTESIAN_POINT('',(-4.97635348586249,-3.11448574066162,1.0872009145389));
#4813=CARTESIAN_POINT('',(-4.98359320594177,-3.11448574066162,1.10455493838757));
#4814=CARTESIAN_POINT('',(-4.98991784166005,-3.11448574066162,1.11393900659027));
#4815=CARTESIAN_POINT('',(-5.00333235449078,-3.11448574066162,1.12726687980845));
#4816=CARTESIAN_POINT('',(-5.0128106229164,-3.11448574066162,1.13355663246004));
#4817=CARTESIAN_POINT('',(-5.03035586395357,-3.11448574066162,1.14078609021805));
#4818=CARTESIAN_POINT('',(-5.04153498070461,-3.11448574066162,1.143));
#4819=CARTESIAN_POINT('',(-5.06051318309185,-3.11448574066162,1.143));
#4820=CARTESIAN_POINT('',(-5.0716744504559,-3.11448574066162,1.14079178903478));
#4821=CARTESIAN_POINT('',(-5.0891647071229,-3.11448574066162,1.13356909876689));
#4822=CARTESIAN_POINT('',(-5.09859627043716,-3.11448574066162,1.12729123066188));
#4823=CARTESIAN_POINT('',(-5.11194463746387,-3.11448574066162,1.11397959280963));
#4824=CARTESIAN_POINT('',(-5.1182321903818,-3.11448574066162,1.10460014828567));
#4825=CARTESIAN_POINT('',(-5.12544109633373,-3.11448574066162,1.08723827001422));
#4826=CARTESIAN_POINT('',(-5.12764539709214,-3.11448574066162,1.07618909213557));
#4827=CARTESIAN_POINT('',(-5.12764539709214,-3.11448574066162,1.0668));
#4828=CARTESIAN_POINT('',(-5.05103183865927,-3.11448574066162,1.143));
#4829=CARTESIAN_POINT('',(-2.74461829662323,-3.11448574066162,1.143));
#4830=CARTESIAN_POINT('',(-4.85698329276009,-3.11448574066162,1.143));
#4831=CARTESIAN_POINT('',(-4.84219788665771,-3.11448574066163,1.143));
#4832=CARTESIAN_POINT('',(-4.84219788665771,-3.11448574066162,1.2192));
#4833=CARTESIAN_POINT('',(-4.76599788665771,-3.11448574066163,1.2192));
#4834=CARTESIAN_POINT('',(-4.76599788665771,-3.11448574066162,0.6985));
#4835=CARTESIAN_POINT('',(-0.740947008132932,3.06232118606567,1.397));
#4836=CARTESIAN_POINT('',(-3.99665021896362,3.06232118606567,1.49836276546479));
#4837=CARTESIAN_POINT('',(-3.99665021896362,3.06232118606567,1.47359932678939));
#4838=CARTESIAN_POINT('',(-3.92045021896362,3.06232118606567,1.54993158580438));
#4839=CARTESIAN_POINT('',(-3.92984975768481,3.06232118606567,1.54993158580438));
#4840=CARTESIAN_POINT('',(-3.94091216941448,3.06232118606567,1.54772955054366));
#4841=CARTESIAN_POINT('',(-3.95828384364353,3.06232118606567,1.54052962512286));
#4842=CARTESIAN_POINT('',(-3.96766545817368,3.06232118606567,1.53425575133102));
#4843=CARTESIAN_POINT('',(-3.98096833125384,3.06232118606567,1.52094305833586));
#4844=CARTESIAN_POINT('',(-3.98724024598627,3.06232118606567,1.51154588771746));
#4845=CARTESIAN_POINT('',(-3.99444679500656,3.06232118606567,1.49413180474642));
#4846=CARTESIAN_POINT('',(-3.99665021896362,3.06232118606567,1.4830307091322));
#4847=CARTESIAN_POINT('',(-3.99665021896362,3.06232118606567,1.46415597258157));
#4848=CARTESIAN_POINT('',(-3.99444220794446,3.06232118606567,1.45304114109122));
#4849=CARTESIAN_POINT('',(-3.98722892992555,3.06232118606567,1.43557925246574));
#4850=CARTESIAN_POINT('',(-3.98094433503896,3.06232118606567,1.42614037873422));
#4851=CARTESIAN_POINT('',(-3.96762351012601,3.06232118606567,1.41276340230907));
#4852=CARTESIAN_POINT('',(-3.95823444656897,3.06232118606567,1.40645019315597));
#4853=CARTESIAN_POINT('',(-3.94087068952716,3.06232118606567,1.399215630243));
#4854=CARTESIAN_POINT('',(-3.92983232648913,3.06232118606567,1.397));
#4855=CARTESIAN_POINT('',(-3.91106811143811,3.06232118606567,1.397));
#4856=CARTESIAN_POINT('',(-3.90002974840008,3.06232118606567,1.399215630243));
#4857=CARTESIAN_POINT('',(-3.88266599135827,3.06232118606567,1.40645019315597));
#4858=CARTESIAN_POINT('',(-3.87327692780124,3.06232118606567,1.41276340230907));
#4859=CARTESIAN_POINT('',(-3.85995610288828,3.06232118606567,1.42614037873422));
#4860=CARTESIAN_POINT('',(-3.85367150800169,3.06232118606567,1.43557925246574));
#4861=CARTESIAN_POINT('',(-3.84645822998279,3.06232118606567,1.45304114109122));
#4862=CARTESIAN_POINT('',(-3.84425021896362,3.06232118606567,1.46415597258157));
#4863=CARTESIAN_POINT('',(-3.84425021896362,3.06232118606567,1.4830307091322));
#4864=CARTESIAN_POINT('',(-3.84645364292069,3.06232118606567,1.49413180474642));
#4865=CARTESIAN_POINT('',(-3.85366019194098,3.06232118606567,1.51154588771746));
#4866=CARTESIAN_POINT('',(-3.8599321066734,3.06232118606567,1.52094305833586));
#4867=CARTESIAN_POINT('',(-3.87323497975356,3.06232118606567,1.53425575133102));
#4868=CARTESIAN_POINT('',(-3.88261659428371,3.06232118606567,1.54052962512286));
#4869=CARTESIAN_POINT('',(-3.89998826851276,3.06232118606567,1.54772955054366));
#4870=CARTESIAN_POINT('',(-3.91105068024244,3.06232118606567,1.54993158580438));
#4871=CARTESIAN_POINT('',(-3.92045021896362,3.06232118606567,1.54993158580438));
#4872=CARTESIAN_POINT('',(-3.92045021896362,3.06232118606567,1.397));
#4873=CARTESIAN_POINT('',(3.2946367263794,3.06232118606567,1.397));
#4874=CARTESIAN_POINT('',(-3.99665021896362,3.48951425933838,1.59972553092957));
#4875=CARTESIAN_POINT('',(-3.99665021896362,3.48951425933838,1.47399553092957));
#4876=CARTESIAN_POINT('',(-3.99665021896362,4.25151425933838,1.47399553092957));
#4877=CARTESIAN_POINT('',(-3.99665021896362,3.07330326438476,1.47399553092957));
#4878=CARTESIAN_POINT('',(-3.99665021896362,3.07330326438476,1.32159553092957));
#4879=CARTESIAN_POINT('',(-3.23465021896362,3.48951425933838,1.59972553092957));
#4880=CARTESIAN_POINT('',(-3.23465021896362,4.25151425933838,1.59972553092957));
#4881=CARTESIAN_POINT('',(-3.23465021896362,4.25151425933838,1.47399553092957));
#4882=CARTESIAN_POINT('',(-3.23465021896362,3.48951425933838,1.47399553092957));
#4883=CARTESIAN_POINT('',(-3.11017799377441,4.25151425933838,1.59972553092957));
#4884=CARTESIAN_POINT('',(-2.9857057685852,4.25151425933838,1.59972553092957));
#4885=CARTESIAN_POINT('',(-2.9857057685852,4.25151425933838,1.47399553092957));
#4886=CARTESIAN_POINT('',(-3.11017799377441,4.25151425933838,1.47399553092957));
#4887=CARTESIAN_POINT('',(-4.74828958511353,-3.14984345436096,1.143));
#4888=CARTESIAN_POINT('',(-4.74828958511353,-3.14984345436096,1.143));
#4889=CARTESIAN_POINT('',(-4.76599788665771,-3.26276336428131,1.143));
#4890=CARTESIAN_POINT('',(-4.76599788665771,-1.59042060375214,1.143));
#4891=CARTESIAN_POINT('',(-4.76599788665771,-3.1915359413147,1.143));
#4892=CARTESIAN_POINT('',(-2.74224996566772,-3.1915359413147,1.143));
#4893=CARTESIAN_POINT('',(-4.84219788665771,-3.1915359413147,1.143));
#4894=CARTESIAN_POINT('',(-4.84219788665771,-1.59042060375214,1.143));
#4895=CARTESIAN_POINT('',(-4.74828958511353,-3.14984345436096,0.));
#4896=CARTESIAN_POINT('',(-4.74828958511353,-3.14984345436096,1.143));
#4897=CARTESIAN_POINT('',(-4.74828958511353,-3.14984345436096,0.));
#4898=CARTESIAN_POINT('',(-4.63398958511353,-3.14984345436096,0.));
#4899=CARTESIAN_POINT('',(3.30614566802979,3.01889300346375,1.143));
#4900=CARTESIAN_POINT('',(1.28496766090393,3.12954043502808,1.143));
#4901=CARTESIAN_POINT('',(3.33480985977181,3.12954043502804,1.143));
#4902=CARTESIAN_POINT('',(3.2946367263794,3.12954043502808,1.143));
#4903=CARTESIAN_POINT('',(3.30614566802979,3.01889300346375,1.143));
#4904=CARTESIAN_POINT('',(3.36977719421387,3.11384308969585,1.143));
#4905=CARTESIAN_POINT('',(3.36977719421387,1.49394762516022,1.143));
#4906=CARTESIAN_POINT('',(3.36977719421387,3.06232118606567,1.143));
#4907=CARTESIAN_POINT('',(1.28259932994843,3.06232118606567,1.143));
#4908=CARTESIAN_POINT('',(3.41187401312179,3.06232118606567,1.143));
#4909=CARTESIAN_POINT('',(3.2946367263794,3.13261210591398,1.143));
#4910=CARTESIAN_POINT('',(3.2946367263794,1.49640536308288,1.143));
#4911=CARTESIAN_POINT('',(3.30614566802979,3.01889300346375,0.));
#4912=CARTESIAN_POINT('',(3.30614566802979,3.01889300346375,1.143));
#4913=CARTESIAN_POINT('',(3.30614566802979,3.01889300346375,1.143));
#4914=CARTESIAN_POINT('',(3.30614566802979,3.01889300346375,0.));
#4915=CARTESIAN_POINT('',(3.42044566802979,3.01889300346375,0.));
#4916=CARTESIAN_POINT('',(-4.77280187606812,3.05338978767395,0.));
#4917=CARTESIAN_POINT('',(-4.77280187606812,3.05338978767395,1.143));
#4918=CARTESIAN_POINT('',(-4.65850187606812,3.05338978767395,1.143));
#4919=CARTESIAN_POINT('',(-4.77280187606812,3.05338978767395,0.));
#4920=CARTESIAN_POINT('',(-4.65850187606812,3.05338978767395,0.));
#4921=CARTESIAN_POINT('',(-4.77280187606812,3.05338978767395,1.143));
#4922=CARTESIAN_POINT('',(3.30270481109619,-3.12076616287231,1.143));
#4923=CARTESIAN_POINT('',(3.29357719421387,-1.57588195800781,1.143));
#4924=CARTESIAN_POINT('',(3.29357719421387,-3.1915359413147,1.143));
#4925=CARTESIAN_POINT('',(3.29357719421387,-3.23470112945435,1.143));
#4926=CARTESIAN_POINT('',(3.30270481109619,-3.12076616287231,1.143));
#4927=CARTESIAN_POINT('',(3.36977719421387,-3.02821463439809,1.143));
#4928=CARTESIAN_POINT('',(3.36977719421387,-1.57588195800781,1.143));
#4929=CARTESIAN_POINT('',(3.36977719421387,-3.1915359413147,1.143));
#4930=CARTESIAN_POINT('',(1.28324723243714,-3.1915359413147,1.143));
#4931=CARTESIAN_POINT('',(3.30270481109619,-3.12076616287231,0.));
#4932=CARTESIAN_POINT('',(3.30270481109619,-3.12076616287231,1.143));
#4933=CARTESIAN_POINT('',(3.30270481109619,-3.12076616287231,0.));
#4934=CARTESIAN_POINT('',(3.41700481109619,-3.12076616287231,0.));
#4935=CARTESIAN_POINT('',(-0.73621034622192,-0.0309977531433101,0.));
#4936=CARTESIAN_POINT('',(-4.76599788665771,3.05334043502808,0.));
#4937=CARTESIAN_POINT('',(-4.76599788665771,2.41997013188899,0.));
#4938=CARTESIAN_POINT('',(-4.76599788665771,-1.03341484069824,0.));
#4939=CARTESIAN_POINT('',(-5.09619788665771,2.41997013188899,0.));
#4940=CARTESIAN_POINT('',(-4.94604973888397,2.71405782921772,0.));
#4941=CARTESIAN_POINT('',(-4.77280187606812,3.05338978767395,0.));
#4942=CARTESIAN_POINT('',(-4.43534184865137,3.23025620589938,0.));
#4943=CARTESIAN_POINT('',(-4.14287649155686,3.38354043502808,0.));
#4944=CARTESIAN_POINT('',(-4.14287649155686,3.05334043502808,0.));
#4945=CARTESIAN_POINT('',(3.29357719421387,3.05334043502808,0.));
#4946=CARTESIAN_POINT('',(2.69554130295078,3.05334043502808,0.));
#4947=CARTESIAN_POINT('',(2.69554130295078,3.38354043502808,0.));
#4948=CARTESIAN_POINT('',(2.97903618673746,3.21423984180178,0.));
#4949=CARTESIAN_POINT('',(3.30614566802979,3.01889300346375,0.));
#4950=CARTESIAN_POINT('',(3.47630541419983,2.67800202267466,0.));
#4951=CARTESIAN_POINT('',(3.62377719421387,2.38256317265745,0.));
#4952=CARTESIAN_POINT('',(3.29357719421387,2.38256317265745,0.));
#4953=CARTESIAN_POINT('',(3.29357719421387,-3.1153359413147,0.));
#4954=CARTESIAN_POINT('',(3.29357719421387,1.86773157119751,0.));
#4955=CARTESIAN_POINT('',(1.31474947929383,1.86773157119751,0.));
#4956=CARTESIAN_POINT('',(3.03009128570557,1.86773157119751,0.));
#4957=CARTESIAN_POINT('',(3.03009128570557,-2.83634948730469,0.));
#4958=CARTESIAN_POINT('',(3.03009128570557,2.52035541152954,0.));
#4959=CARTESIAN_POINT('',(2.77609128570557,2.52035541152954,0.));
#4960=CARTESIAN_POINT('',(2.77609128570557,2.77435541152954,0.));
#4961=CARTESIAN_POINT('',(3.03009128570557,2.77435541152954,0.));
#4962=CARTESIAN_POINT('',(-4.21751374816895,2.77435541152954,0.));
#4963=CARTESIAN_POINT('',(-4.21751374816895,2.52035541152954,0.));
#4964=CARTESIAN_POINT('',(-4.47151374816895,2.52035541152954,0.));
#4965=CARTESIAN_POINT('',(-4.47151374816895,2.77435541152954,0.));
#4966=CARTESIAN_POINT('',(-4.47151374816895,-1.03341484069824,0.));
#4967=CARTESIAN_POINT('',(-2.46811747550964,-1.03341484069824,0.));
#4968=CARTESIAN_POINT('',(3.29357719421387,-2.73987551372213,0.));
#4969=CARTESIAN_POINT('',(3.29357719421387,-2.57879638671875,0.));
#4970=CARTESIAN_POINT('',(3.30270481109619,-3.12076616287231,0.));
#4971=CARTESIAN_POINT('',(2.96374960181377,-3.29474997275216,0.));
#4972=CARTESIAN_POINT('',(2.66998842043566,-3.4455359413147,0.));
#4973=CARTESIAN_POINT('',(2.66998842043566,-3.1153359413147,0.));
#4974=CARTESIAN_POINT('',(-4.76599788665771,-3.1153359413147,0.));
#4975=CARTESIAN_POINT('',(-4.10147323315641,-3.1153359413147,0.));
#4976=CARTESIAN_POINT('',(-4.10147323315641,-3.4455359413147,0.));
#4977=CARTESIAN_POINT('',(-4.4017808251365,-3.30825014380047,0.));
#4978=CARTESIAN_POINT('',(-4.74828958511353,-3.14984345436096,0.));
#4979=CARTESIAN_POINT('',(-4.93466903236934,-2.81754283498053,0.));
#4980=CARTESIAN_POINT('',(-5.09619788665771,-2.52954896485083,0.));
#4981=CARTESIAN_POINT('',(-4.76599788665771,-2.52954896485082,0.));
#4982=CARTESIAN_POINT('',(-4.76599788665771,-2.42710256576538,0.));
#4983=CARTESIAN_POINT('',(-2.46811747550964,-2.42710256576538,0.));
#4984=CARTESIAN_POINT('',(-4.47151374816895,-2.42710256576538,0.));
#4985=CARTESIAN_POINT('',(-4.47151374816895,-2.58234948730469,0.));
#4986=CARTESIAN_POINT('',(-4.21751374816895,-2.58234948730469,0.));
#4987=CARTESIAN_POINT('',(-4.21751374816895,-2.83634948730469,0.));
#4988=CARTESIAN_POINT('',(-4.47151374816895,-2.83634948730469,0.));
#4989=CARTESIAN_POINT('',(2.77609128570557,-2.83634948730469,0.));
#4990=CARTESIAN_POINT('',(2.77609128570557,-2.58234948730469,0.));
#4991=CARTESIAN_POINT('',(3.03009128570557,-2.58234948730469,0.));
#4992=CARTESIAN_POINT('',(3.03009128570557,-2.57879638671875,0.));
#4993=CARTESIAN_POINT('',(1.03506374359131,-2.57879638671875,0.));
#4994=CARTESIAN_POINT('',(0.847405108935152,-3.1915359413147,1.31844367861441));
#4995=CARTESIAN_POINT('',(0.847405108935152,-3.1153359413147,1.31844367861441));
#4996=CARTESIAN_POINT('',(0.847232583178425,-3.1153359413147,1.31861620437113));
#4997=CARTESIAN_POINT('',(0.847025552496756,-3.1153359413147,1.31882323550561));
#4998=CARTESIAN_POINT('',(0.825913095179049,-3.1153359413147,1.33993652402539));
#4999=CARTESIAN_POINT('',(0.801269978579363,-3.1153359413147,1.36554104405277));
#5000=CARTESIAN_POINT('',(0.778030495327362,-3.1153359413147,1.4087201406685));
#5001=CARTESIAN_POINT('',(0.771205108935152,-3.1153359413147,1.43100429060424));
#5002=CARTESIAN_POINT('',(0.771205108935152,-3.1153359413147,1.46140909702974));
#5003=CARTESIAN_POINT('',(0.773492143412917,-3.1153359413147,1.4743889265899));
#5004=CARTESIAN_POINT('',(0.781197805496024,-3.1153359413147,1.4938750939101));
#5005=CARTESIAN_POINT('',(0.787584130187143,-3.1153359413147,1.50399383232046));
#5006=CARTESIAN_POINT('',(0.801059577059169,-3.1153359413147,1.51797031846677));
#5007=CARTESIAN_POINT('',(0.810357663059631,-3.1153359413147,1.5244481033566));
#5008=CARTESIAN_POINT('',(0.827471869685361,-3.1153359413147,1.53175010426891));
#5009=CARTESIAN_POINT('',(0.838241650005143,-3.1153359413147,1.53396982552007));
#5010=CARTESIAN_POINT('',(0.85656856786516,-3.1153359413147,1.53396982552007));
#5011=CARTESIAN_POINT('',(0.867338348184942,-3.1153359413147,1.53175010426891));
#5012=CARTESIAN_POINT('',(0.884452554810672,-3.1153359413147,1.5244481033566));
#5013=CARTESIAN_POINT('',(0.893750640811134,-3.1153359413147,1.51797031846677));
#5014=CARTESIAN_POINT('',(0.90722608768316,-3.1153359413147,1.50399383232046));
#5015=CARTESIAN_POINT('',(0.913612412374279,-3.1153359413147,1.4938750939101));
#5016=CARTESIAN_POINT('',(0.921318074457386,-3.1153359413147,1.4743889265899));
#5017=CARTESIAN_POINT('',(0.923605108935152,-3.1153359413147,1.46140909702974));
#5018=CARTESIAN_POINT('',(0.923605108935152,-3.1153359413147,1.43100429060424));
#5019=CARTESIAN_POINT('',(0.916779722542942,-3.1153359413147,1.4087201406685));
#5020=CARTESIAN_POINT('',(0.89354023929094,-3.1153359413147,1.36554104405277));
#5021=CARTESIAN_POINT('',(0.868897122691254,-3.1153359413147,1.33993652402539));
#5022=CARTESIAN_POINT('',(0.847784665373547,-3.1153359413147,1.31882323550561));
#5023=CARTESIAN_POINT('',(0.847577634691879,-3.1153359413147,1.31861620437113));
#5024=CARTESIAN_POINT('',(0.847405108935152,-3.1153359413147,1.31844367861441));
#5025=CARTESIAN_POINT('',(0.847405108935152,-3.1153359413147,1.31844367861441));
#5026=CARTESIAN_POINT('',(0.784468283432051,-3.11533594177907,1.397));
#5027=CARTESIAN_POINT('',(0.847405108935152,-3.1915359413147,1.31844367861441));
#5028=CARTESIAN_POINT('',(0.847405108935152,-3.1915359413147,1.39464367861441));
#5029=CARTESIAN_POINT('',(0.847405108935152,-3.1915359413147,1.47084367861441));
#5030=CARTESIAN_POINT('',(0.866208064253191,-3.1915359413147,1.397));
#5031=CARTESIAN_POINT('',(0.866208064253191,-3.19577153787926,1.397));
#5032=CARTESIAN_POINT('',(0.867921910778946,-3.20055659072925,1.397));
#5033=CARTESIAN_POINT('',(0.871257299973935,-3.20696814374178,1.397));
#5034=CARTESIAN_POINT('',(0.873163669215291,-3.21001010985958,1.397));
#5035=CARTESIAN_POINT('',(0.877355061942833,-3.21628057728737,1.397));
#5036=CARTESIAN_POINT('',(0.880563392796416,-3.22069953419661,1.397));
#5037=CARTESIAN_POINT('',(0.885717148490769,-3.22781627714936,1.397));
#5038=CARTESIAN_POINT('',(0.88869066911218,-3.23193931768365,1.397));
#5039=CARTESIAN_POINT('',(0.89785270332876,-3.2450947631027,1.397));
#5040=CARTESIAN_POINT('',(0.905304940360655,-3.25712846066542,1.397));
#5041=CARTESIAN_POINT('',(0.915243165821924,-3.27805747751251,1.397));
#5042=CARTESIAN_POINT('',(0.919692650124594,-3.29095998793469,1.397));
#5043=CARTESIAN_POINT('',(0.923502766146722,-3.3117233475693,1.397));
#5044=CARTESIAN_POINT('',(0.924074231529262,-3.32339324515729,1.397));
#5045=CARTESIAN_POINT('',(0.921927610214417,-3.34298440237856,1.397));
#5046=CARTESIAN_POINT('',(0.918688157460112,-3.35450378360829,1.397));
#5047=CARTESIAN_POINT('',(0.910171890349448,-3.37160592984803,1.397));
#5048=CARTESIAN_POINT('',(0.903657476023871,-3.38041987969358,1.397));
#5049=CARTESIAN_POINT('',(0.890562044270652,-3.39249867108319,1.397));
#5050=CARTESIAN_POINT('',(0.881755041226043,-3.39806456181088,1.397));
#5051=CARTESIAN_POINT('',(0.865808687945706,-3.40431782341253,1.397));
#5052=CARTESIAN_POINT('',(0.85585174892859,-3.40621445530798,1.397));
#5053=CARTESIAN_POINT('',(0.838958468941713,-3.40621445530798,1.397));
#5054=CARTESIAN_POINT('',(0.829001529924598,-3.40431782341253,1.397));
#5055=CARTESIAN_POINT('',(0.81305517664426,-3.39806456181088,1.397));
#5056=CARTESIAN_POINT('',(0.804248173599652,-3.39249867108319,1.397));
#5057=CARTESIAN_POINT('',(0.791152741846432,-3.38041987969358,1.397));
#5058=CARTESIAN_POINT('',(0.784638327520856,-3.37160592984804,1.397));
#5059=CARTESIAN_POINT('',(0.776122060410191,-3.35450378360829,1.397));
#5060=CARTESIAN_POINT('',(0.772882607655886,-3.34298440237856,1.397));
#5061=CARTESIAN_POINT('',(0.770735986341041,-3.32339324515729,1.397));
#5062=CARTESIAN_POINT('',(0.771307451723581,-3.3117233475693,1.397));
#5063=CARTESIAN_POINT('',(0.77511756774571,-3.29095998793469,1.397));
#5064=CARTESIAN_POINT('',(0.779567052048379,-3.27805747751251,1.397));
#5065=CARTESIAN_POINT('',(0.789505277509648,-3.25712846066542,1.397));
#5066=CARTESIAN_POINT('',(0.796957514541543,-3.2450947631027,1.397));
#5067=CARTESIAN_POINT('',(0.806119548758123,-3.23193931768365,1.397));
#5068=CARTESIAN_POINT('',(0.809093069379535,-3.22781627714936,1.397));
#5069=CARTESIAN_POINT('',(0.814246825073887,-3.22069953419661,1.397));
#5070=CARTESIAN_POINT('',(0.817455155927471,-3.21628057728737,1.397));
#5071=CARTESIAN_POINT('',(0.821646548655012,-3.21001010985958,1.397));
#5072=CARTESIAN_POINT('',(0.823552917896368,-3.20696814374178,1.397));
#5073=CARTESIAN_POINT('',(0.826888307091357,-3.20055659072925,1.397));
#5074=CARTESIAN_POINT('',(0.828602153617112,-3.19577153787926,1.397));
#5075=CARTESIAN_POINT('',(0.828602153617112,-3.18730034475014,1.397));
#5076=CARTESIAN_POINT('',(0.826888307091357,-3.18251529190015,1.397));
#5077=CARTESIAN_POINT('',(0.823552917896368,-3.17610373888762,1.397));
#5078=CARTESIAN_POINT('',(0.821646548655012,-3.17306177276982,1.397));
#5079=CARTESIAN_POINT('',(0.817455155927471,-3.16679130534203,1.397));
#5080=CARTESIAN_POINT('',(0.814246825073887,-3.16237234843279,1.397));
#5081=CARTESIAN_POINT('',(0.809093069379535,-3.15525560548004,1.397));
#5082=CARTESIAN_POINT('',(0.806119548758123,-3.15113256494575,1.397));
#5083=CARTESIAN_POINT('',(0.796957514541543,-3.1379771195267,1.397));
#5084=CARTESIAN_POINT('',(0.789505277509648,-3.12594342196398,1.397));
#5085=CARTESIAN_POINT('',(0.779567052048379,-3.10501440511689,1.397));
#5086=CARTESIAN_POINT('',(0.77511756774571,-3.09211189469471,1.397));
#5087=CARTESIAN_POINT('',(0.771307451723581,-3.0713485350601,1.397));
#5088=CARTESIAN_POINT('',(0.770735986341041,-3.05967863747211,1.397));
#5089=CARTESIAN_POINT('',(0.772882607655886,-3.04008748025084,1.397));
#5090=CARTESIAN_POINT('',(0.776122060410191,-3.02856809902111,1.397));
#5091=CARTESIAN_POINT('',(0.784638327520856,-3.01146595278136,1.397));
#5092=CARTESIAN_POINT('',(0.791152741846432,-3.00265200293582,1.397));
#5093=CARTESIAN_POINT('',(0.804248173599652,-2.99057321154621,1.397));
#5094=CARTESIAN_POINT('',(0.81305517664426,-2.98500732081852,1.397));
#5095=CARTESIAN_POINT('',(0.829001529924598,-2.97875405921687,1.397));
#5096=CARTESIAN_POINT('',(0.838958468941713,-2.97685742732142,1.397));
#5097=CARTESIAN_POINT('',(0.85585174892859,-2.97685742732142,1.397));
#5098=CARTESIAN_POINT('',(0.865808687945706,-2.97875405921687,1.397));
#5099=CARTESIAN_POINT('',(0.881755041226043,-2.98500732081852,1.397));
#5100=CARTESIAN_POINT('',(0.890562044270652,-2.99057321154621,1.397));
#5101=CARTESIAN_POINT('',(0.903657476023871,-3.00265200293582,1.397));
#5102=CARTESIAN_POINT('',(0.910171890349448,-3.01146595278137,1.397));
#5103=CARTESIAN_POINT('',(0.918688157460112,-3.02856809902111,1.397));
#5104=CARTESIAN_POINT('',(0.921927610214417,-3.04008748025084,1.397));
#5105=CARTESIAN_POINT('',(0.924074231529262,-3.05967863747211,1.397));
#5106=CARTESIAN_POINT('',(0.923502766146722,-3.0713485350601,1.397));
#5107=CARTESIAN_POINT('',(0.919692650124594,-3.09211189469471,1.397));
#5108=CARTESIAN_POINT('',(0.915243165821924,-3.10501440511689,1.397));
#5109=CARTESIAN_POINT('',(0.905304940360655,-3.12594342196398,1.397));
#5110=CARTESIAN_POINT('',(0.89785270332876,-3.1379771195267,1.397));
#5111=CARTESIAN_POINT('',(0.88869066911218,-3.15113256494575,1.397));
#5112=CARTESIAN_POINT('',(0.885717148490769,-3.15525560548004,1.397));
#5113=CARTESIAN_POINT('',(0.880563392796416,-3.16237234843279,1.397));
#5114=CARTESIAN_POINT('',(0.877355061942833,-3.16679130534203,1.397));
#5115=CARTESIAN_POINT('',(0.873163669215291,-3.17306177276982,1.397));
#5116=CARTESIAN_POINT('',(0.871257299973935,-3.17610373888762,1.397));
#5117=CARTESIAN_POINT('',(0.867921910778946,-3.18251529190015,1.397));
#5118=CARTESIAN_POINT('',(0.866208064253191,-3.18730034475014,1.397));
#5119=CARTESIAN_POINT('',(0.866208064253191,-3.1915359413147,1.397));
#5120=CARTESIAN_POINT('',(2.46792510893515,-3.1915359413147,1.31844367861441));
#5121=CARTESIAN_POINT('',(2.46792510893515,-3.1153359413147,1.31844367861441));
#5122=CARTESIAN_POINT('',(2.46775258317842,-3.1153359413147,1.31861620437114));
#5123=CARTESIAN_POINT('',(2.46754555249676,-3.1153359413147,1.31882323550561));
#5124=CARTESIAN_POINT('',(2.44643309517905,-3.1153359413147,1.33993652402539));
#5125=CARTESIAN_POINT('',(2.42178997857936,-3.1153359413147,1.36554104405278));
#5126=CARTESIAN_POINT('',(2.39855049532736,-3.1153359413147,1.40872014066851));
#5127=CARTESIAN_POINT('',(2.39172510893515,-3.1153359413147,1.43100429060424));
#5128=CARTESIAN_POINT('',(2.39172510893515,-3.1153359413147,1.46140909702974));
#5129=CARTESIAN_POINT('',(2.39401214341292,-3.1153359413147,1.4743889265899));
#5130=CARTESIAN_POINT('',(2.40171780549602,-3.1153359413147,1.4938750939101));
#5131=CARTESIAN_POINT('',(2.40810413018714,-3.1153359413147,1.50399383232046));
#5132=CARTESIAN_POINT('',(2.42157957705917,-3.1153359413147,1.51797031846677));
#5133=CARTESIAN_POINT('',(2.43087766305963,-3.1153359413147,1.5244481033566));
#5134=CARTESIAN_POINT('',(2.44799186968536,-3.1153359413147,1.53175010426891));
#5135=CARTESIAN_POINT('',(2.45876165000514,-3.1153359413147,1.53396982552007));
#5136=CARTESIAN_POINT('',(2.47708856786516,-3.1153359413147,1.53396982552007));
#5137=CARTESIAN_POINT('',(2.48785834818494,-3.1153359413147,1.53175010426891));
#5138=CARTESIAN_POINT('',(2.50497255481067,-3.1153359413147,1.5244481033566));
#5139=CARTESIAN_POINT('',(2.51427064081113,-3.1153359413147,1.51797031846677));
#5140=CARTESIAN_POINT('',(2.52774608768316,-3.1153359413147,1.50399383232046));
#5141=CARTESIAN_POINT('',(2.53413241237428,-3.1153359413147,1.4938750939101));
#5142=CARTESIAN_POINT('',(2.54183807445739,-3.1153359413147,1.4743889265899));
#5143=CARTESIAN_POINT('',(2.54412510893515,-3.1153359413147,1.46140909702974));
#5144=CARTESIAN_POINT('',(2.54412510893515,-3.1153359413147,1.43100429060424));
#5145=CARTESIAN_POINT('',(2.53729972254294,-3.1153359413147,1.40872014066851));
#5146=CARTESIAN_POINT('',(2.51406023929094,-3.1153359413147,1.36554104405278));
#5147=CARTESIAN_POINT('',(2.48941712269125,-3.1153359413147,1.33993652402539));
#5148=CARTESIAN_POINT('',(2.46830466537355,-3.1153359413147,1.31882323550561));
#5149=CARTESIAN_POINT('',(2.46809763469188,-3.1153359413147,1.31861620437114));
#5150=CARTESIAN_POINT('',(2.46792510893515,-3.1153359413147,1.31844367861441));
#5151=CARTESIAN_POINT('',(2.46792510893515,-3.1153359413147,1.31844367861441));
#5152=CARTESIAN_POINT('',(2.53086193443825,-3.11533594177907,1.397));
#5153=CARTESIAN_POINT('',(2.44912215361712,-3.1915359413147,1.397));
#5154=CARTESIAN_POINT('',(2.44912215361712,-3.18730034475014,1.397));
#5155=CARTESIAN_POINT('',(2.44740830709136,-3.18251529190015,1.397));
#5156=CARTESIAN_POINT('',(2.44407291789637,-3.17610373888762,1.397));
#5157=CARTESIAN_POINT('',(2.44216654865502,-3.17306177276982,1.397));
#5158=CARTESIAN_POINT('',(2.43797515592747,-3.16679130534203,1.397));
#5159=CARTESIAN_POINT('',(2.43476682507389,-3.1623723484328,1.397));
#5160=CARTESIAN_POINT('',(2.42961306937954,-3.15525560548004,1.397));
#5161=CARTESIAN_POINT('',(2.42663954875813,-3.15113256494575,1.397));
#5162=CARTESIAN_POINT('',(2.41747751454155,-3.13797711952671,1.397));
#5163=CARTESIAN_POINT('',(2.41002527750965,-3.12594342196399,1.397));
#5164=CARTESIAN_POINT('',(2.40008705204838,-3.10501440511689,1.397));
#5165=CARTESIAN_POINT('',(2.39563756774571,-3.09211189469472,1.397));
#5166=CARTESIAN_POINT('',(2.39182745172358,-3.0713485350601,1.397));
#5167=CARTESIAN_POINT('',(2.39125598634104,-3.05967863747211,1.397));
#5168=CARTESIAN_POINT('',(2.39340260765589,-3.04008748025084,1.397));
#5169=CARTESIAN_POINT('',(2.39664206041019,-3.02856809902111,1.397));
#5170=CARTESIAN_POINT('',(2.40515832752085,-3.01146595278137,1.397));
#5171=CARTESIAN_POINT('',(2.41167274184643,-3.00265200293582,1.397));
#5172=CARTESIAN_POINT('',(2.42476817359965,-2.99057321154621,1.397));
#5173=CARTESIAN_POINT('',(2.43357517664426,-2.98500732081852,1.397));
#5174=CARTESIAN_POINT('',(2.4495215299246,-2.97875405921687,1.397));
#5175=CARTESIAN_POINT('',(2.45947846894171,-2.97685742732142,1.397));
#5176=CARTESIAN_POINT('',(2.47637174892859,-2.97685742732142,1.397));
#5177=CARTESIAN_POINT('',(2.48632868794571,-2.97875405921687,1.397));
#5178=CARTESIAN_POINT('',(2.50227504122604,-2.98500732081852,1.397));
#5179=CARTESIAN_POINT('',(2.51108204427065,-2.99057321154621,1.397));
#5180=CARTESIAN_POINT('',(2.52417747602387,-3.00265200293582,1.397));
#5181=CARTESIAN_POINT('',(2.53069189034945,-3.01146595278137,1.397));
#5182=CARTESIAN_POINT('',(2.53920815746011,-3.02856809902112,1.397));
#5183=CARTESIAN_POINT('',(2.54244761021442,-3.04008748025084,1.397));
#5184=CARTESIAN_POINT('',(2.54459423152926,-3.05967863747211,1.397));
#5185=CARTESIAN_POINT('',(2.54402276614672,-3.0713485350601,1.397));
#5186=CARTESIAN_POINT('',(2.54021265012459,-3.09211189469472,1.397));
#5187=CARTESIAN_POINT('',(2.53576316582192,-3.10501440511689,1.397));
#5188=CARTESIAN_POINT('',(2.52582494036065,-3.12594342196399,1.397));
#5189=CARTESIAN_POINT('',(2.51837270332876,-3.13797711952671,1.397));
#5190=CARTESIAN_POINT('',(2.50921066911218,-3.15113256494575,1.397));
#5191=CARTESIAN_POINT('',(2.50623714849076,-3.15525560548004,1.397));
#5192=CARTESIAN_POINT('',(2.50108339279641,-3.1623723484328,1.397));
#5193=CARTESIAN_POINT('',(2.49787506194283,-3.16679130534203,1.397));
#5194=CARTESIAN_POINT('',(2.49368366921529,-3.17306177276982,1.397));
#5195=CARTESIAN_POINT('',(2.49177729997393,-3.17610373888762,1.397));
#5196=CARTESIAN_POINT('',(2.48844191077894,-3.18251529190015,1.397));
#5197=CARTESIAN_POINT('',(2.48672806425319,-3.18730034475014,1.397));
#5198=CARTESIAN_POINT('',(2.48672806425319,-3.19577153787926,1.397));
#5199=CARTESIAN_POINT('',(2.48844191077894,-3.20055659072925,1.397));
#5200=CARTESIAN_POINT('',(2.49177729997393,-3.20696814374178,1.397));
#5201=CARTESIAN_POINT('',(2.49368366921529,-3.21001010985958,1.397));
#5202=CARTESIAN_POINT('',(2.49787506194283,-3.21628057728737,1.397));
#5203=CARTESIAN_POINT('',(2.50108339279641,-3.2206995341966,1.397));
#5204=CARTESIAN_POINT('',(2.50623714849076,-3.22781627714936,1.397));
#5205=CARTESIAN_POINT('',(2.50921066911218,-3.23193931768365,1.397));
#5206=CARTESIAN_POINT('',(2.51837270332876,-3.24509476310269,1.397));
#5207=CARTESIAN_POINT('',(2.52582494036065,-3.25712846066541,1.397));
#5208=CARTESIAN_POINT('',(2.53576316582192,-3.27805747751251,1.397));
#5209=CARTESIAN_POINT('',(2.54021265012459,-3.29095998793468,1.397));
#5210=CARTESIAN_POINT('',(2.54402276614672,-3.3117233475693,1.397));
#5211=CARTESIAN_POINT('',(2.54459423152926,-3.32339324515729,1.397));
#5212=CARTESIAN_POINT('',(2.54244761021442,-3.34298440237856,1.397));
#5213=CARTESIAN_POINT('',(2.53920815746011,-3.35450378360828,1.397));
#5214=CARTESIAN_POINT('',(2.53069189034945,-3.37160592984803,1.397));
#5215=CARTESIAN_POINT('',(2.52417747602387,-3.38041987969358,1.397));
#5216=CARTESIAN_POINT('',(2.51108204427065,-3.39249867108319,1.397));
#5217=CARTESIAN_POINT('',(2.50227504122604,-3.39806456181088,1.397));
#5218=CARTESIAN_POINT('',(2.48632868794571,-3.40431782341253,1.397));
#5219=CARTESIAN_POINT('',(2.47637174892859,-3.40621445530798,1.397));
#5220=CARTESIAN_POINT('',(2.45947846894171,-3.40621445530798,1.397));
#5221=CARTESIAN_POINT('',(2.4495215299246,-3.40431782341253,1.397));
#5222=CARTESIAN_POINT('',(2.43357517664426,-3.39806456181088,1.397));
#5223=CARTESIAN_POINT('',(2.42476817359965,-3.39249867108319,1.397));
#5224=CARTESIAN_POINT('',(2.41167274184643,-3.38041987969358,1.397));
#5225=CARTESIAN_POINT('',(2.40515832752085,-3.37160592984803,1.397));
#5226=CARTESIAN_POINT('',(2.39664206041019,-3.35450378360829,1.397));
#5227=CARTESIAN_POINT('',(2.39340260765589,-3.34298440237856,1.397));
#5228=CARTESIAN_POINT('',(2.39125598634104,-3.32339324515729,1.397));
#5229=CARTESIAN_POINT('',(2.39182745172358,-3.3117233475693,1.397));
#5230=CARTESIAN_POINT('',(2.39563756774571,-3.29095998793468,1.397));
#5231=CARTESIAN_POINT('',(2.40008705204838,-3.27805747751251,1.397));
#5232=CARTESIAN_POINT('',(2.41002527750965,-3.25712846066541,1.397));
#5233=CARTESIAN_POINT('',(2.41747751454155,-3.24509476310269,1.397));
#5234=CARTESIAN_POINT('',(2.42663954875813,-3.23193931768365,1.397));
#5235=CARTESIAN_POINT('',(2.42961306937954,-3.22781627714936,1.397));
#5236=CARTESIAN_POINT('',(2.43476682507389,-3.2206995341966,1.397));
#5237=CARTESIAN_POINT('',(2.43797515592747,-3.21628057728737,1.397));
#5238=CARTESIAN_POINT('',(2.44216654865502,-3.21001010985958,1.397));
#5239=CARTESIAN_POINT('',(2.44407291789637,-3.20696814374178,1.397));
#5240=CARTESIAN_POINT('',(2.44740830709136,-3.20055659072925,1.397));
#5241=CARTESIAN_POINT('',(2.44912215361712,-3.19577153787926,1.397));
#5242=CARTESIAN_POINT('',(2.44912215361712,-3.1915359413147,1.397));
#5243=CARTESIAN_POINT('',(2.53126306008694,-3.11448574066162,1.39700000055428));
#5244=CARTESIAN_POINT('',(2.45657399716677,-3.11448574066162,1.31844367861441));
#5245=CARTESIAN_POINT('',(2.45657399716677,-3.11448574066162,1.32044411884669));
#5246=CARTESIAN_POINT('',(2.45590503370665,-3.11448574066162,1.32274955240809));
#5247=CARTESIAN_POINT('',(2.45455463528274,-3.11448574066162,1.32566900625512));
#5248=CARTESIAN_POINT('',(2.45383837248101,-3.11448574066162,1.32694059557591));
#5249=CARTESIAN_POINT('',(2.45176672753179,-3.11448574066162,1.33026597666069));
#5250=CARTESIAN_POINT('',(2.44982709472792,-3.11448574066162,1.33286377675177));
#5251=CARTESIAN_POINT('',(2.44529689104618,-3.11448574066162,1.33865713081007));
#5252=CARTESIAN_POINT('',(2.44171095501874,-3.11448574066162,1.34293643040631));
#5253=CARTESIAN_POINT('',(2.43592514978206,-3.11448574066162,1.34994035120148));
#5254=CARTESIAN_POINT('',(2.43256419582654,-3.11448574066162,1.35406219599378));
#5255=CARTESIAN_POINT('',(2.42237217979712,-3.11448574066162,1.36706175199891));
#5256=CARTESIAN_POINT('',(2.41410472978263,-3.11448574066162,1.37897871049432));
#5257=CARTESIAN_POINT('',(2.40274404322553,-3.11448574066162,1.39997242612578));
#5258=CARTESIAN_POINT('',(2.39744980229324,-3.11448574066162,1.41308460771874));
#5259=CARTESIAN_POINT('',(2.39244337891453,-3.11448574066162,1.43437451546272));
#5260=CARTESIAN_POINT('',(2.3912796671958,-3.11448574066162,1.4464225395574));
#5261=CARTESIAN_POINT('',(2.39261346544609,-3.11448574066162,1.46681631550415));
#5262=CARTESIAN_POINT('',(2.39549903780052,-3.11448574066162,1.47889720005338));
#5263=CARTESIAN_POINT('',(2.4037214212792,-3.11448574066162,1.49692120301046));
#5264=CARTESIAN_POINT('',(2.41020078642717,-3.11448574066162,1.50624291129897));
#5265=CARTESIAN_POINT('',(2.42346601551047,-3.11448574066162,1.51906083364125));
#5266=CARTESIAN_POINT('',(2.43247803406213,-3.11448574066162,1.52498200042144));
#5267=CARTESIAN_POINT('',(2.4489008882636,-3.11448574066162,1.53164460624268));
#5268=CARTESIAN_POINT('',(2.45918820212171,-3.11448574066162,1.53366734501595));
#5269=CARTESIAN_POINT('',(2.47666201574859,-3.11448574066162,1.53366734501595));
#5270=CARTESIAN_POINT('',(2.4869493296067,-3.11448574066162,1.53164460624268));
#5271=CARTESIAN_POINT('',(2.50337218380817,-3.11448574066162,1.52498200042144));
#5272=CARTESIAN_POINT('',(2.51238420235983,-3.11448574066162,1.51906083364125));
#5273=CARTESIAN_POINT('',(2.52564943144313,-3.11448574066162,1.50624291129897));
#5274=CARTESIAN_POINT('',(2.5321287965911,-3.11448574066162,1.49692120301046));
#5275=CARTESIAN_POINT('',(2.54035118006978,-3.11448574066162,1.47889720005338));
#5276=CARTESIAN_POINT('',(2.54323675242422,-3.11448574066162,1.46681631550415));
#5277=CARTESIAN_POINT('',(2.5445705506745,-3.11448574066162,1.4464225395574));
#5278=CARTESIAN_POINT('',(2.54340683895577,-3.11448574066162,1.43437451546272));
#5279=CARTESIAN_POINT('',(2.53840041557706,-3.11448574066162,1.41308460771874));
#5280=CARTESIAN_POINT('',(2.53310617464477,-3.11448574066162,1.39997242612578));
#5281=CARTESIAN_POINT('',(2.52174548808767,-3.11448574066162,1.37897871049432));
#5282=CARTESIAN_POINT('',(2.51347803807318,-3.11448574066162,1.36706175199891));
#5283=CARTESIAN_POINT('',(2.50328602204376,-3.11448574066162,1.35406219599378));
#5284=CARTESIAN_POINT('',(2.49992506808824,-3.11448574066162,1.34994035120148));
#5285=CARTESIAN_POINT('',(2.49413926285156,-3.11448574066162,1.34293643040631));
#5286=CARTESIAN_POINT('',(2.49055332682412,-3.11448574066162,1.33865713081007));
#5287=CARTESIAN_POINT('',(2.48602312314238,-3.11448574066162,1.33286377675177));
#5288=CARTESIAN_POINT('',(2.48408349033852,-3.11448574066162,1.33026597666069));
#5289=CARTESIAN_POINT('',(2.48201184538929,-3.11448574066162,1.32694059557591));
#5290=CARTESIAN_POINT('',(2.48129558258756,-3.11448574066162,1.32566900625512));
#5291=CARTESIAN_POINT('',(2.47994518416365,-3.11448574066162,1.32274955240809));
#5292=CARTESIAN_POINT('',(2.47927622070353,-3.11448574066162,1.32044411884669));
#5293=CARTESIAN_POINT('',(2.47927622070353,-3.11448574066162,1.31644323838213));
#5294=CARTESIAN_POINT('',(2.47994518416365,-3.11448574066162,1.31413780482072));
#5295=CARTESIAN_POINT('',(2.48129558258756,-3.11448574066162,1.3112183509737));
#5296=CARTESIAN_POINT('',(2.48201184538929,-3.11448574066162,1.3099467616529));
#5297=CARTESIAN_POINT('',(2.48408349033852,-3.11448574066162,1.30662138056813));
#5298=CARTESIAN_POINT('',(2.48602312314238,-3.11448574066162,1.30402358047705));
#5299=CARTESIAN_POINT('',(2.49055332682412,-3.11448574066162,1.29823022641875));
#5300=CARTESIAN_POINT('',(2.49413926285156,-3.11448574066162,1.2939509268225));
#5301=CARTESIAN_POINT('',(2.49992506808824,-3.11448574066162,1.28694700602734));
#5302=CARTESIAN_POINT('',(2.50328602204376,-3.11448574066162,1.28282516123503));
#5303=CARTESIAN_POINT('',(2.51347803807318,-3.11448574066162,1.26982560522991));
#5304=CARTESIAN_POINT('',(2.52174548808767,-3.11448574066162,1.2579086467345));
#5305=CARTESIAN_POINT('',(2.53310617464477,-3.11448574066162,1.23691493110303));
#5306=CARTESIAN_POINT('',(2.53840041557706,-3.11448574066162,1.22380274951007));
#5307=CARTESIAN_POINT('',(2.54340683895577,-3.11448574066162,1.2025128417661));
#5308=CARTESIAN_POINT('',(2.5445705506745,-3.11448574066162,1.19046481767142));
#5309=CARTESIAN_POINT('',(2.54323675242422,-3.11448574066162,1.17007104172466));
#5310=CARTESIAN_POINT('',(2.54035118006978,-3.11448574066162,1.15799015717543));
#5311=CARTESIAN_POINT('',(2.5321287965911,-3.11448574066162,1.13996615421836));
#5312=CARTESIAN_POINT('',(2.52564943144313,-3.11448574066162,1.13064444592984));
#5313=CARTESIAN_POINT('',(2.51238420235983,-3.11448574066162,1.11782652358756));
#5314=CARTESIAN_POINT('',(2.50337218380817,-3.11448574066162,1.11190535680737));
#5315=CARTESIAN_POINT('',(2.4869493296067,-3.11448574066162,1.10524275098613));
#5316=CARTESIAN_POINT('',(2.47666201574859,-3.11448574066162,1.10322001221287));
#5317=CARTESIAN_POINT('',(2.45918820212171,-3.11448574066162,1.10322001221287));
#5318=CARTESIAN_POINT('',(2.4489008882636,-3.11448574066162,1.10524275098613));
#5319=CARTESIAN_POINT('',(2.43247803406213,-3.11448574066162,1.11190535680737));
#5320=CARTESIAN_POINT('',(2.42346601551047,-3.11448574066162,1.11782652358756));
#5321=CARTESIAN_POINT('',(2.41020078642717,-3.11448574066162,1.13064444592984));
#5322=CARTESIAN_POINT('',(2.4037214212792,-3.11448574066162,1.13996615421836));
#5323=CARTESIAN_POINT('',(2.39549903780052,-3.11448574066162,1.15799015717543));
#5324=CARTESIAN_POINT('',(2.39261346544609,-3.11448574066162,1.17007104172466));
#5325=CARTESIAN_POINT('',(2.39127966719581,-3.11448574066162,1.19046481767142));
#5326=CARTESIAN_POINT('',(2.39244337891453,-3.11448574066162,1.2025128417661));
#5327=CARTESIAN_POINT('',(2.39744980229324,-3.11448574066162,1.22380274951007));
#5328=CARTESIAN_POINT('',(2.40274404322553,-3.11448574066162,1.23691493110303));
#5329=CARTESIAN_POINT('',(2.41410472978263,-3.11448574066162,1.2579086467345));
#5330=CARTESIAN_POINT('',(2.42237217979712,-3.11448574066162,1.26982560522991));
#5331=CARTESIAN_POINT('',(2.43256419582654,-3.11448574066162,1.28282516123503));
#5332=CARTESIAN_POINT('',(2.43592514978206,-3.11448574066162,1.28694700602734));
#5333=CARTESIAN_POINT('',(2.44171095501874,-3.11448574066162,1.2939509268225));
#5334=CARTESIAN_POINT('',(2.44529689104618,-3.11448574066162,1.29823022641875));
#5335=CARTESIAN_POINT('',(2.44982709472792,-3.11448574066162,1.30402358047705));
#5336=CARTESIAN_POINT('',(2.45176672753179,-3.11448574066162,1.30662138056813));
#5337=CARTESIAN_POINT('',(2.45383837248101,-3.11448574066162,1.3099467616529));
#5338=CARTESIAN_POINT('',(2.45455463528274,-3.11448574066162,1.3112183509737));
#5339=CARTESIAN_POINT('',(2.45590503370665,-3.11448574066162,1.31413780482072));
#5340=CARTESIAN_POINT('',(2.45657399716677,-3.11448574066162,1.31644323838213));
#5341=CARTESIAN_POINT('',(2.45657399716677,-3.11448574066162,1.31844367861441));
#5342=CARTESIAN_POINT('',(2.54412510893515,-3.11448574066162,1.44993142169079));
#5343=CARTESIAN_POINT('',(2.54412510893515,-3.1915359413147,1.31844367861441));
#5344=CARTESIAN_POINT('',(2.54412510893515,-3.1915359413147,1.47084367861441));
#5345=CARTESIAN_POINT('',(2.46792510893515,-3.1915359413147,1.47084367861441));
#5346=CARTESIAN_POINT('',(2.46792510893515,-3.1915359413147,1.39464367861441));
#5347=CARTESIAN_POINT('',(2.46792510893515,-3.1915359413147,1.31844367861441));
#5348=CARTESIAN_POINT('',(2.46792510893515,4.25151425933838,1.47084367861441));
#5349=CARTESIAN_POINT('',(2.46792510893515,-3.62248574066162,1.47084367861441));
#5350=CARTESIAN_POINT('',(2.54412510893515,-3.62248574066162,1.47084367861441));
#5351=CARTESIAN_POINT('',(2.46792510893515,-3.62248574066162,1.39464367861441));
#5352=CARTESIAN_POINT('',(2.46792510893515,4.25151425933838,1.39464367861441));
#5353=CARTESIAN_POINT('',(2.54412510893515,4.25151425933838,1.47084367861441));
#5354=CARTESIAN_POINT('',(1.78212510893515,-3.62248574066162,1.47084367861441));
#5355=CARTESIAN_POINT('',(1.78212510893515,-4.30828574066162,1.47084367861441));
#5356=CARTESIAN_POINT('',(1.78212510893515,-4.38448574066162,1.47084367861441));
#5357=CARTESIAN_POINT('',(1.78212510893515,-4.30828574066162,1.39464367861441));
#5358=CARTESIAN_POINT('',(1.78212510893515,-3.62248574066162,1.39464367861441));
#5359=CARTESIAN_POINT('',(1.78212510893515,-3.62248574066162,1.47084367861441));
#5360=CARTESIAN_POINT('',(1.65766510893515,-4.30828574066162,1.47084367861441));
#5361=CARTESIAN_POINT('',(1.53320510893515,-4.30828574066162,1.47084367861441));
#5362=CARTESIAN_POINT('',(1.53320510893515,-4.30828574066162,1.39464367861441));
#5363=CARTESIAN_POINT('',(1.65766510893515,-4.30828574066162,1.39464367861441));
#5364=CARTESIAN_POINT('',(1.65766510893515,-4.38448574066162,1.47084367861441));
#5365=CARTESIAN_POINT('',(1.53320510893515,-3.62248574066162,1.47084367861441));
#5366=CARTESIAN_POINT('',(0.847405108935153,-3.62248574066162,1.47084367861441));
#5367=CARTESIAN_POINT('',(0.847405108935153,-3.62248574066162,1.39464367861441));
#5368=CARTESIAN_POINT('',(1.53320510893515,-3.62248574066162,1.39464367861441));
#5369=CARTESIAN_POINT('',(0.847405108935152,4.25151425933838,1.47084367861441));
#5370=CARTESIAN_POINT('',(0.847405108935152,4.25151425933838,1.39464367861441));
#5371=CARTESIAN_POINT('',(-3.92045021896362,-3.19068574066162,1.32159553092957));
#5372=CARTESIAN_POINT('',(-3.92045021896362,-3.1153359413147,1.5374203852406));
#5373=CARTESIAN_POINT('',(-3.91106925679681,-3.1153359413147,1.5374203852406));
#5374=CARTESIAN_POINT('',(-3.90005415857198,-3.1153359413147,1.53509850221399));
#5375=CARTESIAN_POINT('',(-3.88259490479739,-3.1153359413147,1.52746620003297));
#5376=CARTESIAN_POINT('',(-3.87315996104696,-3.1153359413147,1.52070337252866));
#5377=CARTESIAN_POINT('',(-3.8599230734476,-3.1153359413147,1.50648390656401));
#5378=CARTESIAN_POINT('',(-3.85380040563598,-3.1153359413147,1.49650905973591));
#5379=CARTESIAN_POINT('',(-3.84643738899016,-3.1153359413147,1.47742384103368));
#5380=CARTESIAN_POINT('',(-3.84425021896362,-3.1153359413147,1.46476794365366));
#5381=CARTESIAN_POINT('',(-3.84425021896362,-3.1153359413147,1.44343202246445));
#5382=CARTESIAN_POINT('',(-3.84636406903057,-3.1153359413147,1.43084873158679));
#5383=CARTESIAN_POINT('',(-3.85325309612418,-3.1153359413147,1.40885646542488));
#5384=CARTESIAN_POINT('',(-3.85984610108177,-3.1153359413147,1.39549939813479));
#5385=CARTESIAN_POINT('',(-3.87503282518953,-3.1153359413147,1.37192606030773));
#5386=CARTESIAN_POINT('',(-3.88710446260117,-3.1153359413147,1.357573149715));
#5387=CARTESIAN_POINT('',(-3.902362417689,-3.1153359413147,1.34304898548848));
#5388=CARTESIAN_POINT('',(-3.90721292012904,-3.1153359413147,1.33868581589243));
#5389=CARTESIAN_POINT('',(-3.91324538450802,-3.1153359413147,1.33500101705147));
#5390=CARTESIAN_POINT('',(-3.91498869875323,-3.1153359413147,1.33410863648874));
#5391=CARTESIAN_POINT('',(-3.91772716405273,-3.1153359413147,1.33321446344536));
#5392=CARTESIAN_POINT('',(-3.91920149941849,-3.1153359413147,1.33294664269795));
#5393=CARTESIAN_POINT('',(-3.92301917358228,-3.1153359413147,1.33294664269795));
#5394=CARTESIAN_POINT('',(-3.92589822361453,-3.1153359413147,1.33404863679545));
#5395=CARTESIAN_POINT('',(-3.93213406997661,-3.1153359413147,1.33757722827802));
#5396=CARTESIAN_POINT('',(-3.93633205870365,-3.1153359413147,1.341154164434));
#5397=CARTESIAN_POINT('',(-3.95009149414179,-3.1153359413147,1.35365695974403));
#5398=CARTESIAN_POINT('',(-3.96116956598472,-3.1153359413147,1.36627965262685));
#5399=CARTESIAN_POINT('',(-3.97747927550699,-3.1153359413147,1.38910481954736));
#5400=CARTESIAN_POINT('',(-3.9856047673625,-3.1153359413147,1.40388857598182));
#5401=CARTESIAN_POINT('',(-3.99405211620068,-3.1153359413147,1.42833351907964));
#5402=CARTESIAN_POINT('',(-3.99665021896362,-3.1153359413147,1.44225966872283));
#5403=CARTESIAN_POINT('',(-3.99665021896362,-3.1153359413147,1.46500598145007));
#5404=CARTESIAN_POINT('',(-3.99436491833952,-3.1153359413147,1.47793470207063));
#5405=CARTESIAN_POINT('',(-3.98667261644771,-3.1153359413147,1.49736611780878));
#5406=CARTESIAN_POINT('',(-3.98028897394763,-3.1153359413147,1.50746720106153));
#5407=CARTESIAN_POINT('',(-3.96681765453706,-3.1153359413147,1.52142783738838));
#5408=CARTESIAN_POINT('',(-3.95751730900127,-3.1153359413147,1.5279010328641));
#5409=CARTESIAN_POINT('',(-3.94039654856957,-3.1153359413147,1.53520096060917));
#5410=CARTESIAN_POINT('',(-3.92961953320076,-3.1153359413147,1.5374203852406));
#5411=CARTESIAN_POINT('',(-3.92045021896362,-3.1153359413147,1.5374203852406));
#5412=CARTESIAN_POINT('',(-3.92045021896362,-3.1153359413147,1.33294664269795));
#5413=CARTESIAN_POINT('',(-3.98134966697159,-3.11533593940685,1.397));
#5414=CARTESIAN_POINT('',(-3.92045021896362,-3.19068574066162,1.32159553092957));
#5415=CARTESIAN_POINT('',(-3.92045021896362,-3.19068574066162,1.39779553092957));
#5416=CARTESIAN_POINT('',(-3.92045021896362,-3.19068574066162,1.47399553092957));
#5417=CARTESIAN_POINT('',(-3.92045021896362,-2.97487998067314,1.397));
#5418=CARTESIAN_POINT('',(-3.91106929351515,-2.97487998067314,1.397));
#5419=CARTESIAN_POINT('',(-3.90005428023818,-2.97720205306141,1.397));
#5420=CARTESIAN_POINT('',(-3.88259488880859,-2.98483504700877,1.397));
#5421=CARTESIAN_POINT('',(-3.87315986611288,-2.99159867054119,1.397));
#5422=CARTESIAN_POINT('',(-3.85992309066379,-3.00581960535669,1.397));
#5423=CARTESIAN_POINT('',(-3.85380066162526,-3.01579538550953,1.397));
#5424=CARTESIAN_POINT('',(-3.84643734522674,-3.03488351391601,1.397));
#5425=CARTESIAN_POINT('',(-3.84425021896362,-3.0475421756813,1.397));
#5426=CARTESIAN_POINT('',(-3.84425021896362,-3.07005966939629,1.397));
#5427=CARTESIAN_POINT('',(-3.84685011991909,-3.08399397353896,1.397));
#5428=CARTESIAN_POINT('',(-3.85530527286325,-3.10846612415558,1.397));
#5429=CARTESIAN_POINT('',(-3.86344315493883,-3.12327224975,1.397));
#5430=CARTESIAN_POINT('',(-3.87978390934382,-3.1461579713748,1.397));
#5431=CARTESIAN_POINT('',(-3.89089530909792,-3.15882487445896,1.397));
#5432=CARTESIAN_POINT('',(-3.90465911864504,-3.17141292621847,1.397));
#5433=CARTESIAN_POINT('',(-3.90885173158417,-3.17502317843913,1.397));
#5434=CARTESIAN_POINT('',(-3.91505838814537,-3.17858774033295,1.397));
#5435=CARTESIAN_POINT('',(-3.91790346746004,-3.17970366234254,1.397));
#5436=CARTESIAN_POINT('',(-3.92299697046721,-3.17970366234254,1.397));
#5437=CARTESIAN_POINT('',(-3.92584204978187,-3.17858774033295,1.397));
#5438=CARTESIAN_POINT('',(-3.93204870634307,-3.17502317843913,1.397));
#5439=CARTESIAN_POINT('',(-3.9362413192822,-3.17141292621847,1.397));
#5440=CARTESIAN_POINT('',(-3.95000512882932,-3.15882487445896,1.397));
#5441=CARTESIAN_POINT('',(-3.96111652858342,-3.1461579713748,1.397));
#5442=CARTESIAN_POINT('',(-3.97745728298841,-3.12327224975,1.397));
#5443=CARTESIAN_POINT('',(-3.98559516506399,-3.10846612415558,1.397));
#5444=CARTESIAN_POINT('',(-3.99405031800815,-3.08399397353896,1.397));
#5445=CARTESIAN_POINT('',(-3.99665021896362,-3.0700596693963,1.397));
#5446=CARTESIAN_POINT('',(-3.99665021896362,-3.04730371464173,1.397));
#5447=CARTESIAN_POINT('',(-3.99436480704031,-3.03437173926045,1.397));
#5448=CARTESIAN_POINT('',(-3.98667165405896,-3.01493683423728,1.397));
#5449=CARTESIAN_POINT('',(-3.98028784012039,-3.00483462355467,1.397));
#5450=CARTESIAN_POINT('',(-3.96681625699376,-2.99087297445487,1.397));
#5451=CARTESIAN_POINT('',(-3.95751605539191,-2.98439948527311,1.397));
#5452=CARTESIAN_POINT('',(-3.94039571300288,-2.97709942446236,1.397));
#5453=CARTESIAN_POINT('',(-3.92961915946931,-2.97487998067314,1.397));
#5454=CARTESIAN_POINT('',(-3.92045021896362,-2.97487998067314,1.397));
#5455=CARTESIAN_POINT('',(-2.2999057685852,-3.19068574066162,1.32159553092957));
#5456=CARTESIAN_POINT('',(-2.2999057685852,-3.1153359413147,1.5374203852406));
#5457=CARTESIAN_POINT('',(-2.29073645434807,-3.1153359413147,1.5374203852406));
#5458=CARTESIAN_POINT('',(-2.27995943897925,-3.1153359413147,1.53520096060917));
#5459=CARTESIAN_POINT('',(-2.26283867854755,-3.1153359413147,1.5279010328641));
#5460=CARTESIAN_POINT('',(-2.25353833301176,-3.1153359413147,1.52142783738838));
#5461=CARTESIAN_POINT('',(-2.24006701360119,-3.1153359413147,1.50746720106153));
#5462=CARTESIAN_POINT('',(-2.23368337110111,-3.1153359413147,1.49736611780878));
#5463=CARTESIAN_POINT('',(-2.2259910692093,-3.1153359413147,1.47793470207063));
#5464=CARTESIAN_POINT('',(-2.2237057685852,-3.1153359413147,1.46500598145007));
#5465=CARTESIAN_POINT('',(-2.2237057685852,-3.1153359413147,1.44225966872283));
#5466=CARTESIAN_POINT('',(-2.22630387134814,-3.1153359413147,1.42833351907964));
#5467=CARTESIAN_POINT('',(-2.23475122018632,-3.1153359413147,1.40388857598182));
#5468=CARTESIAN_POINT('',(-2.24287671204183,-3.1153359413147,1.38910481954736));
#5469=CARTESIAN_POINT('',(-2.2591864215641,-3.1153359413147,1.36627965262685));
#5470=CARTESIAN_POINT('',(-2.27026449340704,-3.1153359413147,1.35365695974403));
#5471=CARTESIAN_POINT('',(-2.28402392884517,-3.1153359413147,1.341154164434));
#5472=CARTESIAN_POINT('',(-2.28822191757221,-3.1153359413147,1.33757722827802));
#5473=CARTESIAN_POINT('',(-2.2944577639343,-3.1153359413147,1.33404863679545));
#5474=CARTESIAN_POINT('',(-2.29733681396654,-3.1153359413147,1.33294664269795));
#5475=CARTESIAN_POINT('',(-2.30247472320386,-3.1153359413147,1.33294664269795));
#5476=CARTESIAN_POINT('',(-2.30535377323611,-3.1153359413147,1.33404863679545));
#5477=CARTESIAN_POINT('',(-2.31158961959819,-3.1153359413147,1.33757722827802));
#5478=CARTESIAN_POINT('',(-2.31578760832523,-3.1153359413147,1.341154164434));
#5479=CARTESIAN_POINT('',(-2.32954704376337,-3.1153359413147,1.35365695974403));
#5480=CARTESIAN_POINT('',(-2.3406251156063,-3.1153359413147,1.36627965262685));
#5481=CARTESIAN_POINT('',(-2.35693482512857,-3.1153359413147,1.38910481954736));
#5482=CARTESIAN_POINT('',(-2.36506031698408,-3.1153359413147,1.40388857598182));
#5483=CARTESIAN_POINT('',(-2.37350766582226,-3.1153359413147,1.42833351907964));
#5484=CARTESIAN_POINT('',(-2.3761057685852,-3.1153359413147,1.44225966872283));
#5485=CARTESIAN_POINT('',(-2.3761057685852,-3.1153359413147,1.46476794365366));
#5486=CARTESIAN_POINT('',(-2.37391859855867,-3.1153359413147,1.47742384103368));
#5487=CARTESIAN_POINT('',(-2.36655558191284,-3.1153359413147,1.49650905973591));
#5488=CARTESIAN_POINT('',(-2.36043291410122,-3.1153359413147,1.50648390656401));
#5489=CARTESIAN_POINT('',(-2.34719602650186,-3.1153359413147,1.52070337252866));
#5490=CARTESIAN_POINT('',(-2.33776108275143,-3.1153359413147,1.52746620003297));
#5491=CARTESIAN_POINT('',(-2.32030182897685,-3.1153359413147,1.53509850221399));
#5492=CARTESIAN_POINT('',(-2.30928673075201,-3.1153359413147,1.5374203852406));
#5493=CARTESIAN_POINT('',(-2.2999057685852,-3.1153359413147,1.5374203852406));
#5494=CARTESIAN_POINT('',(-2.2999057685852,-3.1153359413147,1.33294664269795));
#5495=CARTESIAN_POINT('',(-2.23900632057723,-3.11533593940685,1.397));
#5496=CARTESIAN_POINT('',(-2.2999057685852,-2.97487998067314,1.397));
#5497=CARTESIAN_POINT('',(-2.29073682807952,-2.97487998067314,1.397));
#5498=CARTESIAN_POINT('',(-2.27996027454595,-2.97709942446236,1.397));
#5499=CARTESIAN_POINT('',(-2.26283993215691,-2.98439948527311,1.397));
#5500=CARTESIAN_POINT('',(-2.25353973055506,-2.99087297445487,1.397));
#5501=CARTESIAN_POINT('',(-2.24006814742843,-3.00483462355467,1.397));
#5502=CARTESIAN_POINT('',(-2.23368433348987,-3.01493683423727,1.397));
#5503=CARTESIAN_POINT('',(-2.22599118050851,-3.03437173926045,1.397));
#5504=CARTESIAN_POINT('',(-2.2237057685852,-3.04730371464173,1.397));
#5505=CARTESIAN_POINT('',(-2.2237057685852,-3.07005966939629,1.397));
#5506=CARTESIAN_POINT('',(-2.22630566954067,-3.08399397353896,1.397));
#5507=CARTESIAN_POINT('',(-2.23476082248483,-3.10846612415558,1.397));
#5508=CARTESIAN_POINT('',(-2.24289870456041,-3.12327224975,1.397));
#5509=CARTESIAN_POINT('',(-2.2592394589654,-3.1461579713748,1.397));
#5510=CARTESIAN_POINT('',(-2.2703508587195,-3.15882487445896,1.397));
#5511=CARTESIAN_POINT('',(-2.28411466826662,-3.17141292621847,1.397));
#5512=CARTESIAN_POINT('',(-2.28830728120575,-3.17502317843913,1.397));
#5513=CARTESIAN_POINT('',(-2.29451393776695,-3.17858774033294,1.397));
#5514=CARTESIAN_POINT('',(-2.29735901708162,-3.17970366234254,1.397));
#5515=CARTESIAN_POINT('',(-2.30245252008879,-3.17970366234254,1.397));
#5516=CARTESIAN_POINT('',(-2.30529759940345,-3.17858774033294,1.397));
#5517=CARTESIAN_POINT('',(-2.31150425596465,-3.17502317843913,1.397));
#5518=CARTESIAN_POINT('',(-2.31569686890378,-3.17141292621847,1.397));
#5519=CARTESIAN_POINT('',(-2.3294606784509,-3.15882487445896,1.397));
#5520=CARTESIAN_POINT('',(-2.340572078205,-3.1461579713748,1.397));
#5521=CARTESIAN_POINT('',(-2.35691283260999,-3.12327224975,1.397));
#5522=CARTESIAN_POINT('',(-2.36505071468557,-3.10846612415558,1.397));
#5523=CARTESIAN_POINT('',(-2.37350586762973,-3.08399397353896,1.397));
#5524=CARTESIAN_POINT('',(-2.3761057685852,-3.0700596693963,1.397));
#5525=CARTESIAN_POINT('',(-2.3761057685852,-3.04730371464173,1.397));
#5526=CARTESIAN_POINT('',(-2.37382035666189,-3.03437173926045,1.397));
#5527=CARTESIAN_POINT('',(-2.36612720368054,-3.01493683423728,1.397));
#5528=CARTESIAN_POINT('',(-2.35974338974197,-3.00483462355467,1.397));
#5529=CARTESIAN_POINT('',(-2.34627180661534,-2.99087297445487,1.397));
#5530=CARTESIAN_POINT('',(-2.33697160501349,-2.98439948527311,1.397));
#5531=CARTESIAN_POINT('',(-2.31985126262446,-2.97709942446236,1.397));
#5532=CARTESIAN_POINT('',(-2.30907470909089,-2.97487998067314,1.397));
#5533=CARTESIAN_POINT('',(-2.2999057685852,-2.97487998067314,1.397));
#5534=CARTESIAN_POINT('',(-2.2999057685852,-3.19068574066162,1.47399553092957));
#5535=CARTESIAN_POINT('',(-2.2999057685852,-3.19068574066162,1.39779553092957));
#5536=CARTESIAN_POINT('',(-2.2999057685852,-3.19068574066162,1.32159553092957));
#5537=CARTESIAN_POINT('',(-2.2999057685852,4.25151425933838,1.47399553092957));
#5538=CARTESIAN_POINT('',(-2.2999057685852,-3.62248574066162,1.47399553092957));
#5539=CARTESIAN_POINT('',(-2.2999057685852,-3.62248574066162,1.39779553092957));
#5540=CARTESIAN_POINT('',(-2.2999057685852,4.25151425933838,1.39779553092957));
#5541=CARTESIAN_POINT('',(-2.9857057685852,-3.62248574066162,1.47399553092957));
#5542=CARTESIAN_POINT('',(-2.9857057685852,-4.30828574066162,1.47399553092957));
#5543=CARTESIAN_POINT('',(-2.9857057685852,-4.30828574066162,1.39779553092957));
#5544=CARTESIAN_POINT('',(-2.9857057685852,-3.62248574066162,1.39779553092957));
#5545=CARTESIAN_POINT('',(-3.11017799377441,-4.30828574066162,1.47399553092957));
#5546=CARTESIAN_POINT('',(-3.23465021896362,-4.30828574066162,1.47399553092957));
#5547=CARTESIAN_POINT('',(-3.23465021896362,-4.30828574066162,1.39779553092957));
#5548=CARTESIAN_POINT('',(-3.11017799377441,-4.30828574066162,1.39779553092957));
#5549=CARTESIAN_POINT('',(-3.23465021896362,-3.62248574066162,1.47399553092957));
#5550=CARTESIAN_POINT('',(-3.92045021896362,-3.62248574066162,1.47399553092957));
#5551=CARTESIAN_POINT('',(-3.92045021896362,-3.62248574066162,1.39779553092957));
#5552=CARTESIAN_POINT('',(-3.23465021896362,-3.62248574066162,1.39779553092957));
#5553=CARTESIAN_POINT('',(-3.92045021896362,4.25151425933838,1.47399553092957));
#5554=CARTESIAN_POINT('',(-3.92045021896362,4.25151425933838,1.39779553092957));
#5555=CARTESIAN_POINT('',(1.70648956298828,-3.63681054115295,1.47084367861441));
#5556=CARTESIAN_POINT('',(1.70648956298828,-3.63681054115295,1.47084367861441));
#5557=CARTESIAN_POINT('',(1.38898956298828,-3.63681054115295,1.47084367861441));
#5558=CARTESIAN_POINT('',(1.70648956298828,-3.63681054115295,1.39464367861441));
#5559=CARTESIAN_POINT('',(1.31278956298828,-3.63681054115295,1.39464367861441));
#5560=CARTESIAN_POINT('',(-3.09876441955566,-3.64299035072327,1.47399553092957));
#5561=CARTESIAN_POINT('',(-3.09876441955566,-3.64299035072327,1.47399553092957));
#5562=CARTESIAN_POINT('',(-3.41626441955566,-3.64299035072327,1.47399553092957));
#5563=CARTESIAN_POINT('',(-3.09876441955566,-3.64299035072327,1.39779553092957));
#5564=CARTESIAN_POINT('',(-3.49246441955566,-3.64299035072327,1.39779553092957));
#5565=CARTESIAN_POINT('',(1.65766510893515,-4.38448574066162,1.59657367861441));
#5566=CARTESIAN_POINT('',(1.78212510893515,-4.38448574066162,1.59657367861441));
#5567=CARTESIAN_POINT('',(1.78212510893515,-3.62248574066162,1.59657367861441));
#5568=CARTESIAN_POINT('',(2.54412510893515,-3.62248574066162,1.59657367861441));
#5569=CARTESIAN_POINT('',(2.54412510893515,4.25151425933838,1.59657367861441));
#5570=CARTESIAN_POINT('',(2.54412510893515,-3.11448574066162,1.4967868393072));
#5571=CARTESIAN_POINT('',(1.70648956298828,-3.63681054115295,1.80165553092957));
#5572=CARTESIAN_POINT('',(-3.09876441955566,-3.64299035072327,1.80165553092957));
#5573=CARTESIAN_POINT('',(0.460727381356615,-3.1915359413147,1.31844367861441));
#5574=CARTESIAN_POINT('',(0.460727381356615,-3.1153359413147,1.31844367861441));
#5575=CARTESIAN_POINT('',(0.460727381356615,-3.1915359413147,1.39464367861441));
#5576=CARTESIAN_POINT('',(-1.92556250095367,-3.19068574066162,1.32159553092957));
#5577=CARTESIAN_POINT('',(-1.92556250095367,-3.1153359413147,1.33294664269795));
#5578=CARTESIAN_POINT('',(-1.92556250095367,-3.19068574066162,1.39779553092957));
#5579=CARTESIAN_POINT('',(1.65766510893515,4.25151425933838,1.39464367861441));
#5580=CARTESIAN_POINT('',(-3.11017799377441,4.25151425933838,1.39779553092957));
#5581=CARTESIAN_POINT('',(-0.73621034622192,-0.0309977531433101,1.397));
#5582=CARTESIAN_POINT('',(-4.76599788665771,-3.1153359413147,1.397));
#5583=CARTESIAN_POINT('',(-4.76599788665771,-3.1153359413147,1.397));
#5584=CARTESIAN_POINT('',(-4.29439360813337,-3.1153359413147,1.39699999975749));
#5585=CARTESIAN_POINT('',(-4.76599788665771,3.05334043502808,1.397));
#5586=CARTESIAN_POINT('',(-4.76599788665508,-3.12422705828749,1.397));
#5587=CARTESIAN_POINT('',(-4.29439360894017,-3.11533594181378,1.397));
#5588=CARTESIAN_POINT('',(-4.33931163291227,-3.11533594373683,1.397));
#5589=CARTESIAN_POINT('',(-4.38546522335212,-3.11776443745176,1.397));
#5590=CARTESIAN_POINT('',(-4.4582887742936,-3.12085208992557,1.397));
#5591=CARTESIAN_POINT('',(-4.4770080386063,-3.12157264479989,1.397));
#5592=CARTESIAN_POINT('',(-4.51310699159255,-3.12267924456863,1.397));
#5593=CARTESIAN_POINT('',(-4.52880631976876,-3.12306361128993,1.39699999999999));
#5594=CARTESIAN_POINT('',(-4.57594296299388,-3.12393587236162,1.39699999999999));
#5595=CARTESIAN_POINT('',(-4.6064373977543,-3.12414011349204,1.397));
#5596=CARTESIAN_POINT('',(-4.67058969280705,-3.12428990361339,1.397));
#5597=CARTESIAN_POINT('',(-4.69682651696406,-3.12422765258251,1.397));
#5598=CARTESIAN_POINT('',(-4.75221141841828,-3.12422395429226,1.397));
#5599=CARTESIAN_POINT('',(-4.75932984554151,-3.12422507427826,1.397));
#5600=CARTESIAN_POINT('',(-4.76599788665508,-3.12422705828749,1.397));
#5601=CARTESIAN_POINT('',(0.847405108935152,3.12954043502808,1.31844367861441));
#5602=CARTESIAN_POINT('',(0.847405108935152,3.05334043502808,1.31844367861441));
#5603=CARTESIAN_POINT('',(0.847577634691879,3.05334043502808,1.31861620437113));
#5604=CARTESIAN_POINT('',(0.847784665373547,3.05334043502808,1.31882323550561));
#5605=CARTESIAN_POINT('',(0.868897122691254,3.05334043502808,1.33993652402539));
#5606=CARTESIAN_POINT('',(0.89354023929094,3.05334043502808,1.36554104405277));
#5607=CARTESIAN_POINT('',(0.916779722542942,3.05334043502808,1.4087201406685));
#5608=CARTESIAN_POINT('',(0.923605108935152,3.05334043502808,1.43100429060424));
#5609=CARTESIAN_POINT('',(0.923605108935152,3.05334043502808,1.46140909702974));
#5610=CARTESIAN_POINT('',(0.921318074457386,3.05334043502808,1.4743889265899));
#5611=CARTESIAN_POINT('',(0.913612412374279,3.05334043502808,1.4938750939101));
#5612=CARTESIAN_POINT('',(0.90722608768316,3.05334043502808,1.50399383232046));
#5613=CARTESIAN_POINT('',(0.893750640811134,3.05334043502808,1.51797031846677));
#5614=CARTESIAN_POINT('',(0.884452554810672,3.05334043502808,1.5244481033566));
#5615=CARTESIAN_POINT('',(0.867338348184942,3.05334043502808,1.53175010426891));
#5616=CARTESIAN_POINT('',(0.85656856786516,3.05334043502808,1.53396982552007));
#5617=CARTESIAN_POINT('',(0.838241650005143,3.05334043502808,1.53396982552007));
#5618=CARTESIAN_POINT('',(0.827471869685361,3.05334043502808,1.53175010426891));
#5619=CARTESIAN_POINT('',(0.810357663059631,3.05334043502808,1.5244481033566));
#5620=CARTESIAN_POINT('',(0.801059577059169,3.05334043502808,1.51797031846677));
#5621=CARTESIAN_POINT('',(0.787584130187143,3.05334043502808,1.50399383232046));
#5622=CARTESIAN_POINT('',(0.781197805496024,3.05334043502808,1.4938750939101));
#5623=CARTESIAN_POINT('',(0.773492143412917,3.05334043502808,1.4743889265899));
#5624=CARTESIAN_POINT('',(0.771205108935152,3.05334043502808,1.46140909702974));
#5625=CARTESIAN_POINT('',(0.771205108935152,3.05334043502808,1.43100429060424));
#5626=CARTESIAN_POINT('',(0.778030495327361,3.05334043502808,1.4087201406685));
#5627=CARTESIAN_POINT('',(0.801269978579363,3.05334043502808,1.36554104405277));
#5628=CARTESIAN_POINT('',(0.82591309517905,3.05334043502808,1.33993652402539));
#5629=CARTESIAN_POINT('',(0.847025552496756,3.05334043502808,1.31882323550561));
#5630=CARTESIAN_POINT('',(0.847232583178425,3.05334043502808,1.31861620437113));
#5631=CARTESIAN_POINT('',(0.847405108935152,3.05334043502808,1.31844367861441));
#5632=CARTESIAN_POINT('',(0.847405108935152,3.05334043502808,1.31844367861441));
#5633=CARTESIAN_POINT('',(0.784468283432051,3.05334043549245,1.397));
#5634=CARTESIAN_POINT('',(0.866208064253191,3.12954043502808,1.397));
#5635=CARTESIAN_POINT('',(0.866208064253191,3.13377603159264,1.397));
#5636=CARTESIAN_POINT('',(0.867921910778946,3.13856108444263,1.397));
#5637=CARTESIAN_POINT('',(0.871257299973935,3.14497263745516,1.397));
#5638=CARTESIAN_POINT('',(0.873163669215291,3.14801460357296,1.397));
#5639=CARTESIAN_POINT('',(0.877355061942833,3.15428507100075,1.397));
#5640=CARTESIAN_POINT('',(0.880563392796416,3.15870402790999,1.397));
#5641=CARTESIAN_POINT('',(0.885717148490769,3.16582077086274,1.397));
#5642=CARTESIAN_POINT('',(0.88869066911218,3.16994381139703,1.397));
#5643=CARTESIAN_POINT('',(0.89785270332876,3.18309925681608,1.397));
#5644=CARTESIAN_POINT('',(0.905304940360655,3.1951329543788,1.397));
#5645=CARTESIAN_POINT('',(0.915243165821924,3.21606197122589,1.397));
#5646=CARTESIAN_POINT('',(0.919692650124594,3.22896448164807,1.397));
#5647=CARTESIAN_POINT('',(0.923502766146722,3.24972784128268,1.397));
#5648=CARTESIAN_POINT('',(0.924074231529262,3.26139773887067,1.397));
#5649=CARTESIAN_POINT('',(0.921927610214417,3.28098889609194,1.397));
#5650=CARTESIAN_POINT('',(0.918688157460112,3.29250827732167,1.397));
#5651=CARTESIAN_POINT('',(0.910171890349448,3.30961042356141,1.397));
#5652=CARTESIAN_POINT('',(0.903657476023871,3.31842437340696,1.397));
#5653=CARTESIAN_POINT('',(0.890562044270652,3.33050316479657,1.397));
#5654=CARTESIAN_POINT('',(0.881755041226043,3.33606905552426,1.397));
#5655=CARTESIAN_POINT('',(0.865808687945706,3.34232231712591,1.397));
#5656=CARTESIAN_POINT('',(0.85585174892859,3.34421894902136,1.397));
#5657=CARTESIAN_POINT('',(0.838958468941713,3.34421894902136,1.397));
#5658=CARTESIAN_POINT('',(0.829001529924598,3.34232231712591,1.397));
#5659=CARTESIAN_POINT('',(0.81305517664426,3.33606905552426,1.397));
#5660=CARTESIAN_POINT('',(0.804248173599652,3.33050316479657,1.397));
#5661=CARTESIAN_POINT('',(0.791152741846432,3.31842437340696,1.397));
#5662=CARTESIAN_POINT('',(0.784638327520856,3.30961042356142,1.397));
#5663=CARTESIAN_POINT('',(0.776122060410191,3.29250827732167,1.397));
#5664=CARTESIAN_POINT('',(0.772882607655886,3.28098889609194,1.397));
#5665=CARTESIAN_POINT('',(0.770735986341041,3.26139773887067,1.397));
#5666=CARTESIAN_POINT('',(0.771307451723581,3.24972784128268,1.397));
#5667=CARTESIAN_POINT('',(0.77511756774571,3.22896448164807,1.397));
#5668=CARTESIAN_POINT('',(0.779567052048379,3.21606197122589,1.397));
#5669=CARTESIAN_POINT('',(0.789505277509648,3.1951329543788,1.397));
#5670=CARTESIAN_POINT('',(0.796957514541543,3.18309925681608,1.397));
#5671=CARTESIAN_POINT('',(0.806119548758123,3.16994381139703,1.397));
#5672=CARTESIAN_POINT('',(0.809093069379535,3.16582077086274,1.397));
#5673=CARTESIAN_POINT('',(0.814246825073887,3.15870402790999,1.397));
#5674=CARTESIAN_POINT('',(0.817455155927471,3.15428507100075,1.397));
#5675=CARTESIAN_POINT('',(0.821646548655012,3.14801460357296,1.397));
#5676=CARTESIAN_POINT('',(0.823552917896368,3.14497263745516,1.397));
#5677=CARTESIAN_POINT('',(0.826888307091357,3.13856108444263,1.397));
#5678=CARTESIAN_POINT('',(0.828602153617112,3.13377603159264,1.397));
#5679=CARTESIAN_POINT('',(0.828602153617112,3.12530483846352,1.397));
#5680=CARTESIAN_POINT('',(0.826888307091357,3.12051978561353,1.397));
#5681=CARTESIAN_POINT('',(0.823552917896368,3.114108232601,1.397));
#5682=CARTESIAN_POINT('',(0.821646548655012,3.1110662664832,1.397));
#5683=CARTESIAN_POINT('',(0.817455155927471,3.10479579905541,1.397));
#5684=CARTESIAN_POINT('',(0.814246825073887,3.10037684214617,1.397));
#5685=CARTESIAN_POINT('',(0.809093069379535,3.09326009919342,1.397));
#5686=CARTESIAN_POINT('',(0.806119548758123,3.08913705865913,1.397));
#5687=CARTESIAN_POINT('',(0.796957514541543,3.07598161324008,1.397));
#5688=CARTESIAN_POINT('',(0.789505277509648,3.06394791567736,1.397));
#5689=CARTESIAN_POINT('',(0.779567052048379,3.04301889883027,1.397));
#5690=CARTESIAN_POINT('',(0.77511756774571,3.03011638840809,1.397));
#5691=CARTESIAN_POINT('',(0.771307451723581,3.00935302877348,1.397));
#5692=CARTESIAN_POINT('',(0.770735986341041,2.99768313118549,1.397));
#5693=CARTESIAN_POINT('',(0.772882607655886,2.97809197396422,1.397));
#5694=CARTESIAN_POINT('',(0.776122060410191,2.96657259273449,1.397));
#5695=CARTESIAN_POINT('',(0.784638327520856,2.94947044649474,1.397));
#5696=CARTESIAN_POINT('',(0.791152741846432,2.9406564966492,1.397));
#5697=CARTESIAN_POINT('',(0.804248173599652,2.92857770525959,1.397));
#5698=CARTESIAN_POINT('',(0.81305517664426,2.9230118145319,1.397));
#5699=CARTESIAN_POINT('',(0.829001529924598,2.91675855293025,1.397));
#5700=CARTESIAN_POINT('',(0.838958468941713,2.9148619210348,1.397));
#5701=CARTESIAN_POINT('',(0.85585174892859,2.9148619210348,1.397));
#5702=CARTESIAN_POINT('',(0.865808687945706,2.91675855293025,1.397));
#5703=CARTESIAN_POINT('',(0.881755041226043,2.9230118145319,1.397));
#5704=CARTESIAN_POINT('',(0.890562044270652,2.92857770525959,1.397));
#5705=CARTESIAN_POINT('',(0.903657476023871,2.9406564966492,1.397));
#5706=CARTESIAN_POINT('',(0.910171890349448,2.94947044649475,1.397));
#5707=CARTESIAN_POINT('',(0.918688157460112,2.96657259273449,1.397));
#5708=CARTESIAN_POINT('',(0.921927610214417,2.97809197396422,1.397));
#5709=CARTESIAN_POINT('',(0.924074231529262,2.99768313118549,1.397));
#5710=CARTESIAN_POINT('',(0.923502766146722,3.00935302877348,1.397));
#5711=CARTESIAN_POINT('',(0.919692650124594,3.03011638840809,1.397));
#5712=CARTESIAN_POINT('',(0.915243165821924,3.04301889883027,1.397));
#5713=CARTESIAN_POINT('',(0.905304940360655,3.06394791567736,1.397));
#5714=CARTESIAN_POINT('',(0.89785270332876,3.07598161324008,1.397));
#5715=CARTESIAN_POINT('',(0.88869066911218,3.08913705865913,1.397));
#5716=CARTESIAN_POINT('',(0.885717148490769,3.09326009919342,1.397));
#5717=CARTESIAN_POINT('',(0.880563392796416,3.10037684214617,1.397));
#5718=CARTESIAN_POINT('',(0.877355061942833,3.10479579905541,1.397));
#5719=CARTESIAN_POINT('',(0.873163669215291,3.1110662664832,1.397));
#5720=CARTESIAN_POINT('',(0.871257299973935,3.114108232601,1.397));
#5721=CARTESIAN_POINT('',(0.867921910778946,3.12051978561353,1.397));
#5722=CARTESIAN_POINT('',(0.866208064253191,3.12530483846352,1.397));
#5723=CARTESIAN_POINT('',(0.866208064253191,3.12954043502808,1.397));
#5724=CARTESIAN_POINT('',(0.789057229243055,3.06232118606567,1.39700000327812));
#5725=CARTESIAN_POINT('',(0.847405108935152,3.06232118606567,1.53693746014818));
#5726=CARTESIAN_POINT('',(0.838019078937004,3.06232118606567,1.53693746014818));
#5727=CARTESIAN_POINT('',(0.826992283591264,3.06232118606567,1.5346417533845));
#5728=CARTESIAN_POINT('',(0.809551826917076,3.06232118606567,1.52710484135328));
#5729=CARTESIAN_POINT('',(0.800127882490046,3.06232118606567,1.52045144616164));
#5730=CARTESIAN_POINT('',(0.786875946760773,3.06232118606567,1.50643442577601));
#5731=CARTESIAN_POINT('',(0.78072052055191,3.06232118606567,1.49658859060419));
#5732=CARTESIAN_POINT('',(0.773397601954398,3.06232118606567,1.47789832464576));
#5733=CARTESIAN_POINT('',(0.771205108935152,3.06232118606567,1.46561572287383));
#5734=CARTESIAN_POINT('',(0.771205108935152,3.06232118606567,1.44403815837323));
#5735=CARTESIAN_POINT('',(0.773693294883497,3.06232118606567,1.43085458043969));
#5736=CARTESIAN_POINT('',(0.781667324486645,3.06232118606567,1.40883525133036));
#5737=CARTESIAN_POINT('',(0.788942709728564,3.06232118606567,1.39607785769241));
#5738=CARTESIAN_POINT('',(0.803662704747791,3.06232118606567,1.37753697809188));
#5739=CARTESIAN_POINT('',(0.813541400360676,3.06232118606567,1.36801268620419));
#5740=CARTESIAN_POINT('',(0.827021752384942,3.06232118606567,1.35974716120992));
#5741=CARTESIAN_POINT('',(0.831744114994908,3.06232118606567,1.35744675090322));
#5742=CARTESIAN_POINT('',(0.83941628415615,3.06232118606567,1.35505622766328));
#5743=CARTESIAN_POINT('',(0.843746528914107,3.06232118606567,1.3543325706136));
#5744=CARTESIAN_POINT('',(0.851063688956197,3.06232118606567,1.3543325706136));
#5745=CARTESIAN_POINT('',(0.855393933714154,3.06232118606567,1.35505622766328));
#5746=CARTESIAN_POINT('',(0.863066102875395,3.06232118606567,1.35744675090322));
#5747=CARTESIAN_POINT('',(0.867788465485362,3.06232118606567,1.35974716120992));
#5748=CARTESIAN_POINT('',(0.881268817509627,3.06232118606567,1.36801268620419));
#5749=CARTESIAN_POINT('',(0.891147513122512,3.06232118606567,1.37753697809188));
#5750=CARTESIAN_POINT('',(0.905867508141739,3.06232118606567,1.39607785769241));
#5751=CARTESIAN_POINT('',(0.913142893383658,3.06232118606567,1.40883525133036));
#5752=CARTESIAN_POINT('',(0.921116922986807,3.06232118606567,1.43085458043969));
#5753=CARTESIAN_POINT('',(0.923605108935152,3.06232118606567,1.44403815837323));
#5754=CARTESIAN_POINT('',(0.923605108935152,3.06232118606567,1.46579682992385));
#5755=CARTESIAN_POINT('',(0.921335930354651,3.06232118606567,1.47828644555462));
#5756=CARTESIAN_POINT('',(0.913758820696896,3.06232118606567,1.49724388840522));
#5757=CARTESIAN_POINT('',(0.907399118736516,3.06232118606567,1.50718894071285));
#5758=CARTESIAN_POINT('',(0.893964483995852,3.06232118606567,1.52100860205436));
#5759=CARTESIAN_POINT('',(0.884644675103257,3.06232118606567,1.52744032931294));
#5760=CARTESIAN_POINT('',(0.867466648033881,3.06232118606567,1.53472096657267));
#5761=CARTESIAN_POINT('',(0.856625932323136,3.06232118606567,1.53693746014818));
#5762=CARTESIAN_POINT('',(0.847405108935152,3.06232118606567,1.53693746014818));
#5763=CARTESIAN_POINT('',(0.771205108935152,3.06232118606567,1.45521842982577));
#5764=CARTESIAN_POINT('',(0.771205108935152,3.12954043502808,1.31844367861441));
#5765=CARTESIAN_POINT('',(0.771205108935152,3.12954043502808,1.47084367861441));
#5766=CARTESIAN_POINT('',(0.847405108935152,3.12954043502808,1.47084367861441));
#5767=CARTESIAN_POINT('',(0.847405108935152,3.12954043502808,1.39464367861441));
#5768=CARTESIAN_POINT('',(0.847405108935152,3.12954043502808,1.31844367861441));
#5769=CARTESIAN_POINT('',(0.847405108935152,4.25151425933838,1.47084367861441));
#5770=CARTESIAN_POINT('',(0.847405108935152,3.48951425933838,1.47084367861441));
#5771=CARTESIAN_POINT('',(0.771205108935152,3.48951425933838,1.47084367861441));
#5772=CARTESIAN_POINT('',(0.847405108935152,3.48951425933838,1.39464367861441));
#5773=CARTESIAN_POINT('',(0.847405108935152,4.25151425933838,1.39464367861441));
#5774=CARTESIAN_POINT('',(0.771205108935152,4.25151425933838,1.47084367861441));
#5775=CARTESIAN_POINT('',(1.53320510893515,3.48951425933838,1.47084367861441));
#5776=CARTESIAN_POINT('',(1.53320510893515,4.17531425933838,1.47084367861441));
#5777=CARTESIAN_POINT('',(1.53320510893515,4.25151425933838,1.47084367861441));
#5778=CARTESIAN_POINT('',(1.53320510893515,4.17531425933838,1.39464367861441));
#5779=CARTESIAN_POINT('',(1.53320510893515,3.48951425933838,1.39464367861441));
#5780=CARTESIAN_POINT('',(1.53320510893515,3.48951425933838,1.47084367861441));
#5781=CARTESIAN_POINT('',(1.65766510893515,4.17531425933838,1.47084367861441));
#5782=CARTESIAN_POINT('',(1.78212510893515,4.17531425933838,1.47084367861441));
#5783=CARTESIAN_POINT('',(1.78212510893515,4.25151425933838,1.47084367861441));
#5784=CARTESIAN_POINT('',(1.78212510893515,4.17531425933838,1.39464367861441));
#5785=CARTESIAN_POINT('',(1.65766510893515,4.17531425933838,1.39464367861441));
#5786=CARTESIAN_POINT('',(1.65766510893515,4.25151425933838,1.47084367861441));
#5787=CARTESIAN_POINT('',(1.78212510893515,3.48951425933838,1.47084367861441));
#5788=CARTESIAN_POINT('',(2.46792510893515,3.48951425933838,1.47084367861441));
#5789=CARTESIAN_POINT('',(2.54412510893515,3.48951425933838,1.47084367861441));
#5790=CARTESIAN_POINT('',(2.46792510893515,3.48951425933838,1.39464367861441));
#5791=CARTESIAN_POINT('',(1.78212510893515,3.48951425933838,1.39464367861441));
#5792=CARTESIAN_POINT('',(1.78212510893515,3.48951425933838,1.47084367861441));
#5793=CARTESIAN_POINT('',(2.46792510893515,3.12954043502808,1.31844367861441));
#5794=CARTESIAN_POINT('',(2.46792510893515,3.05334043502808,1.31844367861441));
#5795=CARTESIAN_POINT('',(2.46809763469188,3.05334043502808,1.31861620437114));
#5796=CARTESIAN_POINT('',(2.46830466537355,3.05334043502808,1.31882323550561));
#5797=CARTESIAN_POINT('',(2.48941712269126,3.05334043502808,1.33993652402539));
#5798=CARTESIAN_POINT('',(2.51406023929094,3.05334043502808,1.36554104405278));
#5799=CARTESIAN_POINT('',(2.53729972254294,3.05334043502808,1.4087201406685));
#5800=CARTESIAN_POINT('',(2.54412510893515,3.05334043502808,1.43100429060424));
#5801=CARTESIAN_POINT('',(2.54412510893515,3.05334043502808,1.46140909702974));
#5802=CARTESIAN_POINT('',(2.54183807445739,3.05334043502808,1.4743889265899));
#5803=CARTESIAN_POINT('',(2.53413241237428,3.05334043502808,1.4938750939101));
#5804=CARTESIAN_POINT('',(2.52774608768316,3.05334043502808,1.50399383232046));
#5805=CARTESIAN_POINT('',(2.51427064081113,3.05334043502808,1.51797031846677));
#5806=CARTESIAN_POINT('',(2.50497255481067,3.05334043502808,1.5244481033566));
#5807=CARTESIAN_POINT('',(2.48785834818494,3.05334043502808,1.53175010426891));
#5808=CARTESIAN_POINT('',(2.47708856786516,3.05334043502808,1.53396982552007));
#5809=CARTESIAN_POINT('',(2.45876165000514,3.05334043502808,1.53396982552007));
#5810=CARTESIAN_POINT('',(2.44799186968536,3.05334043502808,1.53175010426891));
#5811=CARTESIAN_POINT('',(2.43087766305963,3.05334043502808,1.5244481033566));
#5812=CARTESIAN_POINT('',(2.42157957705917,3.05334043502808,1.51797031846677));
#5813=CARTESIAN_POINT('',(2.40810413018714,3.05334043502808,1.50399383232046));
#5814=CARTESIAN_POINT('',(2.40171780549602,3.05334043502808,1.4938750939101));
#5815=CARTESIAN_POINT('',(2.39401214341292,3.05334043502808,1.4743889265899));
#5816=CARTESIAN_POINT('',(2.39172510893515,3.05334043502808,1.46140909702974));
#5817=CARTESIAN_POINT('',(2.39172510893515,3.05334043502808,1.43100429060424));
#5818=CARTESIAN_POINT('',(2.39855049532736,3.05334043502808,1.40872014066851));
#5819=CARTESIAN_POINT('',(2.42178997857936,3.05334043502808,1.36554104405278));
#5820=CARTESIAN_POINT('',(2.44643309517905,3.05334043502808,1.33993652402539));
#5821=CARTESIAN_POINT('',(2.46754555249676,3.05334043502808,1.31882323550561));
#5822=CARTESIAN_POINT('',(2.46775258317842,3.05334043502808,1.31861620437114));
#5823=CARTESIAN_POINT('',(2.46792510893515,3.05334043502808,1.31844367861441));
#5824=CARTESIAN_POINT('',(2.46792510893515,3.05334043502808,1.31844367861441));
#5825=CARTESIAN_POINT('',(2.53086193443825,3.05334043549245,1.397));
#5826=CARTESIAN_POINT('',(2.46792510893515,3.12954043502808,1.31844367861441));
#5827=CARTESIAN_POINT('',(2.46792510893515,3.12954043502808,1.39464367861441));
#5828=CARTESIAN_POINT('',(2.46792510893515,3.12954043502808,1.47084367861441));
#5829=CARTESIAN_POINT('',(2.54412510893515,3.12954043502808,1.47084367861441));
#5830=CARTESIAN_POINT('',(2.54412510893515,3.12954043502808,1.31844367861441));
#5831=CARTESIAN_POINT('',(2.54412510893515,3.06232118606567,1.45521842982577));
#5832=CARTESIAN_POINT('',(2.46792510893515,3.06232118606567,1.53693746014818));
#5833=CARTESIAN_POINT('',(2.45870428554717,3.06232118606567,1.53693746014818));
#5834=CARTESIAN_POINT('',(2.44786356983642,3.06232118606567,1.53472096657267));
#5835=CARTESIAN_POINT('',(2.43068554276705,3.06232118606567,1.52744032931294));
#5836=CARTESIAN_POINT('',(2.42136573387445,3.06232118606567,1.52100860205436));
#5837=CARTESIAN_POINT('',(2.40793109913379,3.06232118606567,1.50718894071285));
#5838=CARTESIAN_POINT('',(2.40157139717341,3.06232118606567,1.49724388840522));
#5839=CARTESIAN_POINT('',(2.39399428751565,3.06232118606567,1.47828644555462));
#5840=CARTESIAN_POINT('',(2.39172510893515,3.06232118606567,1.46579682992385));
#5841=CARTESIAN_POINT('',(2.39172510893515,3.06232118606567,1.44403815837323));
#5842=CARTESIAN_POINT('',(2.3942132948835,3.06232118606567,1.43085458043969));
#5843=CARTESIAN_POINT('',(2.40218732448664,3.06232118606567,1.40883525133036));
#5844=CARTESIAN_POINT('',(2.40946270972856,3.06232118606567,1.39607785769241));
#5845=CARTESIAN_POINT('',(2.42418270474779,3.06232118606567,1.37753697809189));
#5846=CARTESIAN_POINT('',(2.43406140036068,3.06232118606567,1.36801268620419));
#5847=CARTESIAN_POINT('',(2.44754175238494,3.06232118606567,1.35974716120992));
#5848=CARTESIAN_POINT('',(2.45226411499491,3.06232118606567,1.35744675090322));
#5849=CARTESIAN_POINT('',(2.45993628415615,3.06232118606567,1.35505622766328));
#5850=CARTESIAN_POINT('',(2.46426652891411,3.06232118606567,1.3543325706136));
#5851=CARTESIAN_POINT('',(2.4715836889562,3.06232118606567,1.3543325706136));
#5852=CARTESIAN_POINT('',(2.47591393371415,3.06232118606567,1.35505622766328));
#5853=CARTESIAN_POINT('',(2.48358610287539,3.06232118606567,1.35744675090322));
#5854=CARTESIAN_POINT('',(2.48830846548536,3.06232118606567,1.35974716120992));
#5855=CARTESIAN_POINT('',(2.50178881750963,3.06232118606567,1.36801268620419));
#5856=CARTESIAN_POINT('',(2.51166751312251,3.06232118606567,1.37753697809189));
#5857=CARTESIAN_POINT('',(2.52638750814174,3.06232118606567,1.39607785769241));
#5858=CARTESIAN_POINT('',(2.53366289338366,3.06232118606567,1.40883525133036));
#5859=CARTESIAN_POINT('',(2.54163692298681,3.06232118606567,1.43085458043969));
#5860=CARTESIAN_POINT('',(2.54412510893515,3.06232118606567,1.44403815837323));
#5861=CARTESIAN_POINT('',(2.54412510893515,3.06232118606567,1.46561572287383));
#5862=CARTESIAN_POINT('',(2.5419326159159,3.06232118606567,1.47789832464576));
#5863=CARTESIAN_POINT('',(2.53460969731839,3.06232118606567,1.49658859060419));
#5864=CARTESIAN_POINT('',(2.52845427110953,3.06232118606567,1.50643442577601));
#5865=CARTESIAN_POINT('',(2.51520233538026,3.06232118606567,1.52045144616164));
#5866=CARTESIAN_POINT('',(2.50577839095323,3.06232118606567,1.52710484135329));
#5867=CARTESIAN_POINT('',(2.48833793427904,3.06232118606567,1.53464175338451));
#5868=CARTESIAN_POINT('',(2.4773111389333,3.06232118606567,1.53693746014818));
#5869=CARTESIAN_POINT('',(2.46792510893515,3.06232118606567,1.53693746014818));
#5870=CARTESIAN_POINT('',(2.52627298862725,3.06232118606567,1.39700000327812));
#5871=CARTESIAN_POINT('',(2.44912215361712,3.12954043502808,1.397));
#5872=CARTESIAN_POINT('',(2.44912215361712,3.12530483846352,1.397));
#5873=CARTESIAN_POINT('',(2.44740830709136,3.12051978561353,1.397));
#5874=CARTESIAN_POINT('',(2.44407291789637,3.114108232601,1.397));
#5875=CARTESIAN_POINT('',(2.44216654865502,3.1110662664832,1.397));
#5876=CARTESIAN_POINT('',(2.43797515592747,3.10479579905541,1.397));
#5877=CARTESIAN_POINT('',(2.43476682507389,3.10037684214618,1.397));
#5878=CARTESIAN_POINT('',(2.42961306937954,3.09326009919342,1.397));
#5879=CARTESIAN_POINT('',(2.42663954875813,3.08913705865913,1.397));
#5880=CARTESIAN_POINT('',(2.41747751454155,3.07598161324009,1.397));
#5881=CARTESIAN_POINT('',(2.41002527750965,3.06394791567737,1.397));
#5882=CARTESIAN_POINT('',(2.40008705204838,3.04301889883027,1.397));
#5883=CARTESIAN_POINT('',(2.39563756774571,3.0301163884081,1.397));
#5884=CARTESIAN_POINT('',(2.39182745172358,3.00935302877348,1.397));
#5885=CARTESIAN_POINT('',(2.39125598634104,2.99768313118549,1.397));
#5886=CARTESIAN_POINT('',(2.39340260765589,2.97809197396422,1.397));
#5887=CARTESIAN_POINT('',(2.39664206041019,2.9665725927345,1.397));
#5888=CARTESIAN_POINT('',(2.40515832752085,2.94947044649475,1.397));
#5889=CARTESIAN_POINT('',(2.41167274184643,2.9406564966492,1.397));
#5890=CARTESIAN_POINT('',(2.42476817359965,2.92857770525959,1.397));
#5891=CARTESIAN_POINT('',(2.43357517664426,2.9230118145319,1.397));
#5892=CARTESIAN_POINT('',(2.4495215299246,2.91675855293025,1.397));
#5893=CARTESIAN_POINT('',(2.45947846894171,2.9148619210348,1.397));
#5894=CARTESIAN_POINT('',(2.47637174892859,2.9148619210348,1.397));
#5895=CARTESIAN_POINT('',(2.48632868794571,2.91675855293025,1.397));
#5896=CARTESIAN_POINT('',(2.50227504122604,2.9230118145319,1.397));
#5897=CARTESIAN_POINT('',(2.51108204427065,2.92857770525959,1.397));
#5898=CARTESIAN_POINT('',(2.52417747602387,2.9406564966492,1.397));
#5899=CARTESIAN_POINT('',(2.53069189034945,2.94947044649475,1.397));
#5900=CARTESIAN_POINT('',(2.53920815746011,2.9665725927345,1.397));
#5901=CARTESIAN_POINT('',(2.54244761021442,2.97809197396422,1.397));
#5902=CARTESIAN_POINT('',(2.54459423152926,2.99768313118549,1.397));
#5903=CARTESIAN_POINT('',(2.54402276614672,3.00935302877348,1.397));
#5904=CARTESIAN_POINT('',(2.54021265012459,3.0301163884081,1.397));
#5905=CARTESIAN_POINT('',(2.53576316582192,3.04301889883028,1.397));
#5906=CARTESIAN_POINT('',(2.52582494036065,3.06394791567737,1.397));
#5907=CARTESIAN_POINT('',(2.51837270332876,3.07598161324009,1.397));
#5908=CARTESIAN_POINT('',(2.50921066911218,3.08913705865913,1.397));
#5909=CARTESIAN_POINT('',(2.50623714849076,3.09326009919342,1.397));
#5910=CARTESIAN_POINT('',(2.50108339279641,3.10037684214618,1.397));
#5911=CARTESIAN_POINT('',(2.49787506194283,3.10479579905541,1.397));
#5912=CARTESIAN_POINT('',(2.49368366921529,3.1110662664832,1.397));
#5913=CARTESIAN_POINT('',(2.49177729997393,3.114108232601,1.397));
#5914=CARTESIAN_POINT('',(2.48844191077894,3.12051978561353,1.397));
#5915=CARTESIAN_POINT('',(2.48672806425319,3.12530483846352,1.397));
#5916=CARTESIAN_POINT('',(2.48672806425319,3.13377603159264,1.397));
#5917=CARTESIAN_POINT('',(2.48844191077894,3.13856108444263,1.397));
#5918=CARTESIAN_POINT('',(2.49177729997393,3.14497263745516,1.397));
#5919=CARTESIAN_POINT('',(2.49368366921529,3.14801460357296,1.397));
#5920=CARTESIAN_POINT('',(2.49787506194283,3.15428507100075,1.397));
#5921=CARTESIAN_POINT('',(2.50108339279641,3.15870402790998,1.397));
#5922=CARTESIAN_POINT('',(2.50623714849076,3.16582077086274,1.397));
#5923=CARTESIAN_POINT('',(2.50921066911218,3.16994381139703,1.397));
#5924=CARTESIAN_POINT('',(2.51837270332876,3.18309925681607,1.397));
#5925=CARTESIAN_POINT('',(2.52582494036065,3.19513295437879,1.397));
#5926=CARTESIAN_POINT('',(2.53576316582192,3.21606197122589,1.397));
#5927=CARTESIAN_POINT('',(2.54021265012459,3.22896448164806,1.397));
#5928=CARTESIAN_POINT('',(2.54402276614672,3.24972784128268,1.397));
#5929=CARTESIAN_POINT('',(2.54459423152926,3.26139773887067,1.397));
#5930=CARTESIAN_POINT('',(2.54244761021442,3.28098889609194,1.397));
#5931=CARTESIAN_POINT('',(2.53920815746011,3.29250827732167,1.397));
#5932=CARTESIAN_POINT('',(2.53069189034945,3.30961042356141,1.397));
#5933=CARTESIAN_POINT('',(2.52417747602387,3.31842437340696,1.397));
#5934=CARTESIAN_POINT('',(2.51108204427065,3.33050316479657,1.397));
#5935=CARTESIAN_POINT('',(2.50227504122604,3.33606905552426,1.397));
#5936=CARTESIAN_POINT('',(2.48632868794571,3.34232231712591,1.397));
#5937=CARTESIAN_POINT('',(2.47637174892859,3.34421894902136,1.397));
#5938=CARTESIAN_POINT('',(2.45947846894171,3.34421894902136,1.397));
#5939=CARTESIAN_POINT('',(2.4495215299246,3.34232231712591,1.397));
#5940=CARTESIAN_POINT('',(2.43357517664426,3.33606905552426,1.397));
#5941=CARTESIAN_POINT('',(2.42476817359965,3.33050316479657,1.397));
#5942=CARTESIAN_POINT('',(2.41167274184643,3.31842437340696,1.397));
#5943=CARTESIAN_POINT('',(2.40515832752085,3.30961042356141,1.397));
#5944=CARTESIAN_POINT('',(2.39664206041019,3.29250827732167,1.397));
#5945=CARTESIAN_POINT('',(2.39340260765589,3.28098889609194,1.397));
#5946=CARTESIAN_POINT('',(2.39125598634104,3.26139773887067,1.397));
#5947=CARTESIAN_POINT('',(2.39182745172358,3.24972784128268,1.397));
#5948=CARTESIAN_POINT('',(2.39563756774571,3.22896448164806,1.397));
#5949=CARTESIAN_POINT('',(2.40008705204838,3.21606197122589,1.397));
#5950=CARTESIAN_POINT('',(2.41002527750965,3.1951329543788,1.397));
#5951=CARTESIAN_POINT('',(2.41747751454155,3.18309925681607,1.397));
#5952=CARTESIAN_POINT('',(2.42663954875813,3.16994381139703,1.397));
#5953=CARTESIAN_POINT('',(2.42961306937954,3.16582077086274,1.397));
#5954=CARTESIAN_POINT('',(2.43476682507389,3.15870402790998,1.397));
#5955=CARTESIAN_POINT('',(2.43797515592747,3.15428507100075,1.397));
#5956=CARTESIAN_POINT('',(2.44216654865502,3.14801460357296,1.397));
#5957=CARTESIAN_POINT('',(2.44407291789637,3.14497263745516,1.397));
#5958=CARTESIAN_POINT('',(2.44740830709136,3.13856108444263,1.397));
#5959=CARTESIAN_POINT('',(2.44912215361712,3.13377603159264,1.397));
#5960=CARTESIAN_POINT('',(2.44912215361712,3.12954043502808,1.397));
#5961=CARTESIAN_POINT('',(2.46792510893515,4.25151425933838,1.47084367861441));
#5962=CARTESIAN_POINT('',(2.46792510893515,4.25151425933838,1.39464367861441));
#5963=CARTESIAN_POINT('',(2.54412510893515,4.25151425933838,1.47084367861441));
#5964=CARTESIAN_POINT('',(1.66801452636719,3.50374794006348,1.47084367861441));
#5965=CARTESIAN_POINT('',(1.79036007461143,3.12954043502808,1.47084367861441));
#5966=CARTESIAN_POINT('',(1.79036007461143,3.12954043502808,1.39464367861441));
#5967=CARTESIAN_POINT('',(1.76668029108029,3.20196769406719,1.47084367861441));
#5968=CARTESIAN_POINT('',(1.66801452636719,3.50374794006348,1.47084367861441));
#5969=CARTESIAN_POINT('',(1.35051452636719,3.50374794006348,1.47084367861441));
#5970=CARTESIAN_POINT('',(1.66801452636719,3.50374794006348,1.47084367861441));
#5971=CARTESIAN_POINT('',(1.56934876165409,3.20196769406719,1.47084367861441));
#5972=CARTESIAN_POINT('',(1.54566897812295,3.12954043502808,1.47084367861441));
#5973=CARTESIAN_POINT('',(1.54566897812295,3.12954043502808,1.39464367861441));
#5974=CARTESIAN_POINT('',(1.66801452636719,3.50374794006348,1.39464367861441));
#5975=CARTESIAN_POINT('',(1.27431452636719,3.50374794006348,1.39464367861441));
#5976=CARTESIAN_POINT('',(1.66801452636719,3.50374794006348,1.39464367861441));
#5977=CARTESIAN_POINT('',(1.56934876165409,3.20196769406719,1.47084367861441));
#5978=CARTESIAN_POINT('',(1.57748151969124,3.19930872350299,1.47084367861441));
#5979=CARTESIAN_POINT('',(1.58574466272488,3.19697159309167,1.47073796789231));
#5980=CARTESIAN_POINT('',(1.60746787348842,3.19177149850192,1.47037031943594));
#5981=CARTESIAN_POINT('',(1.62107176596108,3.18943677626207,1.4700601412381));
#5982=CARTESIAN_POINT('',(1.65660776759125,3.1856918604285,1.46952881566788));
#5983=CARTESIAN_POINT('',(1.67862657369345,3.1856682026923,1.46952339516374));
#5984=CARTESIAN_POINT('',(1.72294626320232,3.19021903106631,1.47017317478827));
#5985=CARTESIAN_POINT('',(1.74520980986221,3.1949480117777,1.47084367861441));
#5986=CARTESIAN_POINT('',(1.76668029108029,3.20196769406719,1.47084367861441));
#5987=CARTESIAN_POINT('',(1.56934876165409,3.20196769406719,1.45089456526411));
#5988=CARTESIAN_POINT('',(1.57735403921392,3.1993504027015,1.45115572188899));
#5989=CARTESIAN_POINT('',(1.58553835668536,3.19702808559834,1.4512875476486));
#5990=CARTESIAN_POINT('',(1.60715207672741,3.19183572255742,1.45145662393131));
#5991=CARTESIAN_POINT('',(1.62078259041149,3.18947691121407,1.45139644485091));
#5992=CARTESIAN_POINT('',(1.65649655769058,3.18568812324713,1.45126743584045));
#5993=CARTESIAN_POINT('',(1.67873106736926,3.18566382191895,1.45126466874242));
#5994=CARTESIAN_POINT('',(1.72327816370778,3.1902686938074,1.45142532973395));
#5995=CARTESIAN_POINT('',(1.74554635832234,3.19505804486177,1.4515840187538));
#5996=CARTESIAN_POINT('',(1.76668029108029,3.20196769406719,1.45089456526411));
#5997=CARTESIAN_POINT('',(1.56679671806109,3.19416198409749,1.43106829521665));
#5998=CARTESIAN_POINT('',(1.57495535994959,3.19173052967281,1.43158266249656));
#5999=CARTESIAN_POINT('',(1.58331913030662,3.18955624099954,1.43194543197167));
#6000=CARTESIAN_POINT('',(1.60544787206112,3.18467576752024,1.43263707852234));
#6001=CARTESIAN_POINT('',(1.61944288449253,3.1824379025041,1.43282110293772));
#6002=CARTESIAN_POINT('',(1.65615388616997,3.17883961553137,1.43308524625273));
#6003=CARTESIAN_POINT('',(1.6790502905241,3.17881626657521,1.43308508263746));
#6004=CARTESIAN_POINT('',(1.72484315905065,3.18319014151652,1.43276774551225));
#6005=CARTESIAN_POINT('',(1.74769352008765,3.18774294441633,1.43242622483563));
#6006=CARTESIAN_POINT('',(1.76923233467329,3.19416198409749,1.43106829521665));
#6007=CARTESIAN_POINT('',(1.55802950920861,3.16734649797729,1.40285598855934));
#6008=CARTESIAN_POINT('',(1.56693543937931,3.16536447251876,1.40344961500185));
#6009=CARTESIAN_POINT('',(1.57604899564805,3.16358214928828,1.40390162605378));
#6010=CARTESIAN_POINT('',(1.60012983943601,3.15956986259306,1.40481565436427));
#6011=CARTESIAN_POINT('',(1.6153287488361,3.15771749799771,1.40512561079046));
#6012=CARTESIAN_POINT('',(1.65516246568879,3.1547365456785,1.40559746688288));
#6013=CARTESIAN_POINT('',(1.67997242778985,3.15471703536069,1.40559897883708));
#6014=CARTESIAN_POINT('',(1.72965877585381,3.15834084615004,1.40502850483428));
#6015=CARTESIAN_POINT('',(1.7544878878751,3.16211395076679,1.40442316236756));
#6016=CARTESIAN_POINT('',(1.77799954352577,3.16734649797729,1.40285598855934));
#6017=CARTESIAN_POINT('',(1.55186833095462,3.14850184710449,1.39464367861441));
#6018=CARTESIAN_POINT('',(1.56136079807017,3.14677212691273,1.39505390248149));
#6019=CARTESIAN_POINT('',(1.57103841726079,3.14522451895896,1.39535613823717));
#6020=CARTESIAN_POINT('',(1.59654208398057,3.14174885228218,1.3959523932609));
#6021=CARTESIAN_POINT('',(1.61257361802479,3.14015312436386,1.39613659458673));
#6022=CARTESIAN_POINT('',(1.65451755157325,3.13758649326642,1.39641113709547));
#6023=CARTESIAN_POINT('',(1.68057179526357,3.13756980263122,1.39641165267945));
#6024=CARTESIAN_POINT('',(1.73288667904576,3.14068972652716,1.39608045620632));
#6025=CARTESIAN_POINT('',(1.7591006085947,3.14393538579825,1.3957266696235));
#6026=CARTESIAN_POINT('',(1.78416072177976,3.14850184710449,1.39464367861441));
#6027=CARTESIAN_POINT('',(1.54566897812295,3.12954043502808,1.39464367861441));
#6028=CARTESIAN_POINT('',(1.55575359808901,3.12789187327827,1.39464367861441));
#6029=CARTESIAN_POINT('',(1.56599989545073,3.12644285242326,1.39459082325336));
#6030=CARTESIAN_POINT('',(1.59293667679752,3.12321879377761,1.39440699902517));
#6031=CARTESIAN_POINT('',(1.60980550346361,3.1217712659889,1.39425190992625));
#6032=CARTESIAN_POINT('',(1.65387014548502,3.11944941817209,1.39398624714115));
#6033=CARTESIAN_POINT('',(1.68117346505175,3.11943475037565,1.39398353688907));
#6034=CARTESIAN_POINT('',(1.73612988004275,3.12225626396753,1.39430842670134));
#6035=CARTESIAN_POINT('',(1.76373667790102,3.12518823200859,1.39464367861441));
#6036=CARTESIAN_POINT('',(1.79036007461143,3.12954043502808,1.39464367861441));
#6037=CARTESIAN_POINT('',(1.54566897812295,3.12954043502808,1.39464367861441));
#6038=CARTESIAN_POINT('',(1.55575359808901,3.12789187327827,1.39464367861441));
#6039=CARTESIAN_POINT('',(1.56599989545073,3.12644285242326,1.39459082325336));
#6040=CARTESIAN_POINT('',(1.59293667679752,3.12321879377761,1.39440699902517));
#6041=CARTESIAN_POINT('',(1.60980550346361,3.1217712659889,1.39425190992625));
#6042=CARTESIAN_POINT('',(1.65387014548502,3.11944941817209,1.39398624714115));
#6043=CARTESIAN_POINT('',(1.68117346505175,3.11943475037565,1.39398353688907));
#6044=CARTESIAN_POINT('',(1.73612988004275,3.12225626396753,1.39430842670134));
#6045=CARTESIAN_POINT('',(1.76373667790102,3.12518823200859,1.39464367861441));
#6046=CARTESIAN_POINT('',(1.79036007461143,3.12954043502808,1.39464367861441));
#6047=CARTESIAN_POINT('',(1.56934876165409,3.20196769406719,1.47084367861441));
#6048=CARTESIAN_POINT('',(1.57748151969124,3.19930872350299,1.47084367861441));
#6049=CARTESIAN_POINT('',(1.58574466272488,3.19697159309167,1.47073796789231));
#6050=CARTESIAN_POINT('',(1.60746787348842,3.19177149850192,1.47037031943594));
#6051=CARTESIAN_POINT('',(1.62107176596108,3.18943677626207,1.4700601412381));
#6052=CARTESIAN_POINT('',(1.65660776759125,3.1856918604285,1.46952881566788));
#6053=CARTESIAN_POINT('',(1.67862657369345,3.1856682026923,1.46952339516374));
#6054=CARTESIAN_POINT('',(1.72294626320232,3.19021903106631,1.47017317478827));
#6055=CARTESIAN_POINT('',(1.74520980986221,3.1949480117777,1.47084367861441));
#6056=CARTESIAN_POINT('',(1.76668029108029,3.20196769406719,1.47084367861441));
#6057=CARTESIAN_POINT('',(0.460727381356615,3.12954043502808,1.31844367861441));
#6058=CARTESIAN_POINT('',(0.460727381356615,3.12954043502808,1.39464367861441));
#6059=CARTESIAN_POINT('',(0.460727381356615,3.05334043502808,1.31844367861441));
#6060=CARTESIAN_POINT('',(1.66801452636719,3.50374794006348,1.80165553092957));
#6061=CARTESIAN_POINT('',(-3.92045021896362,3.07330326438476,1.32159553092957));
#6062=CARTESIAN_POINT('',(-3.92045021896362,3.07330326438476,1.47399553092957));
#6063=CARTESIAN_POINT('',(-3.92045021896362,3.07330326438476,1.39779553092957));
#6064=CARTESIAN_POINT('',(-3.92045021896362,3.07330326438476,1.32159553092957));
#6065=CARTESIAN_POINT('',(-3.92045021896362,4.25151425933838,1.47399553092957));
#6066=CARTESIAN_POINT('',(-3.92045021896362,3.48951425933838,1.47399553092957));
#6067=CARTESIAN_POINT('',(-3.92045021896362,3.48951425933838,1.39779553092957));
#6068=CARTESIAN_POINT('',(-3.92045021896362,4.25151425933838,1.39779553092957));
#6069=CARTESIAN_POINT('',(-3.23465021896362,3.48951425933838,1.47399553092957));
#6070=CARTESIAN_POINT('',(-3.23465021896362,4.17531425933837,1.47399553092957));
#6071=CARTESIAN_POINT('',(-3.23465021896362,4.17531425933837,1.39779553092957));
#6072=CARTESIAN_POINT('',(-3.23465021896362,3.48951425933838,1.39779553092957));
#6073=CARTESIAN_POINT('',(-2.9857057685852,3.48951425933838,1.47399553092957));
#6074=CARTESIAN_POINT('',(-2.2999057685852,3.48951425933837,1.47399553092957));
#6075=CARTESIAN_POINT('',(-2.2237057685852,3.48951425933838,1.47399553092957));
#6076=CARTESIAN_POINT('',(-2.2999057685852,3.48951425933837,1.39779553092957));
#6077=CARTESIAN_POINT('',(-2.9857057685852,3.48951425933838,1.39779553092957));
#6078=CARTESIAN_POINT('',(-2.9857057685852,4.17531425933837,1.39779553092957));
#6079=CARTESIAN_POINT('',(-2.9857057685852,4.17531425933837,1.47399553092957));
#6080=CARTESIAN_POINT('',(-2.9857057685852,3.48951425933838,1.47399553092957));
#6081=CARTESIAN_POINT('',(-2.2999057685852,3.07330326438476,1.32159553092957));
#6082=CARTESIAN_POINT('',(-2.2999057685852,3.06232118606567,1.54993158580438));
#6083=CARTESIAN_POINT('',(-2.30930530730639,3.06232118606567,1.54993158580438));
#6084=CARTESIAN_POINT('',(-2.32036771903606,3.06232118606567,1.54772955054366));
#6085=CARTESIAN_POINT('',(-2.33773939326511,3.06232118606567,1.54052962512286));
#6086=CARTESIAN_POINT('',(-2.34712100779526,3.06232118606567,1.53425575133102));
#6087=CARTESIAN_POINT('',(-2.36042388087542,3.06232118606567,1.52094305833586));
#6088=CARTESIAN_POINT('',(-2.36669579560785,3.06232118606567,1.51154588771746));
#6089=CARTESIAN_POINT('',(-2.37390234462814,3.06232118606567,1.49413180474642));
#6090=CARTESIAN_POINT('',(-2.3761057685852,3.06232118606567,1.4830307091322));
#6091=CARTESIAN_POINT('',(-2.3761057685852,3.06232118606567,1.46415597258157));
#6092=CARTESIAN_POINT('',(-2.37389775756604,3.06232118606567,1.45304114109122));
#6093=CARTESIAN_POINT('',(-2.36668447954713,3.06232118606567,1.43557925246574));
#6094=CARTESIAN_POINT('',(-2.36039988466054,3.06232118606567,1.42614037873422));
#6095=CARTESIAN_POINT('',(-2.34707905974759,3.06232118606567,1.41276340230907));
#6096=CARTESIAN_POINT('',(-2.33768999619055,3.06232118606567,1.40645019315597));
#6097=CARTESIAN_POINT('',(-2.32032623914874,3.06232118606567,1.399215630243));
#6098=CARTESIAN_POINT('',(-2.30928787611071,3.06232118606567,1.397));
#6099=CARTESIAN_POINT('',(-2.29052366105969,3.06232118606567,1.397));
#6100=CARTESIAN_POINT('',(-2.27948529802166,3.06232118606567,1.399215630243));
#6101=CARTESIAN_POINT('',(-2.26212154097985,3.06232118606567,1.40645019315597));
#6102=CARTESIAN_POINT('',(-2.25273247742282,3.06232118606567,1.41276340230907));
#6103=CARTESIAN_POINT('',(-2.23941165250986,3.06232118606567,1.42614037873422));
#6104=CARTESIAN_POINT('',(-2.23312705762327,3.06232118606567,1.43557925246574));
#6105=CARTESIAN_POINT('',(-2.22591377960437,3.06232118606567,1.45304114109122));
#6106=CARTESIAN_POINT('',(-2.2237057685852,3.06232118606567,1.46415597258157));
#6107=CARTESIAN_POINT('',(-2.2237057685852,3.06232118606567,1.4830307091322));
#6108=CARTESIAN_POINT('',(-2.22590919254227,3.06232118606567,1.49413180474642));
#6109=CARTESIAN_POINT('',(-2.23311574156256,3.06232118606567,1.51154588771746));
#6110=CARTESIAN_POINT('',(-2.23938765629498,3.06232118606567,1.52094305833586));
#6111=CARTESIAN_POINT('',(-2.25269052937514,3.06232118606567,1.53425575133102));
#6112=CARTESIAN_POINT('',(-2.26207214390529,3.06232118606567,1.54052962512286));
#6113=CARTESIAN_POINT('',(-2.27944381813434,3.06232118606567,1.54772955054366));
#6114=CARTESIAN_POINT('',(-2.29050622986402,3.06232118606567,1.54993158580438));
#6115=CARTESIAN_POINT('',(-2.2999057685852,3.06232118606567,1.54993158580438));
#6116=CARTESIAN_POINT('',(-2.2999057685852,3.06232118606567,1.397));
#6117=CARTESIAN_POINT('',(-2.2237057685852,3.06232118606567,1.47359932678939));
#6118=CARTESIAN_POINT('',(-2.2999057685852,3.07330326438476,1.32159553092957));
#6119=CARTESIAN_POINT('',(-2.2999057685852,3.07330326438476,1.39779553092957));
#6120=CARTESIAN_POINT('',(-2.2999057685852,3.07330326438476,1.47399553092957));
#6121=CARTESIAN_POINT('',(-2.2237057685852,3.07330326438476,1.47399553092957));
#6122=CARTESIAN_POINT('',(-2.2237057685852,3.07330326438476,1.32159553092957));
#6123=CARTESIAN_POINT('',(-2.2999057685852,4.25151425933838,1.47399553092957));
#6124=CARTESIAN_POINT('',(-2.2999057685852,4.25151425933838,1.39779553092957));
#6125=CARTESIAN_POINT('',(-2.2237057685852,4.25151425933838,1.47399553092957));
#6126=CARTESIAN_POINT('',(-3.11017799377441,4.17531425933837,1.47399553092957));
#6127=CARTESIAN_POINT('',(-3.11017799377441,4.17531425933837,1.39779553092957));
#6128=CARTESIAN_POINT('',(-3.12880945205688,3.51226806640625,1.47399553092957));
#6129=CARTESIAN_POINT('',(-3.12880945205688,3.51226806640625,1.47399553092957));
#6130=CARTESIAN_POINT('',(-3.44630945205688,3.51226806640625,1.47399553092957));
#6131=CARTESIAN_POINT('',(-3.12880945205688,3.51226806640625,1.39779553092957));
#6132=CARTESIAN_POINT('',(-3.52250945205688,3.51226806640625,1.39779553092957));
#6133=CARTESIAN_POINT('',(3.2946367263794,3.07330326438476,1.32159553092957));
#6134=CARTESIAN_POINT('',(3.2946367263794,3.07330326438476,1.39779553092957));
#6135=CARTESIAN_POINT('',(-3.12880945205688,3.51226806640625,1.80165553092957));
#6136=CARTESIAN_POINT('',(0.771205108935152,3.06232118606567,1.4967868393072));
#6137=CARTESIAN_POINT('',(-2.2237057685852,3.06232118606567,1.49836276546479));
#6138=CARTESIAN_POINT('',(-4.76599788665771,-2.52954896485083,1.0668));
#6139=CARTESIAN_POINT('',(-4.76599788665771,-2.52954896485083,1.08831494946156));
#6140=CARTESIAN_POINT('',(-4.76599788665771,-2.53152511673271,1.11001492669393));
#6141=CARTESIAN_POINT('',(-4.76599788665771,-2.54179515734335,1.16554478629485));
#6142=CARTESIAN_POINT('',(-4.76599788665771,-2.55306329123397,1.19850020466));
#6143=CARTESIAN_POINT('',(-4.76599788665771,-2.59387614693883,1.27873343416807));
#6144=CARTESIAN_POINT('',(-4.76599788665771,-2.6302566647729,1.32212600594057));
#6145=CARTESIAN_POINT('',(-4.76599788665771,-2.74320806175896,1.41178285832613));
#6146=CARTESIAN_POINT('',(-4.76599788665771,-2.8294373748333,1.44265184559318));
#6147=CARTESIAN_POINT('',(-4.76599788665771,-3.05558042548536,1.47953068453511));
#6148=CARTESIAN_POINT('',(-4.76599788665771,-3.19850889967301,1.47824128120891));
#6149=CARTESIAN_POINT('',(-4.76599788665771,-3.49955725808897,1.44522509648782));
#6150=CARTESIAN_POINT('',(-4.76599788665771,-3.66675484271998,1.36598926705204));
#6151=CARTESIAN_POINT('',(-4.76599788665771,-3.82547446975413,1.02903397782647));
#6152=CARTESIAN_POINT('',(-4.76599788665771,-3.70044073152017,0.783087632130102));
#6153=CARTESIAN_POINT('',(-4.76599788665771,-3.40015812336288,0.668963043706584));
#6154=CARTESIAN_POINT('',(-4.76599788665771,-3.2877035195179,0.66377237651372));
#6155=CARTESIAN_POINT('',(-4.76599788665771,-3.06759638116024,0.661852992998437));
#6156=CARTESIAN_POINT('',(-4.76599788665771,-2.95589927016267,0.662379267232281));
#6157=CARTESIAN_POINT('',(-4.76599788665771,-2.71320697067462,0.727760611461777));
#6158=CARTESIAN_POINT('',(-4.76599788665771,-2.58763975187403,0.82618600498143));
#6159=CARTESIAN_POINT('',(-4.76599788665771,-2.53502611722875,0.9951781403967));
#6160=CARTESIAN_POINT('',(-4.76599788665771,-2.52954896485083,1.03103859724465));
#6161=CARTESIAN_POINT('',(-4.76599788665771,-2.52954896485083,1.0668));
#6162=CARTESIAN_POINT('',(-4.76599788665771,-2.58786456172674,1.0668));
#6163=CARTESIAN_POINT('',(-4.76599788665771,-2.58786456172674,1.08477525985212));
#6164=CARTESIAN_POINT('',(-4.76599788665771,-2.58957149571925,1.1029051356724));
#6165=CARTESIAN_POINT('',(-4.76599788665771,-2.59844550162561,1.14926644346233));
#6166=CARTESIAN_POINT('',(-4.76599788665771,-2.60818244775182,1.17674777494036));
#6167=CARTESIAN_POINT('',(-4.76599788665771,-2.64349871784461,1.24343480744922));
#6168=CARTESIAN_POINT('',(-4.76599788665771,-2.67500133187442,1.27926502495042));
#6169=CARTESIAN_POINT('',(-4.76599788665771,-2.77342061661178,1.35210579681354));
#6170=CARTESIAN_POINT('',(-4.76599788665771,-2.84887970704794,1.37549331366562));
#6171=CARTESIAN_POINT('',(-4.76599788665771,-3.05522598251013,1.39840349376173));
#6172=CARTESIAN_POINT('',(-4.76599788665771,-3.20054973559329,1.39573879957837));
#6173=CARTESIAN_POINT('',(-4.76599788665771,-3.47952919791699,1.3786468347975));
#6174=CARTESIAN_POINT('',(-4.76599788665771,-3.62240555540712,1.31604323136735));
#6175=CARTESIAN_POINT('',(-4.76599788665771,-3.75971743567361,1.03577682047829));
#6176=CARTESIAN_POINT('',(-4.76599788665771,-3.65371181873407,0.828715835793235));
#6177=CARTESIAN_POINT('',(-4.76599788665771,-3.38785759218952,0.741833075855232));
#6178=CARTESIAN_POINT('',(-4.76599788665771,-3.28411096126964,0.743169925372154));
#6179=CARTESIAN_POINT('',(-4.76599788665771,-3.06978563654311,0.743380540917365));
#6180=CARTESIAN_POINT('',(-4.76599788665771,-2.96304939556474,0.738421119231315));
#6181=CARTESIAN_POINT('',(-4.76599788665771,-2.7457642842133,0.785298247714356));
#6182=CARTESIAN_POINT('',(-4.76599788665771,-2.63807522888024,0.866051574224995));
#6183=CARTESIAN_POINT('',(-4.76599788665771,-2.59259457925303,1.00696166092316));
#6184=CARTESIAN_POINT('',(-4.76599788665771,-2.58786456172674,1.03692214654037));
#6185=CARTESIAN_POINT('',(-4.76599788665771,-2.58786456172674,1.0668));
#6186=CARTESIAN_POINT('',(-4.78179760836987,-2.64610459041872,1.0668));
#6187=CARTESIAN_POINT('',(-4.78179760836987,-2.64610459041872,1.08124015714447));
#6188=CARTESIAN_POINT('',(-4.78182845054313,-2.64754236524604,1.09580455714944));
#6189=CARTESIAN_POINT('',(-4.78199207816749,-2.65502065742535,1.13300961077091));
#6190=CARTESIAN_POINT('',(-4.78217250023106,-2.66322677067911,1.15502460758015));
#6191=CARTESIAN_POINT('',(-4.7828750919335,-2.6930479923184,1.20818755110421));
#6192=CARTESIAN_POINT('',(-4.7835344654524,-2.71967419965009,1.2364707360105));
#6193=CARTESIAN_POINT('',(-4.7860241483207,-2.80356898147261,1.29254762242171));
#6194=CARTESIAN_POINT('',(-4.78849171751836,-2.86826741677539,1.3085009125421));
#6195=CARTESIAN_POINT('',(-4.79606057502237,-3.05485921603731,1.31762197897122));
#6196=CARTESIAN_POINT('',(-4.79749151831844,-3.20259293602913,1.31362341665916));
#6197=CARTESIAN_POINT('',(-4.78760608515503,-3.45956236223289,1.31220731520593));
#6198=CARTESIAN_POINT('',(-4.78353439154836,-3.57812816144222,1.26617135590873));
#6199=CARTESIAN_POINT('',(-4.78083312531687,-3.69403811108728,1.04250396003195));
#6200=CARTESIAN_POINT('',(-4.78192361393949,-3.60706486335553,0.874312083255818));
#6201=CARTESIAN_POINT('',(-4.79058130536608,-3.37560149936617,0.814489959972166));
#6202=CARTESIAN_POINT('',(-4.79582912825728,-3.28053490933786,0.822218057376581));
#6203=CARTESIAN_POINT('',(-4.79747416183066,-3.0719648981076,0.824510678748198));
#6204=CARTESIAN_POINT('',(-4.79256984739675,-2.97016614296275,0.814204086225229));
#6205=CARTESIAN_POINT('',(-4.78491443159743,-2.7782505677936,0.842744878198813));
#6206=CARTESIAN_POINT('',(-4.78274042753123,-2.68843703670235,0.905861892446166));
#6207=CARTESIAN_POINT('',(-4.78188210388489,-2.65008763092712,1.01872991443587));
#6208=CARTESIAN_POINT('',(-4.78179760836987,-2.64610459041872,1.04279807164704));
#6209=CARTESIAN_POINT('',(-4.78179760836987,-2.64610459041872,1.0668));
#6210=CARTESIAN_POINT('',(-4.84074052011481,-2.74674537991783,1.0668));
#6211=CARTESIAN_POINT('',(-4.84074052011481,-2.74674537991783,1.07513137705887));
#6212=CARTESIAN_POINT('',(-4.84087866446027,-2.74768827307214,1.08353447140934));
#6213=CARTESIAN_POINT('',(-4.84161086242149,-2.75260344421479,1.10495959520271));
#6214=CARTESIAN_POINT('',(-4.84241811715638,-2.75799909979329,1.11759630217732));
#6215=CARTESIAN_POINT('',(-4.84555044235579,-2.77777746116827,1.14783913266769));
#6216=CARTESIAN_POINT('',(-4.84848579250604,-2.79552194956271,1.16363102204235));
#6217=CARTESIAN_POINT('',(-4.85943453664631,-2.8533885189877,1.19344048395285));
#6218=CARTESIAN_POINT('',(-4.87017179867787,-2.89934456890311,1.19970004058836));
#6219=CARTESIAN_POINT('',(-4.90198267584497,-3.05343447408594,1.19553310403237));
#6220=CARTESIAN_POINT('',(-4.90778245610152,-3.20634316633297,1.19137945133771));
#6221=CARTESIAN_POINT('',(-4.86663143268627,-3.42789478215637,1.20299556492107));
#6222=CARTESIAN_POINT('',(-4.84849260198345,-3.50304590099619,1.18093048424973));
#6223=CARTESIAN_POINT('',(-4.83644292780005,-3.57981215162189,1.0534401697783));
#6224=CARTESIAN_POINT('',(-4.84177029698963,-3.52864739680873,0.954530095267293));
#6225=CARTESIAN_POINT('',(-4.87906878712734,-3.35669453805321,0.930299885238548));
#6226=CARTESIAN_POINT('',(-4.9007564480348,-3.27517698749733,0.941450493126538));
#6227=CARTESIAN_POINT('',(-4.90744182558282,-3.07523339891459,0.944884596212142));
#6228=CARTESIAN_POINT('',(-4.88744822262761,-2.98066424809485,0.932634406488471));
#6229=CARTESIAN_POINT('',(-4.8548123138746,-2.83176659402016,0.939759097118859));
#6230=CARTESIAN_POINT('',(-4.84495576827321,-2.77462601189394,0.974292840101745));
#6231=CARTESIAN_POINT('',(-4.84111920462083,-2.74935410234942,1.0390657221198));
#6232=CARTESIAN_POINT('',(-4.84074052011481,-2.74674537991783,1.0529518740241));
#6233=CARTESIAN_POINT('',(-4.84074052011481,-2.74674537991783,1.0668));
#6234=CARTESIAN_POINT('',(-4.88380732905856,-2.78901572549989,1.0668));
#6235=CARTESIAN_POINT('',(-4.88380732905856,-2.78901572549989,1.07256561573497));
#6236=CARTESIAN_POINT('',(-4.88402150691598,-2.78973303626461,1.07838086330067));
#6237=CARTESIAN_POINT('',(-4.88515634710598,-2.7934815580601,1.09320347769852));
#6238=CARTESIAN_POINT('',(-4.88640747197482,-2.7975984263117,1.10194152107091));
#6239=CARTESIAN_POINT('',(-4.89125642367853,-2.81283247452107,1.12282580664207));
#6240=CARTESIAN_POINT('',(-4.89579832133822,-2.82657502837628,1.13369909293272));
#6241=CARTESIAN_POINT('',(-4.91267029410151,-2.87295348581945,1.15408924671424));
#6242=CARTESIAN_POINT('',(-4.92915798197146,-2.91094646625596,1.15816326961372));
#6243=CARTESIAN_POINT('',(-4.97739497192059,-3.05235995909867,1.15475137488865));
#6244=CARTESIAN_POINT('',(-4.98606777749927,-3.20805171202983,1.15183025192925));
#6245=CARTESIAN_POINT('',(-4.92389287228858,-3.4162912232313,1.16046041703395));
#6246=CARTESIAN_POINT('',(-4.89581243427688,-3.47236299254865,1.14568810243799));
#6247=CARTESIAN_POINT('',(-4.87715567031776,-3.53140078291169,1.05762317025235));
#6248=CARTESIAN_POINT('',(-4.88564373832322,-3.49701579172907,0.989085961817346));
#6249=CARTESIAN_POINT('',(-4.94271305820333,-3.35011340366419,0.973112507807915));
#6250=CARTESIAN_POINT('',(-4.97539102012022,-3.27341973542859,0.981109829003893));
#6251=CARTESIAN_POINT('',(-4.98539742793262,-3.07630771697691,0.983541369983646));
#6252=CARTESIAN_POINT('',(-4.95543225293813,-2.98399469708108,0.974876098977781));
#6253=CARTESIAN_POINT('',(-4.90568445743572,-2.85267889802225,0.979167913533536));
#6254=CARTESIAN_POINT('',(-4.8903387330497,-2.81032720785362,1.0028186191824));
#6255=CARTESIAN_POINT('',(-4.88439455084305,-2.79099748605764,1.04760692662609));
#6256=CARTESIAN_POINT('',(-4.88380732905856,-2.78901572549989,1.057216593504));
#6257=CARTESIAN_POINT('',(-4.88380732905856,-2.78901572549989,1.0668));
#6258=CARTESIAN_POINT('',(-4.93466903236934,-2.81754283498053,1.0668));
#6259=CARTESIAN_POINT('',(-4.93466903236934,-2.81754283498053,1.07083405302404));
#6260=CARTESIAN_POINT('',(-4.93496080504684,-2.81807619120256,1.07490279875511));
#6261=CARTESIAN_POINT('',(-4.93650542352275,-2.8208765199419,1.08531464743028));
#6262=CARTESIAN_POINT('',(-4.93820812353281,-2.823954920675,1.09149378837375));
#6263=CARTESIAN_POINT('',(-4.94478543791671,-2.83554532728677,1.10653751890651));
#6264=CARTESIAN_POINT('',(-4.95093755425427,-2.84611182645324,1.11467362611386));
#6265=CARTESIAN_POINT('',(-4.97353327581798,-2.88380042884011,1.13148428593615));
#6266=CARTESIAN_POINT('',(-4.99538528913421,-2.91633384613812,1.13727222104872));
#6267=CARTESIAN_POINT('',(-5.05723200981773,-3.05091393768648,1.14418700335033));
#6268=CARTESIAN_POINT('',(-5.06794402068989,-3.20937052763643,1.14394524022667));
#6269=CARTESIAN_POINT('',(-4.98898040454946,-3.41129506737911,1.13775470559147));
#6270=CARTESIAN_POINT('',(-4.95097092004164,-3.45316833215726,1.12289798757226));
#6271=CARTESIAN_POINT('',(-4.92565096435247,-3.49796131087666,1.05971887084246));
#6272=CARTESIAN_POINT('',(-4.93803887808807,-3.47799911614738,1.01360393102439));
#6273=CARTESIAN_POINT('',(-5.01299166067102,-3.34793733361977,0.992205570694984));
#6274=CARTESIAN_POINT('',(-5.05418346731344,-3.27301691682706,0.991232320596322));
#6275=CARTESIAN_POINT('',(-5.06658687405076,-3.07655833664765,0.990872436187206));
#6276=CARTESIAN_POINT('',(-5.02933798358397,-2.98448432516235,0.990971112606052));
#6277=CARTESIAN_POINT('',(-4.96465993696859,-2.86408090651578,1.00323011464908));
#6278=CARTESIAN_POINT('',(-4.94355173591284,-2.83353170622351,1.02168487593402));
#6279=CARTESIAN_POINT('',(-4.93546943163518,-2.81901239608943,1.05337090132438));
#6280=CARTESIAN_POINT('',(-4.93466903236934,-2.81754283498053,1.06009473698337));
#6281=CARTESIAN_POINT('',(-4.93466903236934,-2.81754283498053,1.0668));
#6282=CARTESIAN_POINT('',(-4.76599788665771,-2.52954896485083,1.0668));
#6283=CARTESIAN_POINT('',(-4.76599788665771,-2.52954896485083,1.08831494946156));
#6284=CARTESIAN_POINT('',(-4.76599788665771,-2.5315251167257,1.11001492669544));
#6285=CARTESIAN_POINT('',(-4.76599788665771,-2.53547513235491,1.13137256500139));
#6286=CARTESIAN_POINT('',(-4.76599788665771,-2.54179515736163,1.16554478629093));
#6287=CARTESIAN_POINT('',(-4.76599788665771,-2.55306329121166,1.19850020467153));
#6288=CARTESIAN_POINT('',(-4.76599788665771,-2.56876054343286,1.22935913908374));
#6289=CARTESIAN_POINT('',(-4.76599788665771,-2.59387614698678,1.27873343414329));
#6290=CARTESIAN_POINT('',(-4.76599788665771,-2.6302566647729,1.32212600594057));
#6291=CARTESIAN_POINT('',(-4.76599788665771,-2.67369950976754,1.35660941070424));
#6292=CARTESIAN_POINT('',(-4.76599788665771,-2.69278947721572,1.37176235647753));
#6293=CARTESIAN_POINT('',(-4.76599788665771,-2.71328261764989,1.38526848558169));
#6294=CARTESIAN_POINT('',(-4.76599788665771,-2.73461409802636,1.39699999999998));
#6295=CARTESIAN_POINT('',(-4.76599788665771,-2.52954896485083,1.0668));
#6296=CARTESIAN_POINT('',(-5.09619788665771,-2.52954896485083,1.0668));
#6297=CARTESIAN_POINT('',(-4.93466903236934,-2.81754283498053,1.0668));
#6298=CARTESIAN_POINT('',(-4.93466903236934,-2.81754283498053,1.0668));
#6299=CARTESIAN_POINT('',(-4.93466903236934,-2.81754283498053,1.07083405302404));
#6300=CARTESIAN_POINT('',(-4.93496080504684,-2.81807619120256,1.07490279875511));
#6301=CARTESIAN_POINT('',(-4.93650542352275,-2.8208765199419,1.08531464743028));
#6302=CARTESIAN_POINT('',(-4.93820812353281,-2.823954920675,1.09149378837375));
#6303=CARTESIAN_POINT('',(-4.94478543791671,-2.83554532728677,1.10653751890651));
#6304=CARTESIAN_POINT('',(-4.95093755425427,-2.84611182645324,1.11467362611386));
#6305=CARTESIAN_POINT('',(-4.97353327581798,-2.88380042884011,1.13148428593615));
#6306=CARTESIAN_POINT('',(-4.99538528913421,-2.91633384613812,1.13727222104872));
#6307=CARTESIAN_POINT('',(-5.03667028253403,-3.00617107808698,1.14188809620796));
#6308=CARTESIAN_POINT('',(-5.04838767802702,-3.06023422995343,1.14289391338566));
#6309=CARTESIAN_POINT('',(-5.05236835217175,-3.11667300651193,1.14312959496632));
#6310=CARTESIAN_POINT('',(-5.09619788665771,-2.52954896485083,0.));
#6311=CARTESIAN_POINT('',(-4.76599788665771,-2.52954896485083,0.));
#6312=CARTESIAN_POINT('',(-4.93466903236934,-2.81754283498053,0.));
#6313=CARTESIAN_POINT('',(-4.84219788665771,-1.59042060375214,1.2192));
#6314=CARTESIAN_POINT('',(-4.84219788665771,-3.1915359413147,1.2192));
#6315=CARTESIAN_POINT('',(-4.76599788665771,-3.1153359413147,1.2192));
#6316=CARTESIAN_POINT('',(-4.76599788665771,-1.59042060375214,1.2192));
#6317=CARTESIAN_POINT('',(-4.74828958511353,-3.14984345436096,1.143));
#6318=CARTESIAN_POINT('',(-4.74828958511353,-3.14984345436096,1.143));
#6319=CARTESIAN_POINT('',(-4.67433693309969,-3.44553593864171,1.14300000001878));
#6320=CARTESIAN_POINT('',(-4.67433692919166,-3.44553593785678,1.14300000001878));
#6321=CARTESIAN_POINT('',(-4.67489604676943,-3.44541062460739,1.14300000002127));
#6322=CARTESIAN_POINT('',(-4.67546665824895,-3.44528427855679,1.143));
#6323=CARTESIAN_POINT('',(-4.68040094784863,-3.44420451704,1.143));
#6324=CARTESIAN_POINT('',(-4.68480711898042,-3.44333073044907,1.143));
#6325=CARTESIAN_POINT('',(-4.69983466416063,-3.44065912911638,1.143));
#6326=CARTESIAN_POINT('',(-4.71052343493425,-3.43927944368854,1.143));
#6327=CARTESIAN_POINT('',(-4.72660363837126,-3.43798382277818,1.143));
#6328=CARTESIAN_POINT('',(-4.7319520406508,-3.43768102829932,1.143));
#6329=CARTESIAN_POINT('',(-4.74104008499929,-3.43738406613838,1.143));
#6330=CARTESIAN_POINT('',(-4.74477584763785,-3.43732427567269,1.143));
#6331=CARTESIAN_POINT('',(-4.75227525783492,-3.43732923566878,1.143));
#6332=CARTESIAN_POINT('',(-4.75603809900714,-3.43739489436279,1.143));
#6333=CARTESIAN_POINT('',(-4.76528789812163,-3.43771162871377,1.143));
#6334=CARTESIAN_POINT('',(-4.77077056328509,-3.43803394154771,1.143));
#6335=CARTESIAN_POINT('',(-4.79114909524015,-3.43973259795747,1.143));
#6336=CARTESIAN_POINT('',(-4.8059470622816,-3.4419657398377,1.143));
#6337=CARTESIAN_POINT('',(-4.82111537877425,-3.44528488907849,1.143));
#6338=CARTESIAN_POINT('',(-4.82168054542459,-3.44541004908393,1.14300000000557));
#6339=CARTESIAN_POINT('',(-4.82224223686587,-3.44553593908553,1.14300000000396));
#6340=CARTESIAN_POINT('',(-4.76599788665771,-3.4377931860312,1.143));
#6341=CARTESIAN_POINT('',(-4.74828958511353,-3.14984345436096,1.0668));
#6342=CARTESIAN_POINT('',(-4.74828958511353,-3.14984345436096,1.0668));
#6343=CARTESIAN_POINT('',(-4.4017808251365,-3.30825014380047,1.0668));
#6344=CARTESIAN_POINT('',(-4.4017808251365,-3.30825014380046,1.0668));
#6345=CARTESIAN_POINT('',(-4.4017808251365,-3.30825014380046,1.07143222853165));
#6346=CARTESIAN_POINT('',(-4.40239872499403,-3.30857693506381,1.07610444413917));
#6347=CARTESIAN_POINT('',(-4.40364012052745,-3.30924353649798,1.08067707064175));
#6348=CARTESIAN_POINT('',(-4.40562635338091,-3.31031009879264,1.08799327304589));
#6349=CARTESIAN_POINT('',(-4.40916593327877,-3.31221852794598,1.09500678237895));
#6350=CARTESIAN_POINT('',(-4.414308149063,-3.31513273364906,1.10149183455506));
#6351=CARTESIAN_POINT('',(-4.42253569431782,-3.31979546277401,1.1118679180368));
#6352=CARTESIAN_POINT('',(-4.43462455158588,-3.32694859428284,1.1206582211542));
#6353=CARTESIAN_POINT('',(-4.45149052021554,-3.33776637563173,1.12717477886547));
#6354=CARTESIAN_POINT('',(-4.4784760700231,-3.35507482578979,1.13760127120346));
#6355=CARTESIAN_POINT('',(-4.51510279155505,-3.38551473263364,1.14165837721217));
#6356=CARTESIAN_POINT('',(-4.58748639285372,-3.41758947388107,1.14262773823196));
#6357=CARTESIAN_POINT('',(-4.61219441104767,-3.42853813181034,1.142958627954));
#6358=CARTESIAN_POINT('',(-4.64144701984075,-3.43892998071375,1.14300000002263));
#6359=CARTESIAN_POINT('',(-4.67433693309969,-3.44553593864171,1.14300000001878));
#6360=CARTESIAN_POINT('',(-4.76599788665771,-0.0309977531433101,0.));
#6361=CARTESIAN_POINT('',(-4.76599788665771,-2.17310256576538,1.143));
#6362=CARTESIAN_POINT('',(-4.76599788665771,-2.42710256576538,1.143));
#6363=CARTESIAN_POINT('',(-4.76599788665771,-2.42710256576538,0.6985));
#6364=CARTESIAN_POINT('',(-4.74828958511353,-3.14984345436096,0.));
#6365=CARTESIAN_POINT('',(-4.4017808251365,-3.30825014380047,0.));
#6366=CARTESIAN_POINT('',(-4.4017808251365,-3.30825014380046,1.0668));
#6367=CARTESIAN_POINT('',(-4.4017808251365,-3.30825014380046,1.07143222853165));
#6368=CARTESIAN_POINT('',(-4.40239872499403,-3.30857693506381,1.07610444413917));
#6369=CARTESIAN_POINT('',(-4.40562635338091,-3.31031009879264,1.08799327304589));
#6370=CARTESIAN_POINT('',(-4.40916593327877,-3.31221852794598,1.09500678237894));
#6371=CARTESIAN_POINT('',(-4.42253569431776,-3.31979546277398,1.11186791803686));
#6372=CARTESIAN_POINT('',(-4.43462455158587,-3.3269485942829,1.12065822115425));
#6373=CARTESIAN_POINT('',(-4.47847607002299,-3.35507482578986,1.13760127120343));
#6374=CARTESIAN_POINT('',(-4.51510279155504,-3.38551473263364,1.14165837721217));
#6375=CARTESIAN_POINT('',(-4.64471586678855,-3.4429490931215,1.14339415521344));
#6376=CARTESIAN_POINT('',(-4.73339495245955,-3.4608494779136,1.14297874393791));
#6377=CARTESIAN_POINT('',(-4.88896014253025,-3.43433062970701,1.14301817565408));
#6378=CARTESIAN_POINT('',(-4.94450377806618,-3.40160417849008,1.14290726655598));
#6379=CARTESIAN_POINT('',(-5.0400208485773,-3.34265111911759,1.13477336240121));
#6380=CARTESIAN_POINT('',(-5.06771564877333,-3.32333730978935,1.12098932624422));
#6381=CARTESIAN_POINT('',(-5.10673906525926,-3.30133628261486,1.06882879397526));
#6382=CARTESIAN_POINT('',(-5.09524537126163,-3.30563752941959,1.02614257005439));
#6383=CARTESIAN_POINT('',(-5.01556323519007,-3.35667898198708,0.99481458477802));
#6384=CARTESIAN_POINT('',(-4.97254803673016,-3.39584293638015,0.991209363109529));
#6385=CARTESIAN_POINT('',(-4.78722310931181,-3.46284426922014,0.9902146615386));
#6386=CARTESIAN_POINT('',(-4.64340962627693,-3.4456954792274,0.989630038932839));
#6387=CARTESIAN_POINT('',(-4.47978088886507,-3.36484857998184,0.993292671808833));
#6388=CARTESIAN_POINT('',(-4.44563683814617,-3.33346781019332,1.0030118149903));
#6389=CARTESIAN_POINT('',(-4.408724230709,-3.31176161477602,1.03565894230304));
#6390=CARTESIAN_POINT('',(-4.4017808251365,-3.30825014380046,1.05127413720943));
#6391=CARTESIAN_POINT('',(-4.4017808251365,-3.30825014380046,1.0668));
#6392=CARTESIAN_POINT('',(-4.37565048961359,-3.25109100366652,1.0668));
#6393=CARTESIAN_POINT('',(-4.37565048961359,-3.25109100366652,1.07317881764759));
#6394=CARTESIAN_POINT('',(-4.37648365993459,-3.25133480825571,1.07961274333536));
#6395=CARTESIAN_POINT('',(-4.38081379929751,-3.2526291891018,1.09590444945062));
#6396=CARTESIAN_POINT('',(-4.38555863879414,-3.25405453282274,1.10543574636227));
#6397=CARTESIAN_POINT('',(-4.40313647610491,-3.2597363363647,1.12779965588757));
#6398=CARTESIAN_POINT('',(-4.41886686867344,-3.26510498351563,1.13886264920313));
#6399=CARTESIAN_POINT('',(-4.47215182878331,-3.28653916119217,1.15694861555185));
#6400=CARTESIAN_POINT('',(-4.51375817742478,-3.31004589828447,1.15602026640421));
#6401=CARTESIAN_POINT('',(-4.64514670355935,-3.3566995848472,1.14441717404487));
#6402=CARTESIAN_POINT('',(-4.73340392942055,-3.37187442136931,1.1389400528636));
#6403=CARTESIAN_POINT('',(-4.88895258435124,-3.34973202058641,1.14597707742872));
#6404=CARTESIAN_POINT('',(-4.94479920705576,-3.32303577894855,1.15389043783307));
#6405=CARTESIAN_POINT('',(-5.04781482222824,-3.27668518898328,1.15580019623179));
#6406=CARTESIAN_POINT('',(-5.08508072665441,-3.26238956163405,1.13999817020529));
#6407=CARTESIAN_POINT('',(-5.13649638476857,-3.24589847983017,1.0705556784169));
#6408=CARTESIAN_POINT('',(-5.11825657435868,-3.24887233507453,1.0089638828106));
#6409=CARTESIAN_POINT('',(-5.02128595692533,-3.28775690963952,0.9753062340117));
#6410=CARTESIAN_POINT('',(-4.97310814534225,-3.31819793792034,0.97888985470595));
#6411=CARTESIAN_POINT('',(-4.78685286543961,-3.37319807169315,0.994322862100192));
#6412=CARTESIAN_POINT('',(-4.64445201130221,-3.3587293190101,0.988897172993271));
#6413=CARTESIAN_POINT('',(-4.47701943205388,-3.29355839835803,0.974646315193656));
#6414=CARTESIAN_POINT('',(-4.43291440388796,-3.27002928535261,0.981990519282709));
#6415=CARTESIAN_POINT('',(-4.38519197681387,-3.25369725409578,1.02392356105657));
#6416=CARTESIAN_POINT('',(-4.37565048961359,-3.25109100366652,1.04542008601564));
#6417=CARTESIAN_POINT('',(-4.37565048961359,-3.25109100366652,1.0668));
#6418=CARTESIAN_POINT('',(-4.33281754982359,-3.20168801968897,1.0668));
#6419=CARTESIAN_POINT('',(-4.33281754982359,-3.20168801968897,1.07604183279622));
#6420=CARTESIAN_POINT('',(-4.33393764878031,-3.20184618368276,1.08536350987108));
#6421=CARTESIAN_POINT('',(-4.33974356095025,-3.20268620510642,1.108975184573));
#6422=CARTESIAN_POINT('',(-4.34610318090567,-3.20361123073889,1.12279684858782));
#6423=CARTESIAN_POINT('',(-4.3694148041452,-3.20730401524852,1.15527858502755));
#6424=CARTESIAN_POINT('',(-4.39017232388163,-3.21079415908792,1.17140642838172));
#6425=CARTESIAN_POINT('',(-4.45745766597693,-3.22480730859882,1.19803445763563));
#6426=CARTESIAN_POINT('',(-4.50825976613851,-3.24024334603872,1.19716487848726));
#6427=CARTESIAN_POINT('',(-4.64597904196018,-3.27149709439094,1.18069926042068));
#6428=CARTESIAN_POINT('',(-4.73311928520025,-3.28183440912618,1.17270499774427));
#6429=CARTESIAN_POINT('',(-4.88914434818046,-3.26683756057961,1.18290040825574));
#6430=CARTESIAN_POINT('',(-4.94787125612156,-3.24892683895079,1.19419027768819));
#6431=CARTESIAN_POINT('',(-5.06537196839152,-3.21826653387453,1.19624982948557));
#6432=CARTESIAN_POINT('',(-5.11604340814299,-3.20902778589875,1.17298645901286));
#6433=CARTESIAN_POINT('',(-5.18431160599579,-3.19831137440202,1.07215139905812));
#6434=CARTESIAN_POINT('',(-5.15768441933088,-3.20018354824165,0.983126815106427));
#6435=CARTESIAN_POINT('',(-5.03510647026964,-3.22560230131804,0.933592586729058));
#6436=CARTESIAN_POINT('',(-4.97655237822501,-3.24564105026262,0.938210346778151));
#6437=CARTESIAN_POINT('',(-4.78513559340803,-3.28263964368546,0.960314425395861));
#6438=CARTESIAN_POINT('',(-4.64643927073305,-3.27280426652659,0.952420965064458));
#6439=CARTESIAN_POINT('',(-4.46797857166835,-3.22927654176531,0.932383000011617));
#6440=CARTESIAN_POINT('',(-4.40846287065072,-3.21400325710676,0.943645983443144));
#6441=CARTESIAN_POINT('',(-4.34577689185446,-3.20337555877631,1.00467571706391));
#6442=CARTESIAN_POINT('',(-4.33281754982359,-3.20168801968897,1.03582410428433));
#6443=CARTESIAN_POINT('',(-4.33281754982359,-3.20168801968897,1.0668));
#6444=CARTESIAN_POINT('',(-4.22706103793755,-3.13375123189866,1.0668));
#6445=CARTESIAN_POINT('',(-4.22706103793755,-3.13375123189866,1.08311074978115));
#6446=CARTESIAN_POINT('',(-4.2288337924706,-3.13378716499879,1.09956235736644));
#6447=CARTESIAN_POINT('',(-4.23800234543663,-3.13397821995891,1.14133449360627));
#6448=CARTESIAN_POINT('',(-4.24804261377571,-3.13418861762529,1.16588720157787));
#6449=CARTESIAN_POINT('',(-4.28451316530315,-3.13503215234755,1.22428892113846));
#6450=CARTESIAN_POINT('',(-4.31686464821106,-3.13583004167049,1.25406236318632));
#6451=CARTESIAN_POINT('',(-4.4173721994447,-3.13908573024155,1.30768841628562));
#6452=CARTESIAN_POINT('',(-4.49163763171908,-3.14271797569539,1.31441485350598));
#6453=CARTESIAN_POINT('',(-4.64811821521695,-3.15045977198462,1.30340453775053));
#6454=CARTESIAN_POINT('',(-4.73212587090376,-3.15312402614083,1.29570252285941));
#6455=CARTESIAN_POINT('',(-4.88981622732636,-3.14931061847157,1.30461293561733));
#6456=CARTESIAN_POINT('',(-4.95785908750263,-3.14485720253975,1.31412296181146));
#6457=CARTESIAN_POINT('',(-5.1129272833492,-3.13750275951119,1.30102105079525));
#6458=CARTESIAN_POINT('',(-5.19462488720324,-3.13542547832416,1.25599666243297));
#6459=CARTESIAN_POINT('',(-5.3015391819515,-3.13297866617452,1.07503434402183));
#6460=CARTESIAN_POINT('',(-5.25643309574331,-3.13336611583245,0.921476787597383));
#6461=CARTESIAN_POINT('',(-5.0731359546593,-3.13926968342214,0.822069131519049));
#6462=CARTESIAN_POINT('',(-4.98743090224738,-3.14401657590618,0.819357026353484));
#6463=CARTESIAN_POINT('',(-4.77986525546746,-3.15327449005416,0.83662380437874));
#6464=CARTESIAN_POINT('',(-4.65153809144235,-3.15075149018499,0.828718428079063));
#6465=CARTESIAN_POINT('',(-4.44154020866338,-3.14004920365882,0.818181307691872));
#6466=CARTESIAN_POINT('',(-4.34499619511235,-3.13656880729017,0.845633361360099));
#6467=CARTESIAN_POINT('',(-4.24775147702413,-3.13413247050876,0.957151271205398));
#6468=CARTESIAN_POINT('',(-4.22706103793755,-3.13375123189866,1.01213118101075));
#6469=CARTESIAN_POINT('',(-4.22706103793755,-3.13375123189866,1.0668));
#6470=CARTESIAN_POINT('',(-4.16432195418867,-3.1153359413147,1.0668));
#6471=CARTESIAN_POINT('',(-4.16432195418867,-3.1153359413147,1.08730432015164));
#6472=CARTESIAN_POINT('',(-4.16646000550628,-3.1153359413147,1.1079856702893));
#6473=CARTESIAN_POINT('',(-4.17751315065121,-3.1153359413147,1.16056550731096));
#6474=CARTESIAN_POINT('',(-4.18961678617501,-3.1153359413147,1.19153842416027));
#6475=CARTESIAN_POINT('',(-4.23350258016804,-3.1153359413147,1.26568487597106));
#6476=CARTESIAN_POINT('',(-4.27241168098111,-3.1153359413147,1.30400054522411));
#6477=CARTESIAN_POINT('',(-4.39210314475837,-3.1153359413147,1.37595308604824));
#6478=CARTESIAN_POINT('',(-4.48058828334166,-3.1153359413147,1.39009418599649));
#6479=CARTESIAN_POINT('',(-4.64942069002541,-3.1153359413147,1.38909870791223));
#6480=CARTESIAN_POINT('',(-4.73142341503017,-3.1153359413147,1.38408902748054));
#6481=CARTESIAN_POINT('',(-4.8902920394814,-3.1153359413147,1.38871766922833));
#6482=CARTESIAN_POINT('',(-4.96472140032149,-3.1153359413147,1.39324606962768));
#6483=CARTESIAN_POINT('',(-5.14278452976205,-3.1153359413147,1.36510077699166));
#6484=CARTESIAN_POINT('',(-5.24207893261887,-3.1153359413147,1.30585356507285));
#6485=CARTESIAN_POINT('',(-5.37075803352694,-3.1153359413147,1.07633031262902));
#6486=CARTESIAN_POINT('',(-5.315565081885,-3.1153359413147,0.885739270701922));
#6487=CARTESIAN_POINT('',(-5.09722481150279,-3.1153359413147,0.752570412506019));
#6488=CARTESIAN_POINT('',(-4.99481009469787,-3.1153359413147,0.741655516682208));
#6489=CARTESIAN_POINT('',(-4.77633681503107,-3.1153359413147,0.747787228937255));
#6490=CARTESIAN_POINT('',(-4.65463919635308,-3.1153359413147,0.742229103330806));
#6491=CARTESIAN_POINT('',(-4.42424895411357,-3.1153359413147,0.746569647177114));
#6492=CARTESIAN_POINT('',(-4.30613254936683,-3.1153359413147,0.786180088981412));
#6493=CARTESIAN_POINT('',(-4.18932103640472,-3.1153359413147,0.928957332522296));
#6494=CARTESIAN_POINT('',(-4.16432195418867,-3.1153359413147,0.998075570902135));
#6495=CARTESIAN_POINT('',(-4.16432195418867,-3.1153359413147,1.0668));
#6496=CARTESIAN_POINT('',(-4.10147323315641,-3.1153359413147,1.0668));
#6497=CARTESIAN_POINT('',(-4.10147323315641,-3.1153359413147,1.09150521883545));
#6498=CARTESIAN_POINT('',(-4.1039767983512,-3.1153359413147,1.11642370207556));
#6499=CARTESIAN_POINT('',(-4.11691568713496,-3.1153359413147,1.17983078957811));
#6500=CARTESIAN_POINT('',(-4.13108395480102,-3.1153359413147,1.21723617268769));
#6501=CARTESIAN_POINT('',(-4.18239005424599,-3.1153359413147,1.30716222952994));
#6502=CARTESIAN_POINT('',(-4.22786148095249,-3.1153359413147,1.35404384615597));
#6503=CARTESIAN_POINT('',(-4.36675726586158,-3.1153359413147,1.44440677975161));
#6504=CARTESIAN_POINT('',(-4.46948936198413,-3.1153359413147,1.4660446784649));
#6505=CARTESIAN_POINT('',(-4.65072539426463,-3.1153359413147,1.47530216113834));
#6506=CARTESIAN_POINT('',(-4.73071646597876,-3.1153359413147,1.47308663433552));
#6507=CARTESIAN_POINT('',(-4.89077091834976,-3.1153359413147,1.47329693682177));
#6508=CARTESIAN_POINT('',(-4.97161982059547,-3.1153359413147,1.47270542163187));
#6509=CARTESIAN_POINT('',(-5.17273008818932,-3.1153359413147,1.42932459947311));
#6510=CARTESIAN_POINT('',(-5.28963255796275,-3.1153359413147,1.35580973996918));
#6511=CARTESIAN_POINT('',(-5.4400911512436,-3.1153359413147,1.0776202345347));
#6512=CARTESIAN_POINT('',(-5.37480971419747,-3.1153359413147,0.849960373623424));
#6513=CARTESIAN_POINT('',(-5.12138935860631,-3.1153359413147,0.682877785482771));
#6514=CARTESIAN_POINT('',(-5.00222681761994,-3.1153359413147,0.663649936584155));
#6515=CARTESIAN_POINT('',(-4.77279188228026,-3.1153359413147,0.6583448615392));
#6516=CARTESIAN_POINT('',(-4.65774587136947,-3.1153359413147,0.655226874308476));
#6517=CARTESIAN_POINT('',(-4.40688815066324,-3.1153359413147,0.674760916313773));
#6518=CARTESIAN_POINT('',(-4.26717621451233,-3.1153359413147,0.726596346614936));
#6519=CARTESIAN_POINT('',(-4.13078324285754,-3.1153359413147,0.900714358949529));
#6520=CARTESIAN_POINT('',(-4.10147323315641,-3.1153359413147,0.983995398450298));
#6521=CARTESIAN_POINT('',(-4.10147323315641,-3.1153359413147,1.0668));
#6522=CARTESIAN_POINT('',(-4.10147323315641,-3.4455359413147,1.0668));
#6523=CARTESIAN_POINT('',(-4.10147323315641,-3.1153359413147,1.0668));
#6524=CARTESIAN_POINT('',(-4.10147323315641,-3.1153359413147,1.0668));
#6525=CARTESIAN_POINT('',(-4.10147323315641,-3.1153359413147,1.09150521883545));
#6526=CARTESIAN_POINT('',(-4.1039767983512,-3.1153359413147,1.11642370207556));
#6527=CARTESIAN_POINT('',(-4.11691568713496,-3.1153359413147,1.17983078957811));
#6528=CARTESIAN_POINT('',(-4.13108395480102,-3.1153359413147,1.21723617268769));
#6529=CARTESIAN_POINT('',(-4.18239005424599,-3.1153359413147,1.30716222952994));
#6530=CARTESIAN_POINT('',(-4.22786148095249,-3.1153359413147,1.35404384615597));
#6531=CARTESIAN_POINT('',(-4.28560877466576,-3.1153359413147,1.391613127834));
#6532=CARTESIAN_POINT('',(-4.28997881584334,-3.1153359413147,1.39434042580405));
#6533=CARTESIAN_POINT('',(-4.29439062617377,-3.1153359413147,1.39698298331173));
#6534=CARTESIAN_POINT('',(-4.76599788665508,-3.12422705828749,1.397));
#6535=CARTESIAN_POINT('',(-4.76599788665508,-3.12819907716995,1.38023142929139));
#6536=CARTESIAN_POINT('',(-4.76599788665742,-3.13348663709676,1.3637616156291));
#6537=CARTESIAN_POINT('',(-4.76599788665742,-3.15638299256875,1.30796881944896));
#6538=CARTESIAN_POINT('',(-4.76599788665751,-3.1803207866074,1.27175951105464));
#6539=CARTESIAN_POINT('',(-4.76599788665751,-3.24072844063512,1.21055511983679));
#6540=CARTESIAN_POINT('',(-4.76599788665763,-3.27662066510698,1.1861450984382));
#6541=CARTESIAN_POINT('',(-4.76599788665763,-3.33765318310522,1.16015877610201));
#6542=CARTESIAN_POINT('',(-4.76599788665771,-3.36003407968782,1.15331849947822));
#6543=CARTESIAN_POINT('',(-4.76599788665771,-3.40104194643149,1.14540217315156));
#6544=CARTESIAN_POINT('',(-4.76599788665771,-3.41938775539503,1.14343170214717));
#6545=CARTESIAN_POINT('',(-4.76599788665771,-3.4377931860312,1.143));
#6546=CARTESIAN_POINT('',(-4.10147323315641,-3.4455359413147,0.));
#6547=CARTESIAN_POINT('',(-4.10147323315641,-3.1153359413147,0.));
#6548=CARTESIAN_POINT('',(2.66998842043566,-3.1153359413147,1.0668));
#6549=CARTESIAN_POINT('',(2.66998842043566,-3.1153359413147,1.0896951940214));
#6550=CARTESIAN_POINT('',(2.67218393885037,-3.1153359413147,1.11279700633175));
#6551=CARTESIAN_POINT('',(2.68358332445783,-3.1153359413147,1.17180339535537));
#6552=CARTESIAN_POINT('',(2.6960657040939,-3.1153359413147,1.20668784778961));
#6553=CARTESIAN_POINT('',(2.74130035978797,-3.1153359413147,1.29124861408121));
#6554=CARTESIAN_POINT('',(2.7814426253234,-3.1153359413147,1.33622373830375));
#6555=CARTESIAN_POINT('',(2.90552986453226,-3.1153359413147,1.42682980859421));
#6556=CARTESIAN_POINT('',(2.99887265178945,-3.1153359413147,1.45429830508953));
#6557=CARTESIAN_POINT('',(3.24128690764778,-3.1153359413147,1.48156351244165));
#6558=CARTESIAN_POINT('',(3.39285426093686,-3.1153359413147,1.48312623795489));
#6559=CARTESIAN_POINT('',(3.69686462628356,-3.1153359413147,1.43813890935915));
#6560=CARTESIAN_POINT('',(3.85069122124096,-3.1153359413147,1.34831359881599));
#6561=CARTESIAN_POINT('',(3.98120740477202,-3.1153359413147,1.02240518083614));
#6562=CARTESIAN_POINT('',(3.87760381870478,-3.1153359413147,0.801611432451965));
#6563=CARTESIAN_POINT('',(3.60168165518392,-3.1153359413147,0.671486661060073));
#6564=CARTESIAN_POINT('',(3.48629739527036,-3.1153359413147,0.662999584660328));
#6565=CARTESIAN_POINT('',(3.26222175668609,-3.1153359413147,0.659698701169146));
#6566=CARTESIAN_POINT('',(3.14912247850017,-3.1153359413147,0.656348212151331));
#6567=CARTESIAN_POINT('',(2.89344070657767,-3.1153359413147,0.703334066436454));
#6568=CARTESIAN_POINT('',(2.75216174323972,-3.1153359413147,0.792989470227039));
#6569=CARTESIAN_POINT('',(2.67911726822693,-3.1153359413147,0.973659533393439));
#6570=CARTESIAN_POINT('',(2.66998842043566,-3.1153359413147,1.02031452805124));
#6571=CARTESIAN_POINT('',(2.66998842043566,-3.1153359413147,1.0668));
#6572=CARTESIAN_POINT('',(2.73033631465241,-3.1153359413147,1.0668));
#6573=CARTESIAN_POINT('',(2.73033631465241,-3.1153359413147,1.08587368039741));
#6574=CARTESIAN_POINT('',(2.73222334630227,-3.1153359413147,1.10511952878889));
#6575=CARTESIAN_POINT('',(2.74202428571244,-3.1153359413147,1.1542388827885));
#6576=CARTESIAN_POINT('',(2.75275680037884,-3.1153359413147,1.18324007904992));
#6577=CARTESIAN_POINT('',(2.791703359044,-3.1153359413147,1.25328079585588));
#6578=CARTESIAN_POINT('',(2.82628495206085,-3.1153359413147,1.29025494057233));
#6579=CARTESIAN_POINT('',(2.93389503483488,-3.1153359413147,1.36327281838491));
#6580=CARTESIAN_POINT('',(3.01508830431873,-3.1153359413147,1.38321811542987));
#6581=CARTESIAN_POINT('',(3.2377333052431,-3.1153359413147,1.39621008535378));
#6582=CARTESIAN_POINT('',(3.39539104857103,-3.1153359413147,1.39878921812475));
#6583=CARTESIAN_POINT('',(3.67160784113896,-3.1153359413147,1.37322603065379));
#6584=CARTESIAN_POINT('',(3.80218341702737,-3.1153359413147,1.30080852614804));
#6585=CARTESIAN_POINT('',(3.91447791374332,-3.1153359413147,1.03018832585494));
#6586=CARTESIAN_POINT('',(3.82663860663535,-3.1153359413147,0.844911620498695));
#6587=CARTESIAN_POINT('',(3.58539568828296,-3.1153359413147,0.74377980509633));
#6588=CARTESIAN_POINT('',(3.48223761820178,-3.1153359413147,0.742792500077869));
#6589=CARTESIAN_POINT('',(3.26384313796009,-3.1153359413147,0.745432710967594));
#6590=CARTESIAN_POINT('',(3.15164210066325,-3.1153359413147,0.737081753818714));
#6591=CARTESIAN_POINT('',(2.92128111228764,-3.1153359413147,0.766558960907274));
#6592=CARTESIAN_POINT('',(2.80102732510053,-3.1153359413147,0.839194857534626));
#6593=CARTESIAN_POINT('',(2.73817967435027,-3.1153359413147,0.989206148856953));
#6594=CARTESIAN_POINT('',(2.73033631465241,-3.1153359413147,1.02807357408526));
#6595=CARTESIAN_POINT('',(2.73033631465241,-3.1153359413147,1.0668));
#6596=CARTESIAN_POINT('',(2.79059460772206,-3.13228196141239,1.0668));
#6597=CARTESIAN_POINT('',(2.79059460772206,-3.13228196141239,1.08205784074115));
#6598=CARTESIAN_POINT('',(2.79217326587589,-3.13231512219768,1.09745344940457));
#6599=CARTESIAN_POINT('',(2.80037636810355,-3.13249146348218,1.13670096450593));
#6600=CARTESIAN_POINT('',(2.80935968797615,-3.13268558916219,1.15982845179816));
#6601=CARTESIAN_POINT('',(2.84202091463683,-3.13345122366565,1.21537635589969));
#6602=CARTESIAN_POINT('',(2.8710444511,-3.13417083730621,1.24436822876029));
#6603=CARTESIAN_POINT('',(2.96218951589524,-3.13698120170378,1.29986279666682));
#6604=CARTESIAN_POINT('',(3.03124850370353,-3.1398863272906,1.31234513263552));
#6605=CARTESIAN_POINT('',(3.23418086724639,-3.14890425853034,1.31130362652547));
#6606=CARTESIAN_POINT('',(3.39793422217498,-3.14777243342957,1.31486419756466));
#6607=CARTESIAN_POINT('',(3.64642659058056,-3.13660114693444,1.30843917259812));
#6608=CARTESIAN_POINT('',(3.7537604256742,-3.13364329514209,1.25338109505872));
#6609=CARTESIAN_POINT('',(3.8478407168767,-3.13152597587246,1.03795475803519));
#6610=CARTESIAN_POINT('',(3.77576647084749,-3.13232679978507,0.888169988025014));
#6611=CARTESIAN_POINT('',(3.56916592393962,-3.13982784128358,0.815863094626058));
#6612=CARTESIAN_POINT('',(3.47819802271157,-3.14545189803372,0.822231348780396));
#6613=CARTESIAN_POINT('',(3.26545698960256,-3.15023701839765,0.830661928610561));
#6614=CARTESIAN_POINT('',(3.15413985732078,-3.1453482256649,0.817468100631308));
#6615=CARTESIAN_POINT('',(2.9490442212181,-3.13619420706054,0.829663800220962));
#6616=CARTESIAN_POINT('',(2.84980795286683,-3.13360282244862,0.885324723078871));
#6617=CARTESIAN_POINT('',(2.79715293244403,-3.13241653327001,1.00472969319583));
#6618=CARTESIAN_POINT('',(2.79059460772206,-3.13228196141239,1.03582109992567));
#6619=CARTESIAN_POINT('',(2.79059460772206,-3.13228196141239,1.0668));
#6620=CARTESIAN_POINT('',(2.89359877307916,-3.19519154148309,1.0668));
#6621=CARTESIAN_POINT('',(2.89359877307916,-3.19519154148309,1.07553513060604));
#6622=CARTESIAN_POINT('',(2.89461737683623,-3.19533893672139,1.08434917680499));
#6623=CARTESIAN_POINT('',(2.89992219855858,-3.19612194426931,1.10677091924022));
#6624=CARTESIAN_POINT('',(2.9057335781162,-3.1969838418211,1.11993580330193));
#6625=CARTESIAN_POINT('',(2.92705186738778,-3.20036994929362,1.15123213147591));
#6626=CARTESIAN_POINT('',(2.94608055107907,-3.20354857729077,1.16721464386043));
#6627=CARTESIAN_POINT('',(3.00814654981815,-3.21579163831431,1.19594719374057));
#6628=CARTESIAN_POINT('',(3.05651651059961,-3.22830436023432,1.19949163135229));
#6629=CARTESIAN_POINT('',(3.22800231553633,-3.2655734512206,1.18735105566777));
#6630=CARTESIAN_POINT('',(3.40280279582821,-3.26103430808598,1.19087476565921));
#6631=CARTESIAN_POINT('',(3.60639250430408,-3.21455312942229,1.20141535493218));
#6632=CARTESIAN_POINT('',(3.67217963685915,-3.20122624404338,1.17297404203641));
#6633=CARTESIAN_POINT('',(3.73330785939148,-3.19184420980598,1.05075075763963));
#6634=CARTESIAN_POINT('',(3.69053216783044,-3.19571322251978,0.963396409041216));
#6635=CARTESIAN_POINT('',(3.54392568647661,-3.22800282154056,0.930894066536995));
#6636=CARTESIAN_POINT('',(3.47222391569116,-3.25132083328925,0.941786844060322));
#6637=CARTESIAN_POINT('',(3.26786952793586,-3.2705408325138,0.95287830442441));
#6638=CARTESIAN_POINT('',(3.1572367073477,-3.25103278266658,0.938888256706191));
#6639=CARTESIAN_POINT('',(2.99357936727173,-3.21272248859047,0.934285890028175));
#6640=CARTESIAN_POINT('',(2.9320366418993,-3.20104670828646,0.963531662295954));
#6641=CARTESIAN_POINT('',(2.89782036873275,-3.19579041180729,1.0312650663318));
#6642=CARTESIAN_POINT('',(2.89359877307916,-3.19519154148309,1.0490645456345));
#6643=CARTESIAN_POINT('',(2.89359877307916,-3.19519154148309,1.0668));
#6644=CARTESIAN_POINT('',(2.93619171059577,-3.24106169686242,1.0668));
#6645=CARTESIAN_POINT('',(2.93619171059577,-3.24106169686242,1.07283794467904));
#6646=CARTESIAN_POINT('',(2.93695887597825,-3.24128964445789,1.07893043871465));
#6647=CARTESIAN_POINT('',(2.94096455216836,-3.24250015844009,1.09442410934186));
#6648=CARTESIAN_POINT('',(2.94535461434969,-3.2438325964559,1.10351628008217));
#6649=CARTESIAN_POINT('',(2.96162108164274,-3.24906051244527,1.12509943486019));
#6650=CARTESIAN_POINT('',(2.97621843039299,-3.25396613351395,1.1360857687407));
#6651=CARTESIAN_POINT('',(3.02569407314203,-3.27277198048487,1.15568232384235));
#6652=CARTESIAN_POINT('',(3.06553768051196,-3.29191798870489,1.15784420270539));
#6653=CARTESIAN_POINT('',(3.22538088803906,-3.34807132025339,1.14896280311942));
#6654=CARTESIAN_POINT('',(3.40513462794546,-3.34131275490443,1.15142406131907));
#6655=CARTESIAN_POINT('',(3.59166003251271,-3.27109755573625,1.15939745895162));
#6656=CARTESIAN_POINT('',(3.6391646491934,-3.25038609357079,1.14012586417079));
#6657=CARTESIAN_POINT('',(3.68557079780614,-3.23589163805277,1.05575259011112));
#6658=CARTESIAN_POINT('',(3.65632693395848,-3.24203631478387,0.995285072782451));
#6659=CARTESIAN_POINT('',(3.53500367031787,-3.29142765456836,0.973506463024732));
#6660=CARTESIAN_POINT('',(3.47031911171497,-3.32660641052201,0.981370724367906));
#6661=CARTESIAN_POINT('',(3.2686569867542,-3.35523744290774,0.989143762766289));
#6662=CARTESIAN_POINT('',(3.15780452690384,-3.3262532178108,0.979395832755225));
#6663=CARTESIAN_POINT('',(3.01022706531082,-3.2682530783946,0.975595472741281));
#6664=CARTESIAN_POINT('',(2.96534159373992,-3.25010862440603,0.995480881925455));
#6665=CARTESIAN_POINT('',(2.93936258826787,-3.24198822039182,1.04223750893961));
#6666=CARTESIAN_POINT('',(2.93619171059577,-3.24106169686242,1.05454080238223));
#6667=CARTESIAN_POINT('',(2.93619171059577,-3.24106169686242,1.0668));
#6668=CARTESIAN_POINT('',(2.96374960181377,-3.29474997275216,1.0668));
#6669=CARTESIAN_POINT('',(2.96374960181377,-3.29474997275216,1.07109284887901));
#6670=CARTESIAN_POINT('',(2.9643186610434,-3.29505830968536,1.0754244386872));
#6671=CARTESIAN_POINT('',(2.96730454642883,-3.29669416750033,1.08648813662913));
#6672=CARTESIAN_POINT('',(2.97057988963756,-3.29849462867403,1.09302897146055));
#6673=CARTESIAN_POINT('',(2.98294086365276,-3.30553329773329,1.10888411514023));
#6674=CARTESIAN_POINT('',(2.99415117443585,-3.31212989598367,1.11731695093195));
#6675=CARTESIAN_POINT('',(3.0345379521589,-3.33709262797218,1.13430558911141));
#6676=CARTESIAN_POINT('',(3.06900228994389,-3.36221715264705,1.13945593220429));
#6677=CARTESIAN_POINT('',(3.22364090687033,-3.43301842305638,1.14456815858281));
#6678=CARTESIAN_POINT('',(3.40709306457531,-3.42476271408539,1.14486116961654));
#6679=CARTESIAN_POINT('',(3.58520742490901,-3.33563092181592,1.13642604550484));
#6680=CARTESIAN_POINT('',(3.61907894727218,-3.30733129384448,1.119583799778));
#6681=CARTESIAN_POINT('',(3.65401847439352,-3.28778164154793,1.05847597140678));
#6682=CARTESIAN_POINT('',(3.63606715638093,-3.29667319048245,1.01707714358474));
#6683=CARTESIAN_POINT('',(3.53178184408449,-3.36149211137916,0.992678748948764));
#6684=CARTESIAN_POINT('',(3.46998357469536,-3.40597884025376,0.991087422123811));
#6685=CARTESIAN_POINT('',(3.26882987105501,-3.4410411883954,0.990468506469215));
#6686=CARTESIAN_POINT('',(3.15704995419363,-3.40580946957264,0.989840289778375));
#6687=CARTESIAN_POINT('',(3.01798549353321,-3.3317560165472,0.998650137456835));
#6688=CARTESIAN_POINT('',(2.98565406443773,-3.30695666896964,1.01546052566757));
#6689=CARTESIAN_POINT('',(2.96608963229943,-3.29600463315543,1.04933616251127));
#6690=CARTESIAN_POINT('',(2.96374960181377,-3.29474997275216,1.05808397400961));
#6691=CARTESIAN_POINT('',(2.96374960181377,-3.29474997275216,1.0668));
#6692=CARTESIAN_POINT('',(3.29357719421271,-3.42920212279504,1.14290663414862));
#6693=CARTESIAN_POINT('',(3.29357719421271,-3.38625806010799,1.1450335301099));
#6694=CARTESIAN_POINT('',(3.29357719421065,-3.34413999326624,1.15552798521362));
#6695=CARTESIAN_POINT('',(3.29357719421065,-3.26629694859632,1.19207073086347));
#6696=CARTESIAN_POINT('',(3.29357719420584,-3.23131623832351,1.21776974899409));
#6697=CARTESIAN_POINT('',(3.29357719420584,-3.17317443925897,1.28113007661357));
#6698=CARTESIAN_POINT('',(3.29357719420804,-3.15056928918176,1.31818568618388));
#6699=CARTESIAN_POINT('',(3.29357719420804,-3.13105992541209,1.37112927779843));
#6700=CARTESIAN_POINT('',(3.2935771942189,-3.12719843113485,1.3839767593582));
#6701=CARTESIAN_POINT('',(3.2935771942189,-3.1241309831439,1.397));
#6702=CARTESIAN_POINT('',(3.29357719841393,-3.42920212295516,1.14290663335644));
#6703=CARTESIAN_POINT('',(3.2935771942189,-3.1241309831439,1.397));
#6704=CARTESIAN_POINT('',(3.2935771942189,-3.1241309831439,1.397));
#6705=CARTESIAN_POINT('',(3.28646037363542,-3.12412862380094,1.397));
#6706=CARTESIAN_POINT('',(3.27945514416758,-3.12412350019809,1.397));
#6707=CARTESIAN_POINT('',(3.22875811017355,-3.12406498251023,1.397));
#6708=CARTESIAN_POINT('',(3.16600006678095,-3.12386723490781,1.39700000000237));
#6709=CARTESIAN_POINT('',(3.09280912546792,-3.12232825700302,1.39700000000237));
#6710=CARTESIAN_POINT('',(3.07441609342256,-3.12182844092151,1.397));
#6711=CARTESIAN_POINT('',(3.02728267073877,-3.12027701122237,1.397));
#6712=CARTESIAN_POINT('',(2.99784650094003,-3.11904513411531,1.397));
#6713=CARTESIAN_POINT('',(2.93964458575712,-3.11669834358113,1.397));
#6714=CARTESIAN_POINT('',(2.90328581515823,-3.1153359413147,1.397));
#6715=CARTESIAN_POINT('',(2.86913798131445,-3.1153359413147,1.397));
#6716=CARTESIAN_POINT('',(2.86913798131444,-3.1153359413147,1.397));
#6717=CARTESIAN_POINT('',(2.66998842043566,-3.1153359413147,1.0668));
#6718=CARTESIAN_POINT('',(2.66998842043566,-3.1153359413147,1.0896951940214));
#6719=CARTESIAN_POINT('',(2.67218393884989,-3.1153359413147,1.11279700633185));
#6720=CARTESIAN_POINT('',(2.67656831793036,-3.1153359413147,1.13549177134079));
#6721=CARTESIAN_POINT('',(2.68358332445913,-3.1153359413147,1.17180339535508));
#6722=CARTESIAN_POINT('',(2.69606570409392,-3.1153359413147,1.20668784778959));
#6723=CARTESIAN_POINT('',(2.71346364859162,-3.1153359413147,1.23921121944023));
#6724=CARTESIAN_POINT('',(2.74130035978795,-3.1153359413147,1.29124861408123));
#6725=CARTESIAN_POINT('',(2.78144262532339,-3.1153359413147,1.33622373830375));
#6726=CARTESIAN_POINT('',(2.82916848655757,-3.1153359413147,1.371072226877));
#6727=CARTESIAN_POINT('',(2.84200111147988,-3.1153359413147,1.38044235810995));
#6728=CARTESIAN_POINT('',(2.85537615122468,-3.1153359413147,1.38909726695793));
#6729=CARTESIAN_POINT('',(2.86913798131444,-3.1153359413147,1.397));
#6730=CARTESIAN_POINT('',(2.66998842043566,-3.1153359413147,1.0668));
#6731=CARTESIAN_POINT('',(2.66998842043566,-3.4455359413147,1.0668));
#6732=CARTESIAN_POINT('',(2.96374960181377,-3.29474997275216,1.0668));
#6733=CARTESIAN_POINT('',(2.96374960181377,-3.29474997275216,1.0668));
#6734=CARTESIAN_POINT('',(2.96374960181377,-3.29474997275216,1.07109284887901));
#6735=CARTESIAN_POINT('',(2.9643186610434,-3.29505830968536,1.0754244386872));
#6736=CARTESIAN_POINT('',(2.96730454642883,-3.29669416750033,1.08648813662913));
#6737=CARTESIAN_POINT('',(2.97057988963756,-3.29849462867403,1.09302897146055));
#6738=CARTESIAN_POINT('',(2.98294086365276,-3.30553329773329,1.10888411514023));
#6739=CARTESIAN_POINT('',(2.99415117443585,-3.31212989598367,1.11731695093195));
#6740=CARTESIAN_POINT('',(3.0345379521589,-3.33709262797218,1.13430558911141));
#6741=CARTESIAN_POINT('',(3.06900228994389,-3.36221715264705,1.13945593220429));
#6742=CARTESIAN_POINT('',(3.17100181566657,-3.40891762207604,1.14282795321922));
#6743=CARTESIAN_POINT('',(3.23115414768166,-3.4180385883176,1.14366406871127));
#6744=CARTESIAN_POINT('',(3.29247150137564,-3.41827787931892,1.14379040205234));
#6745=CARTESIAN_POINT('',(2.66998842043566,-3.4455359413147,0.));
#6746=CARTESIAN_POINT('',(2.66998842043566,-3.1153359413147,0.));
#6747=CARTESIAN_POINT('',(2.96374960181377,-3.29474997275216,0.));
#6748=CARTESIAN_POINT('',(3.30270481109619,-3.12076616287231,1.143));
#6749=CARTESIAN_POINT('',(3.29357719421387,-3.42542946327138,1.143));
#6750=CARTESIAN_POINT('',(3.30270481109619,-3.12076616287231,1.143));
#6751=CARTESIAN_POINT('',(3.36977719421387,-2.82343749721272,1.143));
#6752=CARTESIAN_POINT('',(3.30270481109619,-3.12076616287231,1.0668));
#6753=CARTESIAN_POINT('',(3.29357719421387,-3.5016568120225,1.0668));
#6754=CARTESIAN_POINT('',(3.29357719421387,-3.5016568120225,1.0573968837411));
#6755=CARTESIAN_POINT('',(3.29357719421387,-3.49945504930196,1.04633004054769));
#6756=CARTESIAN_POINT('',(3.29357719421387,-3.49225670116383,1.02895447765721));
#6757=CARTESIAN_POINT('',(3.29357719421387,-3.48598593348177,1.01957163662058));
#6758=CARTESIAN_POINT('',(3.29357719421387,-3.47268326587139,1.00627140281865));
#6759=CARTESIAN_POINT('',(3.29357719421387,-3.46329697408774,1.00000127766213));
#6760=CARTESIAN_POINT('',(3.29357719421387,-3.44591292383659,0.992802021759587));
#6761=CARTESIAN_POINT('',(3.29357719421387,-3.43483867469571,0.9906));
#6762=CARTESIAN_POINT('',(3.29357719421387,-3.41601923971696,0.9906));
#6763=CARTESIAN_POINT('',(3.29357719421387,-3.40494382642249,0.99280239481751));
#6764=CARTESIAN_POINT('',(3.29357719421387,-3.38755619141809,1.00000209686013));
#6765=CARTESIAN_POINT('',(3.29357719421387,-3.37816685496998,1.00627300134454));
#6766=CARTESIAN_POINT('',(3.29357719421387,-3.36485987212206,1.01957430084942));
#6767=CARTESIAN_POINT('',(3.29357719421387,-3.35858668198413,1.02895744909284));
#6768=CARTESIAN_POINT('',(3.29357719421387,-3.35138631891538,1.04633249427765));
#6769=CARTESIAN_POINT('',(3.29357719421387,-3.34918386492286,1.05739792540521));
#6770=CARTESIAN_POINT('',(3.29357719421387,-3.34918386492286,1.07620207459479));
#6771=CARTESIAN_POINT('',(3.29357719421387,-3.35138631891538,1.08726750572235));
#6772=CARTESIAN_POINT('',(3.29357719421387,-3.35858668198413,1.10464255090716));
#6773=CARTESIAN_POINT('',(3.29357719421387,-3.36485987212206,1.11402569915058));
#6774=CARTESIAN_POINT('',(3.29357719421387,-3.37816685496998,1.12732699865546));
#6775=CARTESIAN_POINT('',(3.29357719421387,-3.38755619141809,1.13359790313987));
#6776=CARTESIAN_POINT('',(3.29357719421387,-3.40494382642249,1.14079760518249));
#6777=CARTESIAN_POINT('',(3.29357719421387,-3.41601923971696,1.143));
#6778=CARTESIAN_POINT('',(3.29357719421387,-3.43483867469571,1.143));
#6779=CARTESIAN_POINT('',(3.29357719421387,-3.44591292383659,1.14079797824041));
#6780=CARTESIAN_POINT('',(3.29357719421387,-3.46329697408774,1.13359872233787));
#6781=CARTESIAN_POINT('',(3.29357719421387,-3.47268326587139,1.12732859718135));
#6782=CARTESIAN_POINT('',(3.29357719421387,-3.48598593348177,1.11402836337942));
#6783=CARTESIAN_POINT('',(3.29357719421387,-3.49225670116383,1.10464552234279));
#6784=CARTESIAN_POINT('',(3.29357719421387,-3.49945504930196,1.08726995945231));
#6785=CARTESIAN_POINT('',(3.29357719421387,-3.5016568120225,1.0762031162589));
#6786=CARTESIAN_POINT('',(3.29357719421387,-3.5016568120225,1.0668));
#6787=CARTESIAN_POINT('',(3.30270481109619,-3.12076616287231,1.0668));
#6788=CARTESIAN_POINT('',(3.38654528999329,-2.74910533079782,1.0668));
#6789=CARTESIAN_POINT('',(3.36977719421387,-2.82343749721272,1.0668));
#6790=CARTESIAN_POINT('',(3.30270481109619,-3.12076616287231,0.));
#6791=CARTESIAN_POINT('',(3.29357719421387,-2.73987551372213,0.5715));
#6792=CARTESIAN_POINT('',(3.29357719428113,-2.73987551487744,1.08618046606732));
#6793=CARTESIAN_POINT('',(3.29357719428772,-2.73987551487728,1.08618046608206));
#6794=CARTESIAN_POINT('',(3.30866270304147,-2.73951400319373,1.07943271235062));
#6795=CARTESIAN_POINT('',(3.3248583864334,-2.74004283797467,1.07436130693969));
#6796=CARTESIAN_POINT('',(3.34150551118575,-2.74174702658424,1.07112073835955));
#6797=CARTESIAN_POINT('',(3.35634538498825,-2.74326620447698,1.0682319735132));
#6798=CARTESIAN_POINT('',(3.37163365499244,-2.74574151488902,1.0668));
#6799=CARTESIAN_POINT('',(3.38654528999329,-2.74910533079782,1.0668));
#6800=CARTESIAN_POINT('',(3.29357719421387,2.38256317265745,1.0668));
#6801=CARTESIAN_POINT('',(3.29357719421387,2.38256317265745,1.09013175386626));
#6802=CARTESIAN_POINT('',(3.29357719421387,2.38483081923436,1.11367723126801));
#6803=CARTESIAN_POINT('',(3.29357719421387,2.39660092064819,1.17377943437596));
#6804=CARTESIAN_POINT('',(3.29357719421387,2.40948257853168,1.20927072683905));
#6805=CARTESIAN_POINT('',(3.29357719421387,2.45616450566042,1.29516438431786));
#6806=CARTESIAN_POINT('',(3.29357719421387,2.49754216096825,1.34060378185669));
#6807=CARTESIAN_POINT('',(3.29357719421387,2.62520910884752,1.43131419595362));
#6808=CARTESIAN_POINT('',(3.29357719421387,2.72079809653908,1.45751212992042));
#6809=CARTESIAN_POINT('',(3.29357719421387,2.96828165172396,1.4815337685761));
#6810=CARTESIAN_POINT('',(3.29357719421387,3.12283895262526,1.48477189876259));
#6811=CARTESIAN_POINT('',(3.29357719421387,3.42720486899529,1.43496827578058));
#6812=CARTESIAN_POINT('',(3.29357719421387,3.57659237135463,1.34177597998157));
#6813=CARTESIAN_POINT('',(3.29357719421387,3.69982173001146,1.01501293293753));
#6814=CARTESIAN_POINT('',(3.29357719421387,3.59406994189024,0.797408720816611));
#6815=CARTESIAN_POINT('',(3.29357719421387,3.31650891211562,0.669153112928562));
#6816=CARTESIAN_POINT('',(3.29357719421387,3.20004052333457,0.662067425956186));
#6817=CARTESIAN_POINT('',(3.29357719421387,2.97408043670511,0.659723735499868));
#6818=CARTESIAN_POINT('',(3.29357719421387,2.85997112159478,0.655496397038728));
#6819=CARTESIAN_POINT('',(3.29357719421387,2.60572911945081,0.702794769294247));
#6820=CARTESIAN_POINT('',(3.29357719421387,2.46717200865314,0.791065707461057));
#6821=CARTESIAN_POINT('',(3.29357719421387,2.39230442592233,0.97034906403488));
#6822=CARTESIAN_POINT('',(3.29357719421387,2.38256317265745,1.01866342977425));
#6823=CARTESIAN_POINT('',(3.29357719421387,2.38256317265745,1.0668));
#6824=CARTESIAN_POINT('',(3.29357719421387,2.44353017383229,1.0668));
#6825=CARTESIAN_POINT('',(3.29357719421387,2.44353017383229,1.08621976161964));
#6826=CARTESIAN_POINT('',(3.29357719421387,2.44547617119601,1.10581745179892));
#6827=CARTESIAN_POINT('',(3.29357719421387,2.45558005564688,1.15580256574731));
#6828=CARTESIAN_POINT('',(3.29357719421387,2.46663854973342,1.18527977480168));
#6829=CARTESIAN_POINT('',(3.29357719421387,2.50676769061988,1.25634635379283));
#6830=CARTESIAN_POINT('',(3.29357719421387,2.54235559098374,1.29364963286643));
#6831=CARTESIAN_POINT('',(3.29357719421387,2.65290263682694,1.36655107135989));
#6832=CARTESIAN_POINT('',(3.29357719421387,2.73587292779131,1.38522717307931));
#6833=CARTESIAN_POINT('',(3.29357719421387,2.96380105136151,1.39485705710765));
#6834=CARTESIAN_POINT('',(3.29357719421387,3.12540138606193,1.40007783224456));
#6835=CARTESIAN_POINT('',(3.29357719421387,3.4000830424956,1.37068985610815));
#6836=CARTESIAN_POINT('',(3.29357719421387,3.52672607976783,1.29521676421875));
#6837=CARTESIAN_POINT('',(3.29357719421387,3.63257126157495,1.02403488609094));
#6838=CARTESIAN_POINT('',(3.29357719421387,3.54302272360144,0.841617541337859));
#6839=CARTESIAN_POINT('',(3.29357719421387,3.30075305735096,0.742334550417305));
#6840=CARTESIAN_POINT('',(3.29357719421387,3.19679613150716,0.742878306803374));
#6841=CARTESIAN_POINT('',(3.29357719421387,2.9755867868488,0.746481079527369));
#6842=CARTESIAN_POINT('',(3.29357719421387,2.86231502739082,0.736784452591081));
#6843=CARTESIAN_POINT('',(3.29357719421387,2.63398538439704,0.76634000530556));
#6844=CARTESIAN_POINT('',(3.29357719421387,2.5162036857983,0.837829475485636));
#6845=CARTESIAN_POINT('',(3.29357719421387,2.45188660629582,0.986521017986344));
#6846=CARTESIAN_POINT('',(3.29357719421387,2.44353017383229,1.02673439994569));
#6847=CARTESIAN_POINT('',(3.29357719421387,2.44353017383229,1.0668));
#6848=CARTESIAN_POINT('',(3.31088089583281,2.50440291039389,1.0668));
#6849=CARTESIAN_POINT('',(3.31088089583281,2.50440291039389,1.08231381793091));
#6850=CARTESIAN_POINT('',(3.31091475485921,2.50602739320668,1.09796982378956));
#6851=CARTESIAN_POINT('',(3.31109494538021,2.51446578245016,1.13785404162443));
#6852=CARTESIAN_POINT('',(3.31129322651329,2.52370190615404,1.16132733020555));
#6853=CARTESIAN_POINT('',(3.31207841797541,2.55728150390839,1.21759581915044));
#6854=CARTESIAN_POINT('',(3.31281689642144,2.58708269874955,1.24678283248779));
#6855=CARTESIAN_POINT('',(3.31573285419161,2.6805237188856,1.30194453585027));
#6856=CARTESIAN_POINT('',(3.31879463829021,2.75089287220505,1.3131637413419));
#6857=CARTESIAN_POINT('',(3.32831576057326,2.95932690975142,1.30866412093286));
#6858=CARTESIAN_POINT('',(3.32608709570576,3.1279721817169,1.3157975966219));
#6859=CARTESIAN_POINT('',(3.31478044008375,3.37304142676656,1.30653486307311));
#6860=CARTESIAN_POINT('',(3.31212464219577,3.47694902096347,1.24873588743971));
#6861=CARTESIAN_POINT('',(3.31015868724748,3.56541800002513,1.03303813540165));
#6862=CARTESIAN_POINT('',(3.31094090583899,3.49207283407666,0.885780986012544));
#6863=CARTESIAN_POINT('',(3.31856543935346,3.28505417820237,0.815295214099581));
#6864=CARTESIAN_POINT('',(3.32447892049573,3.19356874711133,0.823312529402272));
#6865=CARTESIAN_POINT('',(3.32936467040276,2.97708559237873,0.832702751793357));
#6866=CARTESIAN_POINT('',(3.32396578406819,2.86463681354417,0.817714889533197));
#6867=CARTESIAN_POINT('',(3.31471442277095,2.66216141981753,0.829760999652732));
#6868=CARTESIAN_POINT('',(3.31223114074838,2.56514657697151,0.884513481582831));
#6869=CARTESIAN_POINT('',(3.31102252743208,2.51137507948338,1.00266798181962));
#6870=CARTESIAN_POINT('',(3.31088089583281,2.50440291039389,1.03479289112248));
#6871=CARTESIAN_POINT('',(3.31088089583281,2.50440291039389,1.0668));
#6872=CARTESIAN_POINT('',(3.37502018002456,2.60810466135492,1.0668));
#6873=CARTESIAN_POINT('',(3.37502018002456,2.60810466135492,1.07565971919056));
#6874=CARTESIAN_POINT('',(3.37517032040228,2.60914751120452,1.08460068625072));
#6875=CARTESIAN_POINT('',(3.37596849723961,2.61457678734114,1.10732823743792));
#6876=CARTESIAN_POINT('',(3.3768467379785,2.62052127565109,1.1206543910883));
#6877=CARTESIAN_POINT('',(3.38031069163014,2.64232870836791,1.15225880631014));
#6878=CARTESIAN_POINT('',(3.3835648239035,2.66176615308851,1.16828224784396));
#6879=CARTESIAN_POINT('',(3.3962305838284,2.72513723307794,1.19657921149932));
#6880=CARTESIAN_POINT('',(3.40937566598368,2.7741783978608,1.19915030014529));
#6881=CARTESIAN_POINT('',(3.44850847983087,2.95184821316315,1.18429552132487));
#6882=CARTESIAN_POINT('',(3.43959271729048,3.13300909660877,1.19130769366674));
#6883=CARTESIAN_POINT('',(3.39252456926542,3.32999316905076,1.20045483377895));
#6884=CARTESIAN_POINT('',(3.38052184171805,3.39325964322992,1.17013422704554));
#6885=CARTESIAN_POINT('',(3.37182864141735,3.45040312593101,1.04794157071881));
#6886=CARTESIAN_POINT('',(3.37561500916634,3.40705173145554,0.962291108572831));
#6887=CARTESIAN_POINT('',(3.40834378819109,3.26080465413376,0.93117190142101));
#6888=CARTESIAN_POINT('',(3.43276086889985,3.18883893236532,0.943418642312665));
#6889=CARTESIAN_POINT('',(3.45228212657774,2.97929882016841,0.955226037799409));
#6890=CARTESIAN_POINT('',(3.43081728533698,2.86741548663517,0.939516944858291));
#6891=CARTESIAN_POINT('',(3.3921694676905,2.7072386794528,0.934624737358644));
#6892=CARTESIAN_POINT('',(3.3809906230361,2.64734180950546,0.963361886636528));
#6893=CARTESIAN_POINT('',(3.37564902563654,2.61256933338448,1.03017549368666));
#6894=CARTESIAN_POINT('',(3.37502018002456,2.60810466135492,1.0485211986102));
#6895=CARTESIAN_POINT('',(3.37502018002456,2.60810466135492,1.0668));
#6896=CARTESIAN_POINT('',(3.42175659313352,2.6507733364682,1.0668));
#6897=CARTESIAN_POINT('',(3.42175659313352,2.6507733364682,1.07292185242657));
#6898=CARTESIAN_POINT('',(3.42198860287165,2.65155634972813,1.07909984605907));
#6899=CARTESIAN_POINT('',(3.42322158360071,2.65564351249007,1.09479908832058));
#6900=CARTESIAN_POINT('',(3.42457820805015,2.66012038986046,1.10399918984209));
#6901=CARTESIAN_POINT('',(3.42992185038269,2.67671185474791,1.12578595021118));
#6902=CARTESIAN_POINT('',(3.43493995689971,2.69157850668799,1.13679474996812));
#6903=CARTESIAN_POINT('',(3.45437527281011,2.74201240446498,1.15607565060589));
#6904=CARTESIAN_POINT('',(3.47446611349632,2.78235898265818,1.15755445214488));
#6905=CARTESIAN_POINT('',(3.53330131232816,2.94885628880802,1.14682415715606));
#6906=CARTESIAN_POINT('',(3.52003986338697,3.13548427879813,1.15171464003334));
#6907=CARTESIAN_POINT('',(3.44892429984317,3.31411455139963,1.15874471670083));
#6908=CARTESIAN_POINT('',(3.43025131885803,3.3594972304778,1.13814571865604));
#6909=CARTESIAN_POINT('',(3.41683037285959,3.40270793067109,1.05381067995341));
#6910=CARTESIAN_POINT('',(3.42284772451005,3.3731439254785,0.994552213797262));
#6911=CARTESIAN_POINT('',(3.47286067475229,3.25234316714149,0.973736868075626));
#6912=CARTESIAN_POINT('',(3.5096389100365,3.18736130268598,0.982528293681129));
#6913=CARTESIAN_POINT('',(3.53865551575543,2.98000214338723,0.990768887756256));
#6914=CARTESIAN_POINT('',(3.50681282852327,2.8678409764275,0.979848396256603));
#6915=CARTESIAN_POINT('',(3.44834158919399,2.72401120341794,0.9758533327043));
#6916=CARTESIAN_POINT('',(3.43097393943674,2.68044515397626,0.995391769954186));
#6917=CARTESIAN_POINT('',(3.42272875683176,2.65411594766577,1.04149352583439));
#6918=CARTESIAN_POINT('',(3.42175659313352,2.6507733364682,1.05416978878945));
#6919=CARTESIAN_POINT('',(3.42175659313352,2.6507733364682,1.0668));
#6920=CARTESIAN_POINT('',(3.47630541419983,2.67800202267466,1.0668));
#6921=CARTESIAN_POINT('',(3.47630541419983,2.67800202267466,1.07117470384992));
#6922=CARTESIAN_POINT('',(3.47661855092292,2.67858263059544,1.07558948086275));
#6923=CARTESIAN_POINT('',(3.47828104363588,2.68162833406727,1.08685864394549));
#6924=CARTESIAN_POINT('',(3.48011010333719,2.68496737468916,1.09351326128232));
#6925=CARTESIAN_POINT('',(3.48728784030021,2.69757492035094,1.1096183220596));
#6926=CARTESIAN_POINT('',(3.4940205097893,2.70899125466342,1.11813820909813));
#6927=CARTESIAN_POINT('',(3.51974684587265,2.75023219977709,1.1351464117413));
#6928=CARTESIAN_POINT('',(3.54602799896282,2.78526221201138,1.14005852436008));
#6929=CARTESIAN_POINT('',(3.61980030787642,2.94714778613307,1.14456258160802));
#6930=CARTESIAN_POINT('',(3.60364313500651,3.13764799614697,1.14516973101799));
#6931=CARTESIAN_POINT('',(3.51332300853269,3.30709455635741,1.13583155170886));
#6932=CARTESIAN_POINT('',(3.48774443199092,3.3391435271248,1.11835799624654));
#6933=CARTESIAN_POINT('',(3.46967781525992,3.37161438884483,1.05708992492579));
#6934=CARTESIAN_POINT('',(3.47839417285481,3.35343635644259,1.01628913515311));
#6935=CARTESIAN_POINT('',(3.54385113185514,3.24949233285777,0.992241208674105));
#6936=CARTESIAN_POINT('',(3.59016816859416,3.18715818921702,0.990912642366785));
#6937=CARTESIAN_POINT('',(3.62550814778238,2.98012136009965,0.990473200406225));
#6938=CARTESIAN_POINT('',(3.58695028965116,2.86698340591289,0.989680574444761));
#6939=CARTESIAN_POINT('',(3.51242894911446,2.73168879694454,0.998549019242671));
#6940=CARTESIAN_POINT('',(3.48871303536141,2.70030094274658,1.01509982014895));
#6941=CARTESIAN_POINT('',(3.4776190809153,2.68046716134175,1.04871544950654));
#6942=CARTESIAN_POINT('',(3.47630541419983,2.67800202267466,1.05777439308267));
#6943=CARTESIAN_POINT('',(3.47630541419983,2.67800202267466,1.0668));
#6944=CARTESIAN_POINT('',(3.29357719421387,2.580069783455,1.397));
#6945=CARTESIAN_POINT('',(3.29357719421387,2.62407848267423,1.397));
#6946=CARTESIAN_POINT('',(3.29579337685389,2.66957551273864,1.39699999999999));
#6947=CARTESIAN_POINT('',(3.29879520784848,2.7439404306524,1.39699999999999));
#6948=CARTESIAN_POINT('',(3.29952511737737,2.76376983247874,1.397));
#6949=CARTESIAN_POINT('',(3.30070883130094,2.80411480086576,1.397));
#6950=CARTESIAN_POINT('',(3.30112782090903,2.82236417327328,1.397));
#6951=CARTESIAN_POINT('',(3.3021254593488,2.88071896252495,1.397));
#6952=CARTESIAN_POINT('',(3.30231732188981,2.92238010288248,1.397));
#6953=CARTESIAN_POINT('',(3.30243901115302,2.98345807033638,1.397));
#6954=CARTESIAN_POINT('',(3.30244738801455,3.01217775682865,1.397));
#6955=CARTESIAN_POINT('',(3.30242731235242,3.06477268022415,1.397));
#6956=CARTESIAN_POINT('',(3.30236872306925,3.12566904551945,1.397));
#6957=CARTESIAN_POINT('',(3.30157812382194,3.19129695088048,1.397));
#6958=CARTESIAN_POINT('',(3.30121183217691,3.21203329018081,1.397));
#6959=CARTESIAN_POINT('',(3.30020108924169,3.25237554005279,1.397));
#6960=CARTESIAN_POINT('',(3.29962039753664,3.27068425549741,1.39699999999906));
#6961=CARTESIAN_POINT('',(3.29767192975958,3.32356899862629,1.39699999999906));
#6962=CARTESIAN_POINT('',(3.2962779626111,3.35363051553071,1.39699999999999));
#6963=CARTESIAN_POINT('',(3.29430926498206,3.40705312218176,1.39699999999999));
#6964=CARTESIAN_POINT('',(3.29357719421387,3.43265786934167,1.397));
#6965=CARTESIAN_POINT('',(3.29357719421387,3.4577162213301,1.397));
#6966=CARTESIAN_POINT('',(3.29357719421387,2.580069783455,1.397));
#6967=CARTESIAN_POINT('',(3.29461992492062,2.63806737769024,1.397));
#6968=CARTESIAN_POINT('',(3.29357719421387,2.38256317265745,1.0668));
#6969=CARTESIAN_POINT('',(3.29357719421387,2.38256317265745,1.09013175386626));
#6970=CARTESIAN_POINT('',(3.29357719421387,2.38483081923432,1.11367723126802));
#6971=CARTESIAN_POINT('',(3.29357719421387,2.38935778131662,1.1367934632326));
#6972=CARTESIAN_POINT('',(3.29357719421387,2.39660092064821,1.17377943437596));
#6973=CARTESIAN_POINT('',(3.29357719421387,2.40948257853167,1.20927072683905));
#6974=CARTESIAN_POINT('',(3.29357719421387,2.42743716588889,1.24230674894628));
#6975=CARTESIAN_POINT('',(3.29357719421387,2.45616450566042,1.29516438431785));
#6976=CARTESIAN_POINT('',(3.29357719421387,2.49754216096086,1.34060378186861));
#6977=CARTESIAN_POINT('',(3.29357719421387,2.5466448332305,1.3754924026616));
#6978=CARTESIAN_POINT('',(3.29357719421387,2.55745104937294,1.3831704771894));
#6979=CARTESIAN_POINT('',(3.29357719421387,2.56862280501259,1.3903468770656));
#6980=CARTESIAN_POINT('',(3.29357719421387,2.580069783455,1.397));
#6981=CARTESIAN_POINT('',(3.29357719421387,2.38256317265745,1.0668));
#6982=CARTESIAN_POINT('',(3.62377719421387,2.38256317265745,1.0668));
#6983=CARTESIAN_POINT('',(3.47630541419983,2.67800202267466,1.0668));
#6984=CARTESIAN_POINT('',(3.47630541419983,2.67800202267466,1.0668));
#6985=CARTESIAN_POINT('',(3.47630541419983,2.67800202267466,1.07117470384992));
#6986=CARTESIAN_POINT('',(3.47661855092292,2.67858263059544,1.07558948086275));
#6987=CARTESIAN_POINT('',(3.47828104363588,2.68162833406727,1.08685864394549));
#6988=CARTESIAN_POINT('',(3.48011010333719,2.68496737468916,1.09351326128232));
#6989=CARTESIAN_POINT('',(3.48728784030021,2.69757492035094,1.1096183220596));
#6990=CARTESIAN_POINT('',(3.4940205097893,2.70899125466342,1.11813820909813));
#6991=CARTESIAN_POINT('',(3.51974684587265,2.75023219977709,1.1351464117413));
#6992=CARTESIAN_POINT('',(3.54602799896282,2.78526221201138,1.14005852436008));
#6993=CARTESIAN_POINT('',(3.59897125930859,2.90144062940356,1.14329089540826));
#6994=CARTESIAN_POINT('',(3.60551152460299,2.98197276639704,1.14415695223555));
#6995=CARTESIAN_POINT('',(3.59922234095218,3.05787599947156,1.14389989273908));
#6996=CARTESIAN_POINT('',(3.61087432624457,3.06232118606533,1.1429406193603));
#6997=CARTESIAN_POINT('',(3.61087432624451,3.06232118606567,1.14294061936084));
#6998=CARTESIAN_POINT('',(3.56791446191677,3.06232118606567,1.14462062466014));
#6999=CARTESIAN_POINT('',(3.52569340177674,3.06232118606145,1.15467488850754));
#7000=CARTESIAN_POINT('',(3.44747650417361,3.06232118606145,1.1904021932846));
#7001=CARTESIAN_POINT('',(3.41222924110374,3.06232118605142,1.21573538234366));
#7002=CARTESIAN_POINT('',(3.35342646809786,3.06232118605142,1.27848975391827));
#7003=CARTESIAN_POINT('',(3.33043439103797,3.06232118605258,1.31531202311992));
#7004=CARTESIAN_POINT('',(3.30402717627519,3.06232118605258,1.38474205015551));
#7005=CARTESIAN_POINT('',(3.29713348104899,3.06232118606567,1.41536981206557));
#7006=CARTESIAN_POINT('',(3.2946367263794,3.06232118606567,1.44646200032695));
#7007=CARTESIAN_POINT('',(3.2946367263794,3.06232118606567,1.44646200032695));
#7008=CARTESIAN_POINT('',(3.2946367263794,2.43058907494293,0.947884100761286));
#7009=CARTESIAN_POINT('',(3.2946367263794,2.41539111494868,0.988483871685788));
#7010=CARTESIAN_POINT('',(3.2946367263794,2.40756511994245,1.03276000237377));
#7011=CARTESIAN_POINT('',(3.2946367263794,2.41073315329615,1.12155894210604));
#7012=CARTESIAN_POINT('',(3.2946367263794,2.42040467642851,1.16484791033276));
#7013=CARTESIAN_POINT('',(3.2946367263794,2.45711503787969,1.24640579172992));
#7014=CARTESIAN_POINT('',(3.2946367263794,2.48307657391434,1.28375022904345));
#7015=CARTESIAN_POINT('',(3.2946367263794,2.55099923644984,1.34962427289476));
#7016=CARTESIAN_POINT('',(3.29463672637954,2.5920887055464,1.37680119677707));
#7017=CARTESIAN_POINT('',(3.29463672637954,2.69636898613366,1.42209500957121));
#7018=CARTESIAN_POINT('',(3.2946367263794,2.75705625813661,1.43416790204127));
#7019=CARTESIAN_POINT('',(3.2946367263794,2.85592113310991,1.44427940935802));
#7020=CARTESIAN_POINT('',(3.29463672637936,2.90071186432714,1.44577227749486));
#7021=CARTESIAN_POINT('',(3.29463672637936,3.08696707348813,1.44763504241456));
#7022=CARTESIAN_POINT('',(3.2946367263794,3.25632261842166,1.45310870759706));
#7023=CARTESIAN_POINT('',(3.2946367263794,3.44534412439629,1.37936750537944));
#7024=CARTESIAN_POINT('',(3.29463672637953,3.48982400240005,1.34625986696685));
#7025=CARTESIAN_POINT('',(3.29463672637953,3.55241112283161,1.28642509854435));
#7026=CARTESIAN_POINT('',(3.2946367263794,3.5805325387353,1.24793480630321));
#7027=CARTESIAN_POINT('',(3.2946367263794,3.61765158326545,1.16307256184175));
#7028=CARTESIAN_POINT('',(3.2946367263794,3.62796670086736,1.11897285435308));
#7029=CARTESIAN_POINT('',(3.2946367263794,3.62945563368584,1.02992557843777));
#7030=CARTESIAN_POINT('',(3.2946367263794,3.62215563914403,0.986330620917757));
#7031=CARTESIAN_POINT('',(3.2946367263794,3.58998576353777,0.903495374852314));
#7032=CARTESIAN_POINT('',(3.2946367263794,3.56630326896096,0.865165151666687));
#7033=CARTESIAN_POINT('',(3.2946367263794,3.50284557509702,0.796860673286423));
#7034=CARTESIAN_POINT('',(3.29463672637949,3.4640067993166,0.768060166224997));
#7035=CARTESIAN_POINT('',(3.29463672637949,3.36392199456464,0.718556433385809));
#7036=CARTESIAN_POINT('',(3.2946367263794,3.30573634018357,0.704501726918171));
#7037=CARTESIAN_POINT('',(3.2946367263794,3.15945322060085,0.68402134179346));
#7038=CARTESIAN_POINT('',(3.2946367263794,3.06054818931024,0.686390112070204));
#7039=CARTESIAN_POINT('',(3.2946367263794,2.85020129495696,0.688171080910933));
#7040=CARTESIAN_POINT('',(3.2946367263794,2.74261417267061,0.691864711867943));
#7041=CARTESIAN_POINT('',(3.2946367263794,2.58640393286956,0.759036745316082));
#7042=CARTESIAN_POINT('',(3.29463672637947,2.54282196795011,0.790233967854719));
#7043=CARTESIAN_POINT('',(3.29463672637947,2.49261288793458,0.841736254662028));
#7044=CARTESIAN_POINT('',(3.2946367263794,2.47710954874232,0.860905226669023));
#7045=CARTESIAN_POINT('',(3.2946367263794,2.45018394084467,0.903011248169447));
#7046=CARTESIAN_POINT('',(3.2946367263794,2.43917663255515,0.924943332922098));
#7047=CARTESIAN_POINT('',(3.2946367263794,2.43058907494293,0.947884100761286));
#7048=CARTESIAN_POINT('',(3.2946367263794,2.63806686956261,1.39677055092089));
#7049=CARTESIAN_POINT('',(3.29357719421387,2.63810036505547,1.42547951456254));
#7050=CARTESIAN_POINT('',(3.29357719421387,2.63810036505547,1.38471521555742));
#7051=CARTESIAN_POINT('',(3.30005486591012,2.63775888148774,1.34423478603114));
#7052=CARTESIAN_POINT('',(3.32716942266082,2.63816536979041,1.25477207474748));
#7053=CARTESIAN_POINT('',(3.35110550351908,2.63942538337961,1.20788478858982));
#7054=CARTESIAN_POINT('',(3.39351166640623,2.64778230001931,1.14775098545676));
#7055=CARTESIAN_POINT('',(3.40859601955859,2.65153467831617,1.12931848630746));
#7056=CARTESIAN_POINT('',(3.44075789165351,2.66206534542402,1.09565850396886));
#7057=CARTESIAN_POINT('',(3.45792024086334,2.66885786797727,1.08033650395633));
#7058=CARTESIAN_POINT('',(3.47597399945199,2.6778367438641,1.06704333714972));
#7059=CARTESIAN_POINT('',(3.47613932524154,2.67791911741586,1.06692183513905));
#7060=CARTESIAN_POINT('',(3.47630541419983,2.67800202267466,1.0668));
#7061=CARTESIAN_POINT('',(3.30614566802979,3.01889300346375,0.));
#7062=CARTESIAN_POINT('',(2.92762883490886,3.06232118606567,0.));
#7063=CARTESIAN_POINT('',(2.92762883490886,3.06232118606567,1.397));
#7064=CARTESIAN_POINT('',(2.92762883490886,3.06232118606567,1.32177095531333));
#7065=CARTESIAN_POINT('',(2.92670611492729,3.05334043515832,1.40756321569101));
#7066=CARTESIAN_POINT('',(2.92670611505023,3.05334043651248,1.35659705468596));
#7067=CARTESIAN_POINT('',(2.9273094801357,3.06310415464093,1.30584286410363));
#7068=CARTESIAN_POINT('',(2.93250806348791,3.09483477075308,1.21908404278604));
#7069=CARTESIAN_POINT('',(2.93650518538993,3.11448976930182,1.18162466128945));
#7070=CARTESIAN_POINT('',(2.95107405570556,3.15876294138047,1.11870692800772));
#7071=CARTESIAN_POINT('',(2.96142175676541,3.18464684512277,1.08952383877265));
#7072=CARTESIAN_POINT('',(2.97884559236059,3.21392042453917,1.06704445662625));
#7073=CARTESIAN_POINT('',(2.97894079214892,3.21408010297702,1.06692211377737));
#7074=CARTESIAN_POINT('',(2.97903618673746,3.21423984180178,1.0668));
#7075=CARTESIAN_POINT('',(2.92671867937835,3.05347855366755,1.397));
#7076=CARTESIAN_POINT('',(3.30614566802979,3.01889300346375,1.397));
#7077=CARTESIAN_POINT('',(3.62377719421387,2.38256317265745,0.));
#7078=CARTESIAN_POINT('',(3.29357719421387,2.38256317265745,0.));
#7079=CARTESIAN_POINT('',(3.47630541419983,2.67800202267466,0.));
#7080=CARTESIAN_POINT('',(2.97903618673746,3.21423984180178,1.0668));
#7081=CARTESIAN_POINT('',(2.97903618673746,3.21423984180178,1.07065294775267));
#7082=CARTESIAN_POINT('',(2.97954523536384,3.21451886745602,1.07453798860534));
#7083=CARTESIAN_POINT('',(2.98221894203043,3.21599395397491,1.08449226021634));
#7084=CARTESIAN_POINT('',(2.98516407946473,3.21762263023868,1.09041749720178));
#7085=CARTESIAN_POINT('',(2.99622257834473,3.22385952256649,1.10487340293487));
#7086=CARTESIAN_POINT('',(3.00633598629806,3.22968426157463,1.1127788223304));
#7087=CARTESIAN_POINT('',(3.04216585210609,3.25067982210804,1.12937385315094));
#7088=CARTESIAN_POINT('',(3.07313508088981,3.27046397649326,1.13549807295787));
#7089=CARTESIAN_POINT('',(3.19616283586833,3.32666177305929,1.1435609398088));
#7090=CARTESIAN_POINT('',(3.33592726499005,3.34537976571419,1.14332119652067));
#7091=CARTESIAN_POINT('',(3.55100740646007,3.27782950476442,1.13823423471887));
#7092=CARTESIAN_POINT('',(3.59999608309568,3.23294314670465,1.12477120816894));
#7093=CARTESIAN_POINT('',(3.6506163917669,3.20435157916487,1.06109746191506));
#7094=CARTESIAN_POINT('',(3.62970939476707,3.21857161087628,1.01395941717179));
#7095=CARTESIAN_POINT('',(3.49336208663059,3.29328193126413,0.992753515263229));
#7096=CARTESIAN_POINT('',(3.41643805361617,3.33090705986899,0.991597122677493));
#7097=CARTESIAN_POINT('',(3.22741043784443,3.33830431867974,0.991289932933419));
#7098=CARTESIAN_POINT('',(3.14061054001235,3.3035580901999,0.991827267378101));
#7099=CARTESIAN_POINT('',(3.01971080516534,3.24056898821882,1.00572400084945));
#7100=CARTESIAN_POINT('',(2.98935906105274,3.2199389944961,1.02649224034888));
#7101=CARTESIAN_POINT('',(2.97969448820251,3.21460045903817,1.0580022997952));
#7102=CARTESIAN_POINT('',(2.97903618673746,3.21423984180178,1.06242192712366));
#7103=CARTESIAN_POINT('',(2.97903618673746,3.21423984180178,1.0668));
#7104=CARTESIAN_POINT('',(2.94990393311373,3.16545770407788,1.0668));
#7105=CARTESIAN_POINT('',(2.94990393311373,3.16545770407788,1.0723686585093));
#7106=CARTESIAN_POINT('',(2.95058662297747,3.16566149471472,1.07798374179101));
#7107=CARTESIAN_POINT('',(2.95415619613986,3.16673974226165,1.09231837401395));
#7108=CARTESIAN_POINT('',(2.95808434543108,3.1679304095746,1.10079815517031));
#7109=CARTESIAN_POINT('',(2.97259240370374,3.1725040647737,1.12114109319823));
#7110=CARTESIAN_POINT('',(2.98572350321878,3.17678179950763,1.13189158531339));
#7111=CARTESIAN_POINT('',(3.02991229596311,3.19236083105885,1.15266545692125));
#7112=CARTESIAN_POINT('',(3.06630115713583,3.20718367577388,1.15786819888254));
#7113=CARTESIAN_POINT('',(3.19707794957449,3.25053179117738,1.15791016487191));
#7114=CARTESIAN_POINT('',(3.33494769536052,3.26554952475808,1.15317943711164));
#7115=CARTESIAN_POINT('',(3.55534154778133,3.21250410728747,1.16061764003642));
#7116=CARTESIAN_POINT('',(3.61865225737324,3.1791676069201,1.14906601955906));
#7117=CARTESIAN_POINT('',(3.6849738555562,3.15819556359829,1.05963253868127));
#7118=CARTESIAN_POINT('',(3.64909123840679,3.16799334425624,0.988883295077487));
#7119=CARTESIAN_POINT('',(3.49580554897876,3.22460567669486,0.97249677268566));
#7120=CARTESIAN_POINT('',(3.41705880887325,3.25425880858565,0.979219240498637));
#7121=CARTESIAN_POINT('',(3.22696340250561,3.26016046842177,0.980472561970162));
#7122=CARTESIAN_POINT('',(3.1393732035116,3.23254247782786,0.973318425052185));
#7123=CARTESIAN_POINT('',(3.00644870945599,3.18450979333883,0.98098009541206));
#7124=CARTESIAN_POINT('',(2.96367870222079,3.16962401316753,1.00875774821403));
#7125=CARTESIAN_POINT('',(2.95078717699771,3.16572106433196,1.05408466353421));
#7126=CARTESIAN_POINT('',(2.94990393311373,3.16545770407788,1.06047237908682));
#7127=CARTESIAN_POINT('',(2.94990393311373,3.16545770407788,1.0668));
#7128=CARTESIAN_POINT('',(2.90794228583937,3.1244145049669,1.0668));
#7129=CARTESIAN_POINT('',(2.90794228583937,3.1244145049669,1.07483994173114));
#7130=CARTESIAN_POINT('',(2.90883313083813,3.12454571713567,1.08294690959732));
#7131=CARTESIAN_POINT('',(2.91347996527503,3.12524015718033,1.10364882708839));
#7132=CARTESIAN_POINT('',(2.91859112016464,3.1260070326648,1.11590118796487));
#7133=CARTESIAN_POINT('',(2.93729933627312,3.12895599359787,1.14533173266579));
#7134=CARTESIAN_POINT('',(2.95413977030637,3.13171551678554,1.16092676255666));
#7135=CARTESIAN_POINT('',(3.00905151527211,3.141802483933,1.19123857483699));
#7136=CARTESIAN_POINT('',(3.0529738214219,3.15143141425619,1.19909140582778));
#7137=CARTESIAN_POINT('',(3.19682800871686,3.17989917450955,1.19991962241621));
#7138=CARTESIAN_POINT('',(3.33358402693575,3.18990704274395,1.19323404821743));
#7139=CARTESIAN_POINT('',(3.56535069806833,3.15483447909666,1.20323229212247));
#7140=CARTESIAN_POINT('',(3.64788056042989,3.13325297825553,1.18573955908277));
#7141=CARTESIAN_POINT('',(3.73333892610414,3.1197296309677,1.05633575784284));
#7142=CARTESIAN_POINT('',(3.68034960658725,3.12589566674275,0.9543265743132));
#7143=CARTESIAN_POINT('',(3.50247835414289,3.16283021800777,0.929502807162999));
#7144=CARTESIAN_POINT('',(3.4191902506178,3.18246075275284,0.938806148395353));
#7145=CARTESIAN_POINT('',(3.22543359455444,3.18638665792757,0.940554922428532));
#7146=CARTESIAN_POINT('',(3.13487255909266,3.16804444358737,0.930546335930904));
#7147=CARTESIAN_POINT('',(2.98364867189371,3.13663445325176,0.942554975452338));
#7148=CARTESIAN_POINT('',(2.92586933525937,3.12709788294383,0.982975720997895));
#7149=CARTESIAN_POINT('',(2.90909510383279,3.12458406650795,1.04844179457517));
#7150=CARTESIAN_POINT('',(2.90794228583937,3.1244145049669,1.0576642802654));
#7151=CARTESIAN_POINT('',(2.90794228583937,3.1244145049669,1.0668));
#7152=CARTESIAN_POINT('',(2.80911266280518,3.06832309511333,1.0668));
#7153=CARTESIAN_POINT('',(2.80911266280518,3.06832309511333,1.08066039934158));
#7154=CARTESIAN_POINT('',(2.81045551178025,3.06835222928482,1.09463629793553));
#7155=CARTESIAN_POINT('',(2.81744481687705,3.06850656169759,1.13038755359387));
#7156=CARTESIAN_POINT('',(2.82512926128871,3.06867701479961,1.15161003320707));
#7157=CARTESIAN_POINT('',(2.8530213149657,3.06933468612535,1.20300342989741));
#7158=CARTESIAN_POINT('',(2.87800501474444,3.06995106661878,1.23069433444997));
#7159=CARTESIAN_POINT('',(2.9569036811822,3.0722294439925,1.28679665692789));
#7160=CARTESIAN_POINT('',(3.01822923058407,3.07442612033605,1.30471473107675));
#7161=CARTESIAN_POINT('',(3.19461282386499,3.08112336097638,1.32021807564446));
#7162=CARTESIAN_POINT('',(3.33047245019951,3.08357099206563,1.3140684614235));
#7163=CARTESIAN_POINT('',(3.59263410556109,3.07516846717858,1.31327571501069));
#7164=CARTESIAN_POINT('',(3.71888950965686,3.07029335255235,1.27365921088041));
#7165=CARTESIAN_POINT('',(3.84620967857153,3.06727659094608,1.04747723371745));
#7166=CARTESIAN_POINT('',(3.7570264988128,3.06854964803919,0.87481187315913));
#7167=CARTESIAN_POINT('',(3.52128539425775,3.07707996337306,0.814822813721944));
#7168=CARTESIAN_POINT('',(3.42547496150168,3.08179895818386,0.820621573224835));
#7169=CARTESIAN_POINT('',(3.22092525030004,3.08275448852781,0.821557290438403));
#7170=CARTESIAN_POINT('',(3.12157194017795,3.07830802670995,0.814002856852277));
#7171=CARTESIAN_POINT('',(2.9264844952945,3.07100568133689,0.849711425970063));
#7172=CARTESIAN_POINT('',(2.83607011427804,3.06891950947177,0.922035896639524));
#7173=CARTESIAN_POINT('',(2.81085077769962,3.06836074088011,1.03515155044565));
#7174=CARTESIAN_POINT('',(2.80911266280518,3.06832309511333,1.05105054210233));
#7175=CARTESIAN_POINT('',(2.80911266280518,3.06832309511333,1.0668));
#7176=CARTESIAN_POINT('',(2.75236018328215,3.05334043502808,1.0668));
#7177=CARTESIAN_POINT('',(2.75236018328215,3.05334043502808,1.08400277171142));
#7178=CARTESIAN_POINT('',(2.75394679511697,3.05334043502808,1.10134885867117));
#7179=CARTESIAN_POINT('',(2.76220083782537,3.05334043502808,1.14576396524724));
#7180=CARTESIAN_POINT('',(2.77127504244102,3.05334043502808,1.17217252176024));
#7181=CARTESIAN_POINT('',(2.80414849846663,3.05334043502808,1.23640886005089));
#7182=CARTESIAN_POINT('',(2.83356387693413,3.05334043502808,1.2713288517833));
#7183=CARTESIAN_POINT('',(2.92571533882859,3.05334043502808,1.34361127013332));
#7184=CARTESIAN_POINT('',(2.99689711922945,3.05334043502808,1.3688818542981));
#7185=CARTESIAN_POINT('',(3.19267489303677,3.05334043502808,1.39806140306296));
#7186=CARTESIAN_POINT('',(3.32872546141105,3.05334043502808,1.3943138004527));
#7187=CARTESIAN_POINT('',(3.60982499589695,3.05334043502808,1.38045499710425));
#7188=CARTESIAN_POINT('',(3.76056137998922,3.05334043502808,1.32478426633342));
#7189=CARTESIAN_POINT('',(3.91059604418783,3.05334043502808,1.04193888763268));
#7190=CARTESIAN_POINT('',(3.8023195159733,3.05334043502808,0.829911368885991));
#7191=CARTESIAN_POINT('',(3.5333551071072,3.05334043502808,0.743451994978025));
#7192=CARTESIAN_POINT('',(3.42960221300737,3.05334043502808,0.743326018969254));
#7193=CARTESIAN_POINT('',(3.21796534491819,3.05334043502808,0.74298765021479));
#7194=CARTESIAN_POINT('',(3.11282563456141,3.05334043502808,0.740585322328067));
#7195=CARTESIAN_POINT('',(2.89223040332315,3.05334043502808,0.795423081879592));
#7196=CARTESIAN_POINT('',(2.78419392632308,3.05334043502808,0.886951841603395));
#7197=CARTESIAN_POINT('',(2.75441391026877,3.05334043502808,1.02751970557953));
#7198=CARTESIAN_POINT('',(2.75236018328215,3.05334043502808,1.04725263183871));
#7199=CARTESIAN_POINT('',(2.75236018328215,3.05334043502808,1.0668));
#7200=CARTESIAN_POINT('',(2.69554130295078,3.05334043502808,1.0668));
#7201=CARTESIAN_POINT('',(2.69554130295078,3.05334043502808,1.08734905468093));
#7202=CARTESIAN_POINT('',(2.69737170851044,3.05334043502808,1.10806927256179));
#7203=CARTESIAN_POINT('',(2.70689066222456,3.05334043502808,1.16115872115383));
#7204=CARTESIAN_POINT('',(2.71735482001989,3.05334043502808,1.19275998507617));
#7205=CARTESIAN_POINT('',(2.75521058064361,3.05334043502808,1.26985814898598));
#7206=CARTESIAN_POINT('',(2.7890585499026,3.05334043502808,1.31202038576216));
#7207=CARTESIAN_POINT('',(2.89446801655755,3.05334043502808,1.40052721680501));
#7208=CARTESIAN_POINT('',(2.97551273912123,3.05334043502808,1.43318972244198));
#7209=CARTESIAN_POINT('',(3.19071825730057,3.05334043502808,1.47619167898028));
#7210=CARTESIAN_POINT('',(3.32697877859359,3.05334043502808,1.47491304811025));
#7211=CARTESIAN_POINT('',(3.62706843206768,3.05334043502808,1.44778258516732));
#7212=CARTESIAN_POINT('',(3.80229701063665,3.05334043502808,1.37597977690104));
#7213=CARTESIAN_POINT('',(3.97505036677111,3.05334043502808,1.03638646354698));
#7214=CARTESIAN_POINT('',(3.8476860396408,3.05334043502808,0.784983558249561));
#7215=CARTESIAN_POINT('',(3.54546555975141,3.05334043502808,0.671885414737222));
#7216=CARTESIAN_POINT('',(3.43374662160656,3.05334043502808,0.665717987613297));
#7217=CARTESIAN_POINT('',(3.21499315691871,3.05334043502808,0.66407964231157));
#7218=CARTESIAN_POINT('',(3.10404487326924,3.05334043502808,0.666945426016536));
#7219=CARTESIAN_POINT('',(2.85791064979795,3.05334043502808,0.741061337863725));
#7220=CARTESIAN_POINT('',(2.7322520118997,3.05334043502808,0.851825281860676));
#7221=CARTESIAN_POINT('',(2.69791068166718,3.05334043502808,1.01987893224106));
#7222=CARTESIAN_POINT('',(2.69554130295078,3.05334043502808,1.04345027799284));
#7223=CARTESIAN_POINT('',(2.69554130295078,3.05334043502808,1.0668));
#7224=CARTESIAN_POINT('',(2.77244600491043,3.06232118606574,1.05171568247205));
#7225=CARTESIAN_POINT('',(2.77134864609466,3.06232118606574,1.07150844806669));
#7226=CARTESIAN_POINT('',(2.77241475584554,3.06232118606567,1.0913362627981));
#7227=CARTESIAN_POINT('',(2.77887769617187,3.06232118606567,1.13081196918256));
#7228=CARTESIAN_POINT('',(2.78425451379703,3.06232118606567,1.14988693254031));
#7229=CARTESIAN_POINT('',(2.80608140775439,3.06232118606567,1.20512429070236));
#7230=CARTESIAN_POINT('',(2.82808609272821,3.06232118606567,1.23778864389882));
#7231=CARTESIAN_POINT('',(2.87976214534729,3.06232118606567,1.2908320899922));
#7232=CARTESIAN_POINT('',(2.9164690495882,3.06232118606531,1.31989134073693));
#7233=CARTESIAN_POINT('',(3.05076553435999,3.06232118606531,1.3783535285227));
#7234=CARTESIAN_POINT('',(3.14447979084488,3.06232118606567,1.38930492998661));
#7235=CARTESIAN_POINT('',(3.3066960801626,3.06232118606567,1.39284457964166));
#7236=CARTESIAN_POINT('',(3.39139528434464,3.06232118606567,1.39301387466686));
#7237=CARTESIAN_POINT('',(3.52483282119842,3.06232118606567,1.37953697173979));
#7238=CARTESIAN_POINT('',(3.58305986996144,3.06232118606567,1.36793820201096));
#7239=CARTESIAN_POINT('',(3.68573548275588,3.06232118606567,1.32513289412483));
#7240=CARTESIAN_POINT('',(3.71968192914487,3.06232118606567,1.30060620114729));
#7241=CARTESIAN_POINT('',(3.77244514156139,3.06232118606567,1.25218834989101));
#7242=CARTESIAN_POINT('',(3.79501372795605,3.06232118606567,1.22240721122996));
#7243=CARTESIAN_POINT('',(3.82735703625612,3.06232118606567,1.15716108521411));
#7244=CARTESIAN_POINT('',(3.83674201722105,3.06232118606567,1.1226911299868));
#7245=CARTESIAN_POINT('',(3.84232475156149,3.06232118606567,1.05083496545048));
#7246=CARTESIAN_POINT('',(3.83754462983242,3.06232118606567,1.0144748800952));
#7247=CARTESIAN_POINT('',(3.81394009576151,3.06232118606567,0.943227892101623));
#7248=CARTESIAN_POINT('',(3.79423543184978,3.06232118606567,0.90994392006162));
#7249=CARTESIAN_POINT('',(3.74312927864934,3.06232118606567,0.851092470060295));
#7250=CARTESIAN_POINT('',(3.70818087880573,3.06232118606567,0.822797193965846));
#7251=CARTESIAN_POINT('',(3.6062726192976,3.06232118606567,0.771567026966127));
#7252=CARTESIAN_POINT('',(3.54654299628648,3.06232118606567,0.758340809094652));
#7253=CARTESIAN_POINT('',(3.41735718024795,3.06232118606567,0.741315989912898));
#7254=CARTESIAN_POINT('',(3.33544557807268,3.06232118606567,0.740585006558478));
#7255=CARTESIAN_POINT('',(3.17269180090394,3.06232118606567,0.743101117187412));
#7256=CARTESIAN_POINT('',(3.1017495974245,3.06232118606567,0.75061398586395));
#7257=CARTESIAN_POINT('',(3.00190678157891,3.06232118606567,0.77630029009543));
#7258=CARTESIAN_POINT('',(2.95507890773521,3.06232118606567,0.793191115445579));
#7259=CARTESIAN_POINT('',(2.87801366433937,3.06232118606567,0.843818575054524));
#7260=CARTESIAN_POINT('',(2.84950888266964,3.06232118606567,0.870465053571686));
#7261=CARTESIAN_POINT('',(2.80537311287506,3.06232118606567,0.930852354979062));
#7262=CARTESIAN_POINT('',(2.7899193068731,3.06232118606568,0.963359127054282));
#7263=CARTESIAN_POINT('',(2.77624551992848,3.06232118606568,1.0155089226852));
#7264=CARTESIAN_POINT('',(2.77344465104202,3.06232118606574,1.03370337099233));
#7265=CARTESIAN_POINT('',(2.77244600491043,3.06232118606574,1.05171568247205));
#7266=CARTESIAN_POINT('',(3.2946367263794,3.06232118632176,1.39225442974503));
#7267=CARTESIAN_POINT('',(3.2946367263794,3.0612281263593,1.397));
#7268=CARTESIAN_POINT('',(3.2946367263794,3.06529605182932,1.37872380946007));
#7269=CARTESIAN_POINT('',(3.29463672637784,3.07092045942636,1.36078435684197));
#7270=CARTESIAN_POINT('',(3.29463672637784,3.09438479081077,1.30360472587149));
#7271=CARTESIAN_POINT('',(3.29463672637759,3.11832115601857,1.26739559314057));
#7272=CARTESIAN_POINT('',(3.29463672637759,3.17345988631608,1.21152614880066));
#7273=CARTESIAN_POINT('',(3.2946367263788,3.20230849758241,1.19044517982294));
#7274=CARTESIAN_POINT('',(3.2946367263788,3.26560475338076,1.15828136718362));
#7275=CARTESIAN_POINT('',(3.2946367263794,3.29964016139912,1.14740795798315));
#7276=CARTESIAN_POINT('',(3.2946367263794,3.33475016049172,1.14216245751037));
#7277=CARTESIAN_POINT('',(3.29463672782285,3.33475016057412,1.14216245751377));
#7278=CARTESIAN_POINT('',(2.97903618673746,3.21423984180178,1.0668));
#7279=CARTESIAN_POINT('',(2.97903618673746,3.21423984180178,1.07065294775267));
#7280=CARTESIAN_POINT('',(2.9795452353601,3.21451886745455,1.074537988606));
#7281=CARTESIAN_POINT('',(2.98057358408313,3.21508620842536,1.07836655460933));
#7282=CARTESIAN_POINT('',(2.98221894203997,3.21599395397866,1.08449226021466));
#7283=CARTESIAN_POINT('',(2.98516407945128,3.21762263023405,1.09041749720768));
#7284=CARTESIAN_POINT('',(2.98941734826705,3.22002143498094,1.09597746094426));
#7285=CARTESIAN_POINT('',(2.99622257837228,3.22385952257597,1.10487340292278));
#7286=CARTESIAN_POINT('',(3.00633598629806,3.2296842615746,1.1127788223304));
#7287=CARTESIAN_POINT('',(3.02011670391653,3.2377594771644,1.11916152649215));
#7288=CARTESIAN_POINT('',(3.04216585210608,3.25067982210813,1.12937385315092));
#7289=CARTESIAN_POINT('',(3.07313508088981,3.27046397649327,1.13549807295787));
#7290=CARTESIAN_POINT('',(3.12045344818924,3.29207851363404,1.13859917559285));
#7291=CARTESIAN_POINT('',(3.16459369161694,3.3122413169052,1.14149199360442));
#7292=CARTESIAN_POINT('',(3.22667863957613,3.3328105132629,1.14208229436609));
#7293=CARTESIAN_POINT('',(3.29463672782403,3.33475016053295,1.14216245751207));
#7294=CARTESIAN_POINT('',(2.97903618673746,3.21423984180178,1.0668));
#7295=CARTESIAN_POINT('',(2.69554130295078,3.38354043502808,1.0668));
#7296=CARTESIAN_POINT('',(2.69554130295078,3.05334043502808,1.0668));
#7297=CARTESIAN_POINT('',(2.69554130295078,3.05334043502808,1.0668));
#7298=CARTESIAN_POINT('',(2.69554130295078,3.05334043502808,1.08734905468093));
#7299=CARTESIAN_POINT('',(2.69737170851044,3.05334043502808,1.10806927256179));
#7300=CARTESIAN_POINT('',(2.70689066222456,3.05334043502808,1.16115872115383));
#7301=CARTESIAN_POINT('',(2.71735482001989,3.05334043502808,1.19275998507617));
#7302=CARTESIAN_POINT('',(2.75521058064361,3.05334043502808,1.26985814898598));
#7303=CARTESIAN_POINT('',(2.7890585499026,3.05334043502808,1.31202038576216));
#7304=CARTESIAN_POINT('',(2.8529373381706,3.05334043502808,1.36565607238379));
#7305=CARTESIAN_POINT('',(2.87836781552346,3.05334043502808,1.38242873635266));
#7306=CARTESIAN_POINT('',(2.90521921864579,3.05334043502808,1.39664394048494));
#7307=CARTESIAN_POINT('',(2.90553631326507,3.05334043502808,1.39699999999998));
#7308=CARTESIAN_POINT('',(3.70675502285123,3.05334043522292,1.397));
#7309=CARTESIAN_POINT('',(3.66452621175497,3.05334043741346,1.397));
#7310=CARTESIAN_POINT('',(3.6202727318925,3.05511323921756,1.39699999999998));
#7311=CARTESIAN_POINT('',(3.54193733553418,3.05782702297755,1.39699999999998));
#7312=CARTESIAN_POINT('',(3.51984449313474,3.05852742918655,1.397));
#7313=CARTESIAN_POINT('',(3.46759075192436,3.05983622990698,1.397));
#7314=CARTESIAN_POINT('',(3.44129103662187,3.0603072093125,1.397));
#7315=CARTESIAN_POINT('',(3.34913920755486,3.06141822190874,1.397));
#7316=CARTESIAN_POINT('',(3.2717240640331,3.06143148833096,1.397));
#7317=CARTESIAN_POINT('',(3.17902815087938,3.06043458666636,1.397));
#7318=CARTESIAN_POINT('',(3.15132056727661,3.05997452722836,1.39699999999999));
#7319=CARTESIAN_POINT('',(3.09828546193723,3.05869306235866,1.39699999999999));
#7320=CARTESIAN_POINT('',(3.07605682296919,3.05801078469317,1.39699999999885));
#7321=CARTESIAN_POINT('',(3.00493839275548,3.05558117546997,1.39699999999885));
#7322=CARTESIAN_POINT('',(2.97222731855264,3.05421602219449,1.39700000000008));
#7323=CARTESIAN_POINT('',(2.9251582844801,3.05343637230286,1.39700000000008));
#7324=CARTESIAN_POINT('',(2.91533801110237,3.05334043589465,1.397));
#7325=CARTESIAN_POINT('',(2.90553631326515,3.05334043524716,1.397));
#7326=CARTESIAN_POINT('',(1.28496766090393,3.12954043502808,1.2192));
#7327=CARTESIAN_POINT('',(1.28496766090393,3.06232118606567,1.18331110800081));
#7328=CARTESIAN_POINT('',(3.2946367263794,3.06232118606567,1.18331110800081));
#7329=CARTESIAN_POINT('',(3.30255794525146,3.06232118606567,1.18331110800081));
#7330=CARTESIAN_POINT('',(3.36977719421387,3.12954043502808,1.2192));
#7331=CARTESIAN_POINT('',(3.36977719421387,3.12954043502808,1.143));
#7332=CARTESIAN_POINT('',(3.2946367263794,3.12954043502808,1.2192));
#7333=CARTESIAN_POINT('',(3.2946367263794,-0.0260822772979772,1.397));
#7334=CARTESIAN_POINT('',(3.2946367263794,-3.11448574066162,1.397));
#7335=CARTESIAN_POINT('',(3.2946367263794,-3.11448574066162,1.397));
#7336=CARTESIAN_POINT('',(3.2946367263794,-3.11448574066162,1.397));
#7337=CARTESIAN_POINT('',(3.2946367263794,2.63806686956261,1.397));
#7338=CARTESIAN_POINT('',(3.2946367263794,2.63806686956261,0.));
#7339=CARTESIAN_POINT('',(3.2946367263794,3.06232118606567,1.397));
#7340=CARTESIAN_POINT('',(3.2946367263794,-0.0260822772979772,1.397));
#7341=CARTESIAN_POINT('',(3.2946367263794,3.06232118606567,1.397));
#7342=CARTESIAN_POINT('',(3.2946367263794,3.32347564292648,1.143));
#7343=CARTESIAN_POINT('',(3.2946367263794,3.39971913736488,1.0668));
#7344=CARTESIAN_POINT('',(3.2946367263794,3.39971913736488,1.07620252833704));
#7345=CARTESIAN_POINT('',(3.2946367263794,3.39751726779986,1.0872686309375));
#7346=CARTESIAN_POINT('',(3.2946367263794,3.39031847594045,1.10464362063344));
#7347=CARTESIAN_POINT('',(3.2946367263794,3.38404700383327,1.11402632024428));
#7348=CARTESIAN_POINT('',(3.2946367263794,3.3707424214477,1.1273270323163));
#7349=CARTESIAN_POINT('',(3.2946367263794,3.36135423416933,1.13359748271196));
#7350=CARTESIAN_POINT('',(3.2946367263794,3.34396574633409,1.14079771849873));
#7351=CARTESIAN_POINT('',(3.2946367263794,3.33288786515393,1.143));
#7352=CARTESIAN_POINT('',(3.2946367263794,3.31406181013309,1.143));
#7353=CARTESIAN_POINT('',(3.2946367263794,3.30298207645257,1.14079712494901));
#7354=CARTESIAN_POINT('',(3.2946367263794,3.28558788416823,1.13359617954444));
#7355=CARTESIAN_POINT('',(3.2946367263794,3.27619485186979,1.12732448929951));
#7356=CARTESIAN_POINT('',(3.2946367263794,3.26288340280175,1.11402208184848));
#7357=CARTESIAN_POINT('',(3.2946367263794,3.25660807614421,1.10463889376244));
#7358=CARTESIAN_POINT('',(3.2946367263794,3.24940607831145,1.08726472752056));
#7359=CARTESIAN_POINT('',(3.2946367263794,3.24720310893893,1.07620087129184));
#7360=CARTESIAN_POINT('',(3.2946367263794,3.24720310893893,1.05739912870816));
#7361=CARTESIAN_POINT('',(3.2946367263794,3.24940607831145,1.04633527247944));
#7362=CARTESIAN_POINT('',(3.2946367263794,3.25660807614421,1.02896110623756));
#7363=CARTESIAN_POINT('',(3.2946367263794,3.26288340280175,1.01957791815152));
#7364=CARTESIAN_POINT('',(3.2946367263794,3.27619485186979,1.00627551070049));
#7365=CARTESIAN_POINT('',(3.2946367263794,3.28558788416823,1.00000382045556));
#7366=CARTESIAN_POINT('',(3.2946367263794,3.30298207645257,0.992802875050987));
#7367=CARTESIAN_POINT('',(3.2946367263794,3.31406181013309,0.9906));
#7368=CARTESIAN_POINT('',(3.2946367263794,3.33288786515393,0.9906));
#7369=CARTESIAN_POINT('',(3.2946367263794,3.34396574633409,0.992802281501274));
#7370=CARTESIAN_POINT('',(3.2946367263794,3.36135423416933,1.00000251728803));
#7371=CARTESIAN_POINT('',(3.2946367263794,3.3707424214477,1.0062729676837));
#7372=CARTESIAN_POINT('',(3.2946367263794,3.38404700383327,1.01957367975572));
#7373=CARTESIAN_POINT('',(3.2946367263794,3.39031847594045,1.02895637936656));
#7374=CARTESIAN_POINT('',(3.2946367263794,3.39751726779986,1.0463313690625));
#7375=CARTESIAN_POINT('',(3.2946367263794,3.39971913736488,1.05739747166296));
#7376=CARTESIAN_POINT('',(3.2946367263794,3.39971913736488,1.0668));
#7377=CARTESIAN_POINT('',(3.36977719421387,1.49394762516022,1.2192));
#7378=CARTESIAN_POINT('',(3.36977719421387,3.06232118606567,1.2192));
#7379=CARTESIAN_POINT('',(3.30614566802979,3.01889300346375,1.143));
#7380=CARTESIAN_POINT('',(3.60783596113829,3.06232118606567,1.143));
#7381=CARTESIAN_POINT('',(3.30614566802979,3.01889300346375,1.143));
#7382=CARTESIAN_POINT('',(3.30614566802979,3.01889300346375,1.0668));
#7383=CARTESIAN_POINT('',(3.68466250115071,3.06232118606567,1.0668));
#7384=CARTESIAN_POINT('',(3.68466250115071,3.06232118606567,1.05741860688612));
#7385=CARTESIAN_POINT('',(3.68245681649563,3.06232118606567,1.04637912645756));
#7386=CARTESIAN_POINT('',(3.67524213821264,3.06232118606567,1.02902477135088));
#7387=CARTESIAN_POINT('',(3.66894538658257,3.06232118606567,1.01964721187952));
#7388=CARTESIAN_POINT('',(3.65557190952467,3.06232118606567,1.00632931742153));
#7389=CARTESIAN_POINT('',(3.64611544255547,3.06232118606567,1.00004721212745));
#7390=CARTESIAN_POINT('',(3.62856656494508,3.06232118606567,0.992811602705912));
#7391=CARTESIAN_POINT('',(3.61735718603881,3.06232118606567,0.9906));
#7392=CARTESIAN_POINT('',(3.59829105772554,3.06232118606567,0.9906));
#7393=CARTESIAN_POINT('',(3.5870544302736,3.06232118606567,0.99282028475078));
#7394=CARTESIAN_POINT('',(3.56942159442112,3.06232118606567,1.0000661644327));
#7395=CARTESIAN_POINT('',(3.55989380648127,3.06232118606567,1.00636635935088));
#7396=CARTESIAN_POINT('',(3.54641936256412,3.06232118606567,1.01970895192434));
#7397=CARTESIAN_POINT('',(3.54006604807846,3.06232118606567,1.02909349780713));
#7398=CARTESIAN_POINT('',(3.53280439364974,3.06232118606567,1.04643593203561));
#7399=CARTESIAN_POINT('',(3.53058263681143,3.06232118606567,1.05744269809379));
#7400=CARTESIAN_POINT('',(3.53058263681143,3.06232118606567,1.07615730190621));
#7401=CARTESIAN_POINT('',(3.53280439364974,3.06232118606567,1.08716406796439));
#7402=CARTESIAN_POINT('',(3.54006604807846,3.06232118606567,1.10450650219287));
#7403=CARTESIAN_POINT('',(3.54641936256412,3.06232118606567,1.11389104807566));
#7404=CARTESIAN_POINT('',(3.55989380648127,3.06232118606567,1.12723364064912));
#7405=CARTESIAN_POINT('',(3.56942159442112,3.06232118606567,1.1335338355673));
#7406=CARTESIAN_POINT('',(3.5870544302736,3.06232118606567,1.14077971524922));
#7407=CARTESIAN_POINT('',(3.59829105772554,3.06232118606567,1.143));
#7408=CARTESIAN_POINT('',(3.61735718603881,3.06232118606567,1.143));
#7409=CARTESIAN_POINT('',(3.62856656494508,3.06232118606567,1.14078839729409));
#7410=CARTESIAN_POINT('',(3.64611544255547,3.06232118606567,1.13355278787255));
#7411=CARTESIAN_POINT('',(3.65557190952467,3.06232118606567,1.12727068257847));
#7412=CARTESIAN_POINT('',(3.66894538658257,3.06232118606567,1.11395278812048));
#7413=CARTESIAN_POINT('',(3.67524213821264,3.06232118606567,1.10457522864912));
#7414=CARTESIAN_POINT('',(3.68245681649563,3.06232118606567,1.08722087354244));
#7415=CARTESIAN_POINT('',(3.68466250115071,3.06232118606567,1.07618139311388));
#7416=CARTESIAN_POINT('',(3.68466250115071,3.06232118606567,1.0668));
#7417=CARTESIAN_POINT('',(3.30614566802979,3.01889300346375,1.0668));
#7418=CARTESIAN_POINT('',(2.97903618673746,3.21423984180178,0.));
#7419=CARTESIAN_POINT('',(3.30614566802979,3.01889300346375,0.));
#7420=CARTESIAN_POINT('',(3.30614566802979,3.01889300346375,1.397));
#7421=CARTESIAN_POINT('',(2.69554130295078,3.38354043502808,0.));
#7422=CARTESIAN_POINT('',(2.69554130295078,3.05334043502808,0.));
#7423=CARTESIAN_POINT('',(-0.740947008132932,-0.0260822772979774,1.397));
#7424=CARTESIAN_POINT('',(-4.77653074264526,-3.11448574066163,1.397));
#7425=CARTESIAN_POINT('',(3.29357719421387,-3.11448574066162,1.397));
#7426=CARTESIAN_POINT('',(3.29357719421387,-3.1153359413147,1.397));
#7427=CARTESIAN_POINT('',(3.29357719421387,-2.32479638671875,1.397));
#7428=CARTESIAN_POINT('',(1.0326954126358,-2.32479638671875,1.397));
#7429=CARTESIAN_POINT('',(2.77609128570557,-2.32479638671875,1.397));
#7430=CARTESIAN_POINT('',(2.77609128570557,-0.0285396575927762,1.397));
#7431=CARTESIAN_POINT('',(2.77609128570557,-2.58234948730469,1.397));
#7432=CARTESIAN_POINT('',(-0.730829119682311,-2.58234948730469,1.397));
#7433=CARTESIAN_POINT('',(2.54412510893515,-2.58234948730469,1.397));
#7434=CARTESIAN_POINT('',(2.54412510893515,2.1127159910202,1.397));
#7435=CARTESIAN_POINT('',(2.54412510893515,2.52035541152954,1.397));
#7436=CARTESIAN_POINT('',(-0.730829119682311,2.52035541152954,1.397));
#7437=CARTESIAN_POINT('',(2.77609128570557,2.52035541152954,1.397));
#7438=CARTESIAN_POINT('',(2.77609128570557,-0.0285396575927762,1.397));
#7439=CARTESIAN_POINT('',(2.77609128570557,1.61373157119751,1.397));
#7440=CARTESIAN_POINT('',(1.31238114833832,1.61373157119751,1.397));
#7441=CARTESIAN_POINT('',(3.29357719421387,1.61373157119751,1.397));
#7442=CARTESIAN_POINT('',(3.29357719421387,-0.0285400152206435,1.397));
#7443=CARTESIAN_POINT('',(1.31238114833832,0.917661003112793,1.397));
#7444=CARTESIAN_POINT('',(2.77609128570557,0.917661003112793,1.397));
#7445=CARTESIAN_POINT('',(3.29357719421387,0.917661003112793,1.397));
#7446=CARTESIAN_POINT('',(2.77609128570557,-0.0285396575927762,1.397));
#7447=CARTESIAN_POINT('',(2.77609128570557,-1.35378055953979,1.397));
#7448=CARTESIAN_POINT('',(1.0326954126358,-1.35378055953979,1.397));
#7449=CARTESIAN_POINT('',(3.29357719421387,-1.35378055953979,1.397));
#7450=CARTESIAN_POINT('',(3.29357719421387,-0.0285400152206435,1.397));
#7451=CARTESIAN_POINT('',(-4.94604973888397,2.71405782921772,1.0668));
#7452=CARTESIAN_POINT('',(-4.94604973888397,2.71405782921772,1.07110852781951));
#7453=CARTESIAN_POINT('',(-4.94635915249885,2.71462929873656,1.07544424466745));
#7454=CARTESIAN_POINT('',(-4.94798587781225,2.71760056669159,1.08648345106598));
#7455=CARTESIAN_POINT('',(-4.94979121282887,2.72088667906682,1.09306630283414));
#7456=CARTESIAN_POINT('',(-4.95680363787834,2.73320421744527,1.10890675795489));
#7457=CARTESIAN_POINT('',(-4.96349798517618,2.74457474716657,1.11745401761416));
#7458=CARTESIAN_POINT('',(-4.98837458621697,2.78475724925841,1.13435080642871));
#7459=CARTESIAN_POINT('',(-5.01385086847463,2.81952611889381,1.13956527955777));
#7460=CARTESIAN_POINT('',(-5.08534141540497,2.97570300462801,1.14457854799712));
#7461=CARTESIAN_POINT('',(-5.07556591099486,3.16058587833523,1.14490941448536));
#7462=CARTESIAN_POINT('',(-4.98629217496899,3.3368149891812,1.1363367243644));
#7463=CARTESIAN_POINT('',(-4.95841433725932,3.37050986659301,1.11932744113474));
#7464=CARTESIAN_POINT('',(-4.93797602264015,3.40707138224491,1.05456000545523));
#7465=CARTESIAN_POINT('',(-4.95047877419203,3.38573481112149,1.00938105620271));
#7466=CARTESIAN_POINT('',(-5.03219145140877,3.24991899752588,0.990697004199519));
#7467=CARTESIAN_POINT('',(-5.07934035159579,3.16645585335304,0.990699496363818));
#7468=CARTESIAN_POINT('',(-5.08273999960662,2.95252018895723,0.990661222590334));
#7469=CARTESIAN_POINT('',(-5.0363361983741,2.86439687939849,0.990430922304721));
#7470=CARTESIAN_POINT('',(-4.967502325571,2.74853296797428,1.00464237862478));
#7471=CARTESIAN_POINT('',(-4.95010015205368,2.7214770036502,1.02753860987359));
#7472=CARTESIAN_POINT('',(-4.94625502684349,2.71443654257026,1.05975069309487));
#7473=CARTESIAN_POINT('',(-4.94604973888397,2.71405782921772,1.06328818510701));
#7474=CARTESIAN_POINT('',(-4.94604973888397,2.71405782921772,1.0668));
#7475=CARTESIAN_POINT('',(-4.89219542593445,2.68656220321077,1.0668));
#7476=CARTESIAN_POINT('',(-4.89219542593445,2.68656220321077,1.07285409976777));
#7477=CARTESIAN_POINT('',(-4.89242426863469,2.68733265206663,1.0789463857972));
#7478=CARTESIAN_POINT('',(-4.89362853779881,2.69131908191067,1.0943907118244));
#7479=CARTESIAN_POINT('',(-4.8949651647281,2.69572378631605,1.10353225438935));
#7480=CARTESIAN_POINT('',(-4.90017579358668,2.71193541098535,1.12507392680841));
#7481=CARTESIAN_POINT('',(-4.90515675230314,2.72673637064899,1.13619196295383));
#7482=CARTESIAN_POINT('',(-4.92390661782746,2.77596022875026,1.15563808591496));
#7483=CARTESIAN_POINT('',(-4.94332899914374,2.81616155363768,1.1578031615584));
#7484=CARTESIAN_POINT('',(-5.00008660878548,2.97744845698648,1.14856802886963));
#7485=CARTESIAN_POINT('',(-4.99208455230028,3.1585967540083,1.15145894224511));
#7486=CARTESIAN_POINT('',(-4.92176043081105,3.34335587484497,1.15928466834398));
#7487=CARTESIAN_POINT('',(-4.9013627508551,3.39064635375266,1.13971405510187));
#7488=CARTESIAN_POINT('',(-4.88620368607228,3.43922414845447,1.0503443981466));
#7489=CARTESIAN_POINT('',(-4.8946841455167,3.40193634059153,0.984456934479852));
#7490=CARTESIAN_POINT('',(-4.95767994788468,3.25063354973558,0.975063205606683));
#7491=CARTESIAN_POINT('',(-4.99581298806213,3.16652158190093,0.986428299197239));
#7492=CARTESIAN_POINT('',(-4.99860632430325,2.95246146493672,0.987227881932394));
#7493=CARTESIAN_POINT('',(-4.96093327612359,2.86406060082039,0.975611383861839));
#7494=CARTESIAN_POINT('',(-4.90773623760144,2.73606394082265,0.981227865800736));
#7495=CARTESIAN_POINT('',(-4.89519323404818,2.69652862671299,1.0117624925507));
#7496=CARTESIAN_POINT('',(-4.89234727301981,2.68707251557664,1.05689467059849));
#7497=CARTESIAN_POINT('',(-4.89219542593445,2.68656220321077,1.06186539620521));
#7498=CARTESIAN_POINT('',(-4.89219542593445,2.68656220321077,1.0668));
#7499=CARTESIAN_POINT('',(-4.84615860989193,2.64395382894577,1.0668));
#7500=CARTESIAN_POINT('',(-4.84615860989193,2.64395382894577,1.07555911120701));
#7501=CARTESIAN_POINT('',(-4.84630660673091,2.64497737824692,1.08437347727841));
#7502=CARTESIAN_POINT('',(-4.84708569313019,2.65025986766606,1.10672534518519));
#7503=CARTESIAN_POINT('',(-4.84795043448366,2.65609397764398,1.11996261714234));
#7504=CARTESIAN_POINT('',(-4.85132585649081,2.67735372769314,1.15120081442762));
#7505=CARTESIAN_POINT('',(-4.8545539176501,2.69665443979546,1.1673763875549));
#7506=CARTESIAN_POINT('',(-4.8667626465442,2.75843610760596,1.19589172051685));
#7507=CARTESIAN_POINT('',(-4.87945791795107,2.80728172830306,1.19944617354451));
#7508=CARTESIAN_POINT('',(-4.91714281480847,2.98015704078323,1.18678883496619));
#7509=CARTESIAN_POINT('',(-4.91176861340958,3.15624872134334,1.19092739587375));
#7510=CARTESIAN_POINT('',(-4.86521606387041,3.35827293465248,1.2012507248642));
#7511=CARTESIAN_POINT('',(-4.85209247598455,3.42380255278504,1.17238328632386));
#7512=CARTESIAN_POINT('',(-4.84227892379402,3.48783890325079,1.04291679564631));
#7513=CARTESIAN_POINT('',(-4.847573044555,3.43131558773212,0.947636395159151));
#7514=CARTESIAN_POINT('',(-4.88893576366919,3.25496012714577,0.932875855041635));
#7515=CARTESIAN_POINT('',(-4.91443410625223,3.16715360337104,0.949006334555726));
#7516=CARTESIAN_POINT('',(-4.91631388672488,2.95189717207645,0.950152652429841));
#7517=CARTESIAN_POINT('',(-4.89108616365417,2.86052884301152,0.933618696418585));
#7518=CARTESIAN_POINT('',(-4.85612521710093,2.71249542408969,0.942709601438076));
#7519=CARTESIAN_POINT('',(-4.84809783643264,2.65716921650862,0.987157962167001));
#7520=CARTESIAN_POINT('',(-4.84625681589282,2.64463159901774,1.05246890706234));
#7521=CARTESIAN_POINT('',(-4.84615860989193,2.64395382894577,1.059660582901));
#7522=CARTESIAN_POINT('',(-4.84615860989193,2.64395382894577,1.0668));
#7523=CARTESIAN_POINT('',(-4.7830125929458,2.54081428059038,1.0668));
#7524=CARTESIAN_POINT('',(-4.7830125929458,2.54081428059038,1.08210697094004));
#7525=CARTESIAN_POINT('',(-4.78304590461654,2.54240212524144,1.09751052259877));
#7526=CARTESIAN_POINT('',(-4.78322144326697,2.55057874217416,1.13665429306285));
#7527=CARTESIAN_POINT('',(-4.78341630072477,2.55960590201417,1.15992018546921));
#7528=CARTESIAN_POINT('',(-4.78417986533079,2.59221096417481,1.21539224655535));
#7529=CARTESIAN_POINT('',(-4.78491108696324,2.62167204846518,1.24475747401032));
#7530=CARTESIAN_POINT('',(-4.78771497490135,2.7124886651621,1.29989952427507));
#7531=CARTESIAN_POINT('',(-4.79066376450685,2.78233863975128,1.31250785635374));
#7532=CARTESIAN_POINT('',(-4.79979151731747,2.98662140699251,1.31083922565632));
#7533=CARTESIAN_POINT('',(-4.79845154303802,3.15137293148868,1.31499718647564));
#7534=CARTESIAN_POINT('',(-4.78726356527541,3.3987971347093,1.30813589302059));
#7535=CARTESIAN_POINT('',(-4.78435173606631,3.50578147185788,1.25241226258007));
#7536=CARTESIAN_POINT('',(-4.78213613226935,3.60444821124912,1.02414843245466));
#7537=CARTESIAN_POINT('',(-4.78320158238169,3.50620871242322,0.860688668394739));
#7538=CARTESIAN_POINT('',(-4.79292718777371,3.26849143292258,0.81390907945016));
#7539=CARTESIAN_POINT('',(-4.79921520237863,3.16921239766212,0.827746870333741));
#7540=CARTESIAN_POINT('',(-4.79968599040586,2.95005906812561,0.82866667772354));
#7541=CARTESIAN_POINT('',(-4.79344202627075,2.84910318850545,0.814053458281541));
#7542=CARTESIAN_POINT('',(-4.78520099022828,2.65163720321621,0.847818020308646));
#7543=CARTESIAN_POINT('',(-4.78344941336166,2.56128173455336,0.927461390162067));
#7544=CARTESIAN_POINT('',(-4.78303470000198,2.54186546413119,1.04175577336953));
#7545=CARTESIAN_POINT('',(-4.7830125929458,2.54081428059038,1.05432352293738));
#7546=CARTESIAN_POINT('',(-4.7830125929458,2.54081428059038,1.0668));
#7547=CARTESIAN_POINT('',(-4.76599788665771,2.4804374492826,1.0668));
#7548=CARTESIAN_POINT('',(-4.76599788665771,2.4804374492826,1.08594002071418));
#7549=CARTESIAN_POINT('',(-4.76599788665771,2.48233623892818,1.10520081789757));
#7550=CARTESIAN_POINT('',(-4.76599788665771,2.49210959952775,1.1542029407646));
#7551=CARTESIAN_POINT('',(-4.76599788665771,2.50289893422296,1.18338531378383));
#7552=CARTESIAN_POINT('',(-4.76599788665771,2.54179528478199,1.25334884813706));
#7553=CARTESIAN_POINT('',(-4.76599788665771,2.57691131450929,1.29081457713964));
#7554=CARTESIAN_POINT('',(-4.76599788665771,2.68418105275403,1.36341114662447));
#7555=CARTESIAN_POINT('',(-4.76599788665771,2.76636187698151,1.38358986989757));
#7556=CARTESIAN_POINT('',(-4.76599788665771,2.99037098078047,1.39600212870085));
#7557=CARTESIAN_POINT('',(-4.76599788665771,3.14883823842039,1.39898413222407));
#7558=CARTESIAN_POINT('',(-4.76599788665771,3.42428259946015,1.37283630683491));
#7559=CARTESIAN_POINT('',(-4.76599788665771,3.5544600458899,1.29964042602609));
#7560=CARTESIAN_POINT('',(-4.76599788665771,3.67228170852516,1.01284561555545));
#7561=CARTESIAN_POINT('',(-4.76599788665771,3.55156274252465,0.810648270013205));
#7562=CARTESIAN_POINT('',(-4.76599788665771,3.27763153473283,0.737546772920323));
#7563=CARTESIAN_POINT('',(-4.76599788665771,3.17062790042518,0.744564769478591));
#7564=CARTESIAN_POINT('',(-4.76599788665771,2.94879531814693,0.74493029808729));
#7565=CARTESIAN_POINT('',(-4.76599788665771,2.84126852094826,0.736915761088163));
#7566=CARTESIAN_POINT('',(-4.76599788665771,2.61448821393967,0.791599090692715));
#7567=CARTESIAN_POINT('',(-4.76599788665771,2.50490471486282,0.89246038251917));
#7568=CARTESIAN_POINT('',(-4.76599788665771,2.48169442262904,1.03548443408554));
#7569=CARTESIAN_POINT('',(-4.76599788665771,2.4804374492826,1.05119926290094));
#7570=CARTESIAN_POINT('',(-4.76599788665771,2.4804374492826,1.0668));
#7571=CARTESIAN_POINT('',(-4.76599788665771,2.41997013188899,1.0668));
#7572=CARTESIAN_POINT('',(-4.76599788665771,2.41997013188899,1.08977881503739));
#7573=CARTESIAN_POINT('',(-4.76599788665771,2.42217998379588,1.11290263822643));
#7574=CARTESIAN_POINT('',(-4.76599788665771,2.43355071228527,1.17177840568522));
#7575=CARTESIAN_POINT('',(-4.76599788665771,2.44610291450305,1.20688694844874));
#7576=CARTESIAN_POINT('',(-4.76599788665771,2.49129338407528,1.29136937575943));
#7577=CARTESIAN_POINT('',(-4.76599788665771,2.53206708892973,1.33695476060883));
#7578=CARTESIAN_POINT('',(-4.76599788665771,2.65580228231676,1.42707096761978));
#7579=CARTESIAN_POINT('',(-4.76599788665771,2.75032966165011,1.45488149097476));
#7580=CARTESIAN_POINT('',(-4.76599788665771,2.99412271810312,1.4816189226513));
#7581=CARTESIAN_POINT('',(-4.76599788665771,3.14631030427117,1.48338354392194));
#7582=CARTESIAN_POINT('',(-4.76599788665771,3.44984440570102,1.43766252994346));
#7583=CARTESIAN_POINT('',(-4.76599788665771,3.60322426455035,1.34694635271861));
#7584=CARTESIAN_POINT('',(-4.76599788665771,3.7402088937708,1.00152002909456));
#7585=CARTESIAN_POINT('',(-4.76599788665771,3.59701284982972,0.760565633081111));
#7586=CARTESIAN_POINT('',(-4.76599788665771,3.28681407260649,0.660917355730768));
#7587=CARTESIAN_POINT('',(-4.76599788665771,3.17205119444967,0.660930647273697));
#7588=CARTESIAN_POINT('',(-4.76599788665771,2.94752461279054,0.660726520481784));
#7589=CARTESIAN_POINT('',(-4.76599788665771,2.8333946419967,0.659498252291843));
#7590=CARTESIAN_POINT('',(-4.76599788665771,2.57725369642863,0.735292685998835));
#7591=CARTESIAN_POINT('',(-4.76599788665771,2.44843875845378,0.857405919325824));
#7592=CARTESIAN_POINT('',(-4.76599788665771,2.42143297295413,1.02920369650597));
#7593=CARTESIAN_POINT('',(-4.76599788665771,2.41997013188899,1.04807032057073));
#7594=CARTESIAN_POINT('',(-4.76599788665771,2.41997013188899,1.0668));
#7595=CARTESIAN_POINT('',(-4.77653074264526,3.06378050861097,1.39003229151675));
#7596=CARTESIAN_POINT('',(-4.77716753998948,3.06441448442654,1.38757089026137));
#7597=CARTESIAN_POINT('',(-4.77783198934805,3.06507610882438,1.38511962730129));
#7598=CARTESIAN_POINT('',(-4.78773872746125,3.0749422770803,1.35016662270743));
#7599=CARTESIAN_POINT('',(-4.80144842390286,3.08861558780446,1.32070727493219));
#7600=CARTESIAN_POINT('',(-4.84225918959035,3.12928889446042,1.2565504214245));
#7601=CARTESIAN_POINT('',(-4.87030114605657,3.1571998546902,1.22921013294706));
#7602=CARTESIAN_POINT('',(-4.93690693211538,3.22334348765426,1.17425422632209));
#7603=CARTESIAN_POINT('',(-4.98460067421727,3.27044790242095,1.15007797933573));
#7604=CARTESIAN_POINT('',(-5.00655790110282,3.29203461566473,1.13716057962937));
#7605=CARTESIAN_POINT('',(-5.00664615956755,3.29212157832103,1.13710857791388));
#7606=CARTESIAN_POINT('',(-5.0067344911155,3.29220845591013,1.13705655821385));
#7607=CARTESIAN_POINT('',(-5.0067344911155,3.29220845591014,1.13705655821385));
#7608=CARTESIAN_POINT('',(-4.94604973888397,2.71405782921772,1.0668));
#7609=CARTESIAN_POINT('',(-4.94604973888397,2.71405782921772,1.07110852781951));
#7610=CARTESIAN_POINT('',(-4.94635915249885,2.71462929873656,1.07544424466745));
#7611=CARTESIAN_POINT('',(-4.94698481608093,2.71577209410388,1.07969009328227));
#7612=CARTESIAN_POINT('',(-4.94798587781225,2.71760056669159,1.08648345106598));
#7613=CARTESIAN_POINT('',(-4.94979121282887,2.72088667906682,1.09306630283414));
#7614=CARTESIAN_POINT('',(-4.95248829938636,2.72562419382776,1.09915878557289));
#7615=CARTESIAN_POINT('',(-4.95680363787833,2.73320421744527,1.10890675795489));
#7616=CARTESIAN_POINT('',(-4.9634979851762,2.7445747471666,1.11745401761416));
#7617=CARTESIAN_POINT('',(-4.97306590865341,2.76002955566343,1.12395278254283));
#7618=CARTESIAN_POINT('',(-4.98837458621697,2.78475724925838,1.13435080642871));
#7619=CARTESIAN_POINT('',(-5.01385086847465,2.8195261188938,1.13956527955777));
#7620=CARTESIAN_POINT('',(-5.04134723267861,2.8795941518685,1.14149345972675));
#7621=CARTESIAN_POINT('',(-5.08534141540497,2.97570300462799,1.14457854799712));
#7622=CARTESIAN_POINT('',(-5.07556591090759,3.16058587825438,1.14490941449359));
#7623=CARTESIAN_POINT('',(-5.03172889879131,3.24712149370896,1.1406998771876));
#7624=CARTESIAN_POINT('',(-5.02297787335901,3.26439628811403,1.13985954235992));
#7625=CARTESIAN_POINT('',(-5.01449126960977,3.27918097313947,1.13868535112998));
#7626=CARTESIAN_POINT('',(-5.0067344911155,3.29220845591014,1.13705655821385));
#7627=CARTESIAN_POINT('',(-4.94604973888397,2.71405782921772,1.0668));
#7628=CARTESIAN_POINT('',(-5.09619788665771,2.41997013188899,1.0668));
#7629=CARTESIAN_POINT('',(-4.76599788665771,2.41997013188899,1.0668));
#7630=CARTESIAN_POINT('',(-4.76599788665771,2.41997013188899,1.0668));
#7631=CARTESIAN_POINT('',(-4.76599788665771,2.41997013188899,1.08977881503739));
#7632=CARTESIAN_POINT('',(-4.76599788665771,2.42217998379588,1.11290263822643));
#7633=CARTESIAN_POINT('',(-4.76599788665771,2.43355071228527,1.17177840568522));
#7634=CARTESIAN_POINT('',(-4.76599788665771,2.44610291450305,1.20688694844874));
#7635=CARTESIAN_POINT('',(-4.76599788665771,2.49129338407528,1.29136937575943));
#7636=CARTESIAN_POINT('',(-4.76599788665771,2.53206708892973,1.33695476060883));
#7637=CARTESIAN_POINT('',(-4.76599788665771,2.59219485140936,1.38074574474518));
#7638=CARTESIAN_POINT('',(-4.76599788665771,2.60523050725968,1.38912717864892));
#7639=CARTESIAN_POINT('',(-4.76599788665771,2.61867906522994,1.39680430858777));
#7640=CARTESIAN_POINT('',(-4.94604973888397,2.71405782921772,1.0668));
#7641=CARTESIAN_POINT('',(-4.94588456768606,2.7139735001225,1.06692171857742));
#7642=CARTESIAN_POINT('',(-4.94571944954739,2.7138893501485,1.06704363174196));
#7643=CARTESIAN_POINT('',(-4.9133918677641,2.69744374583891,1.09095812713127));
#7644=CARTESIAN_POINT('',(-4.88346239550673,2.68788926092653,1.12210173515389));
#7645=CARTESIAN_POINT('',(-4.83106824509074,2.67584866873676,1.19320972988931));
#7646=CARTESIAN_POINT('',(-4.80856592069487,2.67373675634351,1.23447508970711));
#7647=CARTESIAN_POINT('',(-4.77560183167249,2.67201848619333,1.32441872347824));
#7648=CARTESIAN_POINT('',(-4.76599788502895,2.67245054620321,1.37371602764889));
#7649=CARTESIAN_POINT('',(-4.76599788765964,2.67245054615622,1.42341619011729));
#7650=CARTESIAN_POINT('',(-5.09619788665771,2.41997013188899,0.));
#7651=CARTESIAN_POINT('',(-4.94604973888397,2.71405782921772,0.));
#7652=CARTESIAN_POINT('',(-4.76599788665771,2.41997013188899,0.));
#7653=CARTESIAN_POINT('',(-4.77280187606812,3.05338978767395,0.));
#7654=CARTESIAN_POINT('',(-4.14287649155686,3.05334043502808,1.0668));
#7655=CARTESIAN_POINT('',(-4.14287649155686,3.05334043502808,1.08936947574768));
#7656=CARTESIAN_POINT('',(-4.14501905670121,3.05334043502808,1.11214035504655));
#7657=CARTESIAN_POINT('',(-4.1561460838348,3.05334043502808,1.17032794586417));
#7658=CARTESIAN_POINT('',(-4.16833535659455,3.05334043502808,1.20475860917109));
#7659=CARTESIAN_POINT('',(-4.21250535028895,3.05334043502808,1.28831340736548));
#7660=CARTESIAN_POINT('',(-4.25174031617263,3.05334043502808,1.33293064403155));
#7661=CARTESIAN_POINT('',(-4.37317309224919,3.05334043502808,1.42339640729178));
#7662=CARTESIAN_POINT('',(-4.46483778898986,3.05334043502808,1.4517505404734));
#7663=CARTESIAN_POINT('',(-4.70344299961096,3.05334043502808,1.48137880777213));
#7664=CARTESIAN_POINT('',(-4.85290493883222,3.05334043502808,1.48193030466559));
#7665=CARTESIAN_POINT('',(-5.15638287437257,3.05334043502808,1.4402035313766));
#7666=CARTESIAN_POINT('',(-5.31353854753332,3.05334043502808,1.352831423137));
#7667=CARTESIAN_POINT('',(-5.44923789011434,3.05334043502808,1.02777404551031));
#7668=CARTESIAN_POINT('',(-5.3473094277467,3.05334043502808,0.804717351656373));
#7669=CARTESIAN_POINT('',(-5.07262672094728,3.05334043502808,0.67328167391143));
#7670=CARTESIAN_POINT('',(-4.95799967790457,3.05334043502808,0.663796814774423));
#7671=CARTESIAN_POINT('',(-4.73540409483674,3.05334043502808,0.659772702062744));
#7672=CARTESIAN_POINT('',(-4.62313485158156,3.05334043502808,0.657016343368555));
#7673=CARTESIAN_POINT('',(-4.36626746792264,3.05334043502808,0.703865040685511));
#7674=CARTESIAN_POINT('',(-4.22308788855532,3.05334043502808,0.794593624646875));
#7675=CARTESIAN_POINT('',(-4.15153958082961,3.05334043502808,0.976242140362249));
#7676=CARTESIAN_POINT('',(-4.14287649155686,3.05334043502808,1.02159774901881));
#7677=CARTESIAN_POINT('',(-4.14287649155686,3.05334043502808,1.0668));
#7678=CARTESIAN_POINT('',(-4.20275532896651,3.05334043502808,1.0668));
#7679=CARTESIAN_POINT('',(-4.20275532896651,3.05334043502808,1.085615047837));
#7680=CARTESIAN_POINT('',(-4.20459899291739,3.05334043502808,1.10459803095398));
#7681=CARTESIAN_POINT('',(-4.21417695187485,3.05334043502808,1.15306935743992));
#7682=CARTESIAN_POINT('',(-4.22466973679809,3.05334043502808,1.18171393401961));
#7683=CARTESIAN_POINT('',(-4.2627445944543,3.05334043502808,1.25097813968466));
#7684=CARTESIAN_POINT('',(-4.29658562530625,3.05334043502808,1.2876964008315));
#7685=CARTESIAN_POINT('',(-4.40201227353982,3.05334043502808,1.36074634264338));
#7686=CARTESIAN_POINT('',(-4.48186639448028,3.05334043502808,1.381580639423));
#7687=CARTESIAN_POINT('',(-4.70061394088084,3.05334043502808,1.39701565266053));
#7688=CARTESIAN_POINT('',(-4.85536178235394,3.05334043502808,1.39792941025108));
#7689=CARTESIAN_POINT('',(-5.13246318845729,3.05334043502808,1.37484861549548));
#7690=CARTESIAN_POINT('',(-5.26602637746173,3.05334043502808,1.30468620313799));
#7691=CARTESIAN_POINT('',(-5.3829297064469,3.05334043502808,1.03466365943327));
#7692=CARTESIAN_POINT('',(-5.29642983599177,3.05334043502808,0.84735025680045));
#7693=CARTESIAN_POINT('',(-5.0559709562132,3.05334043502808,0.744907600717584));
#7694=CARTESIAN_POINT('',(-4.95336233225449,3.05334043502808,0.742833927823209));
#7695=CARTESIAN_POINT('',(-4.73707668583983,3.05334043502808,0.744732309926994));
#7696=CARTESIAN_POINT('',(-4.62578719664784,3.05334043502808,0.737309083085915));
#7697=CARTESIAN_POINT('',(-4.393830087431,3.05334043502808,0.766823949530475));
#7698=CARTESIAN_POINT('',(-4.27183837911091,3.05334043502808,0.840354875878603));
#7699=CARTESIAN_POINT('',(-4.21020726643135,3.05334043502808,0.991306666419039));
#7700=CARTESIAN_POINT('',(-4.20275532896651,3.05334043502808,1.02911713469735));
#7701=CARTESIAN_POINT('',(-4.20275532896651,3.05334043502808,1.0668));
#7702=CARTESIAN_POINT('',(-4.26254797452571,3.07001810514779,1.0668));
#7703=CARTESIAN_POINT('',(-4.26254797452571,3.07001810514779,1.08186602419105));
#7704=CARTESIAN_POINT('',(-4.26409283595264,3.07005073333921,1.0970665626927));
#7705=CARTESIAN_POINT('',(-4.27212225874543,3.07022414537898,1.13583610259313));
#7706=CARTESIAN_POINT('',(-4.28091914179196,3.07041511120494,1.15870369544771));
#7707=CARTESIAN_POINT('',(-4.31290130119629,3.07116601885758,1.21370327904698));
#7708=CARTESIAN_POINT('',(-4.34135071570822,3.07187148656755,1.24254044094374));
#7709=CARTESIAN_POINT('',(-4.43078217801692,3.0746043599,1.29823630039918));
#7710=CARTESIAN_POINT('',(-4.49883941068478,3.07739882684442,1.31160769205593));
#7711=CARTESIAN_POINT('',(-4.69778240858483,3.08605542505263,1.31307357518503));
#7712=CARTESIAN_POINT('',(-4.85782380754514,3.08565198365948,1.31433726508262));
#7713=CARTESIAN_POINT('',(-5.10861556467099,3.07467084253399,1.30962218131039));
#7714=CARTESIAN_POINT('',(-5.21859583302161,3.07146718846655,1.25661795231382));
#7715=CARTESIAN_POINT('',(-5.31671021490321,3.06923923388087,1.04153792073613));
#7716=CARTESIAN_POINT('',(-5.24564017064192,3.07005265532337,0.889943859513463));
#7717=CARTESIAN_POINT('',(-5.03937069821302,3.07746127622809,0.816331617215078));
#7718=CARTESIAN_POINT('',(-4.94874715077128,3.08288322666462,0.821532948678671));
#7719=CARTESIAN_POINT('',(-4.73874194530171,3.08757821738067,0.829209536703761));
#7720=CARTESIAN_POINT('',(-4.62841788021325,3.08304988175638,0.817262870950984));
#7721=CARTESIAN_POINT('',(-4.42131754127808,3.07398278908489,0.829665976433651));
#7722=CARTESIAN_POINT('',(-4.32050674553047,3.07131387336791,0.886043748413918));
#7723=CARTESIAN_POINT('',(-4.26878914351232,3.07014708918732,1.0063495177761));
#7724=CARTESIAN_POINT('',(-4.26254797452571,3.07001810514779,1.03662569668936));
#7725=CARTESIAN_POINT('',(-4.26254797452571,3.07001810514779,1.0668));
#7726=CARTESIAN_POINT('',(-4.36501661617823,3.13200260446827,1.0668));
#7727=CARTESIAN_POINT('',(-4.36501661617823,3.13200260446827,1.07544119791132));
#7728=CARTESIAN_POINT('',(-4.36601721990168,3.13214789243077,1.08415958829445));
#7729=CARTESIAN_POINT('',(-4.37122954166422,3.13291928627665,1.10635021346556));
#7730=CARTESIAN_POINT('',(-4.37694210030537,3.13376868239446,1.11939297051676));
#7731=CARTESIAN_POINT('',(-4.39789593837495,3.13709588740639,1.15045153580581));
#7732=CARTESIAN_POINT('',(-4.41662040622907,3.14021768370842,1.16639746655784));
#7733=CARTESIAN_POINT('',(-4.47770434624165,3.15214946425649,1.19542514732529));
#7734=CARTESIAN_POINT('',(-4.52554150695822,3.1642145133253,1.19965857357101));
#7735=CARTESIAN_POINT('',(-4.69264706319381,3.20013527411615,1.18948479988221));
#7736=CARTESIAN_POINT('',(-4.86247712883014,3.19851458778206,1.19073729146253));
#7737=CARTESIAN_POINT('',(-5.0707338591019,3.15283352831711,1.20197438700415));
#7738=CARTESIAN_POINT('',(-5.13856394004505,3.13843662153984,1.17496874155958));
#7739=CARTESIAN_POINT('',(-5.20259775312131,3.12854891556696,1.05280584421127));
#7740=CARTESIAN_POINT('',(-5.16028822575745,3.13247400629963,0.964222971959625));
#7741=CARTESIAN_POINT('',(-5.01342697959929,3.16443329224055,0.930717114173386));
#7742=CARTESIAN_POINT('',(-4.94187709433869,3.18698146587183,0.94065321939168));
#7743=CARTESIAN_POINT('',(-4.74125373285604,3.20591311103455,0.951168845921049));
#7744=CARTESIAN_POINT('',(-4.63175594401778,3.18779279129911,0.938381020424495));
#7745=CARTESIAN_POINT('',(-4.46550363932249,3.14979104128277,0.934068529479707));
#7746=CARTESIAN_POINT('',(-4.40277858804231,3.13775739265328,0.963723912189959));
#7747=CARTESIAN_POINT('',(-4.36904980435723,3.13257759524537,1.03212869935875));
#7748=CARTESIAN_POINT('',(-4.36501661617823,3.13200260446827,1.04949336863947));
#7749=CARTESIAN_POINT('',(-4.36501661617823,3.13200260446827,1.0668));
#7750=CARTESIAN_POINT('',(-4.40754511505519,3.17722021084966,1.0668));
#7751=CARTESIAN_POINT('',(-4.40754511505519,3.17722021084966,1.0727746434141));
#7752=CARTESIAN_POINT('',(-4.40830047906227,3.17744503220003,1.0788026596554));
#7753=CARTESIAN_POINT('',(-4.41224539125458,3.17863830375103,1.09414086123465));
#7754=CARTESIAN_POINT('',(-4.41657079971695,3.17995219655524,1.1031512361783));
#7755=CARTESIAN_POINT('',(-4.43259419675668,3.18509237967582,1.12457700544147));
#7756=CARTESIAN_POINT('',(-4.44699024864466,3.18991320614392,1.13554243425494));
#7757=CARTESIAN_POINT('',(-4.49574343200533,3.20825485085851,1.15535420233066));
#7758=CARTESIAN_POINT('',(-4.53518318513549,3.22673137814817,1.15800030282397));
#7759=CARTESIAN_POINT('',(-4.6903423632194,3.28093764255499,1.15046280107068));
#7760=CARTESIAN_POINT('',(-4.86467331478787,3.27852285283783,1.15133852024731));
#7761=CARTESIAN_POINT('',(-5.0568144773762,3.20952149727312,1.15977578368786));
#7762=CARTESIAN_POINT('',(-5.10610027344419,3.18716689620704,1.14151834549067));
#7763=CARTESIAN_POINT('',(-5.15485761723433,3.17188329670319,1.05717406104586));
#7764=CARTESIAN_POINT('',(-5.12587804845999,3.17811440312827,0.995833499355019));
#7765=CARTESIAN_POINT('',(-5.00417125241483,3.22703707188681,0.973354853291306));
#7766=CARTESIAN_POINT('',(-4.93965506663717,3.26109386877369,0.980562787924863));
#7767=CARTESIAN_POINT('',(-4.74208921805832,3.28934043717937,0.987956491949066));
#7768=CARTESIAN_POINT('',(-4.63243216226021,3.26238668344036,0.979030214495809));
#7769=CARTESIAN_POINT('',(-4.48208110934739,3.20482215654026,0.975426352892142));
#7770=CARTESIAN_POINT('',(-4.43624332312601,3.1861176078442,0.995592315527652));
#7771=CARTESIAN_POINT('',(-4.41058193365134,3.17811029234056,1.04282793194789));
#7772=CARTESIAN_POINT('',(-4.40754511505519,3.17722021084966,1.05483395638665));
#7773=CARTESIAN_POINT('',(-4.40754511505519,3.17722021084966,1.0668));
#7774=CARTESIAN_POINT('',(-4.43534184865137,3.23025620589938,1.0668));
#7775=CARTESIAN_POINT('',(-4.43534184865137,3.23025620589938,1.07103177670269));
#7776=CARTESIAN_POINT('',(-4.43590237358927,3.2305608198558,1.07530131657123));
#7777=CARTESIAN_POINT('',(-4.43884398915593,3.23217608557065,1.08621148984953));
#7778=CARTESIAN_POINT('',(-4.44207226074953,3.23395445914069,1.09266723921958));
#7779=CARTESIAN_POINT('',(-4.45425014220831,3.24088710952459,1.10833376388103));
#7780=CARTESIAN_POINT('',(-4.46530750526589,3.24738069186028,1.11669949575592));
#7781=CARTESIAN_POINT('',(-4.50505671769156,3.27177817474309,1.13366182636721));
#7782=CARTESIAN_POINT('',(-4.53908301611294,3.29608118426296,1.13897822633876));
#7783=CARTESIAN_POINT('',(-4.6886181259912,3.36470525981404,1.14453352645727));
#7784=CARTESIAN_POINT('',(-4.86647404312643,3.3617504711015,1.1446369321248));
#7785=CARTESIAN_POINT('',(-5.05075487456373,3.27417669167343,1.13681316213311));
#7786=CARTESIAN_POINT('',(-5.08621656511031,3.24369724603716,1.12043089183819));
#7787=CARTESIAN_POINT('',(-5.12298501643581,3.223053224348,1.05948263353318));
#7788=CARTESIAN_POINT('',(-5.10521530030023,3.23206410038328,1.01765950343557));
#7789=CARTESIAN_POINT('',(-5.00067028950273,3.2963983427325,0.993015313858393));
#7790=CARTESIAN_POINT('',(-4.93920384801436,3.33959692699268,0.991236902770204));
#7791=CARTESIAN_POINT('',(-4.74230180523435,3.37432871565962,0.990482381636764));
#7792=CARTESIAN_POINT('',(-4.63175681818483,3.34146900657108,0.989965564381604));
#7793=CARTESIAN_POINT('',(-4.48991485394503,3.26786580510397,0.998749695128533));
#7794=CARTESIAN_POINT('',(-4.45690715665929,3.2422822447253,1.01576130462129));
#7795=CARTESIAN_POINT('',(-4.43758437970221,3.23146343968935,1.04982040131792));
#7796=CARTESIAN_POINT('',(-4.43534184865137,3.23025620589938,1.05832457794103));
#7797=CARTESIAN_POINT('',(-4.43534184865137,3.23025620589938,1.0668));
#7798=CARTESIAN_POINT('',(-4.34331828507987,3.05334043502808,1.397));
#7799=CARTESIAN_POINT('',(-4.38681478545381,3.05334043502808,1.397));
#7800=CARTESIAN_POINT('',(-4.43194225172387,3.05543572559052,1.39699999999998));
#7801=CARTESIAN_POINT('',(-4.50697775018867,3.05836454988149,1.39699999999998));
#7802=CARTESIAN_POINT('',(-4.527224507179,3.05908773248923,1.3970000000023));
#7803=CARTESIAN_POINT('',(-4.57005125774794,3.0603114018489,1.3970000000023));
#7804=CARTESIAN_POINT('',(-4.59002449554082,3.06075192938067,1.397));
#7805=CARTESIAN_POINT('',(-4.6354830987155,3.06148972674947,1.397));
#7806=CARTESIAN_POINT('',(-4.66043373612359,3.06171939337381,1.397));
#7807=CARTESIAN_POINT('',(-4.73884721740009,3.06215607747246,1.397));
#7808=CARTESIAN_POINT('',(-4.87463996590972,3.06256931461727,1.397));
#7809=CARTESIAN_POINT('',(-4.98781836400108,3.05999447070758,1.397));
#7810=CARTESIAN_POINT('',(-5.0067930167929,3.05944296513592,1.3969999999999));
#7811=CARTESIAN_POINT('',(-5.06114150016115,3.05757294536721,1.3969999999999));
#7812=CARTESIAN_POINT('',(-5.09196198674607,3.0562079619908,1.397));
#7813=CARTESIAN_POINT('',(-5.1469178213172,3.05418446760109,1.397));
#7814=CARTESIAN_POINT('',(-5.17509276767182,3.05334043502808,1.397));
#7815=CARTESIAN_POINT('',(-5.20228546694394,3.05334043502808,1.397));
#7816=CARTESIAN_POINT('',(-4.34331828507986,3.05334043502808,1.397));
#7817=CARTESIAN_POINT('',(-4.3918024842935,3.0540705720528,1.397));
#7818=CARTESIAN_POINT('',(-4.14287649155686,3.05334043502808,1.0668));
#7819=CARTESIAN_POINT('',(-4.14287649155686,3.05334043502808,1.08936947574768));
#7820=CARTESIAN_POINT('',(-4.14501905669993,3.05334043502808,1.11214035504682));
#7821=CARTESIAN_POINT('',(-4.14929868252234,3.05334043502808,1.1345201976686));
#7822=CARTESIAN_POINT('',(-4.15614608383823,3.05334043502808,1.17032794586343));
#7823=CARTESIAN_POINT('',(-4.16833535659645,3.05334043502808,1.20475860917127));
#7824=CARTESIAN_POINT('',(-4.18532381570778,3.05334043502808,1.23689507001509));
#7825=CARTESIAN_POINT('',(-4.21250535028771,3.05334043502808,1.28831340736536));
#7826=CARTESIAN_POINT('',(-4.25174031617262,3.05334043502808,1.33293064403155));
#7827=CARTESIAN_POINT('',(-4.29844523004822,3.05334043502808,1.36772516836241));
#7828=CARTESIAN_POINT('',(-4.31277460510331,3.05334043502808,1.37840035749407));
#7829=CARTESIAN_POINT('',(-4.32780612174403,3.05334043502808,1.38817603020403));
#7830=CARTESIAN_POINT('',(-4.34331828507986,3.05334043502808,1.397));
#7831=CARTESIAN_POINT('',(-4.14287649155686,3.05334043502808,1.0668));
#7832=CARTESIAN_POINT('',(-4.14287649155686,3.38354043502808,1.0668));
#7833=CARTESIAN_POINT('',(-4.43534184865137,3.23025620589938,1.0668));
#7834=CARTESIAN_POINT('',(-4.43534184865137,3.23025620589938,1.0668));
#7835=CARTESIAN_POINT('',(-4.43534184865137,3.23025620589938,1.07103177670269));
#7836=CARTESIAN_POINT('',(-4.43590237358927,3.2305608198558,1.07530131657123));
#7837=CARTESIAN_POINT('',(-4.43884398915593,3.23217608557065,1.08621148984953));
#7838=CARTESIAN_POINT('',(-4.44207226074953,3.23395445914069,1.09266723921958));
#7839=CARTESIAN_POINT('',(-4.45425014220831,3.24088710952459,1.10833376388103));
#7840=CARTESIAN_POINT('',(-4.46530750526589,3.24738069186028,1.11669949575592));
#7841=CARTESIAN_POINT('',(-4.50505671769156,3.27177817474309,1.13366182636721));
#7842=CARTESIAN_POINT('',(-4.53908301611294,3.29608118426296,1.13897822633876));
#7843=CARTESIAN_POINT('',(-4.64230266623508,3.34345034775978,1.14281288520264));
#7844=CARTESIAN_POINT('',(-4.7091841587477,3.35327848784741,1.14369301949253));
#7845=CARTESIAN_POINT('',(-4.77585872558276,3.35266473800473,1.14368485959432));
#7846=CARTESIAN_POINT('',(-4.77653074240012,3.36292506465157,1.14285132437032));
#7847=CARTESIAN_POINT('',(-4.43534184865137,3.23025620589938,1.0668));
#7848=CARTESIAN_POINT('',(-4.43534184865137,3.23025620589938,1.07103177670269));
#7849=CARTESIAN_POINT('',(-4.43590237358927,3.2305608198558,1.07530131657123));
#7850=CARTESIAN_POINT('',(-4.43884398915593,3.23217608557065,1.08621148984953));
#7851=CARTESIAN_POINT('',(-4.44207226074953,3.23395445914069,1.09266723921958));
#7852=CARTESIAN_POINT('',(-4.45425014220831,3.24088710952459,1.10833376388103));
#7853=CARTESIAN_POINT('',(-4.46530750526589,3.24738069186028,1.11669949575592));
#7854=CARTESIAN_POINT('',(-4.50505671769156,3.27177817474309,1.13366182636721));
#7855=CARTESIAN_POINT('',(-4.53908301611294,3.29608118426296,1.13897822633876));
#7856=CARTESIAN_POINT('',(-4.6886181259912,3.36470525981404,1.14453352645727));
#7857=CARTESIAN_POINT('',(-4.86647404312643,3.3617504711015,1.1446369321248));
#7858=CARTESIAN_POINT('',(-5.05075487456373,3.27417669167343,1.13681316213311));
#7859=CARTESIAN_POINT('',(-5.08621656511031,3.24369724603716,1.12043089183819));
#7860=CARTESIAN_POINT('',(-5.12298501643581,3.223053224348,1.05948263353318));
#7861=CARTESIAN_POINT('',(-5.10521530030023,3.23206410038328,1.01765950343557));
#7862=CARTESIAN_POINT('',(-5.00067028950273,3.2963983427325,0.993015313858393));
#7863=CARTESIAN_POINT('',(-4.93920384801436,3.33959692699268,0.991236902770204));
#7864=CARTESIAN_POINT('',(-4.74230180523435,3.37432871565962,0.990482381636764));
#7865=CARTESIAN_POINT('',(-4.63175681818483,3.34146900657108,0.989965564381604));
#7866=CARTESIAN_POINT('',(-4.48991485394503,3.26786580510397,0.998749695128533));
#7867=CARTESIAN_POINT('',(-4.45690715665929,3.2422822447253,1.01576130462129));
#7868=CARTESIAN_POINT('',(-4.43758437970221,3.23146343968935,1.04982040131792));
#7869=CARTESIAN_POINT('',(-4.43534184865137,3.23025620589938,1.05832457794103));
#7870=CARTESIAN_POINT('',(-4.43534184865137,3.23025620589938,1.0668));
#7871=CARTESIAN_POINT('',(-4.34331828507987,3.05334043502808,1.397));
#7872=CARTESIAN_POINT('',(-4.38681478545381,3.05334043502808,1.397));
#7873=CARTESIAN_POINT('',(-4.43194225172387,3.05543572559052,1.39699999999998));
#7874=CARTESIAN_POINT('',(-4.50697775018867,3.05836454988149,1.39699999999998));
#7875=CARTESIAN_POINT('',(-4.527224507179,3.05908773248923,1.3970000000023));
#7876=CARTESIAN_POINT('',(-4.57005125774794,3.0603114018489,1.3970000000023));
#7877=CARTESIAN_POINT('',(-4.59002449554082,3.06075192938067,1.397));
#7878=CARTESIAN_POINT('',(-4.6354830987155,3.06148972674947,1.397));
#7879=CARTESIAN_POINT('',(-4.66043373612359,3.06171939337381,1.397));
#7880=CARTESIAN_POINT('',(-4.73884721740009,3.06215607747246,1.397));
#7881=CARTESIAN_POINT('',(-4.87463996590972,3.06256931461727,1.397));
#7882=CARTESIAN_POINT('',(-4.98781836400108,3.05999447070758,1.397));
#7883=CARTESIAN_POINT('',(-5.0067930167929,3.05944296513592,1.3969999999999));
#7884=CARTESIAN_POINT('',(-5.06114150016115,3.05757294536721,1.3969999999999));
#7885=CARTESIAN_POINT('',(-5.09196198674607,3.0562079619908,1.397));
#7886=CARTESIAN_POINT('',(-5.1469178213172,3.05418446760109,1.397));
#7887=CARTESIAN_POINT('',(-5.17509276767182,3.05334043502808,1.397));
#7888=CARTESIAN_POINT('',(-5.20228546694394,3.05334043502808,1.397));
#7889=CARTESIAN_POINT('',(-4.14287649155686,3.38354043502808,0.));
#7890=CARTESIAN_POINT('',(-4.14287649155686,3.05334043502808,0.));
#7891=CARTESIAN_POINT('',(-4.43534184865137,3.23025620589938,0.));
#7892=CARTESIAN_POINT('',(-4.77280187606812,3.05338978767395,1.0668));
#7893=CARTESIAN_POINT('',(-4.77280187606812,3.05338978767395,1.0668));
#7894=CARTESIAN_POINT('',(-0.740947008132932,-0.0260822772979774,1.397));
#7895=CARTESIAN_POINT('',(3.29357719421387,3.05334043502808,1.397));
#7896=CARTESIAN_POINT('',(3.29357719421387,-0.0309977531433097,0.));
#7897=CARTESIAN_POINT('',(3.29357719421387,1.61373157119751,1.143));
#7898=CARTESIAN_POINT('',(3.29357719421387,1.86773157119751,1.143));
#7899=CARTESIAN_POINT('',(3.29357719421387,1.86773157119751,0.6985));
#7900=CARTESIAN_POINT('',(-0.73621034622192,3.05334043502808,0.));
#7901=CARTESIAN_POINT('',(3.29357719421387,3.05334043502808,1.397));
#7902=CARTESIAN_POINT('',(-2.74224996566772,-3.1915359413147,1.2192));
#7903=CARTESIAN_POINT('',(-4.76599788665771,-3.1915359413147,1.2192));
#7904=CARTESIAN_POINT('',(-4.76599788665771,-0.0309977531433101,0.));
#7905=CARTESIAN_POINT('',(-0.73621034622192,-3.1153359413147,0.));
#7906=CARTESIAN_POINT('',(-4.76599788665771,-3.1153359413147,1.397));
#7907=CARTESIAN_POINT('',(-4.76599788665771,-0.0309977531433101,0.));
#7908=CARTESIAN_POINT('',(-4.76599788665771,-1.03341484069824,0.6985));
#7909=CARTESIAN_POINT('',(-4.76599788665771,-1.03341484069824,1.143));
#7910=CARTESIAN_POINT('',(-4.76599788665771,-1.28741484069824,1.143));
#7911=CARTESIAN_POINT('',(3.39533323599162,-2.83981159032156,1.29098668907711));
#7912=CARTESIAN_POINT('',(3.38474412387948,-2.83090290052055,1.29475641010766));
#7913=CARTESIAN_POINT('',(3.37287092106051,-2.82392751106756,1.29626635270658));
#7914=CARTESIAN_POINT('',(3.34952579818965,-2.81623406770833,1.29356516682683));
#7915=CARTESIAN_POINT('',(3.33807836228384,-2.81534656451348,1.28948970200601));
#7916=CARTESIAN_POINT('',(3.32202241107692,-2.81704370195797,1.2790349785149));
#7917=CARTESIAN_POINT('',(3.31648901793964,-2.81838303465872,1.27416203601112));
#7918=CARTESIAN_POINT('',(3.30875225603138,-2.82090473730301,1.26506389191072));
#7919=CARTESIAN_POINT('',(3.30609949777086,-2.8219505813589,1.26129862316808));
#7920=CARTESIAN_POINT('',(3.29307289307546,-2.82762272486877,1.23878337637687));
#7921=CARTESIAN_POINT('',(3.29065427230138,-2.82956245835194,1.21515145330807));
#7922=CARTESIAN_POINT('',(3.30272177517843,-2.82324500655081,1.17973747549575));
#7923=CARTESIAN_POINT('',(3.3124826680662,-2.81862053254272,1.16658346377581));
#7924=CARTESIAN_POINT('',(3.33309135032638,-2.81561700991801,1.15170049164569));
#7925=CARTESIAN_POINT('',(3.34226376345726,-2.81560630613913,1.14747138105686));
#7926=CARTESIAN_POINT('',(3.35769723221186,-2.81876619615605,1.1437159867566));
#7927=CARTESIAN_POINT('',(3.36381254021353,-2.82074644448568,1.143));
#7928=CARTESIAN_POINT('',(3.37574184821421,-2.82612854993976,1.143));
#7929=CARTESIAN_POINT('',(3.38167691047288,-2.8295798067698,1.14371082984412));
#7930=CARTESIAN_POINT('',(3.39638133599155,-2.84004458938874,1.14719214300915));
#7931=CARTESIAN_POINT('',(3.40473700200637,-2.84795172067656,1.15090972631536));
#7932=CARTESIAN_POINT('',(3.42398363740409,-2.87005882673763,1.16378218520058));
#7933=CARTESIAN_POINT('',(3.43338643203388,-2.88535572464545,1.17474920463645));
#7934=CARTESIAN_POINT('',(3.44893755362549,-2.91394073288788,1.20961185837976));
#7935=CARTESIAN_POINT('',(3.44692660199232,-2.90896095287935,1.23872688279948));
#7936=CARTESIAN_POINT('',(3.42605452063995,-2.87337117643482,1.27350829291164));
#7937=CARTESIAN_POINT('',(3.41217074198579,-2.85397709507175,1.2849925415248));
#7938=CARTESIAN_POINT('',(3.39533323599162,-2.83981159032156,1.29098668907711));
#7939=CARTESIAN_POINT('',(3.40283197082757,-2.81972594462982,1.28831714151598));
#7940=CARTESIAN_POINT('',(3.39126696908659,-2.81130455682255,1.29368058794403));
#7941=CARTESIAN_POINT('',(3.37769391161721,-2.80452825678522,1.29632251477168));
#7942=CARTESIAN_POINT('',(3.3510791666016,-2.7967291542128,1.2942315830871));
#7943=CARTESIAN_POINT('',(3.33811945325933,-2.79554251135686,1.28968242483692));
#7944=CARTESIAN_POINT('',(3.32077271228549,-2.7964418455829,1.27811751644051));
#7945=CARTESIAN_POINT('',(3.31501400895416,-2.79740318686761,1.27276370143051));
#7946=CARTESIAN_POINT('',(3.30729690307106,-2.79925784977917,1.26314231280058));
#7947=CARTESIAN_POINT('',(3.30474223049525,-2.80003659009831,1.25924092468551));
#7948=CARTESIAN_POINT('',(3.29255480341737,-2.80424721741062,1.23652846677344));
#7949=CARTESIAN_POINT('',(3.29092567173701,-2.80564742476423,1.2160641737845));
#7950=CARTESIAN_POINT('',(3.30144730731518,-2.80100939005637,1.18223836047884));
#7951=CARTESIAN_POINT('',(3.31063238182689,-2.79746614490205,1.16822567767892));
#7952=CARTESIAN_POINT('',(3.33265592992731,-2.79560075022563,1.15182369376905));
#7953=CARTESIAN_POINT('',(3.34288134018704,-2.79590927484836,1.14706442218408));
#7954=CARTESIAN_POINT('',(3.36038116487938,-2.79931323311817,1.14322333917102));
#7955=CARTESIAN_POINT('',(3.36737350765096,-2.80132359501231,1.14265637665801));
#7956=CARTESIAN_POINT('',(3.380960635196,-2.80663116809072,1.14334362334199));
#7957=CARTESIAN_POINT('',(3.38769146040231,-2.80997756941712,1.1445979886714));
#7958=CARTESIAN_POINT('',(3.40408572678088,-2.81998329008424,1.14987506255311));
#7959=CARTESIAN_POINT('',(3.41310455439971,-2.82742976472745,1.15508190786491));
#7960=CARTESIAN_POINT('',(3.43248650796051,-2.84772679251392,1.17174771661766));
#7961=CARTESIAN_POINT('',(3.44014868888274,-2.86115853647145,1.18519735651713));
#7962=CARTESIAN_POINT('',(3.44866886688436,-2.8834807600838,1.2165479786158));
#7963=CARTESIAN_POINT('',(3.44887264638205,-2.88029473922166,1.22903014229882));
#7964=CARTESIAN_POINT('',(3.43458580611585,-2.85095493648026,1.26424277314145));
#7965=CARTESIAN_POINT('',(3.42122121669392,-2.83311660157844,1.27978884750742));
#7966=CARTESIAN_POINT('',(3.40283197082757,-2.81972594462982,1.28831714151598));
#7967=CARTESIAN_POINT('',(3.41352190139607,-2.79980959569185,1.29481167671736));
#7968=CARTESIAN_POINT('',(3.39933968359309,-2.79184095074257,1.30135370933168));
#7969=CARTESIAN_POINT('',(3.38279278131885,-2.78524770118343,1.30465394101935));
#7970=CARTESIAN_POINT('',(3.35051501324728,-2.77733421151971,1.30254171030857));
#7971=CARTESIAN_POINT('',(3.3348681265987,-2.77585549597419,1.29734746684835));
#7972=CARTESIAN_POINT('',(3.31402549376083,-2.77598499365862,1.28415066313174));
#7973=CARTESIAN_POINT('',(3.30713686264139,-2.77658307412395,1.27804667173747));
#7974=CARTESIAN_POINT('',(3.29796208971305,-2.77779901384647,1.2671878519155));
#7975=CARTESIAN_POINT('',(3.29494139626442,-2.77832250267103,1.26280986956917));
#7976=CARTESIAN_POINT('',(3.28060777727548,-2.78113869358521,1.23754099369144));
#7977=CARTESIAN_POINT('',(3.27883941404031,-2.7820279768201,1.21608894256082));
#7978=CARTESIAN_POINT('',(3.29103370838665,-2.77898757343628,1.17917752822788));
#7979=CARTESIAN_POINT('',(3.30186545884307,-2.77647728236483,1.16330450793377));
#7980=CARTESIAN_POINT('',(3.32829268770304,-2.77570844284103,1.14460116478069));
#7981=CARTESIAN_POINT('',(3.34061889960146,-2.77632695811648,1.13915321968318));
#7982=CARTESIAN_POINT('',(3.36179219032855,-2.77997261267869,1.13486956188841));
#7983=CARTESIAN_POINT('',(3.37027088624996,-2.78201516947198,1.13429043984991));
#7984=CARTESIAN_POINT('',(3.38678894675723,-2.78725902658236,1.13528494026023));
#7985=CARTESIAN_POINT('',(3.39499406102305,-2.79050939979214,1.13686080347466));
#7986=CARTESIAN_POINT('',(3.41503902746492,-2.80009010739415,1.14335427057748));
#7987=CARTESIAN_POINT('',(3.4261326915455,-2.80710748491718,1.14968786624688));
#7988=CARTESIAN_POINT('',(3.45003395869247,-2.82572328257547,1.16979003711833));
#7989=CARTESIAN_POINT('',(3.45952380190169,-2.83742758065857,1.18608170317337));
#7990=CARTESIAN_POINT('',(3.46914477157755,-2.85397446306145,1.21983397593504));
#7991=CARTESIAN_POINT('',(3.46978366340439,-2.85243925388202,1.22539030305807));
#7992=CARTESIAN_POINT('',(3.45275226186946,-2.8288703375299,1.26533133987012));
#7993=CARTESIAN_POINT('',(3.43607272291345,-2.81248035653356,1.28440933965725));
#7994=CARTESIAN_POINT('',(3.41352190139607,-2.79980959569185,1.29481167671736));
#7995=CARTESIAN_POINT('',(3.43430653654461,-2.77331545077782,1.32188974739675));
#7996=CARTESIAN_POINT('',(3.41389170153984,-2.76481425686161,1.3295394029075));
#7997=CARTESIAN_POINT('',(3.39070201380017,-2.75778067668104,1.33317636186254));
#7998=CARTESIAN_POINT('',(3.34548631261685,-2.74927748796178,1.32994515848355));
#7999=CARTESIAN_POINT('',(3.32352646563286,-2.7476397506966,1.32333546485237));
#8000=CARTESIAN_POINT('',(3.29356935557758,-2.74765641820703,1.30647952032363));
#8001=CARTESIAN_POINT('',(3.2834720887052,-2.74824369648916,1.2986610000354));
#8002=CARTESIAN_POINT('',(3.26970692015439,-2.74946413715985,1.28452715568837));
#8003=CARTESIAN_POINT('',(3.26508414015025,-2.7499947009196,1.278778097584));
#8004=CARTESIAN_POINT('',(3.24277657081371,-2.75285917064798,1.24519721051176));
#8005=CARTESIAN_POINT('',(3.23934156368503,-2.75377834870216,1.21443153679202));
#8006=CARTESIAN_POINT('',(3.25914798472169,-2.75066841914367,1.16410831649415));
#8007=CARTESIAN_POINT('',(3.27594307128833,-2.74810279089991,1.14351145503623));
#8008=CARTESIAN_POINT('',(3.31414316492157,-2.74744812898283,1.11958534837807));
#8009=CARTESIAN_POINT('',(3.33157576343417,-2.74816566843119,1.11267540161824));
#8010=CARTESIAN_POINT('',(3.36129396107155,-2.75211531821432,1.10701805240959));
#8011=CARTESIAN_POINT('',(3.37315196804477,-2.75431008987911,1.10614452449871));
#8012=CARTESIAN_POINT('',(3.39632431273638,-2.75992258718837,1.10700624229681));
#8013=CARTESIAN_POINT('',(3.40787280478974,-2.76339297185151,1.10874086617753));
#8014=CARTESIAN_POINT('',(3.43637559498499,-2.7736155577622,1.11618891833559));
#8015=CARTESIAN_POINT('',(3.45245969903086,-2.78109759835776,1.12363091694888));
#8016=CARTESIAN_POINT('',(3.48854625454214,-2.80099470174157,1.14788639991321));
#8017=CARTESIAN_POINT('',(3.50486497067438,-2.81356945131411,1.16795341818697));
#8018=CARTESIAN_POINT('',(3.52717027050887,-2.83168229624927,1.21538416281316));
#8019=CARTESIAN_POINT('',(3.52571667481736,-2.82989061398226,1.23399200624679));
#8020=CARTESIAN_POINT('',(3.49264490719059,-2.80433594472008,1.28701887714712));
#8021=CARTESIAN_POINT('',(3.46676770072179,-2.78683300560263,1.30972620439602));
#8022=CARTESIAN_POINT('',(3.43430653654461,-2.77331545077782,1.32188974739675));
#8023=CARTESIAN_POINT('',(3.44422605276809,-2.76696096715113,1.34224504876495));
#8024=CARTESIAN_POINT('',(3.42027986128299,-2.75743880242823,1.34985545810527));
#8025=CARTESIAN_POINT('',(3.39346559010562,-2.74976232543355,1.35319299348842));
#8026=CARTESIAN_POINT('',(3.34105162146731,-2.74077394490801,1.34888412346804));
#8027=CARTESIAN_POINT('',(3.31549949274064,-2.73927820336819,1.34150284482924));
#8028=CARTESIAN_POINT('',(3.2800030383901,-2.7399842457657,1.3226173228672));
#8029=CARTESIAN_POINT('',(3.26786308977428,-2.74094056556498,1.31383381996559));
#8030=CARTESIAN_POINT('',(3.25103143693086,-2.74283438646178,1.29766968931187));
#8031=CARTESIAN_POINT('',(3.2452996434839,-2.74363954056699,1.29103102776886));
#8032=CARTESIAN_POINT('',(3.2173153303102,-2.74801412968576,1.25173911391188));
#8033=CARTESIAN_POINT('',(3.21241364876292,-2.74949924245979,1.21278245409359));
#8034=CARTESIAN_POINT('',(3.23797989828504,-2.74464445763734,1.15225195823997));
#8035=CARTESIAN_POINT('',(3.25898394768909,-2.74094006516932,1.12879837819974));
#8036=CARTESIAN_POINT('',(3.30444182632564,-2.73925549153211,1.10194859717422));
#8037=CARTESIAN_POINT('',(3.32484757815442,-2.73975070630296,1.09426302316726));
#8038=CARTESIAN_POINT('',(3.35938752178942,-2.74375952288216,1.08768117765787));
#8039=CARTESIAN_POINT('',(3.37311958215304,-2.74607671524913,1.08653035593654));
#8040=CARTESIAN_POINT('',(3.39997099783354,-2.75213394634651,1.08696787076405));
#8041=CARTESIAN_POINT('',(3.41336273361532,-2.75593046644522,1.08855080742689));
#8042=CARTESIAN_POINT('',(3.44658473262995,-2.7672567832118,1.09577293216926));
#8043=CARTESIAN_POINT('',(3.46550980890755,-2.77566574648256,1.10322637938789));
#8044=CARTESIAN_POINT('',(3.50896195330556,-2.79863971951767,1.12827404854927));
#8045=CARTESIAN_POINT('',(3.52995915107041,-2.81391633379672,1.14932415344425));
#8046=CARTESIAN_POINT('',(3.56290671514479,-2.83962357154589,1.20785695936211));
#8047=CARTESIAN_POINT('',(3.55917369046691,-2.83586550475273,1.24592452751624));
#8048=CARTESIAN_POINT('',(3.51379361724575,-2.80227195770064,1.30724750272017));
#8049=CARTESIAN_POINT('',(3.48230234645525,-2.78210194440223,1.33014391020595));
#8050=CARTESIAN_POINT('',(3.44422605276809,-2.76696096715113,1.34224504876495));
#8051=CARTESIAN_POINT('',(3.45043539443766,-2.76957294718387,1.36277337815423));
#8052=CARTESIAN_POINT('',(3.42396261415731,-2.7584370849326,1.37031282021531));
#8053=CARTESIAN_POINT('',(3.39427960710989,-2.74971784811637,1.37333270541315));
#8054=CARTESIAN_POINT('',(3.33591679993274,-2.74010104391734,1.36793033365365));
#8055=CARTESIAN_POINT('',(3.30729821016822,-2.73899166492377,1.35977940401201));
#8056=CARTESIAN_POINT('',(3.26715833215091,-2.74111308672939,1.33886995702981));
#8057=CARTESIAN_POINT('',(3.25332484930772,-2.74278725260532,1.32912407202224));
#8058=CARTESIAN_POINT('',(3.23398294453705,-2.74593938091068,1.31092778382144));
#8059=CARTESIAN_POINT('',(3.22735104888575,-2.74724668598055,1.30339724633615));
#8060=CARTESIAN_POINT('',(3.19478453714726,-2.75433686536788,1.25836675275373));
#8061=CARTESIAN_POINT('',(3.18873798521207,-2.75676153222185,1.21110290661615));
#8062=CARTESIAN_POINT('',(3.2189067424047,-2.74886471747044,1.1402749509915));
#8063=CARTESIAN_POINT('',(3.24330897462412,-2.74308412496032,1.11396692755161));
#8064=CARTESIAN_POINT('',(3.29483068027455,-2.73932972167944,1.08420098329137));
#8065=CARTESIAN_POINT('',(3.31776171310176,-2.73931634195584,1.07574276211373));
#8066=CARTESIAN_POINT('',(3.35634538498825,-2.74326620447699,1.0682319735132));
#8067=CARTESIAN_POINT('',(3.37163365499244,-2.74574151488902,1.0668));
#8068=CARTESIAN_POINT('',(3.40145692499414,-2.75246914670662,1.0668));
#8069=CARTESIAN_POINT('',(3.41629458064082,-2.75678321774417,1.06822165968825));
#8070=CARTESIAN_POINT('',(3.45305564443748,-2.76986419601785,1.0751842860183));
#8071=CARTESIAN_POINT('',(3.47394480947453,-2.77974811012763,1.08261945263072));
#8072=CARTESIAN_POINT('',(3.52206139796884,-2.80738199270396,1.10836437040116));
#8073=CARTESIAN_POINT('',(3.5455683845433,-2.82650311508873,1.13029840927289));
#8074=CARTESIAN_POINT('',(3.58444618852233,-2.86223437539177,1.20002371675952));
#8075=CARTESIAN_POINT('',(3.57941880943942,-2.85600965038111,1.25825376559895));
#8076=CARTESIAN_POINT('',(3.52723860605849,-2.81152242982544,1.32781658582328));
#8077=CARTESIAN_POINT('',(3.49252915942308,-2.7872798281216,1.3507850830496));
#8078=CARTESIAN_POINT('',(3.45043539443766,-2.76957294718387,1.36277337815423));
#8079=CARTESIAN_POINT('',(3.29357719422025,-2.82815338495256,1.21919999833505));
#8080=CARTESIAN_POINT('',(3.29357719422025,-2.82802856220442,1.21907517578488));
#8081=CARTESIAN_POINT('',(3.29357719421387,-2.82790228757841,1.21894908455607));
#8082=CARTESIAN_POINT('',(3.29357719421387,-2.80861660404548,1.19971840459973));
#8083=CARTESIAN_POINT('',(3.29357719421395,-2.78913359950829,1.18444372072123));
#8084=CARTESIAN_POINT('',(3.29357719421395,-2.76339741558548,1.15429057997635));
#8085=CARTESIAN_POINT('',(3.29357719421387,-2.75359760115298,1.14050613137534));
#8086=CARTESIAN_POINT('',(3.29357719421387,-2.74245970469129,1.1116665286091));
#8087=CARTESIAN_POINT('',(3.2935771942681,-2.73987552550026,1.09902567226296));
#8088=CARTESIAN_POINT('',(3.2935771942681,-2.73987551714217,1.08618046611509));
#8089=CARTESIAN_POINT('',(3.29357719422025,-2.82815338495256,1.21920000000615));
#8090=CARTESIAN_POINT('',(3.29369418618018,-2.82780260801419,1.21922468958333));
#8091=CARTESIAN_POINT('',(3.29366100594482,-2.82788874863729,1.21087430865734));
#8092=CARTESIAN_POINT('',(3.29495894395775,-2.82730892205816,1.20251871991814));
#8093=CARTESIAN_POINT('',(3.30272177517843,-2.82324500655081,1.17973747549575));
#8094=CARTESIAN_POINT('',(3.3124826680662,-2.81862053254272,1.16658346377581));
#8095=CARTESIAN_POINT('',(3.33309135032638,-2.81561700991801,1.15170049164569));
#8096=CARTESIAN_POINT('',(3.34226376345726,-2.81560630613913,1.14747138105686));
#8097=CARTESIAN_POINT('',(3.35769723221186,-2.81876619615605,1.1437159867566));
#8098=CARTESIAN_POINT('',(3.36381254021353,-2.82074644448568,1.143));
#8099=CARTESIAN_POINT('',(3.36977719421387,-2.82343749721272,1.143));
#8100=CARTESIAN_POINT('',(3.36977719421387,-1.57588195800781,1.2192));
#8101=CARTESIAN_POINT('',(3.29357719421387,-1.57588195800781,1.2192));
#8102=CARTESIAN_POINT('',(3.29357719421387,-3.1153359413147,1.2192));
#8103=CARTESIAN_POINT('',(3.36977719421387,-3.1915359413147,1.2192));
#8104=CARTESIAN_POINT('',(1.28324723243714,-3.1915359413147,1.2192));
#8105=CARTESIAN_POINT('',(3.29357719421387,-3.1915359413147,1.2192));
#8106=CARTESIAN_POINT('',(3.29357719421387,-0.0309977531433097,0.));
#8107=CARTESIAN_POINT('',(3.29357719421387,-2.57879638671875,0.6985));
#8108=CARTESIAN_POINT('',(3.29357719421387,-2.57879638671875,1.143));
#8109=CARTESIAN_POINT('',(3.29357719421387,-2.32479638671875,1.143));
#8110=CARTESIAN_POINT('',(1.78212510893515,3.48951425933838,1.59657367861441));
#8111=CARTESIAN_POINT('',(2.54412510893515,3.48951425933838,1.59657367861441));
#8112=CARTESIAN_POINT('',(1.78212510893515,4.25151425933838,1.59657367861441));
#8113=CARTESIAN_POINT('',(-0.740947008132932,3.06232118606567,1.397));
#8114=CARTESIAN_POINT('',(3.2946367263794,3.06232118606567,1.397));
#8115=CARTESIAN_POINT('',(2.54412510893515,3.06232118606567,1.4967868393072));
#8116=CARTESIAN_POINT('',(-0.740947008132932,-3.11448574066162,1.397));
#8117=CARTESIAN_POINT('',(-3.90137767791748,0.910163640975952,1.1938));
#8118=CARTESIAN_POINT('',(-3.90137767791748,0.910163640975952,1.2573));
#8119=CARTESIAN_POINT('',(-4.01567767791748,0.910163640975952,1.2573));
#8120=CARTESIAN_POINT('',(1.23725318908691,2.35125589370728,1.2573));
#8121=CARTESIAN_POINT('',(1.23725318908691,2.35125589370728,1.2573));
#8122=CARTESIAN_POINT('',(1.12295318908691,2.35125589370728,1.2573));
#8123=CARTESIAN_POINT('',(1.23725318908691,2.35125589370728,1.1938));
#8124=CARTESIAN_POINT('',(1.05945318908691,2.35125589370728,1.1938));
#8125=CARTESIAN_POINT('',(1.35102367401123,-2.47450685501099,1.2573));
#8126=CARTESIAN_POINT('',(1.35102367401123,-2.47450685501099,1.2573));
#8127=CARTESIAN_POINT('',(1.23672367401123,-2.47450685501099,1.2573));
#8128=CARTESIAN_POINT('',(1.35102367401123,-2.47450685501099,1.1938));
#8129=CARTESIAN_POINT('',(1.17322367401123,-2.47450685501099,1.1938));
#8130=CARTESIAN_POINT('',(-3.90137767791748,0.910163640975952,1.2573));
#8131=CARTESIAN_POINT('',(-3.90137767791748,0.910163640975952,1.1938));
#8132=CARTESIAN_POINT('',(-4.07917767791748,0.910163640975952,1.1938));
#8133=CARTESIAN_POINT('',(1.23725318908691,2.35125589370728,1.1938));
#8134=CARTESIAN_POINT('',(1.23725318908691,2.35125589370728,1.1938));
#8135=CARTESIAN_POINT('',(1.23725318908691,2.35125589370728,1.1938));
#8136=CARTESIAN_POINT('',(1.55475318908691,2.35125589370728,1.1938));
#8137=CARTESIAN_POINT('',(1.35102367401123,-2.47450685501099,1.1938));
#8138=CARTESIAN_POINT('',(1.35102367401123,-2.47450685501099,1.1938));
#8139=CARTESIAN_POINT('',(1.35102367401123,-2.47450685501099,1.1938));
#8140=CARTESIAN_POINT('',(1.66852367401123,-2.47450685501099,1.1938));
#8141=CARTESIAN_POINT('',(-3.90137767791748,0.910163640975952,1.1938));
#8142=CARTESIAN_POINT('',(-3.90137767791748,0.910163640975952,1.1938));
#8143=CARTESIAN_POINT('',(-3.58387767791748,0.910163640975952,1.1938));
#8144=CARTESIAN_POINT('',(2.77609128570557,-0.0285396575927762,1.143));
#8145=CARTESIAN_POINT('',(2.77609128570557,-2.58234948730469,1.143));
#8146=CARTESIAN_POINT('',(3.03009128570557,-2.58234948730469,1.143));
#8147=CARTESIAN_POINT('',(2.77609128570557,-2.32479638671875,1.143));
#8148=CARTESIAN_POINT('',(3.03009128570557,-2.57879638671875,1.143));
#8149=CARTESIAN_POINT('',(3.03009128570557,-0.0285396575927762,1.143));
#8150=CARTESIAN_POINT('',(2.77609128570557,-2.58234948730469,1.143));
#8151=CARTESIAN_POINT('',(2.77609128570557,-2.58234948730469,1.143));
#8152=CARTESIAN_POINT('',(2.77609128570557,-2.83634948730469,1.143));
#8153=CARTESIAN_POINT('',(2.77609128570557,-2.58234948730469,1.143));
#8154=CARTESIAN_POINT('',(-0.72071123123169,-2.83634948730469,0.));
#8155=CARTESIAN_POINT('',(-0.730829119682311,-2.83634948730469,1.143));
#8156=CARTESIAN_POINT('',(-4.21751374816895,-2.83634948730469,1.143));
#8157=CARTESIAN_POINT('',(2.77609128570557,-2.83634948730469,0.));
#8158=CARTESIAN_POINT('',(-4.21751374816895,-2.83634948730469,0.));
#8159=CARTESIAN_POINT('',(2.77609128570557,-2.58234948730469,0.));
#8160=CARTESIAN_POINT('',(3.03009128570557,-2.58234948730469,0.));
#8161=CARTESIAN_POINT('',(3.03009128570557,-0.030997037887575,0.));
#8162=CARTESIAN_POINT('',(3.03009128570557,-2.57879638671875,0.6985));
#8163=CARTESIAN_POINT('',(-0.730829119682311,-2.58234948730469,1.143));
#8164=CARTESIAN_POINT('',(-0.730829119682311,-2.61686700479088,1.39464367861441));
#8165=CARTESIAN_POINT('',(2.54412510893515,-2.61686700479087,1.39464367861441));
#8166=CARTESIAN_POINT('',(1.6348190893277,-2.61686700479087,1.39464367861441));
#8167=CARTESIAN_POINT('',(2.54412510893515,-2.58234948730469,1.143));
#8168=CARTESIAN_POINT('',(-4.21751374816895,-2.58234948730469,1.143));
#8169=CARTESIAN_POINT('',(0.771205108935151,-2.58234948730469,1.143));
#8170=CARTESIAN_POINT('',(0.771205108935153,-2.61686700479087,1.39464367861441));
#8171=CARTESIAN_POINT('',(-0.730829119682311,-2.61686700479088,1.39464367861441));
#8172=CARTESIAN_POINT('',(1.06722825869476,-2.61686700479087,1.39464367861441));
#8173=CARTESIAN_POINT('',(1.63927374588161,-2.34139732842961,1.06263796211248));
#8174=CARTESIAN_POINT('',(1.6352260587861,-2.33263199430894,1.08891940107753));
#8175=CARTESIAN_POINT('',(1.63288228016894,-2.32834948730469,1.11687813791694));
#8176=CARTESIAN_POINT('',(1.63288228016894,-2.32834948730469,1.16912186208306));
#8177=CARTESIAN_POINT('',(1.6352260587861,-2.33263199430894,1.19708059892247));
#8178=CARTESIAN_POINT('',(1.64332143297751,-2.35016266255018,1.24964347685255));
#8179=CARTESIAN_POINT('',(1.64888265819848,-2.36339738795769,1.27428123996745));
#8180=CARTESIAN_POINT('',(1.65850337719145,-2.39380871237043,1.31505648437096));
#8181=CARTESIAN_POINT('',(1.66337965288084,-2.41332134772,1.33454685072503));
#8182=CARTESIAN_POINT('',(1.66888068924391,-2.45786831675937,1.36608103650279));
#8183=CARTESIAN_POINT('',(1.66935734611372,-2.48292359111135,1.37812093269917));
#8184=CARTESIAN_POINT('',(1.66419023334424,-2.53267419866869,1.3935063946768));
#8185=CARTESIAN_POINT('',(1.6579426771009,-2.56060654541246,1.39745667332768));
#8186=CARTESIAN_POINT('',(1.63779532384388,-2.61369899453832,1.39645248577692));
#8187=CARTESIAN_POINT('',(1.62389818246198,-2.63886217048006,1.39161038871347));
#8188=CARTESIAN_POINT('',(1.57895731300086,-2.70137846753053,1.37158563502472));
#8189=CARTESIAN_POINT('',(1.53998659907917,-2.73436814276738,1.34883405398894));
#8190=CARTESIAN_POINT('',(1.47424210918601,-2.76815715622353,1.31687325511393));
#8191=CARTESIAN_POINT('',(1.4511312890524,-2.77683981055951,1.30665685510106));
#8192=CARTESIAN_POINT('',(1.40275686502297,-2.78875266135522,1.29135020222022));
#8193=CARTESIAN_POINT('',(1.37745910968205,-2.79200685501099,1.28638684795498));
#8194=CARTESIAN_POINT('',(1.35102367401123,-2.79200685501099,1.28638684795498));
#8195=CARTESIAN_POINT('',(1.32458823834041,-2.79200685501099,1.28638684795498));
#8196=CARTESIAN_POINT('',(1.29929048299949,-2.78875266135522,1.29135020222022));
#8197=CARTESIAN_POINT('',(1.25091605897006,-2.77683981055951,1.30665685510106));
#8198=CARTESIAN_POINT('',(1.22780523883645,-2.76815715622353,1.31687325511393));
#8199=CARTESIAN_POINT('',(1.16206074894329,-2.73436814276738,1.34883405398894));
#8200=CARTESIAN_POINT('',(1.1230900350216,-2.70137846753053,1.37158563502472));
#8201=CARTESIAN_POINT('',(1.07814916556048,-2.63886217048006,1.39161038871347));
#8202=CARTESIAN_POINT('',(1.06425202417858,-2.61369899453832,1.39645248577692));
#8203=CARTESIAN_POINT('',(1.04410467092156,-2.56060654541246,1.39745667332768));
#8204=CARTESIAN_POINT('',(1.03785711467822,-2.53267419866869,1.3935063946768));
#8205=CARTESIAN_POINT('',(1.03269000190874,-2.48292359111135,1.37812093269917));
#8206=CARTESIAN_POINT('',(1.03316665877855,-2.45786831675937,1.36608103650279));
#8207=CARTESIAN_POINT('',(1.03866769514162,-2.41332134772,1.33454685072503));
#8208=CARTESIAN_POINT('',(1.04354397083101,-2.39380871237043,1.31505648437096));
#8209=CARTESIAN_POINT('',(1.05316468982398,-2.36339738795769,1.27428123996745));
#8210=CARTESIAN_POINT('',(1.05872591504495,-2.35016266255018,1.24964347685255));
#8211=CARTESIAN_POINT('',(1.06682128923636,-2.33263199430894,1.19708059892247));
#8212=CARTESIAN_POINT('',(1.06916506785352,-2.32834948730469,1.16912186208306));
#8213=CARTESIAN_POINT('',(1.06916506785352,-2.32834948730469,1.11687813791694));
#8214=CARTESIAN_POINT('',(1.06682128923636,-2.33263199430894,1.08891940107753));
#8215=CARTESIAN_POINT('',(1.06277360214085,-2.34139732842961,1.06263796211248));
#8216=CARTESIAN_POINT('',(-4.21751374816895,-0.0285396575927762,1.143));
#8217=CARTESIAN_POINT('',(-4.21751374816895,-2.58234948730469,1.143));
#8218=CARTESIAN_POINT('',(-4.47151374816895,-2.58234948730469,1.143));
#8219=CARTESIAN_POINT('',(-4.47151374816895,-0.0285396575927762,1.143));
#8220=CARTESIAN_POINT('',(-4.47151374816895,-2.42710256576538,1.143));
#8221=CARTESIAN_POINT('',(-4.21751374816895,-2.17310256576538,1.143));
#8222=CARTESIAN_POINT('',(-4.21751374816895,-2.58234948730469,1.143));
#8223=CARTESIAN_POINT('',(-4.21751374816895,-2.58234948730469,1.143));
#8224=CARTESIAN_POINT('',(1.35102367401123,-2.47450685501099,1.397));
#8225=CARTESIAN_POINT('',(1.35102367401123,-2.47450685501099,1.39464367861441));
#8226=CARTESIAN_POINT('',(1.03352367401123,-2.47450685501099,1.39464367861441));
#8227=CARTESIAN_POINT('',(1.65766510893515,4.25151425933838,1.39464367861441));
#8228=CARTESIAN_POINT('',(0.771205108935152,4.25151425933838,1.39464367861441));
#8229=CARTESIAN_POINT('',(0.771205108935152,2.55487292901573,1.39464367861441));
#8230=CARTESIAN_POINT('',(-0.730829119682311,2.55487292901573,1.39464367861441));
#8231=CARTESIAN_POINT('',(0.993642120101527,2.55487292901572,1.39464367861441));
#8232=CARTESIAN_POINT('',(1.23725318908691,2.35125589370728,1.39464367861441));
#8233=CARTESIAN_POINT('',(0.91975318908691,2.35125589370728,1.39464367861441));
#8234=CARTESIAN_POINT('',(1.48086425807229,2.55487292901572,1.39464367861441));
#8235=CARTESIAN_POINT('',(-0.730829119682311,2.55487292901573,1.39464367861441));
#8236=CARTESIAN_POINT('',(2.54412510893515,2.55487292901572,1.39464367861441));
#8237=CARTESIAN_POINT('',(2.54412510893515,4.25151425933838,1.39464367861441));
#8238=CARTESIAN_POINT('',(0.771205108935151,2.52035541152954,1.143));
#8239=CARTESIAN_POINT('',(2.77609128570557,-0.0285396575927762,1.143));
#8240=CARTESIAN_POINT('',(2.77609128570557,2.52035541152954,1.143));
#8241=CARTESIAN_POINT('',(3.03009128570557,2.52035541152954,1.143));
#8242=CARTESIAN_POINT('',(3.03009128570557,-0.0285396575927762,1.143));
#8243=CARTESIAN_POINT('',(3.03009128570557,1.86773157119751,1.143));
#8244=CARTESIAN_POINT('',(2.77609128570557,1.61373157119751,1.143));
#8245=CARTESIAN_POINT('',(2.77609128570557,2.52035541152954,1.143));
#8246=CARTESIAN_POINT('',(2.77609128570557,2.52035541152954,1.143));
#8247=CARTESIAN_POINT('',(2.77609128570557,2.77435541152954,1.143));
#8248=CARTESIAN_POINT('',(2.77609128570557,2.52035541152954,1.143));
#8249=CARTESIAN_POINT('',(2.77609128570557,-0.0285396575927762,1.143));
#8250=CARTESIAN_POINT('',(2.77609128570557,-1.35378055953979,1.143));
#8251=CARTESIAN_POINT('',(3.03009128570557,-1.09978055953979,1.143));
#8252=CARTESIAN_POINT('',(2.77609128570557,0.917661003112793,1.143));
#8253=CARTESIAN_POINT('',(3.03009128570557,0.663661003112793,1.143));
#8254=CARTESIAN_POINT('',(3.03009128570557,-0.0285396575927762,1.143));
#8255=CARTESIAN_POINT('',(2.54412510893515,4.25151425933838,1.59657367861441));
#8256=CARTESIAN_POINT('',(2.54412510893515,2.52035541152954,1.143));
#8257=CARTESIAN_POINT('',(-0.740947008132932,-0.0260822772979774,1.397));
#8258=CARTESIAN_POINT('',(-4.21751374816895,-0.0285396575927762,1.143));
#8259=CARTESIAN_POINT('',(-3.98344170961938,0.60345246625154,1.04437809183933));
#8260=CARTESIAN_POINT('',(-3.97018686873173,0.599906002549176,1.07583744047961));
#8261=CARTESIAN_POINT('',(-3.96351374816895,0.598803144487229,1.11045138385385));
#8262=CARTESIAN_POINT('',(-3.96351374816895,0.598803144487229,1.17554861614615));
#8263=CARTESIAN_POINT('',(-3.97018686873173,0.599906002549175,1.21016255952039));
#8264=CARTESIAN_POINT('',(-3.99669655050693,0.606998929953324,1.27308125680105));
#8265=CARTESIAN_POINT('',(-4.01653724131757,0.613294257549547,1.30134948289375));
#8266=CARTESIAN_POINT('',(-4.05011464764948,0.629356863073005,1.33474706670601));
#8267=CARTESIAN_POINT('',(-4.06375160625784,0.636821047036755,1.34584658518895));
#8268=CARTESIAN_POINT('',(-4.09135446948393,0.655231713306207,1.36407321653238));
#8269=CARTESIAN_POINT('',(-4.10527020121601,0.666213669902452,1.37124040616235));
#8270=CARTESIAN_POINT('',(-4.14713834087622,0.705109257458109,1.38918040527327));
#8271=CARTESIAN_POINT('',(-4.17396578268088,0.741412621187132,1.39388706071978));
#8272=CARTESIAN_POINT('',(-4.20982255713198,0.822739580927097,1.39752222771785));
#8273=CARTESIAN_POINT('',(-4.21887767791748,0.867726498524087,1.39699633795715));
#8274=CARTESIAN_POINT('',(-4.21887767791748,0.910163640975952,1.39699633795715));
#8275=CARTESIAN_POINT('',(-4.21887767791748,0.952600783427817,1.39699633795715));
#8276=CARTESIAN_POINT('',(-4.20982255713198,0.997587701024806,1.39752222771785));
#8277=CARTESIAN_POINT('',(-4.17396578268088,1.07891466076477,1.39388706071978));
#8278=CARTESIAN_POINT('',(-4.14713834087622,1.11521802449379,1.38918040527327));
#8279=CARTESIAN_POINT('',(-4.10527020121601,1.15411361204945,1.37124040616235));
#8280=CARTESIAN_POINT('',(-4.09135446948393,1.1650955686457,1.36407321653238));
#8281=CARTESIAN_POINT('',(-4.06375160625784,1.18350623491515,1.34584658518895));
#8282=CARTESIAN_POINT('',(-4.05011464764948,1.1909704188789,1.33474706670601));
#8283=CARTESIAN_POINT('',(-4.01653724131757,1.20703302440236,1.30134948289375));
#8284=CARTESIAN_POINT('',(-3.99669655050693,1.21332835199858,1.27308125680105));
#8285=CARTESIAN_POINT('',(-3.97018686873173,1.22042127940273,1.21016255952039));
#8286=CARTESIAN_POINT('',(-3.96351374816895,1.22152413746468,1.17554861614615));
#8287=CARTESIAN_POINT('',(-3.96351374816895,1.22152413746468,1.11045138385385));
#8288=CARTESIAN_POINT('',(-3.97018686873173,1.22042127940273,1.07583744047961));
#8289=CARTESIAN_POINT('',(-3.98344170961938,1.21687481570036,1.04437809183933));
#8290=CARTESIAN_POINT('',(-4.21751374816895,-1.28741484069824,1.143));
#8291=CARTESIAN_POINT('',(-4.47151374816895,-1.03341484069824,1.143));
#8292=CARTESIAN_POINT('',(-4.47151374816895,-0.0285396575927762,1.143));
#8293=CARTESIAN_POINT('',(-4.47151374816895,2.52035541152954,1.143));
#8294=CARTESIAN_POINT('',(-4.21751374816895,2.52035541152954,1.143));
#8295=CARTESIAN_POINT('',(-0.730829119682311,2.52035541152954,1.143));
#8296=CARTESIAN_POINT('',(-0.730829119682311,2.77435541152954,1.143));
#8297=CARTESIAN_POINT('',(-4.21751374816895,2.77435541152954,1.143));
#8298=CARTESIAN_POINT('',(0.928783547799355,2.27607125163241,1.07342091389396));
#8299=CARTESIAN_POINT('',(0.930389032033175,2.2694842162222,1.09654724852919));
#8300=CARTESIAN_POINT('',(0.931315028462925,2.26635541152954,1.12069162214458));
#8301=CARTESIAN_POINT('',(0.931315028462925,2.26635541152954,1.16530837785542));
#8302=CARTESIAN_POINT('',(0.930389032033175,2.2694842162222,1.18945275147081));
#8303=CARTESIAN_POINT('',(0.927178063565496,2.2826582870426,1.23570542074126));
#8304=CARTESIAN_POINT('',(0.924975056982963,2.29270018057725,1.25782033062882));
#8305=CARTESIAN_POINT('',(0.921514641561271,2.31589621658072,1.29527759310795));
#8306=CARTESIAN_POINT('',(0.919930464602036,2.33092040274928,1.31384117974516));
#8307=CARTESIAN_POINT('',(0.919604017220222,2.36561720324005,1.34580142576425));
#8308=CARTESIAN_POINT('',(0.920978745227351,2.38529060875131,1.35919831417361));
#8309=CARTESIAN_POINT('',(0.927692040802,2.42471846208467,1.37939615074022));
#8310=CARTESIAN_POINT('',(0.933747596705435,2.44755748119867,1.38741537006642));
#8311=CARTESIAN_POINT('',(0.95180809417173,2.49236131523795,1.39648518965343));
#8312=CARTESIAN_POINT('',(0.963849819613472,2.51429368797241,1.3976225300115));
#8313=CARTESIAN_POINT('',(1.00598087266871,2.57460995896615,1.39459982964767));
#8314=CARTESIAN_POINT('',(1.0452678097415,2.6091975001125,1.38239795714785));
#8315=CARTESIAN_POINT('',(1.11289053064933,2.64449070754385,1.36498766170228));
#8316=CARTESIAN_POINT('',(1.13689532037837,2.65355350529478,1.35939528090948));
#8317=CARTESIAN_POINT('',(1.18639178887279,2.66568977369979,1.35143841713076));
#8318=CARTESIAN_POINT('',(1.21189571101882,2.66875589370728,1.34913902320865));
#8319=CARTESIAN_POINT('',(1.23725318908691,2.66875589370728,1.34913902320865));
#8320=CARTESIAN_POINT('',(1.262610667155,2.66875589370728,1.34913902320865));
#8321=CARTESIAN_POINT('',(1.28811458930103,2.66568977369979,1.35143841713076));
#8322=CARTESIAN_POINT('',(1.33761105779545,2.65355350529478,1.35939528090948));
#8323=CARTESIAN_POINT('',(1.36161584752449,2.64449070754385,1.36498766170228));
#8324=CARTESIAN_POINT('',(1.42923856843232,2.6091975001125,1.38239795714785));
#8325=CARTESIAN_POINT('',(1.46852550550511,2.57460995896615,1.39459982964767));
#8326=CARTESIAN_POINT('',(1.51065655856035,2.51429368797241,1.3976225300115));
#8327=CARTESIAN_POINT('',(1.52269828400209,2.49236131523795,1.39648518965343));
#8328=CARTESIAN_POINT('',(1.54075878146838,2.44755748119867,1.38741537006642));
#8329=CARTESIAN_POINT('',(1.54681433737182,2.42471846208467,1.37939615074022));
#8330=CARTESIAN_POINT('',(1.55352763294647,2.38529060875131,1.35919831417361));
#8331=CARTESIAN_POINT('',(1.5549023609536,2.36561720324005,1.34580142576425));
#8332=CARTESIAN_POINT('',(1.55457591357178,2.33092040274928,1.31384117974516));
#8333=CARTESIAN_POINT('',(1.55299173661255,2.31589621658072,1.29527759310795));
#8334=CARTESIAN_POINT('',(1.54953132119086,2.29270018057725,1.25782033062882));
#8335=CARTESIAN_POINT('',(1.54732831460832,2.2826582870426,1.23570542074126));
#8336=CARTESIAN_POINT('',(1.54411734614064,2.2694842162222,1.18945275147081));
#8337=CARTESIAN_POINT('',(1.5431913497109,2.26635541152954,1.16530837785542));
#8338=CARTESIAN_POINT('',(1.5431913497109,2.26635541152954,1.12069162214458));
#8339=CARTESIAN_POINT('',(1.54411734614064,2.2694842162222,1.09654724852919));
#8340=CARTESIAN_POINT('',(1.54572283037447,2.27607125163241,1.07342091389397));
#8341=CARTESIAN_POINT('',(-4.21751374816895,2.52035541152954,1.143));
#8342=CARTESIAN_POINT('',(-4.21751374816895,2.52035541152954,1.143));
#8343=CARTESIAN_POINT('',(-4.21751374816895,2.52035541152954,1.143));
#8344=CARTESIAN_POINT('',(1.23725318908691,2.35125589370728,1.397));
#8345=CARTESIAN_POINT('',(-4.21751374816895,2.52035541152954,0.));
#8346=CARTESIAN_POINT('',(-4.47151374816895,2.52035541152954,0.));
#8347=CARTESIAN_POINT('',(-4.21751374816895,2.77435541152954,0.));
#8348=CARTESIAN_POINT('',(-4.21751374816895,-2.58234948730469,0.));
#8349=CARTESIAN_POINT('',(-4.47151374816895,-2.58234948730469,0.));
#8350=CARTESIAN_POINT('',(-0.72071123123169,2.77435541152954,0.));
#8351=CARTESIAN_POINT('',(2.77609128570557,2.77435541152954,0.));
#8352=CARTESIAN_POINT('',(-4.47151374816895,-0.030997037887575,0.));
#8353=CARTESIAN_POINT('',(-4.47151374816895,-2.42710256576538,0.6985));
#8354=CARTESIAN_POINT('',(1.0326954126358,-2.32479638671875,1.143));
#8355=CARTESIAN_POINT('',(1.0326954126358,-2.57879638671875,1.143));
#8356=CARTESIAN_POINT('',(2.80633783340454,-2.57879638671875,1.397));
#8357=CARTESIAN_POINT('',(-2.47048580646515,-2.17310256576538,1.143));
#8358=CARTESIAN_POINT('',(-2.47048580646515,-2.42710256576538,1.143));
#8359=CARTESIAN_POINT('',(-2.47048580646515,-1.28741484069824,1.143));
#8360=CARTESIAN_POINT('',(-2.47048580646515,-1.03341484069824,1.143));
#8361=CARTESIAN_POINT('',(-4.20002460479737,-2.42710256576538,1.397));
#8362=CARTESIAN_POINT('',(-4.20002460479737,-1.03341484069824,1.397));
#8363=CARTESIAN_POINT('',(-4.47151374816895,-1.03341484069824,0.6985));
#8364=CARTESIAN_POINT('',(1.0326954126358,-1.35378055953979,1.143));
#8365=CARTESIAN_POINT('',(1.0326954126358,-1.09978055953979,1.143));
#8366=CARTESIAN_POINT('',(3.29357719421387,-1.09978055953979,1.143));
#8367=CARTESIAN_POINT('',(3.29357719421387,-1.35378055953979,1.143));
#8368=CARTESIAN_POINT('',(2.80633783340454,-1.09978055953979,1.397));
#8369=CARTESIAN_POINT('',(3.03009128570557,-1.09978055953979,0.6985));
#8370=CARTESIAN_POINT('',(3.03009128570557,-1.09978055953979,0.));
#8371=CARTESIAN_POINT('',(1.03506374359131,-1.09978055953979,0.));
#8372=CARTESIAN_POINT('',(3.29357719421387,-1.09978055953979,0.));
#8373=CARTESIAN_POINT('',(3.29357719421387,-1.09978055953979,0.6985));
#8374=CARTESIAN_POINT('',(1.31238114833832,1.61373157119751,1.143));
#8375=CARTESIAN_POINT('',(1.31238114833832,1.86773157119751,1.143));
#8376=CARTESIAN_POINT('',(1.31238114833832,0.917661003112793,1.143));
#8377=CARTESIAN_POINT('',(3.29357719421387,0.917661003112793,1.143));
#8378=CARTESIAN_POINT('',(3.29357719421387,0.663661003112793,1.143));
#8379=CARTESIAN_POINT('',(1.31238114833832,0.663661003112793,1.143));
#8380=CARTESIAN_POINT('',(3.36570930480957,1.86773157119751,1.397));
#8381=CARTESIAN_POINT('',(3.03009128570557,1.86773157119751,0.6985));
#8382=CARTESIAN_POINT('',(3.36570930480957,0.663661003112793,1.397));
#8383=CARTESIAN_POINT('',(3.29357719421387,0.663661003112793,0.6985));
#8384=CARTESIAN_POINT('',(3.29357719421387,0.663661003112793,0.));
#8385=CARTESIAN_POINT('',(1.31474947929383,0.663661003112793,0.));
#8386=CARTESIAN_POINT('',(3.03009128570557,0.663661003112793,0.));
#8387=CARTESIAN_POINT('',(3.03009128570557,0.663661003112793,0.6985));
#8388=CARTESIAN_POINT('',(1.53320510893515,3.48951425933838,1.59657367861441));
#8389=CARTESIAN_POINT('',(1.53320510893515,4.25151425933838,1.59657367861441));
#8390=CARTESIAN_POINT('',(0.771205108935152,3.48951425933838,1.59657367861441));
#8391=CARTESIAN_POINT('',(-2.9857057685852,3.48951425933838,1.59972553092957));
#8392=CARTESIAN_POINT('',(-2.2237057685852,3.48951425933838,1.59972553092957));
#8393=CARTESIAN_POINT('',(1.65766510893515,4.25151425933838,1.59657367861441));
#8394=CARTESIAN_POINT('',(-0.73621034622192,-0.0309977531433101,1.397));
#8395=CARTESIAN_POINT('',(2.77609128570557,2.52035541152954,0.));
#8396=CARTESIAN_POINT('',(3.03009128570557,2.52035541152954,0.));
#8397=CARTESIAN_POINT('',(-3.90137767791748,0.910163640975952,1.397));
#8398=CYLINDRICAL_SURFACE('',#3230,0.3302);
#8399=CYLINDRICAL_SURFACE('',#3255,0.762);
#8400=CYLINDRICAL_SURFACE('',#3261,0.762);
#8401=CYLINDRICAL_SURFACE('',#3264,0.762);
#8402=CYLINDRICAL_SURFACE('',#3271,0.762);
#8403=CYLINDRICAL_SURFACE('',#3276,0.1143);
#8404=CYLINDRICAL_SURFACE('',#3281,0.1143);
#8405=CYLINDRICAL_SURFACE('',#3285,0.1143);
#8406=CYLINDRICAL_SURFACE('',#3291,0.1143);
#8407=CYLINDRICAL_SURFACE('',#3317,0.0762);
#8408=CYLINDRICAL_SURFACE('',#3323,0.0762);
#8409=CYLINDRICAL_SURFACE('',#3328,0.0762);
#8410=CYLINDRICAL_SURFACE('',#3335,0.0762);
#8411=CYLINDRICAL_SURFACE('',#3340,0.0762);
#8412=CYLINDRICAL_SURFACE('',#3345,0.0762);
#8413=CYLINDRICAL_SURFACE('',#3353,0.762);
#8414=CYLINDRICAL_SURFACE('',#3355,0.3175);
#8415=CYLINDRICAL_SURFACE('',#3356,0.3175);
#8416=CYLINDRICAL_SURFACE('',#3357,0.0762);
#8417=CYLINDRICAL_SURFACE('',#3358,0.0762);
#8418=CYLINDRICAL_SURFACE('',#3366,0.0762);
#8419=CYLINDRICAL_SURFACE('',#3372,0.0762);
#8420=CYLINDRICAL_SURFACE('',#3382,0.0762);
#8421=CYLINDRICAL_SURFACE('',#3390,0.0762);
#8422=CYLINDRICAL_SURFACE('',#3391,0.3175);
#8423=CYLINDRICAL_SURFACE('',#3395,0.0762);
#8424=CYLINDRICAL_SURFACE('',#3409,0.0762);
#8425=CYLINDRICAL_SURFACE('',#3410,0.0762);
#8426=CYLINDRICAL_SURFACE('',#3414,0.0762);
#8427=CYLINDRICAL_SURFACE('',#3415,0.3175);
#8428=CYLINDRICAL_SURFACE('',#3417,0.3302);
#8429=CYLINDRICAL_SURFACE('',#3418,0.0762);
#8430=CYLINDRICAL_SURFACE('',#3426,0.381);
#8431=CYLINDRICAL_SURFACE('',#3428,0.3302);
#8432=CYLINDRICAL_SURFACE('',#3430,0.3302);
#8433=CYLINDRICAL_SURFACE('',#3436,0.381);
#8434=CYLINDRICAL_SURFACE('',#3438,0.381);
#8435=CYLINDRICAL_SURFACE('',#3440,0.3302);
#8436=CYLINDRICAL_SURFACE('',#3442,0.0762);
#8437=CYLINDRICAL_SURFACE('',#3447,0.0762);
#8438=CYLINDRICAL_SURFACE('',#3453,0.381);
#8439=CYLINDRICAL_SURFACE('',#3455,0.3302);
#8440=CYLINDRICAL_SURFACE('',#3458,0.3302);
#8441=CYLINDRICAL_SURFACE('',#3459,0.380999999999999);
#8442=CYLINDRICAL_SURFACE('',#3461,0.3302);
#8443=CYLINDRICAL_SURFACE('',#3468,0.0762);
#8444=CYLINDRICAL_SURFACE('',#3474,0.0762);
#8445=CYLINDRICAL_SURFACE('',#3476,0.0762);
#8446=CYLINDRICAL_SURFACE('',#3480,0.762);
#8447=CYLINDRICAL_SURFACE('',#3483,0.1143);
#8448=CYLINDRICAL_SURFACE('',#3493,0.1143);
#8449=CYLINDRICAL_SURFACE('',#3496,0.1143);
#8450=CYLINDRICAL_SURFACE('',#3501,0.254);
#8451=CYLINDRICAL_SURFACE('',#3508,0.254);
#8452=CYLINDRICAL_SURFACE('',#3510,0.254);
#8453=CYLINDRICAL_SURFACE('',#3514,0.254);
#8454=CYLINDRICAL_SURFACE('',#3519,0.3175);
#8455=CYLINDRICAL_SURFACE('',#3524,0.254);
#8456=CYLINDRICAL_SURFACE('',#3530,0.254);
#8457=CYLINDRICAL_SURFACE('',#3536,0.254);
#8458=CYLINDRICAL_SURFACE('',#3539,0.254);
#8459=CYLINDRICAL_SURFACE('',#3543,0.3175);
#8460=CYLINDRICAL_SURFACE('',#3544,0.254);
#8461=CYLINDRICAL_SURFACE('',#3545,0.254);
#8462=CYLINDRICAL_SURFACE('',#3548,0.254);
#8463=CYLINDRICAL_SURFACE('',#3550,0.254);
#8464=CYLINDRICAL_SURFACE('',#3551,0.254);
#8465=CYLINDRICAL_SURFACE('',#3554,0.254);
#8466=CYLINDRICAL_SURFACE('',#3557,0.254);
#8467=CYLINDRICAL_SURFACE('',#3558,0.254);
#8468=CYLINDRICAL_SURFACE('',#3562,0.762);
#8469=CYLINDRICAL_SURFACE('',#3563,0.762);
#8470=CYLINDRICAL_SURFACE('',#3566,0.254);
#8471=CYLINDRICAL_SURFACE('',#3567,0.3175);
#8472=CLOSED_SHELL('',(#3043,#3044,#3045,#3046,#3047,#3048,#3049,#3050,
#3051,#3052,#3053,#3054,#3055,#3056,#3057,#3058,#3059,#3060,#3061,#3062,
#3063,#3064,#3065,#3066,#3067,#3068,#3069,#3070,#3071,#3072,#3073,#3074,
#3075,#3076,#3077,#3078,#3079,#3080,#3081,#3082,#3083,#3084,#3085,#3086,
#3087,#3088,#3089,#3090,#3091,#3092,#3093,#3094,#3095,#3096,#3097,#3098,
#3099,#3100,#3101,#3102,#3103,#3104,#3105,#3106,#3107,#3108,#3109,#3110,
#3111,#3112,#3113,#3114,#3115,#3116,#3117,#3118,#3119,#3120,#3121,#3122,
#3123,#3124,#3125,#3126,#3127,#3128,#3129,#3130,#3131,#3132,#3133,#3134,
#3135,#3136,#3137,#3138,#3139,#3140,#3141,#3142,#3143,#3144,#3145,#3146,
#3147,#3148,#3149,#3150,#3151,#3152,#3153,#3154,#3155,#3156,#3157,#3158,
#3159,#3160,#3161,#3162,#3163,#3164,#3165,#3166,#3167,#3168,#3169,#3170,
#3171,#3172,#3173,#3174,#3175,#3176,#3177,#3178,#3179,#3180,#3181,#3182,
#3183,#3184,#3185,#3186,#3187,#3188,#3189,#3190,#3191,#3192,#3193,#3194,
#3195,#3196,#3197,#3198,#3199,#3200,#3201,#3202,#3203,#3204,#3205,#3206,
#3207,#3208,#3209,#3210,#3211,#3212,#3213,#3214,#3215,#3216,#3217,#3218,
#3219,#3220,#3221,#3222,#3223,#3224,#3225,#3226,#3227,#3228,#3229));
#8473=MANIFOLD_SOLID_BREP('',#8472);
#8474=ADVANCED_BREP_SHAPE_REPRESENTATION('',(#8473),#103);
ENDSEC;
END-ISO-10303-21;
