<?xml version="1.0" encoding="UTF-8"?>
<kml xmlns="http://www.opengis.net/kml/2.2" xmlns:gx="http://www.google.com/kml/ext/2.2">
    <Document id="1">
        <Placemark id="3">
            <name>Marconi GNSS station</name>
            <Point id="2">
                <coordinates>-69.9633227139,41.8928243333,0.0</coordinates>
            </Point>
        </Placemark>
        <Folder id="4">
            <Style id="11">
                <LineStyle id="13">
                    <color>ff008000</color>
                    <colorMode>normal</colorMode>
                    <width>2</width>
                </LineStyle>
                <PolyStyle id="12">
                    <color>50008000</color>
                    <colorMode>normal</colorMode>
                    <fill>1</fill>
                    <outline>1</outline>
                </PolyStyle>
            </Style>
            <Style id="20">
                <LineStyle id="22">
                    <color>ff008000</color>
                    <colorMode>normal</colorMode>
                    <width>2</width>
                </LineStyle>
                <PolyStyle id="21">
                    <color>50008000</color>
                    <colorMode>normal</colorMode>
                    <fill>1</fill>
                    <outline>1</outline>
                </PolyStyle>
            </Style>
            <Style id="29">
                <LineStyle id="31">
                    <color>ff008000</color>
                    <colorMode>normal</colorMode>
                    <width>2</width>
                </LineStyle>
                <PolyStyle id="30">
                    <color>50008000</color>
                    <colorMode>normal</colorMode>
                    <fill>1</fill>
                    <outline>1</outline>
                </PolyStyle>
            </Style>
            <Style id="38">
                <LineStyle id="40">
                    <color>ff008000</color>
                    <colorMode>normal</colorMode>
                    <width>2</width>
                </LineStyle>
                <PolyStyle id="39">
                    <color>50008000</color>
                    <colorMode>normal</colorMode>
                    <fill>1</fill>
                    <outline>1</outline>
                </PolyStyle>
            </Style>
            <Style id="47">
                <LineStyle id="49">
                    <color>ff008000</color>
                    <colorMode>normal</colorMode>
                    <width>2</width>
                </LineStyle>
                <PolyStyle id="48">
                    <color>50008000</color>
                    <colorMode>normal</colorMode>
                    <fill>1</fill>
                    <outline>1</outline>
                </PolyStyle>
            </Style>
            <Style id="56">
                <LineStyle id="58">
                    <color>ff008000</color>
                    <colorMode>normal</colorMode>
                    <width>2</width>
                </LineStyle>
                <PolyStyle id="57">
                    <color>50008000</color>
                    <colorMode>normal</colorMode>
                    <fill>1</fill>
                    <outline>1</outline>
                </PolyStyle>
            </Style>
            <Style id="65">
                <LineStyle id="67">
                    <color>ff008000</color>
                    <colorMode>normal</colorMode>
                    <width>2</width>
                </LineStyle>
                <PolyStyle id="66">
                    <color>50008000</color>
                    <colorMode>normal</colorMode>
                    <fill>1</fill>
                    <outline>1</outline>
                </PolyStyle>
            </Style>
            <Style id="74">
                <LineStyle id="76">
                    <color>ff008000</color>
                    <colorMode>normal</colorMode>
                    <width>2</width>
                </LineStyle>
                <PolyStyle id="75">
                    <color>50008000</color>
                    <colorMode>normal</colorMode>
                    <fill>1</fill>
                    <outline>1</outline>
                </PolyStyle>
            </Style>
            <Style id="83">
                <LineStyle id="85">
                    <color>ff008000</color>
                    <colorMode>normal</colorMode>
                    <width>2</width>
                </LineStyle>
                <PolyStyle id="84">
                    <color>50008000</color>
                    <colorMode>normal</colorMode>
                    <fill>1</fill>
                    <outline>1</outline>
                </PolyStyle>
            </Style>
            <Style id="92">
                <LineStyle id="94">
                    <color>ff008000</color>
                    <colorMode>normal</colorMode>
                    <width>2</width>
                </LineStyle>
                <PolyStyle id="93">
                    <color>50008000</color>
                    <colorMode>normal</colorMode>
                    <fill>1</fill>
                    <outline>1</outline>
                </PolyStyle>
            </Style>
            <Style id="101">
                <LineStyle id="103">
                    <color>ff008000</color>
                    <colorMode>normal</colorMode>
                    <width>2</width>
                </LineStyle>
                <PolyStyle id="102">
                    <color>50008000</color>
                    <colorMode>normal</colorMode>
                    <fill>1</fill>
                    <outline>1</outline>
                </PolyStyle>
            </Style>
            <Style id="110">
                <LineStyle id="112">
                    <color>ff008000</color>
                    <colorMode>normal</colorMode>
                    <width>2</width>
                </LineStyle>
                <PolyStyle id="111">
                    <color>50008000</color>
                    <colorMode>normal</colorMode>
                    <fill>1</fill>
                    <outline>1</outline>
                </PolyStyle>
            </Style>
            <name>01 SAT 26 FREQ 1 A_STRONG_OCEAN_CANDIDATE</name>
            <Placemark id="6">
                <name>07-23 04:18 EL=5 RH=19.540</name>
                <styleUrl>#11</styleUrl>
                <Polygon id="5">
                    <outerBoundaryIs>
                        <LinearRing id="9">
                            <coordinates>-69.95956052033574,41.89277587686956,0.0 -69.95959140113263,41.89279167434562,0.0 -69.95968265563631,41.892807200921325,0.0 -69.95982806504064,41.89282139835331,0.0 -69.96001771995498,41.89283329892811,0.0 -69.96023869570743,41.89284209145891,0.0 -69.9604759331407,41.89284717661557,0.0 -69.96071326487541,41.89284820780371,0.0 -69.96093451710114,41.892845114797844,0.0 -69.96112461180685,41.89283810851408,0.0 -69.96127059433258,41.892827666601036,0.0 -69.9613625162133,41.892814500840146,0.0 -69.96139411314974,41.892799508589924,0.0 -69.96136323190322,41.89278371159684,0.0 -69.96127197702458,41.89276818635157,0.0 -69.96112656742046,41.89275399074105,0.0 -69.96093691253503,41.89274209199067,0.0 -69.96071593703243,41.89273330079838,0.0 -69.96047870000301,41.89272821613569,0.0 -69.96024136871793,41.89272718446459,0.0 -69.96002011686716,41.89273027614002,0.0 -69.95983002236122,41.892737280602304,0.0 -69.9596840398066,41.89274772069093,0.0 -69.95959211767602,41.89276088511331,0.0 -69.95956052033574,41.89277587686956,0.0</coordinates>
                        </LinearRing>
                    </outerBoundaryIs>
                </Polygon>
            </Placemark>
            <Placemark id="15">
                <name>07-23 04:18 EL=9 RH=19.540</name>
                <styleUrl>#20</styleUrl>
                <Polygon id="14">
                    <outerBoundaryIs>
                        <LinearRing id="18">
                            <coordinates>-69.96140884272053,41.892799698309496,0.0 -69.96142148986625,41.892811286084054,0.0 -69.96145910039291,41.892822416793614,0.0 -69.96151911121592,41.892832331876036,0.0 -69.96159743270185,41.892840355603774,0.0 -69.96168872736885,41.892845941141886,0.0 -69.96178677362775,41.892848707822274,0.0 -69.96188488977535,41.89284846709174,0.0 -69.96197638934485,41.892845235363836,0.0 -69.96205503678118,41.89283923289813,0.0 -69.96211547238653,41.89283086878383,0.0 -69.96215357757627,41.892820713052636,0.0 -69.9621667555532,41.892809457823766,0.0 -69.96215410827263,41.89279787013097,0.0 -69.9621164976393,41.89278673964819,0.0 -69.9620564867664,41.89277682487678,0.0 -69.9619781653007,41.89276880146095,0.0 -69.96188687071866,41.892763216152076,0.0 -69.96178882458665,41.89276044955683,0.0 -69.9616907085739,41.89276069020561,0.0 -69.96159920911104,41.89276392170673,0.0 -69.96152056172461,41.89276992386142,0.0 -69.96146012609904,41.892778287663816,0.0 -69.96142202082434,41.89278844316576,0.0 -69.96140884272053,41.892799698309496,0.0</coordinates>
                        </LinearRing>
                    </outerBoundaryIs>
                </Polygon>
            </Placemark>
            <Placemark id="24">
                <name>07-23 04:18 EL=13 RH=19.540</name>
                <styleUrl>#29</styleUrl>
                <Polygon id="23">
                    <outerBoundaryIs>
                        <LinearRing id="27">
                            <coordinates>-69.96206013515572,41.89280808519249,0.0 -69.96206738515066,41.89281768365582,0.0 -69.96208908261436,41.892826820360874,0.0 -69.96212374890551,41.89283487264869,0.0 -69.96216902157586,41.89284129175879,0.0 -69.96222181536656,41.892845640229,0.0 -69.96227853246378,41.892847621710565,0.0 -69.96233530768492,41.89284710116592,0.0 -69.96238827188607,41.89284411407204,0.0 -69.96243381563944,41.892838864002,0.0 -69.96246883521134,41.89283170874979,0.0 -69.96249094407698,41.892823135944454,0.0 -69.96249863555792,41.89281372981618,0.0 -69.96249138549864,41.89280413137998,0.0 -69.96246968798509,41.892794994750666,0.0 -69.96243502167198,41.89278694256688,0.0 -69.96238974901341,41.89278052356125,0.0 -69.9623369552651,41.89277617516796,0.0 -69.96228023822951,41.89277419371514,0.0 -69.96222346307273,41.89277471423265,0.0 -69.96217049892142,41.892777701250814,0.0 -69.96212495519,41.89278295121681,0.0 -69.96208993560633,41.89279010636456,0.0 -69.9620678266983,41.89279867909298,0.0 -69.96206013515572,41.89280808519249,0.0</coordinates>
                        </LinearRing>
                    </outerBoundaryIs>
                </Polygon>
            </Placemark>
            <Placemark id="33">
                <name>07-24 04:13 EL=5 RH=19.185</name>
                <styleUrl>#38</styleUrl>
                <Polygon id="32">
                    <outerBoundaryIs>
                        <LinearRing id="36">
                            <coordinates>-69.95961756304584,41.89277902006729,0.0 -69.95964818808933,41.89279465741417,0.0 -69.95973865059918,41.89280998736525,0.0 -69.95988278574134,41.892823965079096,0.0 -69.96007077096323,41.89283563781886,0.0 -69.96028979537941,41.89284420992756,0.0 -69.96052493281302,41.89284909709884,0.0 -69.96076015899678,41.892849966231594,0.0 -69.96097944361101,41.89284675814328,0.0 -69.96116784273514,41.8928396915904,0.0 -69.96131251726099,41.89282924832565,0.0 -69.96140360786201,41.89281614021925,0.0 -69.9614349068891,41.89280126069835,0.0 -69.96140428140502,41.89278562382618,0.0 -69.96131381852993,41.89277029518228,0.0 -69.96116968319575,41.892756319257835,0.0 -69.96098169800648,41.89274464831023,0.0 -69.96076267383886,41.892736077516226,0.0 -69.96052753680311,41.892731190829906,0.0 -69.96029231105993,41.89273032122246,0.0 -69.96007302681093,41.8927335280036,0.0 -69.95988462787885,41.89274059276706,0.0 -69.95973995332035,41.89275103423969,0.0 -69.95964886247079,41.89276414103137,0.0 -69.95961756304584,41.89277902006729,0.0</coordinates>
                        </LinearRing>
                    </outerBoundaryIs>
                </Polygon>
            </Placemark>
            <Placemark id="42">
                <name>07-24 04:13 EL=9 RH=19.185</name>
                <styleUrl>#47</styleUrl>
                <Polygon id="41">
                    <outerBoundaryIs>
                        <LinearRing id="45">
                            <coordinates>-69.96143926425219,41.89280131398926,0.0 -69.96145181122567,41.89281278949715,0.0 -69.96148909674183,41.89282379596982,0.0 -69.96154857986477,41.892833583312104,0.0 -69.96162620692279,41.89284148450228,0.0 -69.9617166877581,41.89284696105668,0.0 -69.96181385624293,41.892849639734706,0.0 -69.96191109049313,41.89284933798052,0.0 -69.96200176414204,41.8928460763662,0.0 -69.96207969791992,41.89284007718763,0.0 -69.96213958076376,41.89283174930943,0.0 -69.96217733175878,41.89282166029335,0.0 -69.96219037824545,41.89281049771164,0.0 -69.96217783113973,41.892799022284144,0.0 -69.96214054551936,41.89278801603425,0.0 -69.96208106234815,41.89277822899744,0.0 -69.96200343531073,41.8927703281136,0.0 -69.9619129545594,41.89276485178428,0.0 -69.9618157861994,41.89276217318979,0.0 -69.96171855208142,41.89276247486358,0.0 -69.96162787853673,41.89276573625513,0.0 -69.96154994480713,41.892771735128214,0.0 -69.96149006194268,41.8927800627001,0.0 -69.96145231086369,41.89279015149109,0.0 -69.96143926425219,41.89280131398926,0.0</coordinates>
                        </LinearRing>
                    </outerBoundaryIs>
                </Polygon>
            </Placemark>
            <Placemark id="51">
                <name>07-24 04:13 EL=13 RH=19.185</name>
                <styleUrl>#56</styleUrl>
                <Polygon id="50">
                    <outerBoundaryIs>
                        <LinearRing id="54">
                            <coordinates>-69.96208064957595,41.892809156386335,0.0 -69.96208784527344,41.892818663528324,0.0 -69.96210935747455,41.8928277037777,0.0 -69.96214372016321,41.89283566104898,0.0 -69.96218859158111,41.89284199305705,0.0 -69.96224091381407,41.89284626827577,0.0 -69.96229712118424,41.89284819534853,0.0 -69.96235338324614,41.892847642945675,0.0 -69.96240586582694,41.892844648715204,0.0 -69.96245099232061,41.892839416716434,0.0 -69.96248568742905,41.89283230351162,0.0 -69.96250758673916,41.89282379386416,0.0 -69.9625151978533,41.89281446770004,0.0 -69.96250800209268,41.89280496058471,0.0 -69.9624864898428,41.89279592040974,0.0 -69.96245212713282,41.89278796324064,0.0 -69.96240725572676,41.89278163133516,0.0 -69.96235493353561,41.89277735619194,0.0 -69.96229872622604,41.892775429147385,0.0 -69.96224246422727,41.892775981523556,0.0 -69.96218998169525,41.89277897567962,0.0 -69.96214485522289,41.89278420757622,0.0 -69.96211016010261,41.892791320678434,0.0 -69.96208826075069,41.89279983025039,0.0 -69.96208064957595,41.892809156386335,0.0</coordinates>
                        </LinearRing>
                    </outerBoundaryIs>
                </Polygon>
            </Placemark>
            <Placemark id="60">
                <name>07-25 04:09 EL=5 RH=18.815</name>
                <styleUrl>#65</styleUrl>
                <Polygon id="59">
                    <outerBoundaryIs>
                        <LinearRing id="63">
                            <coordinates>-69.95967713139227,41.8927806970482,0.0 -69.9597074752078,41.89279617918324,0.0 -69.95979709264189,41.89281134138635,0.0 -69.9599398764502,41.89282515025027,0.0 -69.96012609617081,41.892836664548355,0.0 -69.96034306123416,41.89284509942453,0.0 -69.9605759858052,41.892849879927034,0.0 -69.96080899642034,41.892850680225045,0.0 -69.96102621374806,41.89284744582606,0.0 -69.96121283475074,41.8928403972772,0.0 -69.96135614149682,41.89283001510083,0.0 -69.96144636787174,41.89281700700081,0.0 -69.96147736512165,41.892802259586496,0.0 -69.96144702087423,41.89278677791737,0.0 -69.96135740308296,41.892771616997024,0.0 -69.96121461908788,41.89275780988899,0.0 -69.96102839940094,41.892746297349454,0.0 -69.96081143458272,41.89273786376325,0.0 -69.96057851040253,41.892733083736516,0.0 -69.96034550021928,41.89273228297261,0.0 -69.96012828324875,41.89273551608884,0.0 -69.95994166243283,41.8927425628818,0.0 -69.95979835565306,41.892752943299634,0.0 -69.95970812903303,41.89276595010968,0.0 -69.95967713139227,41.8927806970482,0.0</coordinates>
                        </LinearRing>
                    </outerBoundaryIs>
                </Polygon>
            </Placemark>
            <Placemark id="69">
                <name>07-25 04:09 EL=9 RH=18.815</name>
                <styleUrl>#74</styleUrl>
                <Polygon id="68">
                    <outerBoundaryIs>
                        <LinearRing id="72">
                            <coordinates>-69.9614710232256,41.892802183674966,0.0 -69.96148345586134,41.89281354649659,0.0 -69.96152039086499,41.89282443838317,0.0 -69.96157931118731,41.89283411704882,0.0 -69.96165620151037,41.89284192287854,0.0 -69.9617458218837,41.89284732388787,0.0 -69.96184206481871,41.89284995198494,0.0 -69.96193837150618,41.892849628061064,0.0 -69.96202817879154,41.892846374199024,0.0 -69.96210536644655,41.89284041216595,0.0 -69.96216467425536,41.89283214829452,0.0 -69.96220206049087,41.89282214578388,0.0 -69.96221497735114,41.89281108631072,0.0 -69.96220254458575,41.892799723568004,0.0 -69.96216560948007,41.89278883189999,0.0 -69.96210668911068,41.89277915353403,0.0 -69.96202979880813,41.892771348004835,0.0 -69.96194017851738,41.89276594721628,0.0 -69.96184393570492,41.89276331920114,0.0 -69.96174762914711,41.8927636430461,0.0 -69.96165782196377,41.89276689668959,0.0 -69.96158063435583,41.89277285842294,0.0 -69.96152132652651,41.8927811219939,0.0 -69.96148394020841,41.89279112428373,0.0 -69.9614710232256,41.892802183674966,0.0</coordinates>
                        </LinearRing>
                    </outerBoundaryIs>
                </Polygon>
            </Placemark>
            <Placemark id="78">
                <name>07-25 04:09 EL=13 RH=18.815</name>
                <styleUrl>#83</styleUrl>
                <Polygon id="77">
                    <outerBoundaryIs>
                        <LinearRing id="81">
                            <coordinates>-69.96210206261456,41.892809735409266,0.0 -69.96210919376858,41.8928191495836,0.0 -69.96213050400286,41.89282809765293,0.0 -69.96216454106491,41.89283596981382,0.0 -69.96220898538729,41.89284222958148,0.0 -69.96226080816172,41.89284645035307,0.0 -69.96231647774765,41.89284834448256,0.0 -69.96237220034884,41.892847782885404,0.0 -69.96242417855595,41.89284480383615,0.0 -69.96246887013527,41.89283961035934,0.0 -69.96250322942745,41.89283255639188,0.0 -69.96252491490469,41.892824122660016,0.0 -69.96253244874165,41.89281488391607,0.0 -69.96252531752573,41.89280546976791,0.0 -69.96250400724371,41.89279652177158,0.0 -69.96246997016084,41.89278864971094,0.0 -69.96242552585015,41.89278239004389,0.0 -69.96237370311681,41.89277816934634,0.0 -69.96231803359036,41.8927762752445,0.0 -69.96226231105106,41.89277683681547,0.0 -69.96221033289171,41.89277981579175,0.0 -69.96216564133321,41.89278500916832,0.0 -69.96213128202932,41.892792063035145,0.0 -69.962109596511,41.89280049669296,0.0 -69.96210206261456,41.892809735409266,0.0</coordinates>
                        </LinearRing>
                    </outerBoundaryIs>
                </Polygon>
            </Placemark>
            <Placemark id="87">
                <name>07-26 04:05 EL=5 RH=18.470</name>
                <styleUrl>#92</styleUrl>
                <Polygon id="86">
                    <outerBoundaryIs>
                        <LinearRing id="90">
                            <coordinates>-69.95973271941112,41.89278369594107,0.0 -69.95976280964672,41.89279901995885,0.0 -69.9598516426227,41.892813988720306,0.0 -69.95999316455327,41.89282758200317,0.0 -69.9601777309707,41.89283887327541,0.0 -69.96039276397491,41.8928470928829,0.0 -69.96062360939769,41.89285168054644,0.0 -69.96085453546648,41.89285232357768,0.0 -69.96106980490906,41.892848978200824,0.0 -69.96125474743393,41.8928418725237,0.0 -69.9613967594957,41.892831490958734,0.0 -69.96148616321078,41.89281854116499,0.0 -69.96151686588809,41.892803905776056,0.0 -69.96148677522936,41.89278858221614,0.0 -69.96139794190555,41.89277361471483,0.0 -69.96125641979559,41.89276002315667,0.0 -69.96107185341535,41.89274873361162,0.0 -69.96085682065487,41.89274051527096,0.0 -69.96062597561712,41.89273592807448,0.0 -69.96039504997144,41.89273528458535,0.0 -69.96017978087669,41.89273862870207,0.0 -69.9599948385312,41.892745732654475,0.0 -69.95985282643227,41.892756112492265,0.0 -69.95976342247344,41.89276906101917,0.0 -69.95973271941112,41.89278369594107,0.0</coordinates>
                        </LinearRing>
                    </outerBoundaryIs>
                </Polygon>
            </Placemark>
            <Placemark id="96">
                <name>07-26 04:05 EL=9 RH=18.470</name>
                <styleUrl>#101</styleUrl>
                <Polygon id="95">
                    <outerBoundaryIs>
                        <LinearRing id="99">
                            <coordinates>-69.96150065277446,41.89280372224716,0.0 -69.96151298592837,41.892814974071726,0.0 -69.9615495988179,41.89282574345092,0.0 -69.9616079963451,41.89283529644789,0.0 -69.96168419881953,41.8928429820123,0.0 -69.96177301316642,41.89284827635615,0.0 -69.96186838682665,41.89285081865699,0.0 -69.96196382023084,41.8928504356532,0.0 -69.9620528097375,41.89284715345362,0.0 -69.96212929084886,41.89284119575615,0.0 -69.96218805149903,41.89283296859743,0.0 -69.96222508724888,41.89282303267424,0.0 -69.96223787418144,41.892812065124936,0.0 -69.96222554090039,41.89280081337794,0.0 -69.96218892791119,41.89279004421345,0.0 -69.96213053033848,41.89278049151077,0.0 -69.9620543278849,41.89277280624143,0.0 -69.96196551361962,41.89276751211433,0.0 -69.96187014007992,41.89276496989385,0.0 -69.96177470680287,41.892765352820085,0.0 -69.96168571739588,41.892768634804966,0.0 -69.96160923633003,41.89277459220812,0.0 -69.96155047565901,41.892782819071776,0.0 -69.96151343982754,41.89279275477823,0.0 -69.96150065277446,41.89280372224716,0.0</coordinates>
                        </LinearRing>
                    </outerBoundaryIs>
                </Polygon>
            </Placemark>
            <Placemark id="105">
                <name>07-26 04:05 EL=13 RH=18.470</name>
                <styleUrl>#110</styleUrl>
                <Polygon id="104">
                    <outerBoundaryIs>
                        <LinearRing id="108">
                            <coordinates>-69.96212203733099,41.89281075455203,0.0 -69.96212911447215,41.892820078389036,0.0 -69.96215024100677,41.89282893123707,0.0 -69.9621839772011,41.892836709781946,0.0 -69.96222802399124,41.892842883918895,0.0 -69.9622793796601,41.89284703288079,0.0 -69.96233454439964,41.89284887391549,0.0 -69.96238975881819,41.892848281556816,0.0 -69.9624412601383,41.892845296175594,0.0 -69.96248553862547,41.892840121227785,0.0 -69.96251957677194,41.89283310938737,0.0 -69.96254105493544,41.89282473850955,0.0 -69.9625485094187,41.892815579063104,0.0 -69.96254143221681,41.892806255251834,0.0 -69.96252030563548,41.89279740247551,0.0 -69.96248656942096,41.892789624029064,0.0 -69.96244252264255,41.89278344999092,0.0 -69.96239116701422,41.892779301101704,0.0 -69.96233600233313,41.8927774600941,0.0 -69.9622807879753,41.89277805242703,0.0 -69.9622292867019,41.892781037736555,0.0 -69.96218500823493,41.89278621258593,0.0 -69.96215097007672,41.89279322432754,0.0 -69.96212949187269,41.89280159513266,0.0 -69.96212203733099,41.89281075455203,0.0</coordinates>
                        </LinearRing>
                    </outerBoundaryIs>
                </Polygon>
            </Placemark>
        </Folder>
        <Folder id="113">
            <Style id="120">
                <LineStyle id="122">
                    <color>ff00ffff</color>
                    <colorMode>normal</colorMode>
                    <width>2</width>
                </LineStyle>
                <PolyStyle id="121">
                    <color>5000ffff</color>
                    <colorMode>normal</colorMode>
                    <fill>1</fill>
                    <outline>1</outline>
                </PolyStyle>
            </Style>
            <Style id="129">
                <LineStyle id="131">
                    <color>ff00ffff</color>
                    <colorMode>normal</colorMode>
                    <width>2</width>
                </LineStyle>
                <PolyStyle id="130">
                    <color>5000ffff</color>
                    <colorMode>normal</colorMode>
                    <fill>1</fill>
                    <outline>1</outline>
                </PolyStyle>
            </Style>
            <Style id="138">
                <LineStyle id="140">
                    <color>ff00ffff</color>
                    <colorMode>normal</colorMode>
                    <width>2</width>
                </LineStyle>
                <PolyStyle id="139">
                    <color>5000ffff</color>
                    <colorMode>normal</colorMode>
                    <fill>1</fill>
                    <outline>1</outline>
                </PolyStyle>
            </Style>
            <Style id="147">
                <LineStyle id="149">
                    <color>ff00ffff</color>
                    <colorMode>normal</colorMode>
                    <width>2</width>
                </LineStyle>
                <PolyStyle id="148">
                    <color>5000ffff</color>
                    <colorMode>normal</colorMode>
                    <fill>1</fill>
                    <outline>1</outline>
                </PolyStyle>
            </Style>
            <Style id="156">
                <LineStyle id="158">
                    <color>ff00ffff</color>
                    <colorMode>normal</colorMode>
                    <width>2</width>
                </LineStyle>
                <PolyStyle id="157">
                    <color>5000ffff</color>
                    <colorMode>normal</colorMode>
                    <fill>1</fill>
                    <outline>1</outline>
                </PolyStyle>
            </Style>
            <Style id="165">
                <LineStyle id="167">
                    <color>ff00ffff</color>
                    <colorMode>normal</colorMode>
                    <width>2</width>
                </LineStyle>
                <PolyStyle id="166">
                    <color>5000ffff</color>
                    <colorMode>normal</colorMode>
                    <fill>1</fill>
                    <outline>1</outline>
                </PolyStyle>
            </Style>
            <Style id="174">
                <LineStyle id="176">
                    <color>ff00ffff</color>
                    <colorMode>normal</colorMode>
                    <width>2</width>
                </LineStyle>
                <PolyStyle id="175">
                    <color>5000ffff</color>
                    <colorMode>normal</colorMode>
                    <fill>1</fill>
                    <outline>1</outline>
                </PolyStyle>
            </Style>
            <Style id="183">
                <LineStyle id="185">
                    <color>ff00ffff</color>
                    <colorMode>normal</colorMode>
                    <width>2</width>
                </LineStyle>
                <PolyStyle id="184">
                    <color>5000ffff</color>
                    <colorMode>normal</colorMode>
                    <fill>1</fill>
                    <outline>1</outline>
                </PolyStyle>
            </Style>
            <Style id="192">
                <LineStyle id="194">
                    <color>ff00ffff</color>
                    <colorMode>normal</colorMode>
                    <width>2</width>
                </LineStyle>
                <PolyStyle id="193">
                    <color>5000ffff</color>
                    <colorMode>normal</colorMode>
                    <fill>1</fill>
                    <outline>1</outline>
                </PolyStyle>
            </Style>
            <Style id="201">
                <LineStyle id="203">
                    <color>ff00ffff</color>
                    <colorMode>normal</colorMode>
                    <width>2</width>
                </LineStyle>
                <PolyStyle id="202">
                    <color>5000ffff</color>
                    <colorMode>normal</colorMode>
                    <fill>1</fill>
                    <outline>1</outline>
                </PolyStyle>
            </Style>
            <Style id="210">
                <LineStyle id="212">
                    <color>ff00ffff</color>
                    <colorMode>normal</colorMode>
                    <width>2</width>
                </LineStyle>
                <PolyStyle id="211">
                    <color>5000ffff</color>
                    <colorMode>normal</colorMode>
                    <fill>1</fill>
                    <outline>1</outline>
                </PolyStyle>
            </Style>
            <Style id="219">
                <LineStyle id="221">
                    <color>ff00ffff</color>
                    <colorMode>normal</colorMode>
                    <width>2</width>
                </LineStyle>
                <PolyStyle id="220">
                    <color>5000ffff</color>
                    <colorMode>normal</colorMode>
                    <fill>1</fill>
                    <outline>1</outline>
                </PolyStyle>
            </Style>
            <name>02 SAT 21 FREQ 1 B_PROBABLE_OCEAN_OR_MIXED_SHORELINE</name>
            <Placemark id="115">
                <name>07-23 16:55 EL=5 RH=19.599</name>
                <styleUrl>#120</styleUrl>
                <Polygon id="114">
                    <outerBoundaryIs>
                        <LinearRing id="118">
                            <coordinates>-69.95955554740372,41.89267877864049,0.0 -69.95958572070458,41.89269538525643,0.0 -69.95967633272114,41.89271327579039,0.0 -69.95982120844411,41.89273123089986,0.0 -69.96001047486939,41.89274802679205,0.0 -69.9602312338171,41.892762518672015,0.0 -69.96046844091735,41.89277371880748,0.0 -69.96070593086259,41.89278086387725,0.0 -69.96092751905609,41.89278346700381,0.0 -69.96111810457874,41.89278135092058,0.0 -69.96126469930516,41.89277466001684,0.0 -69.96135731303278,41.89276385044934,0.0 -69.96138963430151,41.89274965900681,0.0 -69.961359460506,41.89273305286307,0.0 -69.96126884798997,41.8927151636522,0.0 -69.96112397189653,41.892697210362186,0.0 -69.96093470532904,41.89268041629831,0.0 -69.96071394650549,41.89266592576563,0.0 -69.9604767397625,41.89265472613537,0.0 -69.9602392503119,41.8926475805934,0.0 -69.96001766261789,41.89264497614374,0.0 -69.95982707746569,41.892647090407536,0.0 -69.95968048288148,41.892653779482934,0.0 -69.95958786902972,41.89266458770317,0.0 -69.95955554740372,41.89267877864049,0.0</coordinates>
                        </LinearRing>
                    </outerBoundaryIs>
                </Polygon>
            </Placemark>
            <Placemark id="124">
                <name>07-23 16:55 EL=9 RH=19.599</name>
                <styleUrl>#129</styleUrl>
                <Polygon id="123">
                    <outerBoundaryIs>
                        <LinearRing id="127">
                            <coordinates>-69.96140607798066,41.89275029435872,0.0 -69.96141819770321,41.8927622181777,0.0 -69.96145532418963,41.89277432752202,0.0 -69.96151492734404,41.89278579713747,0.0 -69.9615929453179,41.892795845357725,0.0 -69.96168406131619,41.89280378738189,0.0 -69.96178206592789,41.89280908195101,0.0 -69.96188028028881,41.89281136824008,0.0 -69.96197201123833,41.892810490450124,0.0 -69.96205100745102,41.89280650842349,0.0 -69.96211188545759,41.892799693559695,0.0 -69.96215049652155,41.89279051031176,0.0 -69.96216420936898,41.89277958452597,0.0 -69.96215208950386,41.89276766078543,0.0 -69.96211496288922,41.892755551665516,0.0 -69.96205535965528,41.89274408236033,0.0 -69.9619773416719,41.892734034453056,0.0 -69.96188622573665,41.892726092660716,0.0 -69.96178822124365,41.89272079818017,0.0 -69.9616900070253,41.89271851181265,0.0 -69.96159827620399,41.8927193893782,0.0 -69.96151928007082,41.89272337109456,0.0 -69.96145840207377,41.89273018564537,0.0 -69.96141979094678,41.89273936866149,0.0 -69.96140607798066,41.89275029435872,0.0</coordinates>
                        </LinearRing>
                    </outerBoundaryIs>
                </Polygon>
            </Placemark>
            <Placemark id="133">
                <name>07-23 16:55 EL=13 RH=19.599</name>
                <styleUrl>#138</styleUrl>
                <Polygon id="132">
                    <outerBoundaryIs>
                        <LinearRing id="136">
                            <coordinates>-69.96205823677555,41.892775490609615,0.0 -69.96206504708029,41.892785284402265,0.0 -69.96208633923392,41.892794988157696,0.0 -69.9621206622171,41.89280394057355,0.0 -69.96216567697844,41.89281153154713,0.0 -69.9622183158362,41.89281724375566,0.0 -69.96227499153574,41.89282068791374,0.0 -69.9623318417159,41.89282162930466,0.0 -69.96238499212417,41.892820003776755,0.0 -69.96243082064235,41.89281592211449,0.0 -69.96246620412946,41.89280966248676,0.0 -69.96248873125947,41.892801651487346,0.0 -69.96249686684918,41.89279243506043,0.0 -69.96249005647748,41.89278264129329,0.0 -69.96246876426662,41.892772937612435,0.0 -69.9624344412513,41.89276398530024,0.0 -69.96238942649153,41.8927563944316,0.0 -69.96233678766862,41.89275068230121,0.0 -69.96228011202787,41.89274723817353,0.0 -69.96222326191469,41.892746296757075,0.0 -69.96217011156362,41.89274792221042,0.0 -69.96212428307757,41.892752003769026,0.0 -69.9620888995889,41.892758263291796,0.0 -69.96206637242405,41.89276627421307,0.0 -69.96205823677555,41.892775490609615,0.0</coordinates>
                        </LinearRing>
                    </outerBoundaryIs>
                </Polygon>
            </Placemark>
            <Placemark id="142">
                <name>07-24 16:51 EL=5 RH=19.320</name>
                <styleUrl>#147</styleUrl>
                <Polygon id="141">
                    <outerBoundaryIs>
                        <LinearRing id="145">
                            <coordinates>-69.95960028457274,41.892681477745626,0.0 -69.95963025594361,41.89269796116384,0.0 -69.95972024663922,41.89271570395967,0.0 -69.95986412399148,41.89273349686053,0.0 -69.96005208303292,41.89275012713041,0.0 -69.96027131467933,41.89276446126374,0.0 -69.96050687864394,41.8927755222803,0.0 -69.9607427215966,41.89278255634033,0.0 -69.96096277118116,41.8927850841308,0.0 -69.96115203133299,41.892782933517346,0.0 -69.96129760424917,41.89277625123993,0.0 -69.9613895693622,41.89276549286488,0.0 -69.96142165941397,41.8927513916904,0.0 -69.96139168755575,41.89273490873797,0.0 -69.96130169636879,41.89271716724703,0.0 -69.96115781865288,41.89269937614053,0.0 -69.96096985947291,41.8926827476737,0.0 -69.9607506279502,41.892668414868936,0.0 -69.9605150643384,41.89265735435052,0.0 -69.9602792218731,41.892650319824696,0.0 -69.96005917277986,41.89264779072932,0.0 -69.95986991299169,41.89264993954841,0.0 -69.95972434021405,41.892656620022784,0.0 -69.95963237497732,41.892667377069266,0.0 -69.95960028457274,41.892681477745626,0.0</coordinates>
                        </LinearRing>
                    </outerBoundaryIs>
                </Polygon>
            </Placemark>
            <Placemark id="151">
                <name>07-24 16:51 EL=9 RH=19.320</name>
                <styleUrl>#156</styleUrl>
                <Polygon id="150">
                    <outerBoundaryIs>
                        <LinearRing id="154">
                            <coordinates>-69.96142993915235,41.892751709444234,0.0 -69.96144197918451,41.892763546264476,0.0 -69.96147885017608,41.89277556084791,0.0 -69.96153803944253,41.89278693439842,0.0 -69.96161551334096,41.89279689179679,0.0 -69.96170599215415,41.89280475443195,0.0 -69.96180330989425,41.892809986455454,0.0 -69.96190083450641,41.89281223130485,0.0 -69.96199191983544,41.89281133600507,0.0 -69.96207035855409,41.89280736159143,0.0 -69.96213080518548,41.89280057894421,0.0 -69.96216914039071,41.89279145032046,0.0 -69.9621827516951,41.89278059784361,0.0 -69.96217071152243,41.892768761100754,0.0 -69.96213384040466,41.89275674673861,0.0 -69.96207465106009,41.89274537349404,0.0 -69.96199717715257,41.89273541640425,0.0 -69.96190669840176,41.89272755399766,0.0 -69.96180938077879,41.892722322061445,0.0 -69.96171185630712,41.89272007713469,0.0 -69.96162077110431,41.892720972213155,0.0 -69.96154233246378,41.892724946320854,0.0 -69.96148188584145,41.892731728659484,0.0 -69.96144355057386,41.89274085705468,0.0 -69.96142993915235,41.892751709444234,0.0</coordinates>
                        </LinearRing>
                    </outerBoundaryIs>
                </Polygon>
            </Placemark>
            <Placemark id="160">
                <name>07-24 16:51 EL=13 RH=19.320</name>
                <styleUrl>#165</styleUrl>
                <Polygon id="159">
                    <outerBoundaryIs>
                        <LinearRing id="163">
                            <coordinates>-69.96207432807125,41.89277643750433,0.0 -69.96208109481186,41.89278616032859,0.0 -69.96210224101992,41.8927957900135,0.0 -69.96213632562191,41.892804670304585,0.0 -69.96218102581169,41.89281219601449,0.0 -69.96223329534504,41.89281785426818,0.0 -69.96228957213619,41.89282125945731,0.0 -69.96234602100904,41.89282217952088,0.0 -69.96239879505958,41.89282055176061,0.0 -69.96244429781788,41.892816487113,0.0 -69.96247942834299,41.89281026258729,0.0 -69.96250179254784,41.89280230238495,0.0 -69.96250986635228,41.892793148988325,0.0 -69.96250309954566,41.89278342618923,0.0 -69.96248195328126,41.89277379657786,0.0 -69.96244786864769,41.89276491638898,0.0 -69.96240316845956,41.89275739078255,0.0 -69.96235089896065,41.892751732605895,0.0 -69.96229462222749,41.89274832744671,0.0 -69.96223817342064,41.892747407357945,0.0 -69.96218539942643,41.89274903504468,0.0 -69.96213989669971,41.89275309959009,0.0 -69.96210476617296,41.892759324012324,0.0 -69.96208240193367,41.89276728413764,0.0 -69.96207432807125,41.89277643750433,0.0</coordinates>
                        </LinearRing>
                    </outerBoundaryIs>
                </Polygon>
            </Placemark>
            <Placemark id="169">
                <name>07-25 16:47 EL=5 RH=18.960</name>
                <styleUrl>#174</styleUrl>
                <Polygon id="168">
                    <outerBoundaryIs>
                        <LinearRing id="172">
                            <coordinates>-69.95965813133068,41.892684176023394,0.0 -69.95968783374114,41.89270050553257,0.0 -69.95977700946312,41.89271807520006,0.0 -69.95991958136668,41.89273568755402,0.0 -69.96010583344781,41.89275214216564,0.0 -69.96032307294846,41.892766317503465,0.0 -69.96055649534348,41.89277724741132,0.0 -69.96079019324777,41.89278418698521,0.0 -69.96100824048757,41.89278666335032,0.0 -69.96119577745569,41.892784507874474,0.0 -69.96134002378207,41.89277786762579,0.0 -69.96143114930446,41.89276719530312,0.0 -69.96146294398129,41.89275321833794,0.0 -69.96143324109252,41.89273688928616,0.0 -69.9613440648887,41.892719320899985,0.0 -69.9612014926289,41.892701710307904,0.0 -69.96101524041259,41.892685257466674,0.0 -69.96079800103404,41.89267108343333,0.0 -69.96056457898565,41.89266015401452,0.0 -69.96033088155967,41.89265321398323,0.0 -69.9601128348017,41.892650736336805,0.0 -69.95992529818983,41.89265289005077,0.0 -69.95978105199863,41.89265952852906,0.0 -69.95968992635416,41.892670199547254,0.0 -69.95965813133068,41.892684176023394,0.0</coordinates>
                        </LinearRing>
                    </outerBoundaryIs>
                </Polygon>
            </Placemark>
            <Placemark id="178">
                <name>07-25 16:47 EL=9 RH=18.960</name>
                <styleUrl>#183</styleUrl>
                <Polygon id="177">
                    <outerBoundaryIs>
                        <LinearRing id="181">
                            <coordinates>-69.96146078386015,41.89275313572042,0.0 -69.9614727157007,41.89276486191296,0.0 -69.9615092497286,41.89277676102779,0.0 -69.96156789622259,41.89278802213818,0.0 -69.96164465852868,41.89279787778808,0.0 -69.96173430542342,41.89280565630096,0.0 -69.96183072761298,41.89281082756164,0.0 -69.96192735407297,41.89281303914865,0.0 -69.96201759985605,41.89281214035361,0.0 -69.96209531484891,41.89280819244961,0.0 -69.96215520289553,41.89280146450978,0.0 -69.96219318272365,41.89279241506237,0.0 -69.96220666607687,41.892781660834686,0.0 -69.96219473409845,41.892769934718125,0.0 -69.96215819994674,41.89275803582056,0.0 -69.9620995533762,41.8927467750105,0.0 -69.96202279106136,41.89273691966354,0.0 -69.96193314422796,41.89272914137499,0.0 -69.96183672215342,41.8927239702,0.0 -69.9617400958313,41.892721758537014,0.0 -69.96164985017201,41.892722657114795,0.0 -69.9615721352557,41.89272660471847,0.0 -69.96151224721784,41.89273333235538,0.0 -69.96147426732838,41.89274238157841,0.0 -69.96146078386015,41.89275313572042,0.0</coordinates>
                        </LinearRing>
                    </outerBoundaryIs>
                </Polygon>
            </Placemark>
            <Placemark id="187">
                <name>07-25 16:47 EL=13 RH=18.960</name>
                <styleUrl>#192</styleUrl>
                <Polygon id="186">
                    <outerBoundaryIs>
                        <LinearRing id="190">
                            <coordinates>-69.96209512591672,41.89277739546193,0.0 -69.96210183226742,41.89278702739261,0.0 -69.9621227849279,41.89279656519284,0.0 -69.9621565560145,41.89280535887008,0.0 -69.96220084408658,41.89281280913976,0.0 -69.96225263098505,41.89281840826813,0.0 -69.96230838751495,41.89282177467631,0.0 -69.96236431395526,41.89282267894622,0.0 -69.96241659900501,41.892821059455805,0.0 -69.96246167951894,41.89281702657791,0.0 -69.96249648333142,41.89281085515647,0.0 -69.96251863862034,41.89280296577385,0.0 -69.96252663554274,41.89279389608597,0.0 -69.96251992912727,41.89278426418,0.0 -69.96249897641151,41.89277472645196,0.0 -69.96246520529397,41.892765932875044,0.0 -69.96242091722355,41.89275848270694,0.0 -69.96236913035892,41.892752883654175,0.0 -69.96231337388595,41.89274951727537,0.0 -69.96225744751042,41.892748612980746,0.0 -69.96220516251594,41.89275023239897,0.0 -69.96216008203297,41.89275426517654,0.0 -69.9621252782188,41.89276043649642,0.0 -69.96210312289605,41.89276832580343,0.0 -69.96209512591672,41.89277739546193,0.0</coordinates>
                        </LinearRing>
                    </outerBoundaryIs>
                </Polygon>
            </Placemark>
            <Placemark id="196">
                <name>07-26 16:43 EL=5 RH=18.630</name>
                <styleUrl>#201</styleUrl>
                <Polygon id="195">
                    <outerBoundaryIs>
                        <LinearRing id="199">
                            <coordinates>-69.95971103156157,41.892689493220814,0.0 -69.95974050821415,41.89270565720039,0.0 -69.95982895492683,41.89272299714683,0.0 -69.95997034424921,41.89274033124556,0.0 -69.96015504076705,41.89275647803335,0.0 -69.96037045773058,41.89277033695938,0.0 -69.9606019148173,41.89278096343268,0.0 -69.96083363857507,41.89278763322863,0.0 -69.96104983736588,41.892789891856616,0.0 -69.96123577755252,41.89278758552079,0.0 -69.96137878758414,41.89278087156717,0.0 -69.96146912155072,41.89277020771448,0.0 -69.96150062335413,41.89275632081477,0.0 -69.96147114623275,41.892740157285296,0.0 -69.9613826990505,41.89272281859891,0.0 -69.96124130938362,41.89270548623258,0.0 -69.96105661273864,41.89268934118534,0.0 -69.96084119589942,41.892675483541595,0.0 -69.9606097391551,41.89266485754879,0.0 -69.96037801586613,41.892658187302736,0.0 -69.96016181754487,41.892655927414665,0.0 -69.95997587770273,41.89265823201811,0.0 -69.95983286779826,41.892664944231186,0.0 -69.9597425337074,41.89267560680158,0.0 -69.95971103156157,41.892689493220814,0.0</coordinates>
                        </LinearRing>
                    </outerBoundaryIs>
                </Polygon>
            </Placemark>
            <Placemark id="205">
                <name>07-26 16:43 EL=9 RH=18.630</name>
                <styleUrl>#210</styleUrl>
                <Polygon id="204">
                    <outerBoundaryIs>
                        <LinearRing id="208">
                            <coordinates>-69.961488988616,41.892755886436284,0.0 -69.96150083689379,41.892767500988725,0.0 -69.96153707599142,41.89277926478789,0.0 -69.96159523628634,41.892790376129014,0.0 -69.96167135425802,41.89280007776303,0.0 -69.9617602425932,41.89280770850987,0.0 -69.96185584369266,41.892812748324744,0.0 -69.96195164248813,41.89281485374417,0.0 -69.9620411104365,41.89281388129477,0.0 -69.96211815043286,41.89280989726872,0.0 -69.96217751232135,41.89280317320029,0.0 -69.96221515068662,41.8927941673534,0.0 -69.96222850054235,41.892783493483634,0.0 -69.96221665212927,41.89277187900599,0.0 -69.96218041291068,41.89276011542047,0.0 -69.9621222525415,41.8927490043746,0.0 -69.96204613456221,41.89273930303834,0.0 -69.96195724628808,41.89273167251196,0.0 -69.96186164530197,41.8927266327812,0.0 -69.96176584664177,41.892724527286965,0.0 -69.96167637881436,41.89272549952271,0.0 -69.96159933889226,41.89272948325352,0.0 -69.96153997701138,41.892736207024186,0.0 -69.96150233858508,41.892745212650624,0.0 -69.961488988616,41.892755886436284,0.0</coordinates>
                        </LinearRing>
                    </outerBoundaryIs>
                </Polygon>
            </Placemark>
            <Placemark id="214">
                <name>07-26 16:43 EL=13 RH=18.630</name>
                <styleUrl>#219</styleUrl>
                <Polygon id="213">
                    <outerBoundaryIs>
                        <LinearRing id="217">
                            <coordinates>-69.96211414263698,41.89277922464968,0.0 -69.96212080668842,41.8927887672684,0.0 -69.96214159374271,41.89279820372376,0.0 -69.96217508720187,41.89280689092984,0.0 -69.962219004545,41.89281423685804,0.0 -69.96227035287757,41.89281974088552,0.0 -69.96232563289219,41.892823027914496,0.0 -69.96238107734163,41.892823873936486,0.0 -69.96243290777194,41.89282222129892,0.0 -69.96247759201955,41.89281818263343,0.0 -69.96251208492382,41.8928120331782,0.0 -69.96253403585051,41.89280419201846,0.0 -69.96254194888361,41.89279519352368,0.0 -69.96253528476859,41.89278565092931,0.0 -69.96251449766022,41.892776214544945,0.0 -69.96248100417098,41.892767527437485,0.0 -69.96243708682984,41.892760181609106,0.0 -69.96238573853078,41.892754677655894,0.0 -69.96233045857223,41.89275139065574,0.0 -69.96227501418637,41.892750544609406,0.0 -69.96222318381014,41.89275219717598,0.0 -69.96217849959261,41.892756235742866,0.0 -69.96214400668636,41.89276238509826,0.0 -69.96212205572614,41.89277022618373,0.0 -69.96211414263698,41.89277922464968,0.0</coordinates>
                        </LinearRing>
                    </outerBoundaryIs>
                </Polygon>
            </Placemark>
        </Folder>
        <Folder id="222">
            <Style id="229">
                <LineStyle id="231">
                    <color>ff00ffff</color>
                    <colorMode>normal</colorMode>
                    <width>2</width>
                </LineStyle>
                <PolyStyle id="230">
                    <color>5000ffff</color>
                    <colorMode>normal</colorMode>
                    <fill>1</fill>
                    <outline>1</outline>
                </PolyStyle>
            </Style>
            <Style id="238">
                <LineStyle id="240">
                    <color>ff00ffff</color>
                    <colorMode>normal</colorMode>
                    <width>2</width>
                </LineStyle>
                <PolyStyle id="239">
                    <color>5000ffff</color>
                    <colorMode>normal</colorMode>
                    <fill>1</fill>
                    <outline>1</outline>
                </PolyStyle>
            </Style>
            <Style id="247">
                <LineStyle id="249">
                    <color>ff00ffff</color>
                    <colorMode>normal</colorMode>
                    <width>2</width>
                </LineStyle>
                <PolyStyle id="248">
                    <color>5000ffff</color>
                    <colorMode>normal</colorMode>
                    <fill>1</fill>
                    <outline>1</outline>
                </PolyStyle>
            </Style>
            <Style id="256">
                <LineStyle id="258">
                    <color>ff00ffff</color>
                    <colorMode>normal</colorMode>
                    <width>2</width>
                </LineStyle>
                <PolyStyle id="257">
                    <color>5000ffff</color>
                    <colorMode>normal</colorMode>
                    <fill>1</fill>
                    <outline>1</outline>
                </PolyStyle>
            </Style>
            <Style id="265">
                <LineStyle id="267">
                    <color>ff00ffff</color>
                    <colorMode>normal</colorMode>
                    <width>2</width>
                </LineStyle>
                <PolyStyle id="266">
                    <color>5000ffff</color>
                    <colorMode>normal</colorMode>
                    <fill>1</fill>
                    <outline>1</outline>
                </PolyStyle>
            </Style>
            <Style id="274">
                <LineStyle id="276">
                    <color>ff00ffff</color>
                    <colorMode>normal</colorMode>
                    <width>2</width>
                </LineStyle>
                <PolyStyle id="275">
                    <color>5000ffff</color>
                    <colorMode>normal</colorMode>
                    <fill>1</fill>
                    <outline>1</outline>
                </PolyStyle>
            </Style>
            <Style id="283">
                <LineStyle id="285">
                    <color>ff00ffff</color>
                    <colorMode>normal</colorMode>
                    <width>2</width>
                </LineStyle>
                <PolyStyle id="284">
                    <color>5000ffff</color>
                    <colorMode>normal</colorMode>
                    <fill>1</fill>
                    <outline>1</outline>
                </PolyStyle>
            </Style>
            <Style id="292">
                <LineStyle id="294">
                    <color>ff00ffff</color>
                    <colorMode>normal</colorMode>
                    <width>2</width>
                </LineStyle>
                <PolyStyle id="293">
                    <color>5000ffff</color>
                    <colorMode>normal</colorMode>
                    <fill>1</fill>
                    <outline>1</outline>
                </PolyStyle>
            </Style>
            <Style id="301">
                <LineStyle id="303">
                    <color>ff00ffff</color>
                    <colorMode>normal</colorMode>
                    <width>2</width>
                </LineStyle>
                <PolyStyle id="302">
                    <color>5000ffff</color>
                    <colorMode>normal</colorMode>
                    <fill>1</fill>
                    <outline>1</outline>
                </PolyStyle>
            </Style>
            <Style id="310">
                <LineStyle id="312">
                    <color>ff00ffff</color>
                    <colorMode>normal</colorMode>
                    <width>2</width>
                </LineStyle>
                <PolyStyle id="311">
                    <color>5000ffff</color>
                    <colorMode>normal</colorMode>
                    <fill>1</fill>
                    <outline>1</outline>
                </PolyStyle>
            </Style>
            <Style id="319">
                <LineStyle id="321">
                    <color>ff00ffff</color>
                    <colorMode>normal</colorMode>
                    <width>2</width>
                </LineStyle>
                <PolyStyle id="320">
                    <color>5000ffff</color>
                    <colorMode>normal</colorMode>
                    <fill>1</fill>
                    <outline>1</outline>
                </PolyStyle>
            </Style>
            <Style id="328">
                <LineStyle id="330">
                    <color>ff00ffff</color>
                    <colorMode>normal</colorMode>
                    <width>2</width>
                </LineStyle>
                <PolyStyle id="329">
                    <color>5000ffff</color>
                    <colorMode>normal</colorMode>
                    <fill>1</fill>
                    <outline>1</outline>
                </PolyStyle>
            </Style>
            <name>03 SAT 1 FREQ 1 B_PROBABLE_OCEAN_OR_MIXED_SHORELINE</name>
            <Placemark id="224">
                <name>07-23 09:54 EL=5 RH=18.825</name>
                <styleUrl>#229</styleUrl>
                <Polygon id="223">
                    <outerBoundaryIs>
                        <LinearRing id="227">
                            <coordinates>-69.96028618590618,41.89432889355199,0.0 -69.96032298360655,41.89432882524329,0.0 -69.96040835876185,41.89430345074819,0.0 -69.9605364930474,41.89425449919738,0.0 -69.96069865410823,41.894185306433066,0.0 -69.9608837907124,41.89410058771022,0.0 -69.96107928593405,41.89400611639132,0.0 -69.96127181702224,41.89390833052223,0.0 -69.96144826334438,41.893813894094976,0.0 -69.96159660052419,41.89372924289518,0.0 -69.96170671984315,41.89366014588735,0.0 -69.96177111707529,41.893611312035915,0.0 -69.96178540382789,41.893586069365654,0.0 -69.96174860655702,41.893586138141195,0.0 -69.96166323289297,41.89361151362898,0.0 -69.96153510076091,41.89366046643226,0.0 -69.96137294193873,41.8937296603733,0.0 -69.96118780705856,41.89381437988179,0.0 -69.9609923125843,41.89390885138475,0.0 -69.96079978106663,41.89400663678698,0.0 -69.96062333325321,41.89410107222158,0.0 -69.9604749939199,41.89418572216888,0.0 -69.96036487236229,41.89425481800001,0.0 -69.96030047340616,41.89430365106579,0.0 -69.96028618590618,41.89432889355199,0.0</coordinates>
                        </LinearRing>
                    </outerBoundaryIs>
                </Polygon>
            </Placemark>
            <Placemark id="233">
                <name>07-23 09:54 EL=9 RH=18.825</name>
                <styleUrl>#238</styleUrl>
                <Polygon id="232">
                    <outerBoundaryIs>
                        <LinearRing id="236">
                            <coordinates>-69.96178036326666,41.89358856689661,0.0 -69.96179926717947,41.893592673158835,0.0 -69.96183799356197,41.893586039482685,0.0 -69.96189390325088,41.893569117923974,0.0 -69.9619631860565,41.89354306163725,0.0 -69.96204112043073,41.893509646295996,0.0 -69.96212239524328,41.89347114908859,0.0 -69.96220147173497,41.89343019353494,0.0 -69.96227296097886,41.893389570698155,0.0 -69.96233199112547,41.893352048975686,0.0 -69.96237453940465,41.893320185432636,0.0 -69.96239770626087,41.893296151536184,0.0 -69.96239991294263,41.893281585168566,0.0 -69.96238100908327,41.893277479004844,0.0 -69.96234228294426,41.89328411286343,0.0 -69.96228637362361,41.89330103463962,0.0 -69.96221709121237,41.893327091120604,0.0 -69.96213915715295,41.893360506580834,0.0 -69.96205788249128,41.89339900380005,0.0 -69.96197880594615,41.893439959255204,0.0 -69.96190731645876,41.89348058190954,0.0 -69.96184828594389,41.893518103414536,0.0 -69.96180573727034,41.89354996676333,0.0 -69.96178257009932,41.89357400054081,0.0 -69.96178036326666,41.89358856689661,0.0</coordinates>
                        </LinearRing>
                    </outerBoundaryIs>
                </Polygon>
            </Placemark>
            <Placemark id="242">
                <name>07-23 09:54 EL=13 RH=18.825</name>
                <styleUrl>#247</styleUrl>
                <Polygon id="241">
                    <outerBoundaryIs>
                        <LinearRing id="245">
                            <coordinates>-69.96230597593083,41.89332813058308,0.0 -69.96231902743276,41.893332871700345,0.0 -69.96234340222185,41.89333123836629,0.0 -69.96237743918866,41.8933233418834,0.0 -69.9624188187577,41.89330972037662,0.0 -69.96246472096601,41.893291302122854,0.0 -69.96251201764268,41.89326934229219,0.0 -69.9625574855915,41.89324533741108,0.0 -69.96259802624807,41.89322092337642,0.0 -69.9626308768415,41.893197763970804,0.0 -69.96265379867057,41.89317743747683,0.0 -69.96266522966421,41.8931613291177,0.0 -69.9626643908304,41.89315053665494,0.0 -69.9626513393401,41.893145795576785,0.0 -69.96262696462965,41.893147428975965,0.0 -69.96259292778743,41.89315532553252,0.0 -69.96255154835555,41.89316894710181,0.0 -69.9625056462602,41.89318736539016,0.0 -69.96245834964205,41.8932093252182,0.0 -69.96241288168159,41.89323333006021,0.0 -69.96237234094637,41.893257744029754,0.0 -69.96233949022836,41.89328090336169,0.0 -69.96231656826214,41.89330122979317,0.0 -69.96230513715552,41.89331733811771,0.0 -69.96230597593083,41.89332813058308,0.0</coordinates>
                        </LinearRing>
                    </outerBoundaryIs>
                </Polygon>
            </Placemark>
            <Placemark id="251">
                <name>07-24 09:49 EL=5 RH=19.280</name>
                <styleUrl>#256</styleUrl>
                <Polygon id="250">
                    <outerBoundaryIs>
                        <LinearRing id="254">
                            <coordinates>-69.96022626661953,41.89436032344214,0.0 -69.96026349394508,41.89436023984558,0.0 -69.96034984796242,41.89433453545435,0.0 -69.9604794436354,41.894284961878775,0.0 -69.96064344901279,41.89421489734814,0.0 -69.96083068717014,41.894129116524184,0.0 -69.96102839796016,41.894033465148034,0.0 -69.96122310764284,41.89393446168412,0.0 -69.96140154711904,41.89383885310263,0.0 -69.96155155618594,41.89375315507181,0.0 -69.96166291219383,41.89368320789884,0.0 -69.96172802664377,41.89363377848816,0.0 -69.96174246226992,41.893608235452696,0.0 -69.96170523538463,41.8936083195269,0.0 -69.9616188828946,41.89363402493352,0.0 -69.96148928942677,41.893683599790144,0.0 -69.9613252863415,41.89375366552426,0.0 -69.96113804994906,41.89383944715163,0.0 -69.96094033992382,41.893935098715865,0.0 -69.96074562980091,41.89403410170213,0.0 -69.96056718879738,41.89412970926823,0.0 -69.96041717752533,41.89421540601798,0.0 -69.96030581922533,41.8942853519875,0.0 -69.96024070301048,41.89433478059477,0.0 -69.96022626661953,41.89436032344214,0.0</coordinates>
                        </LinearRing>
                    </outerBoundaryIs>
                </Polygon>
            </Placemark>
            <Placemark id="260">
                <name>07-24 09:49 EL=9 RH=19.280</name>
                <styleUrl>#265</styleUrl>
                <Polygon id="259">
                    <outerBoundaryIs>
                        <LinearRing id="263">
                            <coordinates>-69.96174839055507,41.893605294734535,0.0 -69.9617675208912,41.89360944209462,0.0 -69.96180670042177,41.89360271472786,0.0 -69.96186325910159,41.893585571074496,0.0 -69.96193334251241,41.89355917942398,0.0 -69.96201217454525,41.893525338303796,0.0 -69.96209438289515,41.89348635391822,0.0 -69.96217436518349,41.89344488298751,0.0 -69.96224667075498,41.89340375169711,0.0 -69.96230637212935,41.89336576309514,0.0 -69.96234940079428,41.893333506064295,0.0 -69.9623728244577,41.89330917888776,0.0 -69.96237504686788,41.893294439434555,0.0 -69.96235591658663,41.893290292175294,0.0 -69.96231673730554,41.89329701972872,0.0 -69.96226017900295,41.893314163604586,0.0 -69.96219009599604,41.893340555453825,0.0 -69.96211126428553,41.89337439669569,0.0 -69.96202905609003,41.893413381093296,0.0 -69.9619490737468,41.893454851923195,0.0 -69.9618767679258,41.89349598302693,0.0 -69.9618170661742,41.89353397140637,0.0 -69.96177403710539,41.893566228238505,0.0 -69.96175061311963,41.89359055529337,0.0 -69.96174839055507,41.893605294734535,0.0</coordinates>
                        </LinearRing>
                    </outerBoundaryIs>
                </Polygon>
            </Placemark>
            <Placemark id="269">
                <name>07-24 09:49 EL=13 RH=19.280</name>
                <styleUrl>#274</styleUrl>
                <Polygon id="268">
                    <outerBoundaryIs>
                        <LinearRing id="272">
                            <coordinates>-69.96228441061122,41.893339400299915,0.0 -69.96229762054058,41.893344192596835,0.0 -69.96232228374527,41.89334253025006,0.0 -69.96235671946057,41.893334526539086,0.0 -69.96239858093666,41.89332072689607,0.0 -69.9624450153691,41.8933020717375,0.0 -69.96249285831647,41.89327983237807,0.0 -69.96253884935501,41.89325552439362,0.0 -69.96257985427265,41.89323080433715,0.0 -69.96261307866006,41.89320735684628,0.0 -69.9626362583429,41.893186779836334,0.0 -69.9626478136781,41.89317047560289,0.0 -69.96264695720025,41.89315955525606,0.0 -69.96263374728288,41.89315476299917,0.0 -69.9626090841588,41.893156425412585,0.0 -69.96257464857113,41.89316442919895,0.0 -69.96253278723552,41.8931782289059,0.0 -69.96248635291876,41.89319688409983,0.0 -69.96243851003125,41.89321912345657,0.0 -69.96239251898072,41.89324343140098,0.0 -69.96235151398248,41.893268151390814,0.0 -69.96231828946743,41.89329159880628,0.0 -69.96229510964412,41.8933121757523,0.0 -69.96228355419325,41.89332847995038,0.0 -69.96228441061122,41.893339400299915,0.0</coordinates>
                        </LinearRing>
                    </outerBoundaryIs>
                </Polygon>
            </Placemark>
            <Placemark id="278">
                <name>07-25 09:45 EL=5 RH=19.535</name>
                <styleUrl>#283</styleUrl>
                <Polygon id="277">
                    <outerBoundaryIs>
                        <LinearRing id="281">
                            <coordinates>-69.9601921359914,41.89437725303722,0.0 -69.96022960197094,41.89437716891583,0.0 -69.9603165095932,41.89435129977314,0.0 -69.96044693609278,41.89430140844576,0.0 -69.96061199289615,41.89423089481553,0.0 -69.960800431423,41.89414456414807,0.0 -69.96099940972056,41.89404829965441,0.0 -69.96119536766928,41.893948661581675,0.0 -69.96137495110335,41.893852440148194,0.0 -69.96152592186306,41.893766192788384,0.0 -69.96163799176374,41.89369579724691,0.0 -69.9617035236588,41.89364605098538,0.0 -69.96171805183647,41.893620344210575,0.0 -69.96168058630283,41.893620428815744,0.0 -69.96159368022755,41.89364629898688,0.0 -69.96146325596149,41.89369619161181,0.0 -69.9612982014797,41.89376670646098,0.0 -69.96110976474047,41.893853037942186,0.0 -69.96091078721754,41.89394930262635,0.0 -69.9607148288229,41.89404894021529,0.0 -69.96053524384187,41.894145160620326,0.0 -69.96038427084865,41.894231406682614,0.0 -69.96027219862637,41.89430180100513,0.0 -69.9602066649437,41.89435154645292,0.0 -69.9601921359914,41.89437725303722,0.0</coordinates>
                        </LinearRing>
                    </outerBoundaryIs>
                </Polygon>
            </Placemark>
            <Placemark id="287">
                <name>07-25 09:45 EL=9 RH=19.535</name>
                <styleUrl>#292</styleUrl>
                <Polygon id="286">
                    <outerBoundaryIs>
                        <LinearRing id="290">
                            <coordinates>-69.96173018897686,41.89361432360202,0.0 -69.96174944345749,41.89361849787871,0.0 -69.96178887724422,41.89361172686203,0.0 -69.96184580296439,41.893594471966665,0.0 -69.96191634118608,41.893567909062696,0.0 -69.96199568480517,41.89353384834804,0.0 -69.96207842665252,41.8934946109918,0.0 -69.96215892799235,41.89345287095374,0.0 -69.96223170279694,41.89341147275866,0.0 -69.96229179160888,41.89337323764405,0.0 -69.9623350995131,41.8933407712923,0.0 -69.96235867518837,41.89331628625173,0.0 -69.96236091202401,41.89330145114972,0.0 -69.96234165759898,41.89329727697517,0.0 -69.962302224065,41.89330404818096,0.0 -69.96224529872697,41.893321303301725,0.0 -69.96217476091442,41.893347866407,0.0 -69.96209541762187,41.89338192724492,0.0 -69.96201267593092,41.89342116461335,0.0 -69.96193217453548,41.893462904549274,0.0 -69.96185939947814,41.89350430255525,0.0 -69.96179931028408,41.89354253744446,0.0 -69.96175600197071,41.89357500359491,0.0 -69.9617324259689,41.893599488512216,0.0 -69.96173018897686,41.89361432360202,0.0</coordinates>
                        </LinearRing>
                    </outerBoundaryIs>
                </Polygon>
            </Placemark>
            <Placemark id="296">
                <name>07-25 09:45 EL=13 RH=19.535</name>
                <styleUrl>#301</styleUrl>
                <Polygon id="295">
                    <outerBoundaryIs>
                        <LinearRing id="299">
                            <coordinates>-69.96227213672668,41.89334548885159,0.0 -69.96228543278596,41.893350312396,0.0 -69.96231025679897,41.893348639213215,0.0 -69.96234491704212,41.893340583321134,0.0 -69.96238705146416,41.89332669370785,0.0 -69.96243378865968,41.893307916921096,0.0 -69.96248194355431,41.893285532564256,0.0 -69.96252823446552,41.893261066094546,0.0 -69.96256950674541,41.89323618486549,0.0 -69.96260294776447,41.8932125844985,0.0 -69.96262627858543,41.89319187332718,0.0 -69.96263790926562,41.89317546279012,0.0 -69.96263704720512,41.89316447124187,0.0 -69.96262375115799,41.893159647738,0.0 -69.96259892722664,41.89316132098829,0.0 -69.96256426711281,41.893169376956756,0.0 -69.96252213283307,41.89318326663482,0.0 -69.96247539575474,41.893202043457414,0.0 -69.96242724092075,41.89322442781151,0.0 -69.96238094999741,41.89324889424066,0.0 -69.96233967763587,41.89327377540219,0.0 -69.96230623648749,41.89329737569281,0.0 -69.96228290552422,41.893318086799354,0.0 -69.96227127472683,41.89333449730059,0.0 -69.96227213672668,41.89334548885159,0.0</coordinates>
                        </LinearRing>
                    </outerBoundaryIs>
                </Polygon>
            </Placemark>
            <Placemark id="305">
                <name>07-26 09:41 EL=5 RH=19.725</name>
                <styleUrl>#310</styleUrl>
                <Polygon id="304">
                    <outerBoundaryIs>
                        <LinearRing id="308">
                            <coordinates>-69.96016709244972,41.89439026731013,0.0 -69.96020473524622,41.89439017790937,0.0 -69.96029204698203,41.89436417534598,0.0 -69.96042307735064,41.89431403154799,0.0 -69.96058889662365,41.894243163601544,0.0 -69.96077820425748,41.89415640091718,0.0 -69.96097809906946,41.894059656146425,0.0 -69.96117495848038,41.8939595222663,0.0 -69.96135536689171,41.893862823284074,0.0 -69.96150702992439,41.89377614917926,0.0 -69.96161961221864,41.89370540677971,0.0 -69.96168544171134,41.89365541718589,0.0 -69.96170003241161,41.893629587188094,0.0 -69.96166239006547,41.89362967707716,0.0 -69.9615750798916,41.89365568067852,0.0 -69.96144405177803,41.893705825786036,0.0 -69.96127823484889,41.89377669496266,0.0 -69.96108892901971,41.89386345846823,0.0 -69.96088903498963,41.8939602034312,0.0 -69.96069217512836,41.894060336823,0.0 -69.96051176515509,41.894157034767254,0.0 -69.9603600998674,41.89424370756255,0.0 -69.96024751522927,41.89431444873194,0.0 -69.9601816839319,41.89436443750453,0.0 -69.96016709244972,41.89439026731013,0.0</coordinates>
                        </LinearRing>
                    </outerBoundaryIs>
                </Polygon>
            </Placemark>
            <Placemark id="314">
                <name>07-26 09:41 EL=9 RH=19.725</name>
                <styleUrl>#319</styleUrl>
                <Polygon id="313">
                    <outerBoundaryIs>
                        <LinearRing id="317">
                            <coordinates>-69.96171682231947,41.89362125543585,0.0 -69.96173616976522,41.89362544714222,0.0 -69.96177579034146,41.89361863863655,0.0 -69.96183298394588,41.89360129388823,0.0 -69.96190385289033,41.89357459489042,0.0 -69.96198356753207,41.893540361115434,0.0 -69.96206669541709,41.89350092552602,0.0 -69.9621475715016,41.89345897559121,0.0 -69.96222068421974,41.89341737014,0.0 -69.96228105108607,41.89337894453425,0.0 -69.96232455823697,41.89334631743819,0.0 -69.96234824077327,41.89332171235482,0.0 -69.96235048480219,41.89330680609232,0.0 -69.96233113741263,41.89330261448907,0.0 -69.96229151709164,41.893309423185606,0.0 -69.96223432387308,41.89332676816146,0.0 -69.96216345534175,41.89335346736243,0.0 -69.96208374102967,41.89338770126183,0.0 -69.96200061330254,41.893427136863544,0.0 -69.96191973716182,41.89346908669525,0.0 -69.96184662418845,41.893510691955555,0.0 -69.96178625693625,41.8935491173338,0.0 -69.96174274937223,41.893581744226665,0.0 -69.96171906650628,41.89360634918566,0.0 -69.96171682231947,41.89362125543585,0.0</coordinates>
                        </LinearRing>
                    </outerBoundaryIs>
                </Polygon>
            </Placemark>
            <Placemark id="323">
                <name>07-26 09:41 EL=13 RH=19.725</name>
                <styleUrl>#328</styleUrl>
                <Polygon id="322">
                    <outerBoundaryIs>
                        <LinearRing id="326">
                            <coordinates>-69.96226311970226,41.89335016063335,0.0 -69.96227648071199,41.89335500559345,0.0 -69.9623014234745,41.89335332114161,0.0 -69.96233624817353,41.89334522206363,0.0 -69.96237858155033,41.89333126029058,0.0 -69.96242553864086,41.8933123872877,0.0 -69.9624739193852,41.89328988921535,0.0 -69.96252042670947,41.89326529928022,0.0 -69.96256189121759,41.89324029324986,0.0 -69.9625954871801,41.893216575250726,0.0 -69.96261892510071,41.89319576163298,0.0 -69.96263060773823,41.893179270816766,0.0 -69.96262973895203,41.893168226627616,0.0 -69.96261637795457,41.89316338170845,0.0 -69.96259143527453,41.89316506622845,0.0 -69.9625566107061,41.89317316538353,0.0 -69.962514277473,41.89318712722194,0.0 -69.96246732050078,41.89320600026098,0.0 -69.96241893981764,41.89322849833058,0.0 -69.9623724324811,41.89325308822475,0.0 -69.96233096789051,41.89327809418697,0.0 -69.96229737179742,41.893301812108994,0.0 -69.9622739337331,41.893322625661376,0.0 -69.96226225097728,41.893339116441425,0.0 -69.96226311970226,41.89335016063335,0.0</coordinates>
                        </LinearRing>
                    </outerBoundaryIs>
                </Polygon>
            </Placemark>
        </Folder>
        <Folder id="331">
            <Style id="338">
                <LineStyle id="340">
                    <color>ff00a5ff</color>
                    <colorMode>normal</colorMode>
                    <width>2</width>
                </LineStyle>
                <PolyStyle id="339">
                    <color>5000a5ff</color>
                    <colorMode>normal</colorMode>
                    <fill>1</fill>
                    <outline>1</outline>
                </PolyStyle>
            </Style>
            <Style id="347">
                <LineStyle id="349">
                    <color>ff00a5ff</color>
                    <colorMode>normal</colorMode>
                    <width>2</width>
                </LineStyle>
                <PolyStyle id="348">
                    <color>5000a5ff</color>
                    <colorMode>normal</colorMode>
                    <fill>1</fill>
                    <outline>1</outline>
                </PolyStyle>
            </Style>
            <Style id="356">
                <LineStyle id="358">
                    <color>ff00a5ff</color>
                    <colorMode>normal</colorMode>
                    <width>2</width>
                </LineStyle>
                <PolyStyle id="357">
                    <color>5000a5ff</color>
                    <colorMode>normal</colorMode>
                    <fill>1</fill>
                    <outline>1</outline>
                </PolyStyle>
            </Style>
            <Style id="365">
                <LineStyle id="367">
                    <color>ff00a5ff</color>
                    <colorMode>normal</colorMode>
                    <width>2</width>
                </LineStyle>
                <PolyStyle id="366">
                    <color>5000a5ff</color>
                    <colorMode>normal</colorMode>
                    <fill>1</fill>
                    <outline>1</outline>
                </PolyStyle>
            </Style>
            <Style id="374">
                <LineStyle id="376">
                    <color>ff00a5ff</color>
                    <colorMode>normal</colorMode>
                    <width>2</width>
                </LineStyle>
                <PolyStyle id="375">
                    <color>5000a5ff</color>
                    <colorMode>normal</colorMode>
                    <fill>1</fill>
                    <outline>1</outline>
                </PolyStyle>
            </Style>
            <Style id="383">
                <LineStyle id="385">
                    <color>ff00a5ff</color>
                    <colorMode>normal</colorMode>
                    <width>2</width>
                </LineStyle>
                <PolyStyle id="384">
                    <color>5000a5ff</color>
                    <colorMode>normal</colorMode>
                    <fill>1</fill>
                    <outline>1</outline>
                </PolyStyle>
            </Style>
            <Style id="392">
                <LineStyle id="394">
                    <color>ff00a5ff</color>
                    <colorMode>normal</colorMode>
                    <width>2</width>
                </LineStyle>
                <PolyStyle id="393">
                    <color>5000a5ff</color>
                    <colorMode>normal</colorMode>
                    <fill>1</fill>
                    <outline>1</outline>
                </PolyStyle>
            </Style>
            <Style id="401">
                <LineStyle id="403">
                    <color>ff00a5ff</color>
                    <colorMode>normal</colorMode>
                    <width>2</width>
                </LineStyle>
                <PolyStyle id="402">
                    <color>5000a5ff</color>
                    <colorMode>normal</colorMode>
                    <fill>1</fill>
                    <outline>1</outline>
                </PolyStyle>
            </Style>
            <Style id="410">
                <LineStyle id="412">
                    <color>ff00a5ff</color>
                    <colorMode>normal</colorMode>
                    <width>2</width>
                </LineStyle>
                <PolyStyle id="411">
                    <color>5000a5ff</color>
                    <colorMode>normal</colorMode>
                    <fill>1</fill>
                    <outline>1</outline>
                </PolyStyle>
            </Style>
            <name>04 SAT 12 FREQ 1 C_TIDE_RESPONSIVE_GEOMETRY_UNCONFIRMED</name>
            <Placemark id="333">
                <name>07-23 22:57 EL=5 RH=18.289</name>
                <styleUrl>#338</styleUrl>
                <Polygon id="332">
                    <outerBoundaryIs>
                        <LinearRing id="336">
                            <coordinates>-69.96115324938852,41.89492659291533,0.0 -69.96118756550509,41.89491781565762,0.0 -69.96125640687256,41.894873916085494,0.0 -69.96135508189444,41.89479788582588,0.0 -69.96147686580484,41.89469490614888,0.0 -69.96161345901086,41.89457199489059,0.0 -69.96175555275524,41.894437528214866,0.0 -69.96189346353457,41.89430066980104,0.0 -69.96201779302731,41.894170746355016,0.0 -69.96212006855514,41.894056612001265,0.0 -69.962193320436,41.89396604487382,0.0 -69.96223255689596,41.893905217031474,0.0 -69.9622351041911,41.893878273826445,0.0 -69.96220078877701,41.893887051396,0.0 -69.9621319491223,41.89393095153214,0.0 -69.96203327636455,41.89400698245679,0.0 -69.96191149466296,41.894109962721636,0.0 -69.9617749030186,41.8942328743331,0.0 -69.96163280977026,41.89436734103268,0.0 -69.96149489828845,41.894504199134644,0.0 -69.96137056708294,41.894634122016676,0.0 -69.96126828929098,41.8947482557054,0.0 -69.9611950352013,41.89483882224498,0.0 -69.9611557971797,41.89489964973415,0.0 -69.96115324938852,41.89492659291533,0.0</coordinates>
                        </LinearRing>
                    </outerBoundaryIs>
                </Polygon>
            </Placemark>
            <Placemark id="342">
                <name>07-23 22:57 EL=9 RH=18.289</name>
                <styleUrl>#347</styleUrl>
                <Polygon id="341">
                    <outerBoundaryIs>
                        <LinearRing id="345">
                            <coordinates>-69.96222209617342,41.89389087888173,0.0 -69.96224149147119,41.89389023523366,0.0 -69.96227479597424,41.893874876293594,0.0 -69.96231974000503,41.89384584873708,0.0 -69.9623732606625,41.893805130732574,0.0 -69.96243171056436,41.89375549713559,0.0 -69.96249110642033,41.89370033038937,0.0 -69.96254740049373,41.893643390018156,0.0 -69.96259675645004,41.89358855642133,0.0 -69.96263581079313,41.893539566428686,0.0 -69.96266190207365,41.89349975863885,0.0 -69.96267325225192,41.893471845896094,0.0 -69.96266908785809,41.89345773041209,0.0 -69.96264969269596,41.8934583741321,0.0 -69.96261638850024,41.8934737331805,0.0 -69.96257144486611,41.89350276085267,0.0 -69.96251792458835,41.89354347894921,0.0 -69.9624594749475,41.8935931125899,0.0 -69.96240007916393,41.89364827931982,0.0 -69.96234378495488,41.89370521961907,0.0 -69.96229442869124,41.89376005310761,0.0 -69.96225537395149,41.89380904298458,0.0 -69.96222928229125,41.893848850682396,0.0 -69.96221793185198,41.89387676338142,0.0 -69.96222209617342,41.89389087888173,0.0</coordinates>
                        </LinearRing>
                    </outerBoundaryIs>
                </Polygon>
            </Placemark>
            <Placemark id="351">
                <name>07-23 22:57 EL=13 RH=18.289</name>
                <styleUrl>#356</styleUrl>
                <Polygon id="350">
                    <outerBoundaryIs>
                        <LinearRing id="354">
                            <coordinates>-69.9625975915299,41.89352701302892,0.0 -69.96261179567153,41.893528347293916,0.0 -69.9626338424085,41.89352105284949,0.0 -69.96266222928122,41.89350562679601,0.0 -69.96269502175754,41.89348312038965,0.0 -69.96272998507148,41.89345506740205,0.0 -69.96276473652233,41.89342337959711,0.0 -69.96279690785413,41.89339021644759,0.0 -69.96282430664886,41.89335783797035,0.0 -69.96284506573478,41.89332845070905,0.0 -69.96285777042822,41.893304057360886,0.0 -69.9628615549382,41.89328632029496,0.0 -69.96285616136527,41.89327644826387,0.0 -69.96284195727453,41.893275114028995,0.0 -69.96281991064625,41.89328240851322,0.0 -69.96279152391081,41.89329783460552,0.0 -69.96275873156362,41.89332034103935,0.0 -69.96272376833606,41.893348394035655,0.0 -69.96268901690567,41.893380081828234,0.0 -69.96265684552296,41.893413244947645,0.0 -69.96262944661957,41.8934456233851,0.0 -69.96260868739637,41.89347501060757,0.0 -69.9625959825738,41.89349940392829,0.0 -69.96259219797744,41.89351714098549,0.0 -69.9625975915299,41.89352701302892,0.0</coordinates>
                        </LinearRing>
                    </outerBoundaryIs>
                </Polygon>
            </Placemark>
            <Placemark id="360">
                <name>07-24 22:53 EL=5 RH=18.395</name>
                <styleUrl>#365</styleUrl>
                <Polygon id="359">
                    <outerBoundaryIs>
                        <LinearRing id="363">
                            <coordinates>-69.9611423267135,41.89493641364469,0.0 -69.9611767413279,41.89492761619717,0.0 -69.96124578647759,41.89488360224377,0.0 -69.96134475667762,41.89480737120601,0.0 -69.96146690704494,41.89470411803625,0.0 -69.96160391301196,41.89458087920832,0.0 -69.9617464376915,41.89444605320917,0.0 -69.96188476821237,41.89430882820544,0.0 -69.96200947764872,41.89417855588568,0.0 -69.96211206743064,41.8940641141499,0.0 -69.96218554646151,41.8939733020801,0.0 -69.96222490748872,41.89391230842785,0.0 -69.96222746828023,41.893885289845265,0.0 -69.96219305437218,41.89389408760646,0.0 -69.96212401094496,41.893938102127265,0.0 -69.96202504302198,41.89401433383411,0.0 -69.96190289487615,41.89411758759532,0.0 -69.96176589047984,41.89424082677861,0.0 -69.9616233662993,41.89437565280181,0.0 -69.9614850350721,41.894512877491856,0.0 -69.96136032391328,41.8946431492442,0.0 -69.96125773185432,41.89475759031092,0.0 -69.96118425060195,41.894848401789254,0.0 -69.96114488800404,41.89490939508614,0.0 -69.9611423267135,41.89493641364469,0.0</coordinates>
                        </LinearRing>
                    </outerBoundaryIs>
                </Polygon>
            </Placemark>
            <Placemark id="369">
                <name>07-24 22:53 EL=9 RH=18.395</name>
                <styleUrl>#374</styleUrl>
                <Polygon id="368">
                    <outerBoundaryIs>
                        <LinearRing id="372">
                            <coordinates>-69.96221628855565,41.89389611932857,0.0 -69.9622357392142,41.89389547637637,0.0 -69.96226914213241,41.89388007805868,0.0 -69.96231422092578,41.89385097373452,0.0 -69.96236790350913,41.89381014680388,0.0 -69.96242653146498,41.893760379545334,0.0 -69.96248610936883,41.89370506351094,0.0 -69.96254257707767,41.89364796839864,0.0 -69.9625920864241,41.89359298515323,0.0 -69.96263126345886,41.8935438608029,0.0 -69.96265743837162,41.89350394310255,0.0 -69.96266882742349,41.893475952386794,0.0 -69.96266465449564,41.893461796181,0.0 -69.96264520397348,41.89346243920558,0.0 -69.96261180136433,41.89347783763224,0.0 -69.96256672296992,41.893506942072776,0.0 -69.9625130407685,41.89354776909602,0.0 -69.96245441307519,41.89359753639855,0.0 -69.96239483524421,41.89365285241657,0.0 -69.96233836739898,41.89370994745649,0.0 -69.96228885774347,41.89376493059293,0.0 -69.96224968030977,41.893814054826876,0.0 -69.96222350501509,41.89385397243461,0.0 -69.96221211570065,41.8938819631064,0.0 -69.96221628855565,41.89389611932857,0.0</coordinates>
                        </LinearRing>
                    </outerBoundaryIs>
                </Polygon>
            </Placemark>
            <Placemark id="378">
                <name>07-24 22:53 EL=13 RH=18.395</name>
                <styleUrl>#383</styleUrl>
                <Polygon id="377">
                    <outerBoundaryIs>
                        <LinearRing id="381">
                            <coordinates>-69.96259368073314,41.893530547559514,0.0 -69.96260792519529,41.89353188749258,0.0 -69.96263003671783,41.8935245750543,0.0 -69.96265850842607,41.89350910857127,0.0 -69.9626914000064,41.893486542054866,0.0 -69.962726469939,41.89345841337309,0.0 -69.9627613282572,41.89342663944826,0.0 -69.96279359942218,41.8933933856221,0.0 -69.96282108421251,41.89336091809091,0.0 -69.96284190959604,41.8933314494673,0.0 -69.9628546563711,41.893306987993164,0.0 -69.96285845587902,41.8932892006803,0.0 -69.96285304919829,41.89327929970559,0.0 -69.96283880478731,41.8932779598028,0.0 -69.96281669337407,41.89328527228114,0.0 -69.96278822180388,41.893300738803234,0.0 -69.96275533035345,41.89332330534727,0.0 -69.96272026050775,41.89335143403783,0.0 -69.96268540221016,41.89338320795023,0.0 -69.96265313099398,41.89341646174611,0.0 -69.96262564609438,41.893448929237245,0.0 -69.96260482057278,41.89347839782179,0.0 -69.96259207366782,41.8935028592683,0.0 -69.96258827407301,41.89352064657236,0.0 -69.96259368073314,41.893530547559514,0.0</coordinates>
                        </LinearRing>
                    </outerBoundaryIs>
                </Polygon>
            </Placemark>
            <Placemark id="387">
                <name>07-26 22:45 EL=5 RH=19.129</name>
                <styleUrl>#392</styleUrl>
                <Polygon id="386">
                    <outerBoundaryIs>
                        <LinearRing id="390">
                            <coordinates>-69.96107021988645,41.89500625842931,0.0 -69.96110529503284,41.89499729216347,0.0 -69.96117566541969,41.89495243353964,0.0 -69.96127653524267,41.89487473954002,0.0 -69.96140103015375,41.89476950481289,0.0 -69.96154066579993,41.89464390086959,0.0 -69.96168592607971,41.89450648737442,0.0 -69.96182691169328,41.894366628827484,0.0 -69.96195401477738,41.894233856390194,0.0 -69.9620585736456,41.89411721834362,0.0 -69.9621334630202,41.89402466344728,0.0 -69.96217357954454,41.89396249922583,0.0 -69.96217618950679,41.893934962105085,0.0 -69.96214111509413,41.89394392869679,0.0 -69.9620707464965,41.89398878791002,0.0 -69.96196987903882,41.89406648260463,0.0 -69.96184538643533,41.894171717946136,0.0 -69.96170575242071,41.894297322258566,0.0 -69.9615604926593,41.89443473577873,0.0 -69.961419506312,41.894574593999806,0.0 -69.96129240143868,41.89470736584771,0.0 -69.96118784020516,41.89482400319929,0.0 -69.96111294852298,41.89491655748123,0.0 -69.96107283036707,41.894978721333544,0.0 -69.96107021988645,41.89500625842931,0.0</coordinates>
                        </LinearRing>
                    </outerBoundaryIs>
                </Polygon>
            </Placemark>
            <Placemark id="396">
                <name>07-26 22:45 EL=9 RH=19.129</name>
                <styleUrl>#401</styleUrl>
                <Polygon id="395">
                    <outerBoundaryIs>
                        <LinearRing id="399">
                            <coordinates>-69.96217785360857,41.89393335013956,0.0 -69.96219768235493,41.893932694696424,0.0 -69.96223173457774,41.893916997082165,0.0 -69.96227768964224,41.89388732705192,0.0 -69.96233241574527,41.89384570655716,0.0 -69.9623921833537,41.893794971956204,0.0 -69.96245291937655,41.89373858072368,0.0 -69.96251048474664,41.893680375830606,0.0 -69.96256095649332,41.893624323851746,0.0 -69.96260089508253,41.89357424464819,0.0 -69.96262757880685,41.893533551046964,0.0 -69.9626391892542,41.89350501625933,0.0 -69.96263493521906,41.89349058488851,0.0 -69.96261510661444,41.89349124040686,0.0 -69.96258105471281,41.89350693813438,0.0 -69.96253510006294,41.89353660828556,0.0 -69.96248037435682,41.89357822887654,0.0 -69.96242060702126,41.893628963523234,0.0 -69.96235987107411,41.89368535473875,0.0 -69.96230230556228,41.893743559556604,0.0 -69.96225183349439,41.89379961142219,0.0 -69.96221189449058,41.893849690504794,0.0 -69.96218521036934,41.89389038400981,0.0 -69.96217359964912,41.8939189187517,0.0 -69.96217785360857,41.89393335013956,0.0</coordinates>
                        </LinearRing>
                    </outerBoundaryIs>
                </Polygon>
            </Placemark>
            <Placemark id="405">
                <name>07-26 22:45 EL=13 RH=19.129</name>
                <styleUrl>#410</styleUrl>
                <Polygon id="404">
                    <outerBoundaryIs>
                        <LinearRing id="408">
                            <coordinates>-69.96256776945695,41.893555647434496,0.0 -69.96258229216888,41.89355701354441,0.0 -69.96260483561926,41.89354955827339,0.0 -69.96263386349787,41.89353378968167,0.0 -69.96266739758842,41.893510782368644,0.0 -69.96270315258457,41.893482104241826,0.0 -69.96273869183337,41.89344970966723,0.0 -69.96277159339162,41.893415806282874,0.0 -69.96279961507784,41.893382704551534,0.0 -69.96282084727173,41.893352660305666,0.0 -69.96283384304873,41.89332772101499,0.0 -69.96283771678158,41.89330958625386,0.0 -69.96283220449082,41.89329949187717,0.0 -69.96281768183212,41.89329812579873,0.0 -69.96279513849532,41.89330558111138,0.0 -69.96276611076023,41.89332134974372,0.0 -69.9627325768047,41.89334435708546,0.0 -69.96269682189889,41.89337303522141,0.0 -69.9626612826715,41.8934054297831,0.0 -69.96262838106004,41.89343933313596,0.0 -69.96260035926025,41.89347243482567,0.0 -69.96257912692282,41.893502479030936,0.0 -69.96256613101082,41.893527418292884,0.0 -69.96256225718764,41.893545553044895,0.0 -69.96256776945695,41.893555647434496,0.0</coordinates>
                        </LinearRing>
                    </outerBoundaryIs>
                </Polygon>
            </Placemark>
        </Folder>
        <Folder id="413">
            <Style id="420">
                <LineStyle id="422">
                    <color>ff00a5ff</color>
                    <colorMode>normal</colorMode>
                    <width>2</width>
                </LineStyle>
                <PolyStyle id="421">
                    <color>5000a5ff</color>
                    <colorMode>normal</colorMode>
                    <fill>1</fill>
                    <outline>1</outline>
                </PolyStyle>
            </Style>
            <Style id="429">
                <LineStyle id="431">
                    <color>ff00a5ff</color>
                    <colorMode>normal</colorMode>
                    <width>2</width>
                </LineStyle>
                <PolyStyle id="430">
                    <color>5000a5ff</color>
                    <colorMode>normal</colorMode>
                    <fill>1</fill>
                    <outline>1</outline>
                </PolyStyle>
            </Style>
            <Style id="438">
                <LineStyle id="440">
                    <color>ff00a5ff</color>
                    <colorMode>normal</colorMode>
                    <width>2</width>
                </LineStyle>
                <PolyStyle id="439">
                    <color>5000a5ff</color>
                    <colorMode>normal</colorMode>
                    <fill>1</fill>
                    <outline>1</outline>
                </PolyStyle>
            </Style>
            <Style id="447">
                <LineStyle id="449">
                    <color>ff00a5ff</color>
                    <colorMode>normal</colorMode>
                    <width>2</width>
                </LineStyle>
                <PolyStyle id="448">
                    <color>5000a5ff</color>
                    <colorMode>normal</colorMode>
                    <fill>1</fill>
                    <outline>1</outline>
                </PolyStyle>
            </Style>
            <Style id="456">
                <LineStyle id="458">
                    <color>ff00a5ff</color>
                    <colorMode>normal</colorMode>
                    <width>2</width>
                </LineStyle>
                <PolyStyle id="457">
                    <color>5000a5ff</color>
                    <colorMode>normal</colorMode>
                    <fill>1</fill>
                    <outline>1</outline>
                </PolyStyle>
            </Style>
            <Style id="465">
                <LineStyle id="467">
                    <color>ff00a5ff</color>
                    <colorMode>normal</colorMode>
                    <width>2</width>
                </LineStyle>
                <PolyStyle id="466">
                    <color>5000a5ff</color>
                    <colorMode>normal</colorMode>
                    <fill>1</fill>
                    <outline>1</outline>
                </PolyStyle>
            </Style>
            <Style id="474">
                <LineStyle id="476">
                    <color>ff00a5ff</color>
                    <colorMode>normal</colorMode>
                    <width>2</width>
                </LineStyle>
                <PolyStyle id="475">
                    <color>5000a5ff</color>
                    <colorMode>normal</colorMode>
                    <fill>1</fill>
                    <outline>1</outline>
                </PolyStyle>
            </Style>
            <Style id="483">
                <LineStyle id="485">
                    <color>ff00a5ff</color>
                    <colorMode>normal</colorMode>
                    <width>2</width>
                </LineStyle>
                <PolyStyle id="484">
                    <color>5000a5ff</color>
                    <colorMode>normal</colorMode>
                    <fill>1</fill>
                    <outline>1</outline>
                </PolyStyle>
            </Style>
            <Style id="492">
                <LineStyle id="494">
                    <color>ff00a5ff</color>
                    <colorMode>normal</colorMode>
                    <width>2</width>
                </LineStyle>
                <PolyStyle id="493">
                    <color>5000a5ff</color>
                    <colorMode>normal</colorMode>
                    <fill>1</fill>
                    <outline>1</outline>
                </PolyStyle>
            </Style>
            <Style id="501">
                <LineStyle id="503">
                    <color>ff00a5ff</color>
                    <colorMode>normal</colorMode>
                    <width>2</width>
                </LineStyle>
                <PolyStyle id="502">
                    <color>5000a5ff</color>
                    <colorMode>normal</colorMode>
                    <fill>1</fill>
                    <outline>1</outline>
                </PolyStyle>
            </Style>
            <Style id="510">
                <LineStyle id="512">
                    <color>ff00a5ff</color>
                    <colorMode>normal</colorMode>
                    <width>2</width>
                </LineStyle>
                <PolyStyle id="511">
                    <color>5000a5ff</color>
                    <colorMode>normal</colorMode>
                    <fill>1</fill>
                    <outline>1</outline>
                </PolyStyle>
            </Style>
            <Style id="519">
                <LineStyle id="521">
                    <color>ff00a5ff</color>
                    <colorMode>normal</colorMode>
                    <width>2</width>
                </LineStyle>
                <PolyStyle id="520">
                    <color>5000a5ff</color>
                    <colorMode>normal</colorMode>
                    <fill>1</fill>
                    <outline>1</outline>
                </PolyStyle>
            </Style>
            <name>05 SAT 16 FREQ 1 C_TIDE_RESPONSIVE_GEOMETRY_UNCONFIRMED</name>
            <Placemark id="415">
                <name>07-23 05:28 EL=5 RH=19.809</name>
                <styleUrl>#420</styleUrl>
                <Polygon id="414">
                    <outerBoundaryIs>
                        <LinearRing id="418">
                            <coordinates>-69.95954054380542,41.89250797112411,0.0 -69.95956947367729,41.89252598873397,0.0 -69.95965894281478,41.89254800822346,0.0 -69.95980285411551,41.892572528869906,0.0 -69.9599914003289,41.892597879450484,0.0 -69.96021173238627,41.89262233218174,0.0 -69.96044883503177,41.89264422051442,0.0 -69.96068655008465,41.892662052742374,0.0 -69.96090867759987,41.89267461367404,0.0 -69.96110007988293,41.892681047433506,0.0 -69.96124771311774,41.89268091575201,0.0 -69.9613415162992,41.892674227786685,0.0 -69.96137509688576,41.89266143944739,0.0 -69.96134616644322,41.89264342229068,0.0 -69.96125669659044,41.892621404110784,0.0 -69.9611127846215,41.89259688527943,0.0 -69.960924237966,41.89257153653311,0.0 -69.96070390581107,41.89254708516378,0.0 -69.96046680343875,41.89252519735577,0.0 -69.96022908895654,41.89250736467465,0.0 -69.96000696215658,41.89249480243339,0.0 -69.95981556054176,41.89248836685883,0.0 -69.95966792774905,41.89248849670607,0.0 -69.95957412466514,41.892495183309464,0.0 -69.95954054380542,41.89250797112411,0.0</coordinates>
                        </LinearRing>
                    </outerBoundaryIs>
                </Polygon>
            </Placemark>
            <Placemark id="424">
                <name>07-23 05:28 EL=9 RH=19.809</name>
                <styleUrl>#429</styleUrl>
                <Polygon id="423">
                    <outerBoundaryIs>
                        <LinearRing id="427">
                            <coordinates>-69.96139761565493,41.89266332305413,0.0 -69.96140881098233,41.892675832206265,0.0 -69.96144508429012,41.89268965035969,0.0 -69.9615039636288,41.89270383580808,0.0 -69.96158143648188,41.89271742180572,0.0 -69.9616722232086,41.89272948245789,0.0 -69.96177013684115,41.892739195827474,0.0 -69.96186850471695,41.89274589995496,0.0 -69.96196062321232,41.892749137972366,0.0 -69.9620402145875,41.89274868923616,0.0 -69.96210185480871,41.89274458435783,0.0 -69.96214134319057,41.89273710310948,0.0 -69.96215598866752,41.892726755349436,0.0 -69.96214479318486,41.89271424626986,0.0 -69.96210851971175,41.892700428336624,0.0 -69.96204964024194,41.89268624319703,0.0 -69.9619721673271,41.89267265751408,0.0 -69.96188138062452,41.89266059709814,0.0 -69.96178346709553,41.892650883823045,0.0 -69.96168509937498,41.892644179623005,0.0 -69.96159298104496,41.892640941385416,0.0 -69.9615133898009,41.892641389812816,0.0 -69.96145174964145,41.89264549437647,0.0 -69.96141226123547,41.892652975388565,0.0 -69.96139761565493,41.89266332305413,0.0</coordinates>
                        </LinearRing>
                    </outerBoundaryIs>
                </Polygon>
            </Placemark>
            <Placemark id="433">
                <name>07-23 05:28 EL=13 RH=19.809</name>
                <styleUrl>#438</styleUrl>
                <Polygon id="432">
                    <outerBoundaryIs>
                        <LinearRing id="436">
                            <coordinates>-69.96205239082461,41.89271809045751,0.0 -69.96205843116985,41.892728224081274,0.0 -69.96207901096994,41.892738917623824,0.0 -69.96211272775251,41.89274944233069,0.0 -69.96215728377949,41.89275908095021,0.0 -69.96220964263294,41.892767176615806,0.0 -69.96226623614137,41.89277317761325,0.0 -69.96232320754538,41.89277667498115,0.0 -69.96237667433084,41.89277743038194,0.0 -69.96242299281768,41.89277539234356,0.0 -69.96245900647259,41.892770699765194,0.0 -69.96248226102288,41.892763672448936,0.0 -69.9624911717115,41.89275478930273,0.0 -69.9624851312951,41.89274465570164,0.0 -69.96246455142516,41.89273396223159,0.0 -69.96243083459281,41.89272343762764,0.0 -69.9623862785494,41.89271379911386,0.0 -69.96233391971732,41.8927057035285,0.0 -69.96227732626231,41.892699702564286,0.0 -69.96222035492947,41.8926962051737,0.0 -69.96216688821386,41.892695449700405,0.0 -69.96212056977681,41.89269748763588,0.0 -69.96208455613832,41.89270218010849,0.0 -69.96206130156666,41.89270920734454,0.0 -69.96205239082461,41.89271809045751,0.0</coordinates>
                        </LinearRing>
                    </outerBoundaryIs>
                </Polygon>
            </Placemark>
            <Placemark id="442">
                <name>07-24 05:24 EL=5 RH=19.615</name>
                <styleUrl>#447</styleUrl>
                <Polygon id="441">
                    <outerBoundaryIs>
                        <LinearRing id="445">
                            <coordinates>-69.95957129703076,41.89251202456234,0.0 -69.95960010132794,41.89252994487246,0.0 -69.95968915850175,41.89255182444597,0.0 -69.95983239952358,41.89257617209647,0.0 -69.96002006282038,41.892601328392196,0.0 -69.96023935949209,41.89262557879167,0.0 -69.96047534484241,41.89264727053546,0.0 -69.96071193683257,41.89266492531516,0.0 -69.96093301205303,41.89267734003159,0.0 -69.96112350452226,41.89268366877194,0.0 -69.96127043242741,41.89268348042265,0.0 -69.96136378283107,41.89267678800091,0.0 -69.96139719404805,41.892664047719,0.0 -69.96136838918622,41.89264612785794,0.0 -69.96127933130573,41.89262424958182,0.0 -69.96113608962456,41.89259990372937,0.0 -69.96094842589241,41.892574749250585,0.0 -69.96072912912601,41.8925505002001,0.0 -69.96049314404704,41.89252880897588,0.0 -69.96025655262153,41.89251115374711,0.0 -69.96003547810774,41.892498737733305,0.0 -69.95984498629785,41.892492407194894,0.0 -69.95969805882805,41.89249259372724,0.0 -69.95960470851908,41.892499284799996,0.0 -69.95957129703076,41.89251202456234,0.0</coordinates>
                        </LinearRing>
                    </outerBoundaryIs>
                </Polygon>
            </Placemark>
            <Placemark id="451">
                <name>07-24 05:24 EL=9 RH=19.615</name>
                <styleUrl>#456</styleUrl>
                <Polygon id="450">
                    <outerBoundaryIs>
                        <LinearRing id="454">
                            <coordinates>-69.9614140256415,41.89266544897007,0.0 -69.96142517560436,41.892677893302086,0.0 -69.96146128322428,41.892691630576174,0.0 -69.96151988784298,41.892705724598,0.0 -69.96159699566546,41.89271921485275,0.0 -69.96168735192711,41.89273118197069,0.0 -69.96178479899561,41.89274081038912,0.0 -69.96188269600401,41.892747443937935,0.0 -69.96197437141761,41.892750630558915,0.0 -69.96205357769217,41.89275015311088,0.0 -69.96211491703802,41.892746044161704,0.0 -69.96215420927406,41.892738583760604,0.0 -69.96216877670174,41.892728280344976,0.0 -69.96215762658522,41.892715836084896,0.0 -69.96212151880185,41.89270209902893,0.0 -69.96206291405373,41.89268800531297,0.0 -69.96198580617053,41.89267451536991,0.0 -69.96189544993312,41.89266254848593,0.0 -69.96179800296734,41.89265292016101,0.0 -69.96170010611262,41.89264628654028,0.0 -69.96160843086246,41.89264309970118,0.0 -69.96152922471732,41.89264357684332,0.0 -69.96146788543219,41.89264768548083,0.0 -69.96142859317192,41.89265514564798,0.0 -69.9614140256415,41.89266544897007,0.0</coordinates>
                        </LinearRing>
                    </outerBoundaryIs>
                </Polygon>
            </Placemark>
            <Placemark id="460">
                <name>07-24 05:24 EL=13 RH=19.615</name>
                <styleUrl>#465</styleUrl>
                <Polygon id="459">
                    <outerBoundaryIs>
                        <LinearRing id="463">
                            <coordinates>-69.96206345960925,41.89271951323149,0.0 -69.96206947771185,41.89272959529309,0.0 -69.96208996504393,41.892740228913155,0.0 -69.96212352543458,41.8927506894209,0.0 -69.96216787180353,41.89276026393979,0.0 -69.96221998202066,41.892768299971756,0.0 -69.96227630485863,41.892774249866534,0.0 -69.96233300200386,41.89277770814535,0.0 -69.96238620963253,41.89277843913449,0.0 -69.96243230172578,41.892776393025386,0.0 -69.96246813717872,41.8927717092672,0.0 -69.96249127386284,41.89276470706077,0.0 -69.96250013505349,41.89275586360283,0.0 -69.96249411688045,41.89274578156371,0.0 -69.9624736294793,41.89273514801547,0.0 -69.96244006903949,41.89272468760966,0.0 -69.96239572265442,41.892715113195486,0.0 -69.96234361245858,41.892707077242974,0.0 -69.96228728967355,41.89270112738108,0.0 -69.96223059259879,41.89269766907978,0.0 -69.96217738503918,41.89269693801882,0.0 -69.96213129299511,41.892698984025984,0.0 -69.96209545755826,41.89270366767944,0.0 -69.96207232085285,41.89271066980643,0.0 -69.96206345960925,41.89271951323149,0.0</coordinates>
                        </LinearRing>
                    </outerBoundaryIs>
                </Polygon>
            </Placemark>
            <Placemark id="469">
                <name>07-25 05:20 EL=5 RH=19.334</name>
                <styleUrl>#474</styleUrl>
                <Polygon id="468">
                    <outerBoundaryIs>
                        <LinearRing id="472">
                            <coordinates>-69.9596163457904,41.89251480049146,0.0 -69.95964494031487,41.892532602897575,0.0 -69.95973336450079,41.892554352401966,0.0 -69.95987559245572,41.89257856668404,0.0 -69.96006193164469,41.89260359540339,0.0 -69.96027968340299,41.8926277327152,0.0 -69.96051400831757,41.892649333568635,0.0 -69.9607489375061,41.89266692585005,0.0 -69.96096846087691,41.89267931071881,0.0 -69.96115761820536,41.8926856442943,0.0 -69.96130351866698,41.89268549513097,0.0 -69.96139621934338,41.89267887357299,0.0 -69.96142940282722,41.892666231001506,0.0 -69.96140080774558,41.89264842903804,0.0 -69.96131238286166,41.892626680812775,0.0 -69.96117015425494,41.89260246830353,0.0 -69.96098381463501,41.892577441375686,0.0 -69.96076606278208,41.892553305394046,0.0 -69.96053173813453,41.892531705052996,0.0 -69.96029680950318,41.89251411232891,0.0 -69.96007728683036,41.89250172618104,0.0 -69.95988813015371,41.89249539083271,0.0 -69.95974223012304,41.89249553820455,0.0 -69.95964952954128,41.89250215843236,0.0 -69.9596163457904,41.89251480049146,0.0</coordinates>
                        </LinearRing>
                    </outerBoundaryIs>
                </Polygon>
            </Placemark>
            <Placemark id="478">
                <name>07-25 05:20 EL=9 RH=19.334</name>
                <styleUrl>#483</styleUrl>
                <Polygon id="477">
                    <outerBoundaryIs>
                        <LinearRing id="481">
                            <coordinates>-69.96143804801811,41.89266695299682,0.0 -69.96144911326513,41.8926793121143,0.0 -69.96148495890188,41.89269296145566,0.0 -69.96154314212356,41.89270697081936,0.0 -69.96161969785256,41.892720385460294,0.0 -69.96170940894847,41.89273229116216,0.0 -69.96180616174597,41.892741876547994,0.0 -69.96190336269173,41.892748488380384,0.0 -69.96199438768676,41.892751676080955,0.0 -69.96207303351197,41.89275122243469,0.0 -69.96213394057156,41.892747158386896,0.0 -69.96217295814407,41.89273976092647,0.0 -69.96218742724876,41.89272953420111,0.0 -69.96217636185018,41.892717175154516,0.0 -69.9621405160521,41.89270352602816,0.0 -69.96208233270254,41.892689516965994,0.0 -69.96200577691337,41.892676102632315,0.0 -69.96191606584115,41.89266419716112,0.0 -69.9618193131448,41.89265461186753,0.0 -69.96172211235061,41.892647999964254,0.0 -69.96163108751692,41.89264481204867,0.0 -69.96155244181959,41.89264526539342,0.0 -69.96149153482015,41.892649329133945,0.0 -69.96145251722398,41.89265672636372,0.0 -69.96143804801811,41.89266695299682,0.0</coordinates>
                        </LinearRing>
                    </outerBoundaryIs>
                </Polygon>
            </Placemark>
            <Placemark id="487">
                <name>07-25 05:20 EL=13 RH=19.334</name>
                <styleUrl>#492</styleUrl>
                <Polygon id="486">
                    <outerBoundaryIs>
                        <LinearRing id="490">
                            <coordinates>-69.96207965811762,41.892720534630115,0.0 -69.96208562872901,41.89273054654162,0.0 -69.96210596541071,41.892741109819994,0.0 -69.96213928225828,41.89275150458822,0.0 -69.96218330878845,41.892761022449946,0.0 -69.96223504466757,41.89276901476835,0.0 -69.96229096417886,41.89277493687231,0.0 -69.96234725649485,41.892778385176975,0.0 -69.96240008538028,41.892779124688296,0.0 -69.96244585062712,41.89277710501686,0.0 -69.96248143340455,41.892772463810005,0.0 -69.9625044088035,41.892765517368595,0.0 -69.9625132110906,41.89275673908897,0.0 -69.96250724040974,41.89274672719963,0.0 -69.9624869036599,41.89273616399205,0.0 -69.96245358676376,41.8927257693243,0.0 -69.96240956021761,41.89271625156581,0.0 -69.96235782435939,41.89270825932572,0.0 -69.96230190490026,41.89270233725421,0.0 -69.96224561265375,41.89269888892739,0.0 -69.96219278383647,41.89269814934528,0.0 -69.9621470186382,41.89270016891623,0.0 -69.96211143587675,41.89270481001985,0.0 -69.9620884604569,41.89271175638293,0.0 -69.96207965811762,41.892720534630115,0.0</coordinates>
                        </LinearRing>
                    </outerBoundaryIs>
                </Polygon>
            </Placemark>
            <Placemark id="496">
                <name>07-26 05:16 EL=5 RH=18.835</name>
                <styleUrl>#501</styleUrl>
                <Polygon id="495">
                    <outerBoundaryIs>
                        <LinearRing id="499">
                            <coordinates>-69.95969633739698,41.89252052799245,0.0 -69.95972456254822,41.892538112867015,0.0 -69.95981185988104,41.89255961029677,0.0 -69.95995228029456,41.89258355514289,0.0 -69.96013625443331,41.89260831543102,0.0 -69.9603512448059,41.892632203614,0.0 -69.96058260018306,41.89265359162206,0.0 -69.96081455405222,41.8926710218479,0.0 -69.96103129908619,41.89268330649353,0.0 -69.96121806440102,41.89268960850522,0.0 -69.9613621221855,41.89268949858391,0.0 -69.96145365509756,41.89268298439503,0.0 -69.96148642531116,41.89267050999936,0.0 -69.96145819961637,41.89265292555624,0.0 -69.96137090160194,41.89263142937331,0.0 -69.96123048055136,41.89260748625536,0.0 -69.96104650599085,41.89258272771364,0.0 -69.96083151552477,41.89255884082741,0.0 -69.96060016040745,41.89253745331895,0.0 -69.96036820708186,41.8925200226617,0.0 -69.9601514627295,41.89250773676923,0.0 -69.9599646980517,41.8925014330294,0.0 -69.95982064068899,41.892501541204275,0.0 -69.95972910787043,41.89250805409639,0.0 -69.95969633739698,41.89252052799245,0.0</coordinates>
                        </LinearRing>
                    </outerBoundaryIs>
                </Polygon>
            </Placemark>
            <Placemark id="505">
                <name>07-26 05:16 EL=9 RH=18.835</name>
                <styleUrl>#510</styleUrl>
                <Polygon id="504">
                    <outerBoundaryIs>
                        <LinearRing id="508">
                            <coordinates>-69.96148069424012,41.89267002986868,0.0 -69.96149161228644,41.892682233788314,0.0 -69.9615269932677,41.89269571778187,0.0 -69.96158442604424,41.892709562916515,0.0 -69.96165999667974,41.89272282563991,0.0 -69.96174855516615,41.8927346020894,0.0 -69.96184406638667,41.89274408969699,0.0 -69.96194002139967,41.89275064188892,0.0 -69.96202988101477,41.892753812151,0.0 -69.962107521432,41.89275338445606,0.0 -69.96216765157277,41.89274938798017,0.0 -69.96220617366144,41.89274209510646,0.0 -69.96222046248363,41.892732002854665,0.0 -69.96220954428955,41.89271979900409,0.0 -69.96217416315085,41.89270631522003,0.0 -69.96211673024939,41.8926924703792,0.0 -69.96204115955499,41.89267920795526,0.0 -69.96195260109143,41.89266743173057,0.0 -69.9618570899694,41.8926579442129,0.0 -69.96176113510418,41.89265139195195,0.0 -69.96167127564651,41.89264822148037,0.0 -69.96159363535418,41.89264864888145,0.0 -69.96153350527234,41.89265264505792,0.0 -69.9614949831608,41.89265993770683,0.0 -69.96148069424012,41.89267002986868,0.0</coordinates>
                        </LinearRing>
                    </outerBoundaryIs>
                </Polygon>
            </Placemark>
            <Placemark id="514">
                <name>07-26 05:16 EL=13 RH=18.835</name>
                <styleUrl>#519</styleUrl>
                <Polygon id="513">
                    <outerBoundaryIs>
                        <LinearRing id="517">
                            <coordinates>-69.96210841140683,41.89272261625494,0.0 -69.96211430067979,41.89273250106656,0.0 -69.96213437119764,41.892742933842705,0.0 -69.96216725519443,41.89275320360007,0.0 -69.96221071168485,41.892762610461865,0.0 -69.96226177918244,41.89277051335597,0.0 -69.96231697751963,41.89277637370556,0.0 -69.96237254501588,41.89277979213436,0.0 -69.96242469483138,41.892780535684246,0.0 -69.96246987303574,41.892778553690405,0.0 -69.96250500080426,41.89277398123222,0.0 -69.96252768423601,41.89276712992522,0.0 -69.96253637749462,41.89275846668228,0.0 -69.96253048815396,41.892748581892235,0.0 -69.96251041756962,41.89273814918505,0.0 -69.9624775335254,41.89272787952558,0.0 -69.96243407701932,41.89271847276438,0.0 -69.96238300954201,41.89271056994661,0.0 -69.96232781125563,41.89270470962863,0.0 -69.9622722438271,41.892701291178255,0.0 -69.96222009407808,41.892700547559414,0.0 -69.96217491592114,41.89270252945537,0.0 -69.96213978816829,41.892707101812945,0.0 -69.96211710471624,41.89271395304362,0.0 -69.96210841140683,41.89272261625494,0.0</coordinates>
                        </LinearRing>
                    </outerBoundaryIs>
                </Polygon>
            </Placemark>
        </Folder>
        <Folder id="522">
            <Style id="529">
                <LineStyle id="531">
                    <color>ff00a5ff</color>
                    <colorMode>normal</colorMode>
                    <width>2</width>
                </LineStyle>
                <PolyStyle id="530">
                    <color>5000a5ff</color>
                    <colorMode>normal</colorMode>
                    <fill>1</fill>
                    <outline>1</outline>
                </PolyStyle>
            </Style>
            <Style id="538">
                <LineStyle id="540">
                    <color>ff00a5ff</color>
                    <colorMode>normal</colorMode>
                    <width>2</width>
                </LineStyle>
                <PolyStyle id="539">
                    <color>5000a5ff</color>
                    <colorMode>normal</colorMode>
                    <fill>1</fill>
                    <outline>1</outline>
                </PolyStyle>
            </Style>
            <Style id="547">
                <LineStyle id="549">
                    <color>ff00a5ff</color>
                    <colorMode>normal</colorMode>
                    <width>2</width>
                </LineStyle>
                <PolyStyle id="548">
                    <color>5000a5ff</color>
                    <colorMode>normal</colorMode>
                    <fill>1</fill>
                    <outline>1</outline>
                </PolyStyle>
            </Style>
            <Style id="556">
                <LineStyle id="558">
                    <color>ff00a5ff</color>
                    <colorMode>normal</colorMode>
                    <width>2</width>
                </LineStyle>
                <PolyStyle id="557">
                    <color>5000a5ff</color>
                    <colorMode>normal</colorMode>
                    <fill>1</fill>
                    <outline>1</outline>
                </PolyStyle>
            </Style>
            <Style id="565">
                <LineStyle id="567">
                    <color>ff00a5ff</color>
                    <colorMode>normal</colorMode>
                    <width>2</width>
                </LineStyle>
                <PolyStyle id="566">
                    <color>5000a5ff</color>
                    <colorMode>normal</colorMode>
                    <fill>1</fill>
                    <outline>1</outline>
                </PolyStyle>
            </Style>
            <Style id="574">
                <LineStyle id="576">
                    <color>ff00a5ff</color>
                    <colorMode>normal</colorMode>
                    <width>2</width>
                </LineStyle>
                <PolyStyle id="575">
                    <color>5000a5ff</color>
                    <colorMode>normal</colorMode>
                    <fill>1</fill>
                    <outline>1</outline>
                </PolyStyle>
            </Style>
            <Style id="583">
                <LineStyle id="585">
                    <color>ff00a5ff</color>
                    <colorMode>normal</colorMode>
                    <width>2</width>
                </LineStyle>
                <PolyStyle id="584">
                    <color>5000a5ff</color>
                    <colorMode>normal</colorMode>
                    <fill>1</fill>
                    <outline>1</outline>
                </PolyStyle>
            </Style>
            <Style id="592">
                <LineStyle id="594">
                    <color>ff00a5ff</color>
                    <colorMode>normal</colorMode>
                    <width>2</width>
                </LineStyle>
                <PolyStyle id="593">
                    <color>5000a5ff</color>
                    <colorMode>normal</colorMode>
                    <fill>1</fill>
                    <outline>1</outline>
                </PolyStyle>
            </Style>
            <Style id="601">
                <LineStyle id="603">
                    <color>ff00a5ff</color>
                    <colorMode>normal</colorMode>
                    <width>2</width>
                </LineStyle>
                <PolyStyle id="602">
                    <color>5000a5ff</color>
                    <colorMode>normal</colorMode>
                    <fill>1</fill>
                    <outline>1</outline>
                </PolyStyle>
            </Style>
            <Style id="610">
                <LineStyle id="612">
                    <color>ff00a5ff</color>
                    <colorMode>normal</colorMode>
                    <width>2</width>
                </LineStyle>
                <PolyStyle id="611">
                    <color>5000a5ff</color>
                    <colorMode>normal</colorMode>
                    <fill>1</fill>
                    <outline>1</outline>
                </PolyStyle>
            </Style>
            <Style id="619">
                <LineStyle id="621">
                    <color>ff00a5ff</color>
                    <colorMode>normal</colorMode>
                    <width>2</width>
                </LineStyle>
                <PolyStyle id="620">
                    <color>5000a5ff</color>
                    <colorMode>normal</colorMode>
                    <fill>1</fill>
                    <outline>1</outline>
                </PolyStyle>
            </Style>
            <Style id="628">
                <LineStyle id="630">
                    <color>ff00a5ff</color>
                    <colorMode>normal</colorMode>
                    <width>2</width>
                </LineStyle>
                <PolyStyle id="629">
                    <color>5000a5ff</color>
                    <colorMode>normal</colorMode>
                    <fill>1</fill>
                    <outline>1</outline>
                </PolyStyle>
            </Style>
            <name>06 SAT 2 FREQ 1 C_TIDE_RESPONSIVE_GEOMETRY_UNCONFIRMED</name>
            <Placemark id="524">
                <name>07-23 08:53 EL=5 RH=19.160</name>
                <styleUrl>#529</styleUrl>
                <Polygon id="523">
                    <outerBoundaryIs>
                        <LinearRing id="527">
                            <coordinates>-69.96037417964106,41.894490252701516,0.0 -69.96041121730993,41.894488473243214,0.0 -69.96049503357528,41.8944589603674,0.0 -69.96061991633482,41.89440372523418,0.0 -69.96077735480488,41.89432653190963,0.0 -69.96095661957784,41.894232640882386,0.0 -69.96114549387688,41.89412845059914,0.0 -69.96133110615695,41.894021061440235,0.0 -69.96150080729907,41.893917791844665,0.0 -69.96164303261321,41.89382567955832,0.0 -69.96174808990924,41.89375100199823,0.0 -69.96180881994206,41.89369884842558,0.0 -69.96182108423913,41.89367277309185,0.0 -69.96178404708256,41.89367455300314,0.0 -69.96170023244218,41.89370406681625,0.0 -69.9615753519849,41.8937593031199,0.0 -69.9614179158775,41.89383649753438,0.0 -69.96123865289451,41.89393038927902,0.0 -69.96104977933314,41.89403457971492,0.0 -69.96086416654077,41.89414196842082,0.0 -69.96069446377366,41.894245237079105,0.0 -69.96055223615727,41.89433734819504,0.0 -69.96044717649859,41.89441202466518,0.0 -69.9603864446758,41.89446417752042,0.0 -69.96037417964106,41.894490252701516,0.0</coordinates>
                        </LinearRing>
                    </outerBoundaryIs>
                </Polygon>
            </Placemark>
            <Placemark id="533">
                <name>07-23 08:53 EL=9 RH=19.160</name>
                <styleUrl>#538</styleUrl>
                <Polygon id="532">
                    <outerBoundaryIs>
                        <LinearRing id="536">
                            <coordinates>-69.961823976767,41.89367113881741,0.0 -69.96184335347156,41.893674394007036,0.0 -69.96188178595284,41.89366591478112,0.0 -69.96193665507367,41.89364627896756,0.0 -69.96200422155458,41.893616824694256,0.0 -69.96207988081017,41.89357955920341,0.0 -69.96215847675504,41.89353702206602,0.0 -69.96223465319115,41.89349211211717,0.0 -69.96230321882764,41.89344788990541,0.0 -69.96235950105684,41.8934073691187,0.0 -69.96239966437733,41.89337331120205,0.0 -69.96242097176662,41.89334803716403,0.0 -69.96242197119348,41.89333326939921,0.0 -69.9624025945629,41.89333001430685,0.0 -69.96236416235287,41.89333849370641,0.0 -69.96230929362788,41.893358129723474,0.0 -69.96224172756132,41.8933875841756,0.0 -69.96216606862757,41.893424849772664,0.0 -69.96208747282579,41.89346738691525,0.0 -69.96201129631568,41.893512296766815,0.0 -69.96194273040791,41.89355651880494,0.0 -69.9618864477829,41.89359703938815,0.0 -69.96184628404806,41.89363109712598,0.0 -69.96182497633694,41.89365637105776,0.0 -69.961823976767,41.89367113881741,0.0</coordinates>
                        </LinearRing>
                    </outerBoundaryIs>
                </Polygon>
            </Placemark>
            <Placemark id="542">
                <name>07-23 08:53 EL=13 RH=19.160</name>
                <styleUrl>#547</styleUrl>
                <Polygon id="541">
                    <outerBoundaryIs>
                        <LinearRing id="545">
                            <coordinates>-69.96233438293761,41.89338275755714,0.0 -69.96234792135655,41.89338692418527,0.0 -69.96237232546548,41.8933841463666,0.0 -69.96240593215575,41.893374613398635,0.0 -69.96244645117352,41.893358974930514,0.0 -69.96249112120033,41.8933382966923,0.0 -69.96253689803632,41.89331398786875,0.0 -69.96258066206036,41.89328770506657,0.0 -69.96261943082861,41.89326123941917,0.0 -69.96265056232254,41.89323639452292,0.0 -69.96267193499571,41.89321486352334,0.0 -69.96268209235011,41.893198113728154,0.0 -69.96268034219021,41.89318728661122,0.0 -69.9626668037919,41.89318312002214,0.0 -69.96264239977259,41.893185897903166,0.0 -69.9626087932169,41.89319543094007,0.0 -69.96256827434264,41.89321106946525,0.0 -69.96252360442978,41.893231747733374,0.0 -69.96247782764767,41.893256056551635,0.0 -69.962434063603,41.89328233931479,0.0 -69.96239529474514,41.89330880489984,0.0 -69.96236416311663,41.89333364972714,0.0 -69.96234279029996,41.89335518066966,0.0 -69.9623326328316,41.893371930434945,0.0 -69.96233438293761,41.89338275755714,0.0</coordinates>
                        </LinearRing>
                    </outerBoundaryIs>
                </Polygon>
            </Placemark>
            <Placemark id="551">
                <name>07-24 08:49 EL=5 RH=19.520</name>
                <styleUrl>#556</styleUrl>
                <Polygon id="550">
                    <outerBoundaryIs>
                        <LinearRing id="554">
                            <coordinates>-69.96032764960098,41.894515927634146,0.0 -69.96036502449033,41.894514136865894,0.0 -69.96044960993405,41.89448436665169,0.0 -69.96057564140867,41.89442864568708,0.0 -69.96073452984328,41.89435077114461,0.0 -69.96091544701335,41.894256049934754,0.0 -69.96110606353061,41.89415093707841,0.0 -69.96129338911938,41.894042595827514,0.0 -69.96146465790245,41.89393840950537,0.0 -69.96160819836057,41.89384547833301,0.0 -69.9617142286829,41.89377013553536,0.0 -69.96177552331851,41.893717515710456,0.0 -69.96178790532136,41.893691204885414,0.0 -69.96175053095347,41.893692996115014,0.0 -69.96166594716415,41.893722767283826,0.0 -69.96153991803358,41.893778489440535,0.0 -69.96138103200458,41.893856365093164,0.0 -69.96120011665712,41.89395108703378,0.0 -69.96100950089108,41.89405620004565,0.0 -69.96082217478087,41.89416454083519,0.0 -69.96065090434341,41.89426872620271,0.0 -69.96050736154123,41.89436165618298,0.0 -69.96040132881329,41.894436997870464,0.0 -69.96034003235506,41.89448961696463,0.0 -69.96032764960098,41.894515927634146,0.0</coordinates>
                        </LinearRing>
                    </outerBoundaryIs>
                </Polygon>
            </Placemark>
            <Placemark id="560">
                <name>07-24 08:49 EL=9 RH=19.520</name>
                <styleUrl>#565</styleUrl>
                <Polygon id="559">
                    <outerBoundaryIs>
                        <LinearRing id="563">
                            <coordinates>-69.96179917371958,41.8936848405684,0.0 -69.96181872802723,41.89368812826815,0.0 -69.96185751631302,41.893679576034856,0.0 -69.9619128951918,41.89365976667144,0.0 -69.96198109064423,41.89363005013254,0.0 -69.96205745522079,41.89359245153301,0.0 -69.96213678476899,41.89354953314443,0.0 -69.9622136730967,41.893504219783544,0.0 -69.96228288039896,41.893459599490896,0.0 -69.96233969034009,41.893418713083385,0.0 -69.96238023145673,41.8933843469228,0.0 -69.96240174098097,41.89335884302441,0.0 -69.962402753107,41.89334393944755,0.0 -69.96238319887468,41.89334065184687,0.0 -69.9623444108651,41.893349204257056,0.0 -69.9622890323894,41.89336901382779,0.0 -69.96222083735894,41.89339873054886,0.0 -69.96214447311019,41.89343632925665,0.0 -69.96206514370775,41.893479247650504,0.0 -69.96198825530473,41.89352456091232,0.0 -69.96191904772625,41.89356918102807,0.0 -69.96186223738204,41.89361006722828,0.0 -69.96182169584341,41.89364443320668,0.0 -69.9618001859914,41.89366993699682,0.0 -69.96179917371958,41.8936848405684,0.0</coordinates>
                        </LinearRing>
                    </outerBoundaryIs>
                </Polygon>
            </Placemark>
            <Placemark id="569">
                <name>07-24 08:49 EL=13 RH=19.520</name>
                <styleUrl>#574</styleUrl>
                <Polygon id="568">
                    <outerBoundaryIs>
                        <LinearRing id="572">
                            <coordinates>-69.96231766087308,41.89339199988008,0.0 -69.96233132352674,41.893396206823425,0.0 -69.96235595401626,41.89339340651553,0.0 -69.96238987380534,41.893383789786405,0.0 -69.96243077130272,41.893368011993225,0.0 -69.96247585939696,41.89334714836071,0.0 -69.96252206539732,41.893322620707906,0.0 -69.96256624043578,41.89329610055436,0.0 -69.96260537405854,41.89326939520865,0.0 -69.96263679938302,41.89324432460233,0.0 -69.96265837483898,41.8932225972628,0.0 -69.96266863010935,41.89320569387814,0.0 -69.96266686632597,41.893194766389136,0.0 -69.96265320369329,41.89319055948556,0.0 -69.96262857329504,41.89319335985698,0.0 -69.96259465364302,41.89320297665634,0.0 -69.9625537562918,41.893218754507664,0.0 -69.96250866831365,41.89323961817065,0.0 -69.96246246236818,41.89326414581807,0.0 -69.96241828730874,41.893290665931865,0.0 -69.96237915359471,41.893317371214046,0.0 -69.96234772813317,41.893342441750136,0.0 -69.96232615253105,41.89336416903152,0.0 -69.96231589714462,41.8933810723857,0.0 -69.96231766087308,41.89339199988008,0.0</coordinates>
                        </LinearRing>
                    </outerBoundaryIs>
                </Polygon>
            </Placemark>
            <Placemark id="578">
                <name>07-25 08:45 EL=5 RH=19.795</name>
                <styleUrl>#583</styleUrl>
                <Polygon id="577">
                    <outerBoundaryIs>
                        <LinearRing id="581">
                            <coordinates>-69.9602916414301,41.89453502316305,0.0 -69.96032927241258,41.89453322995491,0.0 -69.9604144495931,41.89450327859276,0.0 -69.96054136812012,41.89444721011572,0.0 -69.9607013784684,41.89436884537703,0.0 -69.96088357595357,41.894273524691656,0.0 -69.96107554393355,41.89416774393274,0.0 -69.96126420003165,41.89405871186838,0.0 -69.96143668769933,41.893953858900375,0.0 -69.96158125235458,41.893860330681896,0.0 -69.96168804239235,41.89378450112727,0.0 -69.96174978049164,41.8937315380078,0.0 -69.96176225948757,41.89370505074661,0.0 -69.96172462903327,41.89370684442256,0.0 -69.96163945352924,41.89373679675286,0.0 -69.96151253737787,41.893792866438964,0.0 -69.96135252946779,41.89387123230365,0.0 -69.96117033383007,41.89396655373027,0.0 -69.96097836661177,41.89407233464707,0.0 -69.96078970998549,41.89418136624359,0.0 -69.9606172206413,41.894286218243465,0.0 -69.96047265361042,41.8943797452529,0.0 -69.96036586113446,41.894455573681505,0.0 -69.96030412118772,41.89450853605973,0.0 -69.9602916414301,41.89453502316305,0.0</coordinates>
                        </LinearRing>
                    </outerBoundaryIs>
                </Polygon>
            </Placemark>
            <Placemark id="587">
                <name>07-25 08:45 EL=9 RH=19.795</name>
                <styleUrl>#592</styleUrl>
                <Polygon id="586">
                    <outerBoundaryIs>
                        <LinearRing id="590">
                            <coordinates>-69.96177998699454,41.89369504563105,0.0 -69.96179967491229,41.8936983611749,0.0 -69.96183873535152,41.89368975998297,0.0 -69.96189450637988,41.89366982819435,0.0 -69.96196318725313,41.89363992410647,0.0 -69.96204009744054,41.89360208561506,0.0 -69.96211999560673,41.8935588913398,0.0 -69.96219743680892,41.893513284898624,0.0 -69.96226714356482,41.89346837430517,0.0 -69.96232436550213,41.89342722016009,0.0 -69.96236520308123,41.89339262707136,0.0 -69.96238687333133,41.893366952519294,0.0 -69.96238789949388,41.89335194619312,0.0 -69.96236821165236,41.893348630749735,0.0 -69.96232915149305,41.8933572321211,0.0 -69.96227338087328,41.89337716412001,0.0 -69.9622047004278,41.893407068392705,0.0 -69.96212779057274,41.89344490699395,0.0 -69.96204789255441,41.89348810127459,0.0 -69.96197045127596,41.893533707615305,0.0 -69.96190074424015,41.89357861802935,0.0 -69.96184352189425,41.89361977196414,0.0 -69.96180268388738,41.893654364868034,0.0 -69.96178101330494,41.89368003931029,0.0 -69.96177998699454,41.89369504563105,0.0</coordinates>
                        </LinearRing>
                    </outerBoundaryIs>
                </Polygon>
            </Placemark>
            <Placemark id="596">
                <name>07-25 08:45 EL=13 RH=19.795</name>
                <styleUrl>#601</styleUrl>
                <Polygon id="595">
                    <outerBoundaryIs>
                        <LinearRing id="599">
                            <coordinates>-69.96230472740032,41.89339888805726,0.0 -69.9623184829469,41.89340312779154,0.0 -69.96234328580552,41.89340031448442,0.0 -69.96237744569312,41.89339063985168,0.0 -69.96241863465595,41.89337476319646,0.0 -69.96246404571946,41.89335376648066,0.0 -69.96251058418294,41.89332908059269,0.0 -69.96255507852145,41.893302387835554,0.0 -69.96259449652148,41.89327550728056,0.0 -69.9626261519207,41.89325027079956,0.0 -69.96264788746987,41.89322839822414,0.0 -69.96265822194201,41.89321138014009,0.0 -69.96265645107168,41.89320037630473,0.0 -69.96264269554635,41.89319613661078,0.0 -69.9626178927802,41.89319894998232,0.0 -69.96258373303154,41.8932086246863,0.0 -69.96254254421687,41.893224501400525,0.0 -69.96249713327109,41.893245498147245,0.0 -69.9624505948633,41.89327018402979,0.0 -69.96240610050356,41.893296876746604,0.0 -69.96236668241106,41.89332375723716,0.0 -69.96233502687288,41.8933489936469,0.0 -69.96231329117555,41.89337086616332,0.0 -69.9623029565857,41.893387884216494,0.0 -69.96230472740032,41.89339888805726,0.0</coordinates>
                        </LinearRing>
                    </outerBoundaryIs>
                </Polygon>
            </Placemark>
            <Placemark id="605">
                <name>07-26 08:41 EL=5 RH=19.775</name>
                <styleUrl>#610</styleUrl>
                <Polygon id="604">
                    <outerBoundaryIs>
                        <LinearRing id="608">
                            <coordinates>-69.96029380067961,41.894533184939704,0.0 -69.96033141357586,41.89453139749923,0.0 -69.96041655588563,41.89450147192493,0.0 -69.96054342513393,41.894445447498605,0.0 -69.96070337515408,41.894367142071616,0.0 -69.96088550537321,41.89427189191701,0.0 -69.9610774037335,41.8941661881014,0.0 -69.9612659926028,41.89405723414937,0.0 -69.96143842001402,41.8939524551394,0.0 -69.96158293549134,41.89385899168452,0.0 -69.96168969078084,41.893783213285396,0.0 -69.9617514109293,41.89373028422713,0.0 -69.96176388999497,41.89370381161155,0.0 -69.96172627762617,41.89370559951945,0.0 -69.96164113699098,41.89373552606115,0.0 -69.9615142701157,41.89379155169565,0.0 -69.96135432253115,41.89386985824784,0.0 -69.9611721941576,41.89396510914321,0.0 -69.96098029655832,41.89407081311664,0.0 -69.96079170716158,41.89417976660125,0.0 -69.96061927807577,41.8942845446438,0.0 -69.96047476022544,41.89437800689052,0.0 -69.96036800250033,41.89445378416442,0.0 -69.9603062805063,41.89450671248194,0.0 -69.96029380067961,41.894533184939704,0.0</coordinates>
                        </LinearRing>
                    </outerBoundaryIs>
                </Polygon>
            </Placemark>
            <Placemark id="614">
                <name>07-26 08:41 EL=9 RH=19.775</name>
                <styleUrl>#619</styleUrl>
                <Polygon id="613">
                    <outerBoundaryIs>
                        <LinearRing id="617">
                            <coordinates>-69.9617811486242,41.89369407465316,0.0 -69.96180082596655,41.893697391103316,0.0 -69.96183986898137,41.893688799263785,0.0 -69.96189561692378,41.89366888463629,0.0 -69.96196427062287,41.893639004348806,0.0 -69.9620411513998,41.893601194675085,0.0 -69.96212101992352,41.89355803227095,0.0 -69.96219843327135,41.89351245858237,0.0 -69.96226811585919,41.893467579390936,0.0 -69.96232531896176,41.89342645315729,0.0 -69.9623661443229,41.893391882587274,0.0 -69.96238780980444,41.89336622362657,0.0 -69.96238883897277,41.8933512249019,0.0 -69.96236916170652,41.893347908552116,0.0 -69.96233011897128,41.89335650057093,0.0 -69.96227437143699,41.89337641540856,0.0 -69.96220571816522,41.89340629588075,0.0 -69.9621288377203,41.89344410566423,0.0 -69.96204896934432,41.89348726807378,0.0 -69.96197155592039,41.89353284166198,0.0 -69.96190187305297,41.89357772067414,0.0 -69.96184466954229,41.89361884669764,0.0 -69.96180384375381,41.89365341708296,0.0 -69.96178217794026,41.8936790759339,0.0 -69.9617811486242,41.89369407465316,0.0</coordinates>
                        </LinearRing>
                    </outerBoundaryIs>
                </Polygon>
            </Placemark>
            <Placemark id="623">
                <name>07-26 08:41 EL=13 RH=19.775</name>
                <styleUrl>#628</styleUrl>
                <Polygon id="622">
                    <outerBoundaryIs>
                        <LinearRing id="626">
                            <coordinates>-69.96230551380489,41.89339823611516,0.0 -69.96231926148032,41.893402475515806,0.0 -69.96234405259706,41.8933996668359,0.0 -69.96237819767224,41.893390001475886,0.0 -69.96241936976155,41.89337413810699,0.0 -69.96246476304036,41.89335315778569,0.0 -69.96251128401998,41.893328490283096,0.0 -69.96255576236699,41.893301816649334,0.0 -69.96259516695763,41.89327495465245,0.0 -69.96262681244342,41.893249734899584,0.0 -69.96264854225065,41.893227876082335,0.0 -69.96265887554365,41.89321086784886,0.0 -69.96265710813734,41.89319986928526,0.0 -69.96264336048309,41.893195629924904,0.0 -69.96261856945871,41.89319843866918,0.0 -69.9625844245223,41.89320810410039,0.0 -69.96254325258101,41.89322396752824,0.0 -69.9624978594198,41.89324494788046,0.0 -69.96245133849584,41.89326961537762,0.0 -69.96240686012766,41.893296288971115,0.0 -69.96236745544465,41.893323150903605,0.0 -69.96233580982009,41.89334837058527,0.0 -69.96231407986484,41.893370229343574,0.0 -69.96230374645424,41.89338723754614,0.0 -69.96230551380489,41.89339823611516,0.0</coordinates>
                        </LinearRing>
                    </outerBoundaryIs>
                </Polygon>
            </Placemark>
        </Folder>
        <Folder id="631">
            <Style id="638">
                <LineStyle id="640">
                    <color>ff00a5ff</color>
                    <colorMode>normal</colorMode>
                    <width>2</width>
                </LineStyle>
                <PolyStyle id="639">
                    <color>5000a5ff</color>
                    <colorMode>normal</colorMode>
                    <fill>1</fill>
                    <outline>1</outline>
                </PolyStyle>
            </Style>
            <Style id="647">
                <LineStyle id="649">
                    <color>ff00a5ff</color>
                    <colorMode>normal</colorMode>
                    <width>2</width>
                </LineStyle>
                <PolyStyle id="648">
                    <color>5000a5ff</color>
                    <colorMode>normal</colorMode>
                    <fill>1</fill>
                    <outline>1</outline>
                </PolyStyle>
            </Style>
            <Style id="656">
                <LineStyle id="658">
                    <color>ff00a5ff</color>
                    <colorMode>normal</colorMode>
                    <width>2</width>
                </LineStyle>
                <PolyStyle id="657">
                    <color>5000a5ff</color>
                    <colorMode>normal</colorMode>
                    <fill>1</fill>
                    <outline>1</outline>
                </PolyStyle>
            </Style>
            <Style id="665">
                <LineStyle id="667">
                    <color>ff00a5ff</color>
                    <colorMode>normal</colorMode>
                    <width>2</width>
                </LineStyle>
                <PolyStyle id="666">
                    <color>5000a5ff</color>
                    <colorMode>normal</colorMode>
                    <fill>1</fill>
                    <outline>1</outline>
                </PolyStyle>
            </Style>
            <Style id="674">
                <LineStyle id="676">
                    <color>ff00a5ff</color>
                    <colorMode>normal</colorMode>
                    <width>2</width>
                </LineStyle>
                <PolyStyle id="675">
                    <color>5000a5ff</color>
                    <colorMode>normal</colorMode>
                    <fill>1</fill>
                    <outline>1</outline>
                </PolyStyle>
            </Style>
            <Style id="683">
                <LineStyle id="685">
                    <color>ff00a5ff</color>
                    <colorMode>normal</colorMode>
                    <width>2</width>
                </LineStyle>
                <PolyStyle id="684">
                    <color>5000a5ff</color>
                    <colorMode>normal</colorMode>
                    <fill>1</fill>
                    <outline>1</outline>
                </PolyStyle>
            </Style>
            <Style id="692">
                <LineStyle id="694">
                    <color>ff00a5ff</color>
                    <colorMode>normal</colorMode>
                    <width>2</width>
                </LineStyle>
                <PolyStyle id="693">
                    <color>5000a5ff</color>
                    <colorMode>normal</colorMode>
                    <fill>1</fill>
                    <outline>1</outline>
                </PolyStyle>
            </Style>
            <Style id="701">
                <LineStyle id="703">
                    <color>ff00a5ff</color>
                    <colorMode>normal</colorMode>
                    <width>2</width>
                </LineStyle>
                <PolyStyle id="702">
                    <color>5000a5ff</color>
                    <colorMode>normal</colorMode>
                    <fill>1</fill>
                    <outline>1</outline>
                </PolyStyle>
            </Style>
            <Style id="710">
                <LineStyle id="712">
                    <color>ff00a5ff</color>
                    <colorMode>normal</colorMode>
                    <width>2</width>
                </LineStyle>
                <PolyStyle id="711">
                    <color>5000a5ff</color>
                    <colorMode>normal</colorMode>
                    <fill>1</fill>
                    <outline>1</outline>
                </PolyStyle>
            </Style>
            <Style id="719">
                <LineStyle id="721">
                    <color>ff00a5ff</color>
                    <colorMode>normal</colorMode>
                    <width>2</width>
                </LineStyle>
                <PolyStyle id="720">
                    <color>5000a5ff</color>
                    <colorMode>normal</colorMode>
                    <fill>1</fill>
                    <outline>1</outline>
                </PolyStyle>
            </Style>
            <Style id="728">
                <LineStyle id="730">
                    <color>ff00a5ff</color>
                    <colorMode>normal</colorMode>
                    <width>2</width>
                </LineStyle>
                <PolyStyle id="729">
                    <color>5000a5ff</color>
                    <colorMode>normal</colorMode>
                    <fill>1</fill>
                    <outline>1</outline>
                </PolyStyle>
            </Style>
            <Style id="737">
                <LineStyle id="739">
                    <color>ff00a5ff</color>
                    <colorMode>normal</colorMode>
                    <width>2</width>
                </LineStyle>
                <PolyStyle id="738">
                    <color>5000a5ff</color>
                    <colorMode>normal</colorMode>
                    <fill>1</fill>
                    <outline>1</outline>
                </PolyStyle>
            </Style>
            <name>07 SAT 24 FREQ 1 C_TIDE_RESPONSIVE_GEOMETRY_UNCONFIRMED</name>
            <Placemark id="633">
                <name>07-23 21:09 EL=5 RH=18.845</name>
                <styleUrl>#638</styleUrl>
                <Polygon id="632">
                    <outerBoundaryIs>
                        <LinearRing id="636">
                            <coordinates>-69.96025106841886,41.894293304465194,0.0 -69.96028788173055,41.894293680956366,0.0 -69.96037384322892,41.894269328760615,0.0 -69.96050309463395,41.89422190733877,0.0 -69.96066682746407,41.89415464825453,0.0 -69.96085388337636,41.894072134982984,0.0 -69.96105151464849,41.89397999058657,0.0 -69.96124625296075,41.89388449453431,0.0 -69.96142482725985,41.893792154771575,0.0 -69.9615750681484,41.89370926420163,0.0 -69.96168673717007,41.89364147180768,0.0 -69.96175222448666,41.89359339764969,0.0 -69.9617670674168,41.89356831798273,0.0 -69.96173025451448,41.89356794196395,0.0 -69.96164429447724,41.893592295171246,0.0 -69.96151504519361,41.893639717872716,0.0 -69.96135131457673,41.8937069781618,0.0 -69.96116426037648,41.89378949224058,0.0 -69.96096662985646,41.89388163683031,0.0 -69.96077189113484,41.89397713241014,0.0 -69.9605933153746,41.894069471161345,0.0 -69.96044307236464,41.89415236045166,0.0 -69.96033140112974,41.89422015164077,0.0 -69.96026591210111,41.894268224991535,0.0 -69.96025106841886,41.894293304465194,0.0</coordinates>
                        </LinearRing>
                    </outerBoundaryIs>
                </Polygon>
            </Placemark>
            <Placemark id="642">
                <name>07-23 21:09 EL=9 RH=18.845</name>
                <styleUrl>#647</styleUrl>
                <Polygon id="641">
                    <outerBoundaryIs>
                        <LinearRing id="645">
                            <coordinates>-69.96176245735927,41.89357052267616,0.0 -69.96178127907265,41.893574859063015,0.0 -69.96182016530008,41.89356869093778,0.0 -69.96187646598575,41.893552438629456,0.0 -69.96194634429479,41.893527209683796,0.0 -69.9620250380969,41.8934947233919,0.0 -69.96210718450814,41.89345719362855,0.0 -69.96218718537105,41.89341717798377,0.0 -69.96225958876384,41.89337740346749,0.0 -69.96231946053861,41.89334058066583,0.0 -69.96236272056908,41.89330921901407,0.0 -69.96238642079462,41.893285455776805,0.0 -69.96238894611541,41.893270910391706,0.0 -69.96237012445035,41.893266574104096,0.0 -69.96233123845995,41.893272742414865,0.0 -69.96227493813653,41.8932889949453,0.0 -69.96220506021791,41.89331422409015,0.0 -69.96212636672975,41.89334671050495,0.0 -69.96204422047187,41.89338424028197,0.0 -69.96196421956064,41.89342425582755,0.0 -69.96189181593083,41.893464030158285,0.0 -69.96183194379378,41.89350085273781,0.0 -69.96178868337292,41.89353221419039,0.0 -69.96176498283343,41.89355597730473,0.0 -69.96176245735927,41.89357052267616,0.0</coordinates>
                        </LinearRing>
                    </outerBoundaryIs>
                </Polygon>
            </Placemark>
            <Placemark id="651">
                <name>07-23 21:09 EL=13 RH=18.845</name>
                <styleUrl>#656</styleUrl>
                <Polygon id="650">
                    <outerBoundaryIs>
                        <LinearRing id="654">
                            <coordinates>-69.96229415037679,41.89331624595052,0.0 -69.96230710357871,41.8933211467061,0.0 -69.96233152358428,41.89331980738463,0.0 -69.9623657462029,41.89331231925201,0.0 -69.96240743920745,41.893299192604616,0.0 -69.96245376127497,41.89328132199534,0.0 -69.96250155562183,41.893259925273085,0.0 -69.96254756513628,41.89323646058932,0.0 -69.96258865434687,41.893212527027345,0.0 -69.96262202309941,41.89318975562651,0.0 -69.96264539738081,41.893169698227645,0.0 -69.96265718428596,41.89315372171574,0.0 -69.96265658056807,41.8931429148673,0.0 -69.96264362737548,41.89313801415097,0.0 -69.96261920744595,41.89313935353858,0.0 -69.96258498494971,41.89314684174643,0.0 -69.96254329208111,41.89315996845805,0.0 -69.96249697012665,41.8931778391033,0.0 -69.96244917583968,41.893199235823644,0.0 -69.96240316631591,41.89322270046816,0.0 -69.96236207702925,41.893246633964,0.0 -69.96232870815432,41.893269405289594,0.0 -69.962305333737,41.89328946262425,0.0 -69.96229354671878,41.89330543910016,0.0 -69.96229415037679,41.89331624595052,0.0</coordinates>
                        </LinearRing>
                    </outerBoundaryIs>
                </Polygon>
            </Placemark>
            <Placemark id="660">
                <name>07-24 21:05 EL=5 RH=19.219</name>
                <styleUrl>#665</styleUrl>
                <Polygon id="659">
                    <outerBoundaryIs>
                        <LinearRing id="663">
                            <coordinates>-69.96020073969572,41.89431794530194,0.0 -69.960237906432,41.89431832059409,0.0 -69.96032468724687,41.89429372343652,0.0 -69.96045516802238,41.894245829981905,0.0 -69.96062045649325,41.89417790395976,0.0 -69.96080928829795,41.894094574293575,0.0 -69.96100879468672,41.89400151968021,0.0 -69.96120537955224,41.89390508161812,0.0 -69.96138564600254,41.893811832249966,0.0 -69.96153730932575,41.89372812646908,0.0 -69.96165003413307,41.89365966881636,0.0 -69.96171613864058,41.893611124690345,0.0 -69.9617311181097,41.89358580237519,0.0 -69.96169395179089,41.893585427564524,0.0 -69.9616071724657,41.893610025752935,0.0 -69.9614766938529,41.89365792051157,0.0 -69.96131140763826,41.893725847761516,0.0 -69.96112257757879,41.89380917825027,0.0 -69.9609230719566,41.89390223306057,0.0 -69.9607264866736,41.8939986706412,0.0 -69.96054621873361,41.894091918978496,0.0 -69.96039455324771,41.89417562345537,0.0 -69.96028182618413,41.8942440798803,0.0 -69.9602157199314,41.89429262318375,0.0 -69.96020073969572,41.89431794530194,0.0</coordinates>
                        </LinearRing>
                    </outerBoundaryIs>
                </Polygon>
            </Placemark>
            <Placemark id="669">
                <name>07-24 21:05 EL=9 RH=19.219</name>
                <styleUrl>#674</styleUrl>
                <Polygon id="668">
                    <outerBoundaryIs>
                        <LinearRing id="672">
                            <coordinates>-69.96173561627279,41.8935836503702,0.0 -69.96175462192859,41.89358802643439,0.0 -69.96179388461168,41.89358179327372,0.0 -69.96185072861094,41.893565375648905,0.0 -69.96192128006486,41.893539892371315,0.0 -69.96200073096868,41.893507080063934,0.0 -69.96208366684262,41.89346917481877,0.0 -69.96216443572831,41.893428759814256,0.0 -69.96223753336461,41.893388589276235,0.0 -69.96229797829254,41.89335140077942,0.0 -69.96234165132707,41.893319728681014,0.0 -69.96236557626281,41.893295731402475,0.0 -69.96236812268694,41.89328104433117,0.0 -69.96234911708045,41.893276668368145,0.0 -69.96230985463912,41.89328290171793,0.0 -69.96225301100927,41.89329931956918,0.0 -69.96218245995342,41.89332480304979,0.0 -69.9621030093697,41.89335761548244,0.0 -69.96202007365208,41.89339552074151,0.0 -69.96193930471708,41.893435935644874,0.0 -69.96186620683903,41.893476105993756,0.0 -69.9618057615417,41.89351329426416,0.0 -69.9617620881091,41.89354496615954,0.0 -69.96173816285325,41.893568963312816,0.0 -69.96173561627279,41.8935836503702,0.0</coordinates>
                        </LinearRing>
                    </outerBoundaryIs>
                </Polygon>
            </Placemark>
            <Placemark id="678">
                <name>07-24 21:05 EL=13 RH=19.219</name>
                <styleUrl>#683</styleUrl>
                <Polygon id="677">
                    <outerBoundaryIs>
                        <LinearRing id="681">
                            <coordinates>-69.96227605058925,41.89332509419606,0.0 -69.96228913144296,41.893330041111426,0.0 -69.96231378960242,41.89332868551135,0.0 -69.96234834464707,41.89332111977095,0.0 -69.96239044169525,41.893307859475335,0.0 -69.96243721188885,41.89328980828517,0.0 -69.96248546790497,41.893268196355564,0.0 -69.96253192116973,41.89324449650399,0.0 -69.96257340597086,41.893220323840204,0.0 -69.9626070951955,41.893197325698004,0.0 -69.96263069299108,41.89317706937043,0.0 -69.96264259122073,41.89316093529929,0.0 -69.96264197905126,41.89315002299852,0.0 -69.9626288982071,41.893145076123204,0.0 -69.9626042401252,41.893146431790704,0.0 -69.96256968520537,41.8931539976078,0.0 -69.96252758829581,41.89316725796887,0.0 -69.96248081821749,41.893185309195715,0.0 -69.96243256226242,41.89320692112338,0.0 -69.96238610898813,41.8932306209349,0.0 -69.96234462410942,41.89325479353129,0.0 -69.96231093475997,41.89327779159677,0.0 -69.96228733682575,41.893298047858885,0.0 -69.96227543848083,41.89331418189335,0.0 -69.96227605058925,41.89332509419606,0.0</coordinates>
                        </LinearRing>
                    </outerBoundaryIs>
                </Polygon>
            </Placemark>
            <Placemark id="687">
                <name>07-25 21:01 EL=5 RH=19.485</name>
                <styleUrl>#692</styleUrl>
                <Polygon id="686">
                    <outerBoundaryIs>
                        <LinearRing id="690">
                            <coordinates>-69.96016403291235,41.894334346106774,0.0 -69.96020144874213,41.89433473364977,0.0 -69.96028882320672,41.89430999425718,0.0 -69.96042020173003,41.89426181377329,0.0 -69.96058663086392,41.8941934754864,0.0 -69.96077676850955,41.894109636413425,0.0 -69.96097765692396,41.894016009965355,0.0 -69.96117560581605,41.89391897660992,0.0 -69.9613571253382,41.89382514905869,0.0 -69.96150984538566,41.89374092160864,0.0 -69.96162335855851,41.89367203435341,0.0 -69.96168992934994,41.89362318196991,0.0 -69.96170502124721,41.8935976937507,0.0 -69.96166760584008,41.89359730669575,0.0 -69.96158023288447,41.893622047133476,0.0 -69.9614488565522,41.893670228939506,0.0 -69.96128242970428,41.893738568471306,0.0 -69.96109229382704,41.89382240837836,0.0 -69.96089140618959,41.89391603502623,0.0 -69.96069345687486,41.89401306789362,0.0 -69.96051193584373,41.89410689439973,0.0 -69.96035921360522,41.89419112052761,0.0 -69.96024569814641,41.894260006537976,0.0 -69.96017912558659,41.894308858087356,0.0 -69.96016403291235,41.894334346106774,0.0</coordinates>
                        </LinearRing>
                    </outerBoundaryIs>
                </Polygon>
            </Placemark>
            <Placemark id="696">
                <name>07-25 21:01 EL=9 RH=19.485</name>
                <styleUrl>#701</styleUrl>
                <Polygon id="695">
                    <outerBoundaryIs>
                        <LinearRing id="699">
                            <coordinates>-69.961716059069,41.893592417107,0.0 -69.96173519169575,41.89359682785692,0.0 -69.96177472389623,41.89359056265515,0.0 -69.96183196159186,41.89357404844571,0.0 -69.96190300409089,41.893548410621705,0.0 -69.96198300992408,41.89351539633795,0.0 -69.96206652679375,41.8934772554506,0.0 -69.96214786314738,41.893436587196696,0.0 -69.96222147605188,41.893396163060764,0.0 -69.96228234893391,41.893358737900044,0.0 -69.96232633344458,41.893326862200304,0.0 -69.96235043215245,41.89330270825839,0.0 -69.96235300280281,41.89328792213822,0.0 -69.96233387022595,41.89328351149084,0.0 -69.96229433827035,41.89328977688438,0.0 -69.96223710094901,41.89330629132342,0.0 -69.9621660588534,41.89333192935332,0.0 -69.96208605334462,41.893364943764134,0.0 -69.96200253663348,41.893403084665636,0.0 -69.96192120022998,41.89344375281699,0.0 -69.96184758708058,41.893484176761156,0.0 -69.96178671382425,41.89352160169229,0.0 -69.96174272891018,41.89355347718611,0.0 -69.9617186298779,41.89357763100097,0.0 -69.961716059069,41.893592417107,0.0</coordinates>
                        </LinearRing>
                    </outerBoundaryIs>
                </Polygon>
            </Placemark>
            <Placemark id="705">
                <name>07-25 21:01 EL=13 RH=19.485</name>
                <styleUrl>#710</styleUrl>
                <Polygon id="704">
                    <outerBoundaryIs>
                        <LinearRing id="708">
                            <coordinates>-69.96226286811807,41.89333101198282,0.0 -69.96227603586856,41.89333599606762,0.0 -69.96230086287838,41.893334637673895,0.0 -69.96233565721998,41.89332702936711,0.0 -69.96237804770387,41.89331368963301,0.0 -69.96242514547457,41.8932955275458,0.0 -69.96247374088517,41.893273780818014,0.0 -69.96252052223257,41.893249931453376,0.0 -69.96256230144621,41.89322560475076,0.0 -69.96259623134956,41.89320245854155,0.0 -69.96261999968843,41.893182070209456,0.0 -69.96263198670384,41.8931658291922,0.0 -69.96263137551216,41.89315484229203,0.0 -69.96261820777129,41.893149858247824,0.0 -69.96259338084005,41.8931512167099,0.0 -69.96255858662491,41.8931588250945,0.0 -69.96251619628151,41.89317216489499,0.0 -69.96246909862766,41.8931903270194,0.0 -69.96242050327898,41.893212073745225,0.0 -69.96237372192196,41.89323592306927,0.0 -69.96233194262976,41.89326024970353,0.0 -69.96229801259993,41.89328339583495,0.0 -69.96227424412056,41.89330378410066,0.0 -69.96226225698831,41.8933200250807,0.0 -69.96226286811807,41.89333101198282,0.0</coordinates>
                        </LinearRing>
                    </outerBoundaryIs>
                </Polygon>
            </Placemark>
            <Placemark id="714">
                <name>07-26 20:57 EL=5 RH=19.485</name>
                <styleUrl>#719</styleUrl>
                <Polygon id="713">
                    <outerBoundaryIs>
                        <LinearRing id="717">
                            <coordinates>-69.9601643870004,41.89433475646424,0.0 -69.96020180292072,41.894335139146115,0.0 -69.96028917158381,41.89431038840207,0.0 -69.96042053880886,41.89426219085003,0.0 -69.96058695191766,41.89419383094146,0.0 -69.96077706990349,41.89410996716681,0.0 -69.96097793636307,41.89401631462046,0.0 -69.96117586250152,41.89391925554869,0.0 -69.96135736002186,41.8938254044156,0.0 -69.96151006031882,41.89374115712523,0.0 -69.96162355733838,41.89367225512324,0.0 -69.96169011667469,41.89362339409151,0.0 -69.96170520259558,41.893597903911925,0.0 -69.96166778709814,41.89359752171805,0.0 -69.96158041994443,41.89362227350701,0.0 -69.96144905491079,41.89367047238091,0.0 -69.96128264408827,41.8937388335341,0.0 -69.961092527871,41.893822698142614,0.0 -69.96089166218836,41.893916350888674,0.0 -69.96069373562702,41.89401340947244,0.0 -69.96051223659731,41.894107259560606,0.0 -69.96035953410895,41.89419150552911,0.0 -69.96024603480308,41.8942604062865,0.0 -69.96017947369825,41.89430926648436,0.0 -69.9601643870004,41.89433475646424,0.0</coordinates>
                        </LinearRing>
                    </outerBoundaryIs>
                </Polygon>
            </Placemark>
            <Placemark id="723">
                <name>07-26 20:57 EL=9 RH=19.485</name>
                <styleUrl>#728</styleUrl>
                <Polygon id="722">
                    <outerBoundaryIs>
                        <LinearRing id="726">
                            <coordinates>-69.96171623918005,41.89359262583426,0.0 -69.96173537284074,41.89359703409836,0.0 -69.96177490357175,41.89359076376061,0.0 -69.96183213739462,41.89357424211501,0.0 -69.96190317388152,41.89354859506147,0.0 -69.96198317197295,41.893515570383734,0.0 -69.96206667989875,41.89347741864633,0.0 -69.96214800671596,41.8934367398257,0.0 -69.96222161014138,41.893396306126505,0.0 -69.96228247424767,41.89335887305765,0.0 -69.96232645128397,41.89332699164386,0.0 -69.96235054432823,41.89330283457137,0.0 -69.96235311151172,41.89328804811744,0.0 -69.96233397790095,41.893283639955875,0.0 -69.9622944474149,41.89328991048536,0.0 -69.96223721396639,41.89330643236051,0.0 -69.96216617788295,41.893332079619924,0.0 -69.96208618011597,41.89336510442465,0.0 -69.96200267234866,41.893403256176185,0.0 -69.96192134548153,41.893443934894265,0.0 -69.96184774181114,41.893484368401744,0.0 -69.96178687733048,41.89352180124105,0.0 -69.96174289989072,41.89355368244897,0.0 -69.96171880652203,41.893577839394446,0.0 -69.96171623918005,41.89359262583426,0.0</coordinates>
                        </LinearRing>
                    </outerBoundaryIs>
                </Polygon>
            </Placemark>
            <Placemark id="732">
                <name>07-26 20:57 EL=13 RH=19.485</name>
                <styleUrl>#737</styleUrl>
                <Polygon id="731">
                    <outerBoundaryIs>
                        <LinearRing id="735">
                            <coordinates>-69.96226298693128,41.89333114967182,0.0 -69.9622761558502,41.89333613204577,0.0 -69.9623009825412,41.89333477042651,0.0 -69.96233577509845,41.893327157599295,0.0 -69.96237816245406,41.893313812357974,0.0 -69.96242525596573,41.89329564415203,0.0 -69.96247384627681,41.89327389111099,0.0 -69.9625206220317,41.89325003566882,0.0 -69.96256239554098,41.89322570353854,0.0 -69.96259632001689,41.893202552921466,0.0 -69.96262008357508,41.89318216150166,0.0 -69.96263206678236,41.893165918927295,0.0 -69.96263145301465,41.8931549321067,0.0 -69.96261828410537,41.89314994977334,0.0 -69.96259345749299,41.893151311460954,0.0 -69.96255866506222,41.89315892436593,0.0 -69.96251627784713,41.89317226967364,0.0 -69.9624691844523,41.893190437916765,0.0 -69.96242059420312,41.89321219095586,0.0 -69.96237381843858,41.89323604635743,0.0 -69.9623320448507,41.893260378419356,0.0 -69.96229812024829,41.89328352895864,0.0 -69.96227435654961,41.89330392031209,0.0 -69.96226237322547,41.893320162849264,0.0 -69.96226298693128,41.89333114967182,0.0</coordinates>
                        </LinearRing>
                    </outerBoundaryIs>
                </Polygon>
            </Placemark>
        </Folder>
        <Folder id="740">
            <Style id="747">
                <LineStyle id="749">
                    <color>ff00a5ff</color>
                    <colorMode>normal</colorMode>
                    <width>2</width>
                </LineStyle>
                <PolyStyle id="748">
                    <color>5000a5ff</color>
                    <colorMode>normal</colorMode>
                    <fill>1</fill>
                    <outline>1</outline>
                </PolyStyle>
            </Style>
            <Style id="756">
                <LineStyle id="758">
                    <color>ff00a5ff</color>
                    <colorMode>normal</colorMode>
                    <width>2</width>
                </LineStyle>
                <PolyStyle id="757">
                    <color>5000a5ff</color>
                    <colorMode>normal</colorMode>
                    <fill>1</fill>
                    <outline>1</outline>
                </PolyStyle>
            </Style>
            <Style id="765">
                <LineStyle id="767">
                    <color>ff00a5ff</color>
                    <colorMode>normal</colorMode>
                    <width>2</width>
                </LineStyle>
                <PolyStyle id="766">
                    <color>5000a5ff</color>
                    <colorMode>normal</colorMode>
                    <fill>1</fill>
                    <outline>1</outline>
                </PolyStyle>
            </Style>
            <Style id="774">
                <LineStyle id="776">
                    <color>ff00a5ff</color>
                    <colorMode>normal</colorMode>
                    <width>2</width>
                </LineStyle>
                <PolyStyle id="775">
                    <color>5000a5ff</color>
                    <colorMode>normal</colorMode>
                    <fill>1</fill>
                    <outline>1</outline>
                </PolyStyle>
            </Style>
            <Style id="783">
                <LineStyle id="785">
                    <color>ff00a5ff</color>
                    <colorMode>normal</colorMode>
                    <width>2</width>
                </LineStyle>
                <PolyStyle id="784">
                    <color>5000a5ff</color>
                    <colorMode>normal</colorMode>
                    <fill>1</fill>
                    <outline>1</outline>
                </PolyStyle>
            </Style>
            <Style id="792">
                <LineStyle id="794">
                    <color>ff00a5ff</color>
                    <colorMode>normal</colorMode>
                    <width>2</width>
                </LineStyle>
                <PolyStyle id="793">
                    <color>5000a5ff</color>
                    <colorMode>normal</colorMode>
                    <fill>1</fill>
                    <outline>1</outline>
                </PolyStyle>
            </Style>
            <Style id="801">
                <LineStyle id="803">
                    <color>ff00a5ff</color>
                    <colorMode>normal</colorMode>
                    <width>2</width>
                </LineStyle>
                <PolyStyle id="802">
                    <color>5000a5ff</color>
                    <colorMode>normal</colorMode>
                    <fill>1</fill>
                    <outline>1</outline>
                </PolyStyle>
            </Style>
            <Style id="810">
                <LineStyle id="812">
                    <color>ff00a5ff</color>
                    <colorMode>normal</colorMode>
                    <width>2</width>
                </LineStyle>
                <PolyStyle id="811">
                    <color>5000a5ff</color>
                    <colorMode>normal</colorMode>
                    <fill>1</fill>
                    <outline>1</outline>
                </PolyStyle>
            </Style>
            <Style id="819">
                <LineStyle id="821">
                    <color>ff00a5ff</color>
                    <colorMode>normal</colorMode>
                    <width>2</width>
                </LineStyle>
                <PolyStyle id="820">
                    <color>5000a5ff</color>
                    <colorMode>normal</colorMode>
                    <fill>1</fill>
                    <outline>1</outline>
                </PolyStyle>
            </Style>
            <name>08 SAT 3 FREQ 1 C_TIDE_RESPONSIVE_GEOMETRY_UNCONFIRMED</name>
            <Placemark id="742">
                <name>07-24 11:06 EL=5 RH=18.665</name>
                <styleUrl>#747</styleUrl>
                <Polygon id="741">
                    <outerBoundaryIs>
                        <LinearRing id="745">
                            <coordinates>-69.9611373948419,41.8949743972124,0.0 -69.96117196359505,41.894965343915565,0.0 -69.96124105029892,41.8949206301635,0.0 -69.96133994663455,41.89484330306798,0.0 -69.96146191275015,41.89473863227628,0.0 -69.96159863663249,41.894613750871194,0.0 -69.96174080061692,41.89447716927898,0.0 -69.96187871641311,41.8943381953073,0.0 -69.96200298535938,41.894206299834,0.0 -69.9621051389067,41.8940904713742,0.0 -69.96217821568955,41.89399860351247,0.0 -69.96221723586996,41.89393695695047,0.0 -69.96221954044513,41.893909732834636,0.0 -69.9621849724118,41.893918786445624,0.0 -69.96211588745241,41.893963500763434,0.0 -69.9620169934185,41.89404082852468,0.0 -69.9618950295451,41.894145499903715,0.0 -69.96175830724465,41.89427038166036,0.0 -69.96161614375795,41.894406963274164,0.0 -69.96147822724194,41.8945459369317,0.0 -69.96135395655118,41.894677831839246,0.0 -69.96125180070216,41.89479365963332,0.0 -69.9611787216771,41.894885526907714,0.0 -69.9611396999148,41.894947173118155,0.0 -69.9611373948419,41.8949743972124,0.0</coordinates>
                        </LinearRing>
                    </outerBoundaryIs>
                </Polygon>
            </Placemark>
            <Placemark id="751">
                <name>07-24 11:06 EL=9 RH=18.665</name>
                <styleUrl>#756</styleUrl>
                <Polygon id="750">
                    <outerBoundaryIs>
                        <LinearRing id="754">
                            <coordinates>-69.9622131159807,41.89391605365154,0.0 -69.9622326994874,41.89391529665054,0.0 -69.96226618539828,41.89389960005227,0.0 -69.96231129167252,41.893870033543074,0.0 -69.96236494435175,41.89382861202013,0.0 -69.96242348705604,41.8937781582826,0.0 -69.96248293017051,41.893722110665024,0.0 -69.96253922273796,41.8936642887216,0.0 -69.96258852852692,41.893608632929485,0.0 -69.9626274874607,41.893558936149795,0.0 -69.96265344459262,41.89351858514752,0.0 -69.96266463102558,41.89349032978593,0.0 -69.96266028444897,41.893476095625545,0.0 -69.96264070108201,41.89347685269918,0.0 -69.9626072154848,41.89349254940626,0.0 -69.96256210961413,41.89352211603125,0.0 -69.96250845732023,41.89356353764597,0.0 -69.96244991487976,41.893613991426655,0.0 -69.96239047183695,41.8936700390272,0.0 -69.96233417912977,41.89372786089798,0.0 -69.96228487302713,41.893783516581294,0.0 -69.9622459136898,41.89383321324519,0.0 -69.96221995617255,41.8938735641557,0.0 -69.96220876947575,41.89390181947413,0.0 -69.9622131159807,41.89391605365154,0.0</coordinates>
                        </LinearRing>
                    </outerBoundaryIs>
                </Polygon>
            </Placemark>
            <Placemark id="760">
                <name>07-24 11:06 EL=13 RH=18.665</name>
                <styleUrl>#765</styleUrl>
                <Polygon id="759">
                    <outerBoundaryIs>
                        <LinearRing id="763">
                            <coordinates>-69.9625913775378,41.89354389194388,0.0 -69.96260573818458,41.89354516137402,0.0 -69.9626279346815,41.89353767185977,0.0 -69.9626564543629,41.89352193379515,0.0 -69.96268935364566,41.89349901969938,0.0 -69.96272439048492,41.893470491127495,0.0 -69.9627591771693,41.893438292253656,0.0 -69.96279134304177,41.8934046173792,0.0 -69.96281869605653,41.89337176139421,0.0 -69.96283937216191,41.89334196338374,0.0 -69.96285196232948,41.89331725403688,0.0 -69.96285560857321,41.893299317257494,0.0 -69.9628500624163,41.89328937540828,0.0 -69.96283570182219,41.89328810600858,0.0 -69.96281350543634,41.89329559556283,0.0 -69.9627849858947,41.893311333666304,0.0 -69.96275208674294,41.89333424778938,0.0 -69.96271704999077,41.89336277636969,0.0 -69.96268226332629,41.893394975230805,0.0 -69.96265009740117,41.89342865007482,0.0 -69.96262274427532,41.8934615060198,0.0 -69.96260206803017,41.89349130399138,0.0 -69.96258947773163,41.89351601331097,0.0 -69.96258583140079,41.893533950081945,0.0 -69.9625913775378,41.89354389194388,0.0</coordinates>
                        </LinearRing>
                    </outerBoundaryIs>
                </Polygon>
            </Placemark>
            <Placemark id="769">
                <name>07-25 11:02 EL=5 RH=19.010</name>
                <styleUrl>#774</styleUrl>
                <Polygon id="768">
                    <outerBoundaryIs>
                        <LinearRing id="772">
                            <coordinates>-69.96110333239717,41.895007116803484,0.0 -69.9611382123363,41.89499798711769,0.0 -69.96120792726599,41.89495288273054,0.0 -69.96130772605157,41.89487487737391,0.0 -69.96143080733667,41.894769286916194,0.0 -69.96156878310703,41.89464330711285,0.0 -69.96171225038103,41.8945055232435,0.0 -69.9618514320504,41.89436532504895,0.0 -69.96197684318759,41.894232266836426,0.0 -69.96207993740826,41.89411541636079,0.0 -69.96215368924574,41.89402273685656,0.0 -69.9621930728622,41.893960544338555,0.0 -69.9621954044902,41.893933077159865,0.0 -69.96216052528375,41.893942207165544,0.0 -69.96209081212994,41.893987312128836,0.0 -69.96199101568759,41.89406531816346,0.0 -69.96186793668524,41.89417090921935,0.0 -69.96172996252545,41.89429688938077,0.0 -69.96158649575831,41.894434673272166,0.0 -69.96144731335627,41.894574871146816,0.0 -69.9613219004432,41.89470792878322,0.0 -69.96121880387928,41.894824778580876,0.0 -69.96114504975907,41.894917457486926,0.0 -69.96110566453201,41.894979649646835,0.0 -69.96110333239717,41.895007116803484,0.0</coordinates>
                        </LinearRing>
                    </outerBoundaryIs>
                </Polygon>
            </Placemark>
            <Placemark id="778">
                <name>07-25 11:02 EL=9 RH=19.010</name>
                <styleUrl>#783</styleUrl>
                <Polygon id="777">
                    <outerBoundaryIs>
                        <LinearRing id="781">
                            <coordinates>-69.96219497144324,41.893933503065526,0.0 -69.96221473241904,41.893932741781995,0.0 -69.96224852519642,41.893916907481575,0.0 -69.96229404682153,41.89388707923458,0.0 -69.9623481950298,41.89384528977498,0.0 -69.96240727967113,41.893794386976026,0.0 -69.96246727419799,41.89373783977497,0.0 -69.96252409007523,41.893679501771835,0.0 -69.96257385540895,41.89362334861254,0.0 -69.96261317880578,41.89357320705314,0.0 -69.96263938048226,41.89353249416983,0.0 -69.96265067487664,41.89350398448768,0.0 -69.96264629232145,41.893489620898805,0.0 -69.96262653148789,41.8934903822563,0.0 -69.96259273902989,41.89350621666755,0.0 -69.96254721781571,41.8935360450325,0.0 -69.96249306999982,41.8935778345856,0.0 -69.96243398562719,41.89362873742852,0.0 -69.96237399117334,41.89368528461225,0.0 -69.96231717515384,41.89374362254139,0.0 -69.96226740950075,41.89379977558987,0.0 -69.962228085693,41.893849917031325,0.0 -69.96220188362413,41.89389062982114,0.0 -69.96219058896105,41.89391913945931,0.0 -69.96219497144324,41.893933503065526,0.0</coordinates>
                        </LinearRing>
                    </outerBoundaryIs>
                </Polygon>
            </Placemark>
            <Placemark id="787">
                <name>07-25 11:02 EL=13 RH=19.010</name>
                <styleUrl>#792</styleUrl>
                <Polygon id="786">
                    <outerBoundaryIs>
                        <LinearRing id="790">
                            <coordinates>-69.96257914871781,41.89355565833806,0.0 -69.96259363970492,41.8935569412004,0.0 -69.96261603990007,41.89354938646665,0.0 -69.96264482275569,41.89353350897538,0.0 -69.96267802675351,41.89351039074742,0.0 -69.96271338908262,41.893481607249036,0.0 -69.96274849984988,41.893449120027185,0.0 -69.9627809663125,41.89341514303366,0.0 -69.96280857594003,41.89338199174752,0.0 -69.96282944719331,41.893351925378205,0.0 -69.96284215774514,41.893326992903056,0.0 -69.96284584140572,41.89330889343181,0.0 -69.96284024714856,41.89329886041437,0.0 -69.96282575621505,41.893297577583034,0.0 -69.96280335613301,41.89330513235754,0.0 -69.96277457341971,41.89332100988839,0.0 -69.96274136955529,41.89334412814414,0.0 -69.96270600731489,41.893372911651134,0.0 -69.96267089656791,41.89340539886004,0.0 -69.96263843005171,41.89343937582256,0.0 -69.96261082031106,41.893472527067935,0.0 -69.96258994891545,41.89350259339768,0.0 -69.96257723823024,41.893527525845016,0.0 -69.96257355448093,41.89354562530768,0.0 -69.96257914871781,41.89355565833806,0.0</coordinates>
                        </LinearRing>
                    </outerBoundaryIs>
                </Polygon>
            </Placemark>
            <Placemark id="796">
                <name>07-26 10:58 EL=5 RH=19.195</name>
                <styleUrl>#801</styleUrl>
                <Polygon id="795">
                    <outerBoundaryIs>
                        <LinearRing id="799">
                            <coordinates>-69.96108483898973,41.89502450635524,0.0 -69.96111988568654,41.895015338145924,0.0 -69.96118994025099,41.894970030026855,0.0 -69.9612902284012,41.89489166961336,0.0 -69.96141391542915,41.89478559696972,0.0 -69.96155257203802,41.89465904071095,0.0 -69.96169674884665,41.894520625400816,0.0 -69.96183662039263,41.894379783811715,0.0 -69.96196265473516,41.89424611409747,0.0 -69.96206626302117,41.89412872568636,0.0 -69.96214038475351,41.894035618472955,0.0 -69.96217996888883,41.89397313762038,0.0 -69.96218231799618,41.8939455411316,0.0 -69.9621472720389,41.89395470966395,0.0 -69.9620772192672,41.89400001836483,0.0 -69.9619769334826,41.89407837946303,0.0 -69.96185324875925,41.894184452710796,0.0 -69.96171459377646,41.89431100933127,0.0 -69.9615704174797,41.89444942466372,0.0 -69.96143054519419,41.8945902659298,0.0 -69.9613045090589,41.894723935062224,0.0 -69.9612008984073,41.89484132278865,0.0 -69.96112677437036,41.8949344293979,0.0 -69.96108718860894,41.89499690988878,0.0 -69.96108483898973,41.89502450635524,0.0</coordinates>
                        </LinearRing>
                    </outerBoundaryIs>
                </Polygon>
            </Placemark>
            <Placemark id="805">
                <name>07-26 10:58 EL=9 RH=19.195</name>
                <styleUrl>#810</styleUrl>
                <Polygon id="804">
                    <outerBoundaryIs>
                        <LinearRing id="808">
                            <coordinates>-69.96218512420066,41.89394278220591,0.0 -69.9622049797731,41.893942019866415,0.0 -69.96223893774382,41.893926114326774,0.0 -69.96228468390099,41.89389614951209,0.0 -69.96233910067816,41.89385416746302,0.0 -69.96239847962232,41.89380302917743,0.0 -69.96245877412944,41.893746219640505,0.0 -69.96251587522113,41.89368761033008,0.0 -69.96256589156671,41.893631195381246,0.0 -69.9626054146671,41.89358081939073,0.0 -69.96263175112975,41.893539915410926,0.0 -69.96264310620785,41.893511270989904,0.0 -69.96263870609869,41.893496838202054,0.0 -69.96261885066981,41.89349760061627,0.0 -69.96258489302153,41.89351350626783,0.0 -69.96253914727926,41.89354347120167,0.0 -69.96248473089828,41.89358545334516,0.0 -69.96242535222545,41.8936365916752,0.0 -69.9623650577921,41.893693401194625,0.0 -69.96230795655683,41.89375201043035,0.0 -69.96225793988881,41.89380842526726,0.0 -69.96221841637353,41.89385880113864,0.0 -69.9621920795147,41.893899705024005,0.0 -69.96218072416526,41.893928349400596,0.0 -69.96218512420066,41.89394278220591,0.0</coordinates>
                        </LinearRing>
                    </outerBoundaryIs>
                </Polygon>
            </Placemark>
            <Placemark id="814">
                <name>07-26 10:58 EL=13 RH=19.195</name>
                <styleUrl>#819</styleUrl>
                <Polygon id="813">
                    <outerBoundaryIs>
                        <LinearRing id="817">
                            <coordinates>-69.96257251309535,41.893561917076525,0.0 -69.96258707334964,41.89356320799014,0.0 -69.96260958286611,41.89355561991323,0.0 -69.96263850764701,41.89353966995658,0.0 -69.96267187650197,41.893516445079364,0.0 -69.96270741538521,41.89348752801579,0.0 -69.96274270237163,41.89345488941509,0.0 -69.96277533270934,41.89342075354527,0.0 -69.96280308270019,41.89338744671256,0.0 -69.96282406123954,41.893357238726686,0.0 -69.96283683868899,41.893332188215965,0.0 -69.96284054429991,41.89331400233411,0.0 -69.96283492554998,41.893303920419775,0.0 -69.96282036534981,41.89330262953745,0.0 -69.96279785594754,41.89331021765553,0.0 -69.96276893131034,41.89332616765217,0.0 -69.96273556259007,41.89334939255748,0.0 -69.96270002379643,41.893378309629725,0.0 -69.96266473683052,41.893410948217365,0.0 -69.9626321064387,41.89344508405588,0.0 -69.96260435633366,41.893478390847434,0.0 -69.9625833776506,41.893508598793325,0.0 -69.96257060006646,41.89353364927594,0.0 -69.96256689436593,41.893551835149125,0.0 -69.96257251309535,41.893561917076525,0.0</coordinates>
                        </LinearRing>
                    </outerBoundaryIs>
                </Polygon>
            </Placemark>
        </Folder>
        <Folder id="822">
            <Style id="829">
                <LineStyle id="831">
                    <color>ff00a5ff</color>
                    <colorMode>normal</colorMode>
                    <width>2</width>
                </LineStyle>
                <PolyStyle id="830">
                    <color>5000a5ff</color>
                    <colorMode>normal</colorMode>
                    <fill>1</fill>
                    <outline>1</outline>
                </PolyStyle>
            </Style>
            <Style id="838">
                <LineStyle id="840">
                    <color>ff00a5ff</color>
                    <colorMode>normal</colorMode>
                    <width>2</width>
                </LineStyle>
                <PolyStyle id="839">
                    <color>5000a5ff</color>
                    <colorMode>normal</colorMode>
                    <fill>1</fill>
                    <outline>1</outline>
                </PolyStyle>
            </Style>
            <Style id="847">
                <LineStyle id="849">
                    <color>ff00a5ff</color>
                    <colorMode>normal</colorMode>
                    <width>2</width>
                </LineStyle>
                <PolyStyle id="848">
                    <color>5000a5ff</color>
                    <colorMode>normal</colorMode>
                    <fill>1</fill>
                    <outline>1</outline>
                </PolyStyle>
            </Style>
            <Style id="856">
                <LineStyle id="858">
                    <color>ff00a5ff</color>
                    <colorMode>normal</colorMode>
                    <width>2</width>
                </LineStyle>
                <PolyStyle id="857">
                    <color>5000a5ff</color>
                    <colorMode>normal</colorMode>
                    <fill>1</fill>
                    <outline>1</outline>
                </PolyStyle>
            </Style>
            <Style id="865">
                <LineStyle id="867">
                    <color>ff00a5ff</color>
                    <colorMode>normal</colorMode>
                    <width>2</width>
                </LineStyle>
                <PolyStyle id="866">
                    <color>5000a5ff</color>
                    <colorMode>normal</colorMode>
                    <fill>1</fill>
                    <outline>1</outline>
                </PolyStyle>
            </Style>
            <Style id="874">
                <LineStyle id="876">
                    <color>ff00a5ff</color>
                    <colorMode>normal</colorMode>
                    <width>2</width>
                </LineStyle>
                <PolyStyle id="875">
                    <color>5000a5ff</color>
                    <colorMode>normal</colorMode>
                    <fill>1</fill>
                    <outline>1</outline>
                </PolyStyle>
            </Style>
            <Style id="883">
                <LineStyle id="885">
                    <color>ff00a5ff</color>
                    <colorMode>normal</colorMode>
                    <width>2</width>
                </LineStyle>
                <PolyStyle id="884">
                    <color>5000a5ff</color>
                    <colorMode>normal</colorMode>
                    <fill>1</fill>
                    <outline>1</outline>
                </PolyStyle>
            </Style>
            <Style id="892">
                <LineStyle id="894">
                    <color>ff00a5ff</color>
                    <colorMode>normal</colorMode>
                    <width>2</width>
                </LineStyle>
                <PolyStyle id="893">
                    <color>5000a5ff</color>
                    <colorMode>normal</colorMode>
                    <fill>1</fill>
                    <outline>1</outline>
                </PolyStyle>
            </Style>
            <Style id="901">
                <LineStyle id="903">
                    <color>ff00a5ff</color>
                    <colorMode>normal</colorMode>
                    <width>2</width>
                </LineStyle>
                <PolyStyle id="902">
                    <color>5000a5ff</color>
                    <colorMode>normal</colorMode>
                    <fill>1</fill>
                    <outline>1</outline>
                </PolyStyle>
            </Style>
            <Style id="910">
                <LineStyle id="912">
                    <color>ff00a5ff</color>
                    <colorMode>normal</colorMode>
                    <width>2</width>
                </LineStyle>
                <PolyStyle id="911">
                    <color>5000a5ff</color>
                    <colorMode>normal</colorMode>
                    <fill>1</fill>
                    <outline>1</outline>
                </PolyStyle>
            </Style>
            <Style id="919">
                <LineStyle id="921">
                    <color>ff00a5ff</color>
                    <colorMode>normal</colorMode>
                    <width>2</width>
                </LineStyle>
                <PolyStyle id="920">
                    <color>5000a5ff</color>
                    <colorMode>normal</colorMode>
                    <fill>1</fill>
                    <outline>1</outline>
                </PolyStyle>
            </Style>
            <Style id="928">
                <LineStyle id="930">
                    <color>ff00a5ff</color>
                    <colorMode>normal</colorMode>
                    <width>2</width>
                </LineStyle>
                <PolyStyle id="929">
                    <color>5000a5ff</color>
                    <colorMode>normal</colorMode>
                    <fill>1</fill>
                    <outline>1</outline>
                </PolyStyle>
            </Style>
            <name>09 SAT 28 FREQ 1 C_TIDE_RESPONSIVE_GEOMETRY_UNCONFIRMED</name>
            <Placemark id="824">
                <name>07-23 02:25 EL=5 RH=18.865</name>
                <styleUrl>#829</styleUrl>
                <Polygon id="823">
                    <outerBoundaryIs>
                        <LinearRing id="827">
                            <coordinates>-69.95999397792961,41.89170232770157,0.0 -69.96001356940978,41.891725547246665,0.0 -69.96008778361616,41.89176604701692,0.0 -69.9602115631242,41.891821066921594,0.0 -69.96037647275138,41.89188685730234,0.0 -69.9605712743509,41.89195893450448,0.0 -69.96078269262688,41.89203238647059,0.0 -69.96099631979398,41.89210220751994,0.0 -69.96119759743861,41.892163639490946,0.0 -69.96137280867093,41.89221249599467,0.0 -69.96151001294864,41.89224544768386,0.0 -69.96159985985517,41.892260249104325,0.0 -69.96163622636111,41.89225589167893,0.0 -69.96161663412842,41.892232672409634,0.0 -69.96154241841054,41.8921921736237,0.0 -69.96141863703701,41.89213715514815,0.0 -69.96125372569023,41.89207136625838,0.0 -69.96105892297773,41.891999290209576,0.0 -69.96084750449366,41.89192583875011,0.0 -69.96063387807908,41.89185601742497,0.0 -69.96043260194595,41.891794584469615,0.0 -69.96025739257911,41.89174572653678,0.0 -69.96012019002102,41.891712773356616,0.0 -69.96003034422746,41.891697970782815,0.0 -69.95999397792961,41.89170232770157,0.0</coordinates>
                        </LinearRing>
                    </outerBoundaryIs>
                </Polygon>
            </Placemark>
            <Placemark id="833">
                <name>07-23 02:25 EL=9 RH=18.865</name>
                <styleUrl>#838</styleUrl>
                <Polygon id="832">
                    <outerBoundaryIs>
                        <LinearRing id="836">
                            <coordinates>-69.96163175953889,41.89225438606117,0.0 -69.96163710111612,41.892268511068266,0.0 -69.96166520423924,41.89228946833188,0.0 -69.9617141537557,41.89231582963356,0.0 -69.96178061387016,41.89234579847027,0.0 -69.96186005546454,41.89237733248954,0.0 -69.9619470647421,41.89240828267931,0.0 -69.9620357121644,41.89243653982515,0.0 -69.96211995653938,41.89246017825231,0.0 -69.96219405672329,41.892477587056675,0.0 -69.9622529628777,41.892487579880864,0.0 -69.96229266061668,41.892489475756214,0.0 -69.96231044458825,41.89248314550269,0.0 -69.96230510284417,41.892469020526796,0.0 -69.9622769994321,41.892448063419174,0.0 -69.96222804958202,41.89242170235652,0.0 -69.96216158917865,41.892391733777785,0.0 -69.9620821474175,41.89236019996634,0.0 -69.96199513813998,41.89232924987851,0.0 -69.96190649088454,41.89230099270149,0.0 -69.9618222467985,41.892277354118306,0.0 -69.96174814694821,41.892259945074926,0.0 -69.96168924108271,41.89224995199276,0.0 -69.9616495435105,41.892248055909604,0.0 -69.96163175953889,41.89225438606117,0.0</coordinates>
                        </LinearRing>
                    </outerBoundaryIs>
                </Polygon>
            </Placemark>
            <Placemark id="842">
                <name>07-23 02:25 EL=13 RH=18.865</name>
                <styleUrl>#847</styleUrl>
                <Polygon id="841">
                    <outerBoundaryIs>
                        <LinearRing id="845">
                            <coordinates>-69.96220795957355,41.892448601984114,0.0 -69.96220947351034,41.89245936500638,0.0 -69.96222426284446,41.89247390392186,0.0 -69.96225131971795,41.8924912279227,0.0 -69.96228880026136,41.89251015639907,0.0 -69.9623341502472,41.89252939939785,0.0 -69.96238427915374,41.89254764553318,0.0 -69.96243577077769,41.89256365135719,0.0 -69.96248511604311,41.89257632609992,0.0 -69.96252895214094,41.89258480600341,0.0 -69.96256429170184,41.89258851318408,0.0 -69.9625887263835,41.892587195012375,0.0 -69.9626005909979,41.89258094132684,0.0 -69.96259907699232,41.89257017830972,0.0 -69.9625842875506,41.89255563944233,0.0 -69.9625572305595,41.89253831551964,0.0 -69.96251974992002,41.89251938713055,0.0 -69.96247439988538,41.89250014420481,0.0 -69.96242427099038,41.89248189810866,0.0 -69.96237277943521,41.89246589227952,0.0 -69.96232343427741,41.89245321748868,0.0 -69.96227959829716,41.89244473750704,0.0 -69.96224425883234,41.89244103023909,0.0 -69.96221982419948,41.892442348337774,0.0 -69.96220795957355,41.892448601984114,0.0</coordinates>
                        </LinearRing>
                    </outerBoundaryIs>
                </Polygon>
            </Placemark>
            <Placemark id="851">
                <name>07-24 02:21 EL=5 RH=18.594</name>
                <styleUrl>#856</styleUrl>
                <Polygon id="850">
                    <outerBoundaryIs>
                        <LinearRing id="854">
                            <coordinates>-69.96003326153071,41.89171659952353,0.0 -69.96005272659829,41.891739651348594,0.0 -69.96012643981561,41.89177984823446,0.0 -69.96024937789755,41.89183445073277,0.0 -69.96041316300065,41.8918997376327,0.0 -69.9606066336101,41.891971259592985,0.0 -69.9608166051331,41.89204414239659,0.0 -69.96102876837782,41.892113419151,0.0 -69.96122866469562,41.89217436878703,0.0 -69.96140267133396,41.89222283778475,0.0 -69.96153892984434,41.89225552320286,0.0 -69.96162815426517,41.89227019773107,0.0 -69.9616642639901,41.892265861438155,0.0 -69.96164479818057,41.89224280988523,0.0 -69.96157108347349,41.89220261397034,0.0 -69.96144814355313,41.89214801288167,0.0 -69.96128435675556,41.89208272745233,0.0 -69.96109088504964,41.892011206629554,0.0 -69.96088091332194,41.89193832432558,0.0 -69.96066875081917,41.89186904729905,0.0 -69.96046885599114,41.891808096692024,0.0 -69.96029485119121,41.891759626284674,0.0 -69.96015859437529,41.89172693939596,0.0 -69.96006937105093,41.891712263730234,0.0 -69.96003326153071,41.89171659952353,0.0</coordinates>
                        </LinearRing>
                    </outerBoundaryIs>
                </Polygon>
            </Placemark>
            <Placemark id="860">
                <name>07-24 02:21 EL=9 RH=18.594</name>
                <styleUrl>#865</styleUrl>
                <Polygon id="859">
                    <outerBoundaryIs>
                        <LinearRing id="863">
                            <coordinates>-69.96165271253447,41.89226197144517,0.0 -69.96165802280093,41.89227599487198,0.0 -69.96168593633132,41.892296796211475,0.0 -69.96173455089313,41.89232295787135,0.0 -69.96180055351715,41.8923526969542,0.0 -69.96187944626206,41.892383986765246,0.0 -69.96196585273407,41.892414694935106,0.0 -69.9620538844749,41.89244272874271,0.0 -69.96213754225046,41.892466177733446,0.0 -69.96221112489313,41.89248344391276,0.0 -69.9622696178346,41.8924933506426,0.0 -69.96230903484911,41.89249522282111,0.0 -69.96232668971588,41.8924889328829,0.0 -69.96232137928492,41.892474909486886,0.0 -69.96229346546974,41.89245410830129,0.0 -69.9622448505792,41.892427946877135,0.0 -69.96217884767057,41.892398208048675,0.0 -69.96209995476143,41.892366918442555,0.0 -69.96201354828958,41.89233621037322,0.0 -69.96192551671325,41.89230817653482,0.0 -69.96184185922247,41.8922847273902,0.0 -69.96176827690853,41.89226746097516,0.0 -69.96170978425168,41.892257553990916,0.0 -69.9616703674014,41.89225568160749,0.0 -69.96165271253447,41.89226197144517,0.0</coordinates>
                        </LinearRing>
                    </outerBoundaryIs>
                </Polygon>
            </Placemark>
            <Placemark id="869">
                <name>07-24 02:21 EL=13 RH=18.594</name>
                <styleUrl>#874</styleUrl>
                <Polygon id="868">
                    <outerBoundaryIs>
                        <LinearRing id="872">
                            <coordinates>-69.96222208929342,41.8924537091134,0.0 -69.96222359745173,41.892464395021186,0.0 -69.9622382881341,41.89247882647935,0.0 -69.96226516020545,41.89249602000316,0.0 -69.96230238239005,41.89251480387464,0.0 -69.962347418067,41.89253389799541,0.0 -69.96239719813416,41.892552001125516,0.0 -69.96244833016105,41.89256787956268,0.0 -69.96249732957779,41.89258045121816,0.0 -69.96254085714449,41.892588859359165,0.0 -69.96257594651784,41.89259253099246,0.0 -69.96260020640558,41.8925912159109,0.0 -69.96261198353166,41.892585003742326,0.0 -69.96261047530554,41.89257431783963,0.0 -69.96259578451709,41.8925598864289,0.0 -69.9625689123299,41.892542692982175,0.0 -69.96253169005067,41.89252390919675,0.0 -69.96248665432566,41.892504815147966,0.0 -69.96243687426993,41.892486712056495,0.0 -69.96238574231086,41.89247083361425,0.0 -69.96233674300017,41.89245826191134,0.0 -69.96229321554934,41.892449853693265,0.0 -69.96225812627063,41.89244618197391,0.0 -69.96223386643092,41.892447496983465,0.0 -69.96222208929342,41.8924537091134,0.0</coordinates>
                        </LinearRing>
                    </outerBoundaryIs>
                </Polygon>
            </Placemark>
            <Placemark id="878">
                <name>07-25 02:17 EL=5 RH=18.105</name>
                <styleUrl>#883</styleUrl>
                <Polygon id="877">
                    <outerBoundaryIs>
                        <LinearRing id="881">
                            <coordinates>-69.96010469115684,41.891741662248876,0.0 -69.9601239166632,41.89176441268924,0.0 -69.96019670082002,41.891804073806725,0.0 -69.96031808365224,41.89185794266711,0.0 -69.9604797932993,41.891922348059346,0.0 -69.96067080968086,41.89199290071915,0.0 -69.9608781154528,41.892064792488625,0.0 -69.96108758308927,41.89213312401382,0.0 -69.96128493764475,41.89219323864073,0.0 -69.96145672958747,41.89224103975143,0.0 -69.96159125140157,41.892273269916515,0.0 -69.9616793354829,41.89228773284667,0.0 -69.96171497894022,41.89228344302789,0.0 -69.96169575271095,41.89226069285289,0.0 -69.96162296710305,41.892221032681974,0.0 -69.96150158248038,41.89216716519568,0.0 -69.96133987118326,41.892102761236906,0.0 -69.96114885373417,41.89203220968582,0.0 -69.96094154776324,41.89196031840328,0.0 -69.9607320808497,41.8918919866127,0.0 -69.9605347277453,41.89183187103925,0.0 -69.96036293759302,41.891784068554436,0.0 -69.96022841742897,41.891751836955905,0.0 -69.96014033441519,41.89173737291701,0.0 -69.96010469115684,41.891741662248876,0.0</coordinates>
                        </LinearRing>
                    </outerBoundaryIs>
                </Polygon>
            </Placemark>
            <Placemark id="887">
                <name>07-25 02:17 EL=9 RH=18.105</name>
                <styleUrl>#892</styleUrl>
                <Polygon id="886">
                    <outerBoundaryIs>
                        <LinearRing id="890">
                            <coordinates>-69.96169078933362,41.89227530467737,0.0 -69.9616960369459,41.89228914411833,0.0 -69.96172359661294,41.89230966740135,0.0 -69.96177159021671,41.89233547588366,0.0 -69.9618367471044,41.892364810736886,0.0 -69.96191462696945,41.89239567281449,0.0 -69.96199992244372,41.89242595889694,0.0 -69.9620868207816,41.89245360502799,0.0 -69.96216939998894,41.89247672717248,0.0 -69.96224203240152,41.89249374960947,0.0 -69.96229976820848,41.89250351231097,0.0 -69.96233867278232,41.892505349989754,0.0 -69.96235609482466,41.892499137431,0.0 -69.96235084705212,41.89248529802009,0.0 -69.96232328710775,41.892464774887046,0.0 -69.96227529318391,41.89243896663445,0.0 -69.96221013601918,41.89240963202911,0.0 -69.96213225599433,41.89237877015116,0.0 -69.96204696052031,41.89234848416663,0.0 -69.96196006234271,41.89232083800553,0.0 -69.96187748341269,41.892297715711074,0.0 -69.96180485132018,41.89228069304436,0.0 -69.96174711579026,41.89227093009498,0.0 -69.96170821137622,41.892269092216544,0.0 -69.96169078933362,41.89227530467737,0.0</coordinates>
                        </LinearRing>
                    </outerBoundaryIs>
                </Polygon>
            </Placemark>
            <Placemark id="896">
                <name>07-25 02:17 EL=13 RH=18.105</name>
                <styleUrl>#901</styleUrl>
                <Polygon id="895">
                    <outerBoundaryIs>
                        <LinearRing id="899">
                            <coordinates>-69.96224775927405,41.892462689814586,0.0 -69.96224925264448,41.89247323548641,0.0 -69.96226375775298,41.89248747430631,0.0 -69.96229028611067,41.892504435917616,0.0 -69.96232702986511,41.89252296440704,0.0 -69.96237148499934,41.89254179708028,0.0 -69.9624206219741,41.89255965051477,0.0 -69.96247109218466,41.89257530802469,0.0 -69.96251945616297,41.89258770257711,0.0 -69.96256241797349,41.892595989508386,0.0 -69.96259704982859,41.89259960408535,0.0 -69.96262099161537,41.89259829998894,0.0 -69.96263261173596,41.89259216609814,0.0 -69.96263111829946,41.89258162043129,0.0 -69.96261661308769,41.89256738165762,0.0 -69.96259008461719,41.89255042012142,0.0 -69.96255334077065,41.892531891715855,0.0 -69.9625088855897,41.892513059112744,0.0 -69.9624597486261,41.89249520571588,0.0 -69.96240927848162,41.892479548200996,0.0 -69.96236091460659,41.892467153602354,0.0 -69.96231795290886,41.892458866595966,0.0 -69.96228332114586,41.89245525193515,0.0 -69.96225937940581,41.89245655596143,0.0 -69.96224775927405,41.892462689814586,0.0</coordinates>
                        </LinearRing>
                    </outerBoundaryIs>
                </Polygon>
            </Placemark>
            <Placemark id="905">
                <name>07-26 02:13 EL=5 RH=18.084</name>
                <styleUrl>#910</styleUrl>
                <Polygon id="904">
                    <outerBoundaryIs>
                        <LinearRing id="908">
                            <coordinates>-69.96010727702719,41.89174353832404,0.0 -69.96012650236938,41.89176627095816,0.0 -69.96019926412542,41.89180589083487,0.0 -69.96032060384663,41.891859697830625,0.0 -69.96048225261009,41.8919240249504,0.0 -69.96067319448426,41.8919944882642,0.0 -69.9608804172024,41.892066285702974,0.0 -69.96108979889853,41.89213452434132,0.0 -69.96128707048392,41.89219455385532,0.0 -69.96145878808133,41.89224228342727,0.0 -69.96159324924169,41.8922744605029,0.0 -69.96168129049458,41.89228889241074,0.0 -69.96171691186768,41.89228459575084,0.0 -69.96169768580347,41.89226186338199,0.0 -69.9616249225986,41.89222224445112,0.0 -69.96150358108997,41.892168438828385,0.0 -69.96134193067941,41.892104113140896,0.0 -69.96115098773983,41.892033650934835,0.0 -69.96094376482344,41.89196185398248,0.0 -69.96073438384933,41.891893615078864,0.0 -69.96053711371276,41.891833584619015,0.0 -69.96036539790279,41.891785853674044,0.0 -69.96023093838951,41.89175367516615,0.0 -69.96014289820204,41.89173924215055,0.0 -69.96010727702719,41.89174353832404,0.0</coordinates>
                        </LinearRing>
                    </outerBoundaryIs>
                </Polygon>
            </Placemark>
            <Placemark id="914">
                <name>07-26 02:13 EL=9 RH=18.084</name>
                <styleUrl>#919</styleUrl>
                <Polygon id="913">
                    <outerBoundaryIs>
                        <LinearRing id="917">
                            <coordinates>-69.96169218005475,41.89227628271892,0.0 -69.96169743115905,41.89229011290033,0.0 -69.96172498471992,41.89231061731542,0.0 -69.96177296303537,41.89233639860722,0.0 -69.96183809649442,41.89236569980037,0.0 -69.9619159463871,41.89239652404225,0.0 -69.96200120738779,41.89242677069178,0.0 -69.96208806910018,41.89245437848,0.0 -69.96217061202609,41.89247746598477,0.0 -69.9622432109739,41.892494459845764,0.0 -69.96230091841335,41.89250420198238,0.0 -69.96233980165017,41.892506028508855,0.0 -69.96235721084014,41.89249981497034,0.0 -69.96235195957573,41.89248598481899,0.0 -69.96232440573795,41.89246548055378,0.0 -69.96227642710296,41.892439699491504,0.0 -69.96221129336739,41.89241039854602,0.0 -69.96213344331527,41.89237957450362,0.0 -69.96204818231496,41.89234932795192,0.0 -69.96196132076267,41.89232172013363,0.0 -69.96187877811367,41.89229863247899,0.0 -69.9618061794854,41.89228163838846,0.0 -69.96174847232248,41.892271896004154,0.0 -69.96170958924509,41.89227006927821,0.0 -69.96169218005475,41.89227628271892,0.0</coordinates>
                        </LinearRing>
                    </outerBoundaryIs>
                </Polygon>
            </Placemark>
            <Placemark id="923">
                <name>07-26 02:13 EL=13 RH=18.084</name>
                <styleUrl>#928</styleUrl>
                <Polygon id="922">
                    <outerBoundaryIs>
                        <LinearRing id="926">
                            <coordinates>-69.9622487005404,41.892463342513885,0.0 -69.96225019799687,41.89247388175014,0.0 -69.96226470146041,41.892488108637345,0.0 -69.96229122255428,41.89250505363201,0.0 -69.962327953921,41.89252356195326,0.0 -69.96237239238783,41.89254237228121,0.0 -69.96242150955132,41.89256020271611,0.0 -69.96247195815685,41.89257583813952,0.0 -69.96252030020874,41.892588213023686,0.0 -69.96256324126571,41.89259648404531,0.0 -69.96259785495445,41.89260008755543,0.0 -69.9626217824001,41.892598777989164,0.0 -69.96263339298213,41.89259264459828,0.0 -69.96263189545965,41.89258210536699,0.0 -69.96261739189298,41.89256787852599,0.0 -69.9625908706865,41.89255093360637,0.0 -69.96255413922785,41.8925324253689,0.0 -69.96250970071442,41.892513615111014,0.0 -69.96246058356212,41.892495784713695,0.0 -69.96241013502261,41.892480149285305,0.0 -69.96236179307385,41.89246777435494,0.0 -69.9623188521295,41.89245950325827,0.0 -69.96228423853267,41.89245589966438,0.0 -69.96226031113363,41.89245720916057,0.0 -69.9622487005404,41.892463342513885,0.0</coordinates>
                        </LinearRing>
                    </outerBoundaryIs>
                </Polygon>
            </Placemark>
        </Folder>
        <Folder id="931">
            <Style id="938">
                <LineStyle id="940">
                    <color>ff00a5ff</color>
                    <colorMode>normal</colorMode>
                    <width>2</width>
                </LineStyle>
                <PolyStyle id="939">
                    <color>5000a5ff</color>
                    <colorMode>normal</colorMode>
                    <fill>1</fill>
                    <outline>1</outline>
                </PolyStyle>
            </Style>
            <Style id="947">
                <LineStyle id="949">
                    <color>ff00a5ff</color>
                    <colorMode>normal</colorMode>
                    <width>2</width>
                </LineStyle>
                <PolyStyle id="948">
                    <color>5000a5ff</color>
                    <colorMode>normal</colorMode>
                    <fill>1</fill>
                    <outline>1</outline>
                </PolyStyle>
            </Style>
            <Style id="956">
                <LineStyle id="958">
                    <color>ff00a5ff</color>
                    <colorMode>normal</colorMode>
                    <width>2</width>
                </LineStyle>
                <PolyStyle id="957">
                    <color>5000a5ff</color>
                    <colorMode>normal</colorMode>
                    <fill>1</fill>
                    <outline>1</outline>
                </PolyStyle>
            </Style>
            <Style id="965">
                <LineStyle id="967">
                    <color>ff00a5ff</color>
                    <colorMode>normal</colorMode>
                    <width>2</width>
                </LineStyle>
                <PolyStyle id="966">
                    <color>5000a5ff</color>
                    <colorMode>normal</colorMode>
                    <fill>1</fill>
                    <outline>1</outline>
                </PolyStyle>
            </Style>
            <Style id="974">
                <LineStyle id="976">
                    <color>ff00a5ff</color>
                    <colorMode>normal</colorMode>
                    <width>2</width>
                </LineStyle>
                <PolyStyle id="975">
                    <color>5000a5ff</color>
                    <colorMode>normal</colorMode>
                    <fill>1</fill>
                    <outline>1</outline>
                </PolyStyle>
            </Style>
            <Style id="983">
                <LineStyle id="985">
                    <color>ff00a5ff</color>
                    <colorMode>normal</colorMode>
                    <width>2</width>
                </LineStyle>
                <PolyStyle id="984">
                    <color>5000a5ff</color>
                    <colorMode>normal</colorMode>
                    <fill>1</fill>
                    <outline>1</outline>
                </PolyStyle>
            </Style>
            <Style id="992">
                <LineStyle id="994">
                    <color>ff00a5ff</color>
                    <colorMode>normal</colorMode>
                    <width>2</width>
                </LineStyle>
                <PolyStyle id="993">
                    <color>5000a5ff</color>
                    <colorMode>normal</colorMode>
                    <fill>1</fill>
                    <outline>1</outline>
                </PolyStyle>
            </Style>
            <Style id="1001">
                <LineStyle id="1003">
                    <color>ff00a5ff</color>
                    <colorMode>normal</colorMode>
                    <width>2</width>
                </LineStyle>
                <PolyStyle id="1002">
                    <color>5000a5ff</color>
                    <colorMode>normal</colorMode>
                    <fill>1</fill>
                    <outline>1</outline>
                </PolyStyle>
            </Style>
            <Style id="1010">
                <LineStyle id="1012">
                    <color>ff00a5ff</color>
                    <colorMode>normal</colorMode>
                    <width>2</width>
                </LineStyle>
                <PolyStyle id="1011">
                    <color>5000a5ff</color>
                    <colorMode>normal</colorMode>
                    <fill>1</fill>
                    <outline>1</outline>
                </PolyStyle>
            </Style>
            <name>10 SAT 6 FREQ 1 C_TIDE_RESPONSIVE_GEOMETRY_UNCONFIRMED</name>
            <Placemark id="933">
                <name>07-23 14:36 EL=5 RH=18.795</name>
                <styleUrl>#938</styleUrl>
                <Polygon id="932">
                    <outerBoundaryIs>
                        <LinearRing id="936">
                            <coordinates>-69.96001031411059,41.89169588492547,0.0 -69.96002974509331,41.891719120814074,0.0 -69.9601036067656,41.891759768525965,0.0 -69.96022686572775,41.89181505788921,0.0 -69.96039112227203,41.891881220883405,0.0 -69.96058518275892,41.89195374846191,0.0 -69.96079582239881,41.89202769787563,0.0 -69.96100868646963,41.892098029543874,0.0 -69.96120926856175,41.89215995050693,0.0 -69.96138389918586,41.89220924105098,0.0 -69.96152067736665,41.892242542248624,0.0 -69.96161028172466,41.89225758482617,0.0 -69.96164660575907,41.892253343771294,0.0 -69.96162717402566,41.89223010815525,0.0 -69.96155331083997,41.89218946141963,0.0 -69.96143005000721,41.89213417347478,0.0 -69.96126579173631,41.89206801196105,0.0 -69.96107173012948,41.89199548552838,0.0 -69.9608610902764,41.891921536618845,0.0 -69.96064822695624,41.89185120467804,0.0 -69.96044764637753,41.89178928273873,0.0 -69.96027301762405,41.89173999077629,0.0 -69.96013624116985,41.89170668809817,0.0 -69.9600466379318,41.89169164437478,0.0 -69.96001031411059,41.89169588492547,0.0</coordinates>
                        </LinearRing>
                    </outerBoundaryIs>
                </Polygon>
            </Placemark>
            <Placemark id="942">
                <name>07-23 14:36 EL=9 RH=18.795</name>
                <styleUrl>#947</styleUrl>
                <Polygon id="941">
                    <outerBoundaryIs>
                        <LinearRing id="945">
                            <coordinates>-69.96164031542956,41.89225120081801,0.0 -69.96164557117255,41.892265315829924,0.0 -69.96167350990466,41.89228631844765,0.0 -69.9617222276763,41.89231277736207,0.0 -69.96178840448526,41.8923428894182,0.0 -69.96186753052037,41.89237460250358,0.0 -69.9619542134899,41.8924057554032,0.0 -69.96204254609287,41.89243422508831,0.0 -69.96212650859178,41.89245807139997,0.0 -69.96220037905219,41.89247566926687,0.0 -69.96225912329093,41.89248581944718,0.0 -69.9622987379562,41.89248783024848,0.0 -69.9623165233572,41.89248156465859,0.0 -69.96231126744814,41.89246744967726,0.0 -69.9622833284271,41.8924464472141,0.0 -69.96223461032109,41.89241998853683,0.0 -69.9621684332219,41.89238987673688,0.0 -69.96208930701847,41.89235816385805,0.0 -69.96200262404764,41.89232701106001,0.0 -69.96191429161073,41.8922985413443,0.0 -69.96183032940075,41.892274694878076,0.0 -69.96175645927471,41.892257096774024,0.0 -69.96169771532621,41.89224694633754,0.0 -69.96165810082927,41.89224493532971,0.0 -69.96164031542956,41.89225120081801,0.0</coordinates>
                        </LinearRing>
                    </outerBoundaryIs>
                </Polygon>
            </Placemark>
            <Placemark id="951">
                <name>07-23 14:36 EL=13 RH=18.795</name>
                <styleUrl>#956</styleUrl>
                <Polygon id="950">
                    <outerBoundaryIs>
                        <LinearRing id="954">
                            <coordinates>-69.96221368170292,41.892446529942056,0.0 -69.96221513491419,41.89245727762806,0.0 -69.9622298187124,41.89247183383893,0.0 -69.96225673243168,41.89248920658817,0.0 -69.96229404195833,41.89250821194395,0.0 -69.9623392047194,41.89252755471395,0.0 -69.9623891429523,41.89254591671316,0.0 -69.9624404534479,41.89256204659774,0.0 -69.96248963947387,41.89257484514324,0.0 -69.96253334907311,41.89258344015465,0.0 -69.96256860349688,41.892587245903904,0.0 -69.96259300020482,41.89258600304416,0.0 -69.96260487659666,41.89257979628146,0.0 -69.96260342331702,41.892569048600386,0.0 -69.96258873941133,41.892554492437114,0.0 -69.96256182557423,41.89253711976539,0.0 -69.96252451595102,41.89251811449628,0.0 -69.96247935314051,41.892498771798884,0.0 -69.96242941491853,41.89248040983876,0.0 -69.96237810449131,41.892464279949266,0.0 -69.96232891857281,41.89245148135619,0.0 -69.96228520909139,41.89244288626725,0.0 -69.96224995476418,41.892439080431316,0.0 -69.96222555810569,41.89244032321846,0.0 -69.96221368170292,41.892446529942056,0.0</coordinates>
                        </LinearRing>
                    </outerBoundaryIs>
                </Polygon>
            </Placemark>
            <Placemark id="960">
                <name>07-24 14:32 EL=5 RH=18.720</name>
                <styleUrl>#965</styleUrl>
                <Polygon id="959">
                    <outerBoundaryIs>
                        <LinearRing id="963">
                            <coordinates>-69.96002183611215,41.89169877287157,0.0 -69.96004121851281,41.89172196870026,0.0 -69.96011491781802,41.89176255666942,0.0 -69.9602379116926,41.89181777067893,0.0 -69.96040181849348,41.89188384784418,0.0 -69.96059546841502,41.89195628496829,0.0 -69.96080566464661,41.89203014546694,0.0 -69.96101808268371,41.89210039581906,0.0 -69.96121824651341,41.89216224860633,0.0 -69.96139251515085,41.89221148876066,0.0 -69.9615290122901,41.89224476078795,0.0 -69.96161843570478,41.89225979740187,0.0 -69.96165469122542,41.89225557399598,0.0 -69.96163530807692,41.89223237843861,0.0 -69.96156160726353,41.89219179144154,0.0 -69.96143861152457,41.89213657884444,0.0 -69.96127470300264,41.89207050315346,0.0 -69.96108105196456,41.891998067170455,0.0 -69.96087085552008,41.89192420717397,0.0 -69.96065843823082,41.89185395655055,0.0 -69.96045827590929,41.891792102791186,0.0 -69.96028400913625,41.89174286122446,0.0 -69.96014751371804,41.89170958772287,0.0 -69.96005809141991,41.891694549967866,0.0 -69.96002183611215,41.89169877287157,0.0</coordinates>
                        </LinearRing>
                    </outerBoundaryIs>
                </Polygon>
            </Placemark>
            <Placemark id="969">
                <name>07-24 14:32 EL=9 RH=18.720</name>
                <styleUrl>#974</styleUrl>
                <Polygon id="968">
                    <outerBoundaryIs>
                        <LinearRing id="972">
                            <coordinates>-69.96164644395185,41.89225276177067,0.0 -69.9616516827607,41.892266850403175,0.0 -69.96167955675449,41.89228781898565,0.0 -69.96172816639539,41.89231423852847,0.0 -69.96179419904998,41.892344308559885,0.0 -69.96187315473088,41.89237597983145,0.0 -69.96195965275568,41.89240709397778,0.0 -69.9620477984271,41.89243553061115,0.0 -69.96213158474673,41.892459351825,0.0 -69.96220530178664,41.89247693425836,0.0 -69.96226392581906,41.89248707972106,0.0 -69.96230346168417,41.89248909684201,0.0 -69.96232121506135,41.89248284817835,0.0 -69.96231597608711,41.892468759576275,0.0 -69.96228810180544,41.8924477911477,0.0 -69.96223949183131,41.89242137184101,0.0 -69.96217345888742,41.89239130206468,0.0 -69.96209450303867,41.892359630998826,0.0 -69.96200800501245,41.89232851695368,0.0 -69.96191985950644,41.89230008028988,0.0 -69.96183607347469,41.89227625892213,0.0 -69.96176235676802,41.89225867625264,0.0 -69.96170373302489,41.89224853053488,0.0 -69.96166419732761,41.89224651320821,0.0 -69.96164644395185,41.89225276177067,0.0</coordinates>
                        </LinearRing>
                    </outerBoundaryIs>
                </Polygon>
            </Placemark>
            <Placemark id="978">
                <name>07-24 14:32 EL=13 RH=18.720</name>
                <styleUrl>#983</styleUrl>
                <Polygon id="977">
                    <outerBoundaryIs>
                        <LinearRing id="981">
                            <coordinates>-69.96221780934344,41.89244758880768,0.0 -69.96221925465542,41.89245831564358,0.0 -69.96223390264171,41.89247284691304,0.0 -69.96226075507694,41.89249019232936,0.0 -69.96229798202376,41.89250916982338,0.0 -69.96234304653686,41.892528486101554,0.0 -69.96239287754909,41.892546824784304,0.0 -69.96244407915825,41.892562936116775,0.0 -69.96249316205244,41.89257572213877,0.0 -69.96253678130287,41.89258431150878,0.0 -69.96257196431799,41.892588118883126,0.0 -69.96259631342382,41.89258688480415,0.0 -69.96260816926412,41.89258069337954,0.0 -69.96260672388405,41.892569966548535,0.0 -69.96259207579067,41.892555435326436,0.0 -69.96256522323804,41.892538089987305,0.0 -69.96252799619498,41.892519112579606,0.0 -69.96248293163255,41.89249979637371,0.0 -69.96243310063115,41.8924814577299,0.0 -69.96238189909009,41.89246534639255,0.0 -69.96233281630298,41.892452560323164,0.0 -69.96228919716994,41.89244397087598,0.0 -69.96225401425109,41.89244016341533,0.0 -69.96222966519457,41.892441397422004,0.0 -69.96221780934344,41.89244758880768,0.0</coordinates>
                        </LinearRing>
                    </outerBoundaryIs>
                </Polygon>
            </Placemark>
            <Placemark id="987">
                <name>07-25 14:28 EL=5 RH=18.435</name>
                <styleUrl>#992</styleUrl>
                <Polygon id="986">
                    <outerBoundaryIs>
                        <LinearRing id="990">
                            <coordinates>-69.96006415780839,41.891712180362006,0.0 -69.96008338553469,41.8917352089739,0.0 -69.9601565188371,41.891775514594585,0.0 -69.96027857395043,41.89183035036697,0.0 -69.960441233204,41.89189597918483,0.0 -69.960633411808,41.89196792840763,0.0 -69.96084201321814,41.89204129470245,0.0 -69.96105282161406,41.892111078228126,0.0 -69.96125147067833,41.89217252337938,0.0 -69.96142442265702,41.89222144286634,0.0 -69.96155989097497,41.89225450304577,0.0 -69.9616486435207,41.892269451066156,0.0 -69.96168463184492,41.89226526835687,0.0 -69.96166540338179,41.892242240012074,0.0 -69.9615922685929,41.892201935348716,0.0 -69.96147021164175,41.89214710096737,0.0 -69.96130755069147,41.89208147360153,0.0 -69.96111537098649,41.89200952550268,0.0 -69.96090676936613,41.89193615970255,0.0 -69.96069596170706,41.891866375909785,0.0 -69.96049731412927,41.89180492980119,0.0 -69.9603243639884,41.8917560089232,0.0 -69.96018889736715,41.89172294729173,0.0 -69.96010014592238,41.89170799814742,0.0 -69.96006415780839,41.891712180362006,0.0</coordinates>
                        </LinearRing>
                    </outerBoundaryIs>
                </Polygon>
            </Placemark>
            <Placemark id="996">
                <name>07-25 14:28 EL=9 RH=18.435</name>
                <styleUrl>#1001</styleUrl>
                <Polygon id="995">
                    <outerBoundaryIs>
                        <LinearRing id="999">
                            <coordinates>-69.96166898725183,41.89225992881686,0.0 -69.96167418011973,41.892273912869484,0.0 -69.96170183478559,41.89229473097603,0.0 -69.96175006665797,41.89232096440182,0.0 -69.96181558884729,41.89235082535899,0.0 -69.9618939361531,41.89238227884755,0.0 -69.96197976935255,41.89241318134404,0.0 -69.96206723905506,41.8924414268844,0.0 -69.96215038432871,41.89246509058472,0.0 -69.96222353893215,41.89248255981811,0.0 -69.96228171746723,41.892492644108366,0.0 -69.96232095513447,41.89249465625288,0.0 -69.96233857793514,41.89248845914757,0.0 -69.96233338490434,41.892474475124885,0.0 -69.96230572995482,41.892453657169845,0.0 -69.96225749775404,41.89242742397657,0.0 -69.96219197527955,41.8923975632706,0.0 -69.96211362780822,41.8923661099846,0.0 -69.96202779460727,41.89233520758779,0.0 -69.96194032506764,41.8923069620175,0.0 -69.96185718007766,41.89228329816565,0.0 -69.96178402580264,41.89226582869977,0.0 -69.96172584755271,41.89225574415831,0.0 -69.96168661005099,41.89225373181122,0.0 -69.96166898725183,41.89225992881686,0.0</coordinates>
                        </LinearRing>
                    </outerBoundaryIs>
                </Polygon>
            </Placemark>
            <Placemark id="1005">
                <name>07-25 14:28 EL=13 RH=18.435</name>
                <styleUrl>#1010</styleUrl>
                <Polygon id="1004">
                    <outerBoundaryIs>
                        <LinearRing id="1008">
                            <coordinates>-69.96223300225748,41.892452426688536,0.0 -69.96223443165964,41.89246307284769,0.0 -69.96224896221135,41.89247749809806,0.0 -69.96227560369007,41.89249471937805,0.0 -69.9623125405346,41.89251356307828,0.0 -69.96235725556951,41.892532745023246,0.0 -69.96240670154393,41.892550957987964,0.0 -69.96245750879535,41.89256696078516,0.0 -69.96250621488684,41.892579662851126,0.0 -69.96254950056824,41.89258819856573,0.0 -69.96258441598033,41.89259198624172,0.0 -69.96260858168598,41.89259076776371,0.0 -69.96262035082745,41.89258462617608,0.0 -69.96261892135824,41.89257398002172,0.0 -69.96260439070103,41.89255955481798,0.0 -69.96257774910663,41.892542333613974,0.0 -69.96254081216722,41.89252348999872,0.0 -69.96249609708366,41.89250430812496,0.0 -69.96244665111986,41.892486095198606,0.0 -69.96239584393548,41.89247009239663,0.0 -69.9623471379495,41.892457390284015,0.0 -69.96230385238378,41.89244885449341,0.0 -69.96226893706658,41.892445066732456,0.0 -69.96224477140957,41.892446285139265,0.0 -69.96223300225748,41.892452426688536,0.0</coordinates>
                        </LinearRing>
                    </outerBoundaryIs>
                </Polygon>
            </Placemark>
        </Folder>
    </Document>
</kml>
