<?xml version="1.0" encoding="UTF-8"?>
<kml xmlns="http://www.opengis.net/kml/2.2" xmlns:gx="http://www.google.com/kml/ext/2.2">
    <Document id="1">
        <Style id="682">
            <IconStyle id="683">
                <colorMode>normal</colorMode>
                <scale>1</scale>
                <heading>0</heading>
                <Icon id="684">
                    <href>http://maps.google.com/mapfiles/kml/shapes/placemark_circle.png</href>
                </Icon>
            </IconStyle>
        </Style>
        <Style id="687">
            <LineStyle id="688">
                <color>ffffffff</color>
                <colorMode>normal</colorMode>
                <width>5</width>
            </LineStyle>
        </Style>
        <Folder id="11">
            <Style id="2">
                <LineStyle id="3">
                    <color>ff0000ff</color>
                    <colorMode>normal</colorMode>
                    <width>2</width>
                </LineStyle>
                <PolyStyle id="4">
                    <color>230000ff</color>
                    <colorMode>normal</colorMode>
                    <fill>1</fill>
                    <outline>1</outline>
                </PolyStyle>
            </Style>
            <name>RH = 2.12m (low_tide_max_reach_RH2.12m)</name>
            <Placemark id="13">
                <name>AZ 353 EL 5.0</name>
                <styleUrl>#2</styleUrl>
                <Polygon id="12">
                    <outerBoundaryIs>
                        <LinearRing id="16">
                            <coordinates>-69.96341741358589,41.893398455573234,0.0 -69.96342350562566,41.89338936208352,0.0 -69.96342640810573,41.893364068529316,0.0 -69.9634259232287,41.893324298624755,0.0 -69.96342208404452,41.8932727626231,0.0 -69.9634151521967,41.89321297261737,0.0 -69.96340560008899,41.893149003197145,0.0 -69.96339407868938,41.893085213772146,0.0 -69.96338137316557,41.89302595148578,0.0 -69.96336834937624,41.892975254964725,0.0 -69.96335589486468,41.89293657909314,0.0 -69.96334485837586,41.89291255956805,0.0 -69.96333599201844,41.89290483328092,0.0 -69.96332990001244,41.89291392676603,0.0 -69.96332699751459,41.8929392203178,0.0 -69.96332748232712,41.89297899022277,0.0 -69.96333132141729,41.89303052622758,0.0 -69.96333825316685,41.89309031623835,0.0 -69.96334780519832,41.89315428566416,0.0 -69.96335932656419,41.89321807509378,0.0 -69.96337203210577,41.89327733738256,0.0 -69.9633850559596,41.8933280339032,0.0 -69.96339751056516,41.89336670977166,0.0 -69.96340854715226,41.89339072929169,0.0 -69.96341741358589,41.893398455573234,0.0</coordinates>
                        </LinearRing>
                    </outerBoundaryIs>
                </Polygon>
            </Placemark>
            <Placemark id="19">
                <name>AZ 358 EL 5.0</name>
                <styleUrl>#2</styleUrl>
                <Polygon id="18">
                    <outerBoundaryIs>
                        <LinearRing id="22">
                            <coordinates>-69.9633498328742,41.89340241480102,0.0 -69.96335696644064,41.89339375115667,0.0 -69.96336281936317,41.89336874216176,0.0 -69.96336699277235,41.893329092138174,0.0 -69.963369202258,41.893277503169685,0.0 -69.9633692972511,41.89321749095936,0.0 -69.96336727128389,41.89315314524017,0.0 -69.96336326242889,41.893088851066416,0.0 -69.963357543888,41.89302898997961,0.0 -69.9633505053728,41.89297764141367,0.0 -69.9633426265457,41.89293830468833,0.0 -69.96333444433193,41.89291366053629,0.0 -69.96332651633006,41.892905388415755,0.0 -69.96331938281403,41.892914052058224,0.0 -69.96331352991616,41.89293906105093,0.0 -69.96330935649928,41.892978711072566,0.0 -69.96330714697564,41.89303030003992,0.0 -69.9633070519244,41.893090312250195,0.0 -69.96330907782898,41.89315465797044,0.0 -69.96331308663356,41.893218952146086,0.0 -69.96331880514978,41.893278813235085,0.0 -69.96332584367269,41.893330161802965,0.0 -69.9633337225378,41.89336949852947,0.0 -69.96334190480967,41.89339414268156,0.0 -69.9633498328742,41.89340241480102,0.0</coordinates>
                        </LinearRing>
                    </outerBoundaryIs>
                </Polygon>
            </Placemark>
            <Placemark id="25">
                <name>AZ 3 EL 5.0</name>
                <styleUrl>#2</styleUrl>
                <Polygon id="24">
                    <outerBoundaryIs>
                        <LinearRing id="28">
                            <coordinates>-69.96328204576517,41.893401974439804,0.0 -69.96329016656615,41.89339380657759,0.0 -69.96329892538603,41.893369272478864,0.0 -69.96330772531908,41.893330044101816,0.0 -69.96331596665947,41.89327879479558,0.0 -69.96332308777156,41.89321901711586,0.0 -69.96332860336496,41.893154784812985,0.0 -69.96333213756579,41.8930904752125,0.0 -69.96333344953065,41.89303047090759,0.0 -69.96333244985794,41.89297886109254,0.0 -69.96332920667865,41.89293916289091,0.0 -69.96332394101196,41.89291408166936,0.0 -69.96331701170277,41.89290532667143,0.0 -69.96330889096733,41.892913494535534,0.0 -69.96330013221377,41.89293802863503,0.0 -69.96329133233007,41.89297725701149,0.0 -69.96328309100882,41.893028506315964,0.0 -69.96327596988054,41.89308828399322,0.0 -69.96327045423996,41.89315251629358,0.0 -69.96326691997359,41.89321682589217,0.0 -69.96326560794239,41.89327683019633,0.0 -69.96326660756576,41.89332844001195,0.0 -69.96326985072591,41.89336813821535,0.0 -69.96327511640878,41.89339321943937,0.0 -69.96328204576517,41.893401974439804,0.0</coordinates>
                        </LinearRing>
                    </outerBoundaryIs>
                </Polygon>
            </Placemark>
            <Placemark id="31">
                <name>AZ 8 EL 5.0</name>
                <styleUrl>#2</styleUrl>
                <Polygon id="30">
                    <outerBoundaryIs>
                        <LinearRing id="34">
                            <coordinates>-69.96321456817356,41.89339713784109,0.0 -69.96322361440313,41.893389527924484,0.0 -69.96323521245847,41.89336565544448,0.0 -69.96324857194067,41.89332714727049,0.0 -69.96326278241261,41.893276627670524,0.0 -69.96327687544657,41.89321753947167,0.0 -69.96328989062295,41.893153909437274,0.0 -69.963300940982,41.89309007384951,0.0 -69.96330927346789,41.893030382998845,0.0 -69.96331432024604,41.892978904718746,0.0 -69.96331573739737,41.8929391471694,0.0 -69.96331342835289,41.89291381976219,0.0 -69.96330755047282,41.89290464851787,0.0 -69.96329850432191,41.89291225844108,0.0 -69.96328690637257,41.89293613092746,0.0 -69.96327354699527,41.89297463910586,0.0 -69.96325933659902,41.893025158707175,0.0 -69.96324524359129,41.893084246903875,0.0 -69.96323222838463,41.89314787693324,0.0 -69.9632211779469,41.893211712514415,0.0 -69.96321284535503,41.89327140335871,0.0 -69.96320779847198,41.89332288163436,0.0 -69.96320638124496,41.89336263918239,0.0 -69.9632086902632,41.89338796659173,0.0 -69.96321456817356,41.89339713784109,0.0</coordinates>
                        </LinearRing>
                    </outerBoundaryIs>
                </Polygon>
            </Placemark>
            <Placemark id="37">
                <name>AZ 13 EL 5.0</name>
                <styleUrl>#2</styleUrl>
                <Polygon id="36">
                    <outerBoundaryIs>
                        <LinearRing id="40">
                            <coordinates>-69.96314791365833,41.89338794181533,0.0 -69.9631578164671,41.89338094776134,0.0 -69.9631721654866,41.893357918587114,0.0 -69.96318998284062,41.893320423691364,0.0 -69.96321005429023,41.89327101828799,0.0 -69.96323101198631,41.89321306927278,0.0 -69.96325142768974,41.89315052577526,0.0 -69.96326991010532,41.893087650032086,0.0 -69.9632851996959,41.89302872692243,0.0 -69.96329625451537,41.8929777719603,0.0 -69.96330232121177,41.89293825764345,0.0 -69.96330298636275,41.892912876808076,0.0 -69.96329820464614,41.89290335911624,0.0 -69.96328830192677,41.8929103531823,0.0 -69.9632739530497,41.892933382370984,0.0 -69.96325613585293,41.8929708772797,0.0 -69.96323606453329,41.893020282691104,0.0 -69.96321510690504,41.893078231707236,0.0 -69.96319469118914,41.893140775198304,0.0 -69.96317620868415,41.89320365092942,0.0 -69.96316091895116,41.893262574024625,0.0 -69.96314986397442,41.89331352897378,0.0 -69.96314379714806,41.89335304328261,0.0 -69.96314313192926,41.893378424117074,0.0 -69.96314791365833,41.89338794181533,0.0</coordinates>
                        </LinearRing>
                    </outerBoundaryIs>
                </Polygon>
            </Placemark>
            <Placemark id="43">
                <name>AZ 18 EL 5.0</name>
                <styleUrl>#2</styleUrl>
                <Polygon id="42">
                    <outerBoundaryIs>
                        <LinearRing id="46">
                            <coordinates>-69.9630825895136,41.893374456351665,0.0 -69.96309327353282,41.8933681313901,0.0 -69.9631102643077,41.89334612079041,0.0 -69.96313240392756,41.89330992453611,0.0 -69.96315818359344,41.893262009339665,0.0 -69.9631858464457,41.893205640540714,0.0 -69.96321350729595,41.893144659579086,0.0 -69.96323928110237,41.89308322220719,0.0 -69.9632614114324,41.89302551528222,0.0 -69.96327839015804,41.892975471438206,0.0 -69.96328906022767,41.89293650108293,0.0 -69.96329269451168,41.89291125998347,0.0 -69.96328904535035,41.89290146827972,0.0 -69.96327836142858,41.89290779325944,0.0 -69.96326137082823,41.8929298038839,0.0 -69.96323923141321,41.89296600016296,0.0 -69.9632134519276,41.89301391537753,0.0 -69.96318578918275,41.89307028418311,0.0 -69.96315812833824,41.893131265138095,0.0 -69.96313235443436,41.89319270249184,0.0 -69.96311022392982,41.893250409392024,0.0 -69.96309324499933,41.89330045321127,0.0 -69.96308257474944,41.89333942354843,0.0 -69.96307894035802,41.89336466464127,0.0 -69.9630825895136,41.893374456351665,0.0</coordinates>
                        </LinearRing>
                    </outerBoundaryIs>
                </Polygon>
            </Placemark>
            <Placemark id="49">
                <name>AZ 23 EL 5.0</name>
                <styleUrl>#2</styleUrl>
                <Polygon id="48">
                    <outerBoundaryIs>
                        <LinearRing id="52">
                            <coordinates>-69.96301909290756,41.89335678408532,0.0 -69.96303047682277,41.89335117635358,0.0 -69.96304998003801,41.89333035184494,0.0 -69.96307627342125,41.893295729711504,0.0 -69.9631075650973,41.89324966939052,0.0 -69.96314172256767,41.893195309813635,0.0 -69.96317641804282,41.89313635549469,0.0 -69.96320928708109,41.89307682407365,0.0 -69.96323808972208,41.89302077252095,0.0 -69.96326086313354,41.892972020660984,0.0 -69.96327605536969,41.89293389085638,0.0 -69.96328263112723,41.892908981593436,0.0 -69.9632801422935,41.892898990398734,0.0 -69.9632687584808,41.89290459815513,0.0 -69.96324925546689,41.89292542270081,0.0 -69.96322296232984,41.89296004487369,0.0 -69.9631916708789,41.89300610522599,0.0 -69.96315751355222,41.893060464817694,0.0 -69.96312281810084,41.89311941913095,0.0 -69.96308994896006,41.89317895052733,0.0 -69.96306114611774,41.893235002043,0.0 -69.96303837246008,41.89328375386351,0.0 -69.96302317999883,41.893321883636794,0.0 -69.9630166040976,41.89334679288493,0.0 -69.96301909290756,41.89335678408532,0.0</coordinates>
                        </LinearRing>
                    </outerBoundaryIs>
                </Polygon>
            </Placemark>
            <Placemark id="55">
                <name>AZ 28 EL 5.0</name>
                <styleUrl>#2</styleUrl>
                <Polygon id="54">
                    <outerBoundaryIs>
                        <LinearRing id="58">
                            <coordinates>-69.96295790709823,41.8933350595163,0.0 -69.96296990426822,41.89333021169314,0.0 -69.96299177148688,41.8933107317648,0.0 -69.96302201851722,41.89327794725113,0.0 -69.96305858404611,41.893234092356906,0.0 -69.96309897616689,41.89318215571599,0.0 -69.96314044220577,41.8931256767221,0.0 -69.9631801563166,41.8930685043257,0.0 -69.9632154120588,41.89301453473425,0.0 -69.96324380683397,41.892967445891294,0.0 -69.9632634056131,41.89293044682934,0.0 -69.96327287279807,41.892906058978,0.0 -69.9632715632334,41.892895944331556,0.0 -69.96325956616786,41.89290079218613,0.0 -69.96323769917123,41.89292027216527,0.0 -69.96320745242097,41.89295305673553,0.0 -69.96317088715519,41.892996911676974,0.0 -69.96313049521001,41.8930488483431,0.0 -69.96308902921223,41.893105327333416,0.0 -69.96304931499692,41.89316249969842,0.0 -69.96301405903272,41.89321646923906,0.0 -69.96298566397745,41.89326355802542,0.0 -69.96296606493522,41.89330055704016,0.0 -69.96295659757463,41.8933249448663,0.0 -69.96295790709823,41.8933350595163,0.0</coordinates>
                        </LinearRing>
                    </outerBoundaryIs>
                </Polygon>
            </Placemark>
            <Placemark id="61">
                <name>AZ 33 EL 5.0</name>
                <styleUrl>#2</styleUrl>
                <Polygon id="60">
                    <outerBoundaryIs>
                        <LinearRing id="64">
                            <coordinates>-69.96289949775537,41.89330944798575,0.0 -69.96291201687166,41.89330539696632,0.0 -69.96293608166475,41.89328740987411,0.0 -69.96297005213525,41.89325671249319,0.0 -69.96301161322116,41.893215396791774,0.0 -69.96305793257392,41.89316627836011,0.0 -69.96310585358596,41.89311270453442,0.0 -69.9631521105138,41.893058326282386,0.0 -69.96319355103459,41.89300684939586,0.0 -69.96322735106885,41.89296178194615,0.0 -69.96325120723066,41.89292619521302,0.0 -69.96326349379126,41.89290251438008,0.0 -69.96326337346207,41.89289235326068,0.0 -69.96325085444904,41.892896404318286,0.0 -69.96322678989189,41.892914391476204,0.0 -69.96319281972686,41.89294508893277,0.0 -69.96315125893403,41.89298640469953,0.0 -69.96310493978349,41.89303552316869,0.0 -69.96305701882858,41.89308909699401,0.0 -69.96301076179749,41.893143475207886,0.0 -69.96296932104076,41.89319495202869,0.0 -69.96293552070104,41.89324001940275,0.0 -69.96291166424615,41.89327560607053,0.0 -69.96289937748332,41.89329928686598,0.0 -69.96289949775537,41.89330944798575,0.0</coordinates>
                        </LinearRing>
                    </outerBoundaryIs>
                </Polygon>
            </Placemark>
            <Placemark id="67">
                <name>AZ 38 EL 5.0</name>
                <styleUrl>#2</styleUrl>
                <Polygon id="66">
                    <outerBoundaryIs>
                        <LinearRing id="70">
                            <coordinates>-69.96284430941613,41.893280144417425,0.0 -69.96285725519789,41.89327692103254,0.0 -69.96288333441123,41.893260563670495,0.0 -69.9629207697766,41.893232187050366,0.0 -69.96296701010361,41.89319372498233,0.0 -69.96301890415899,41.893147798584266,0.0 -69.96307291542638,41.89309753765917,0.0 -69.96312536312004,41.89304636740565,0.0 -69.96317267302618,41.89299777499637,0.0 -69.96321162107714,41.89295507193186,0.0 -69.96323955305972,41.892921168364985,0.0 -69.96325456548689,41.89289837477633,0.0 -69.96325563530876,41.89288824451637,0.0 -69.96324268962587,41.89289146794603,0.0 -69.96321661065525,41.89290782538937,0.0 -69.96317917561142,41.89293620210557,0.0 -69.96313293559861,41.892974664258716,0.0 -69.96308104176589,41.89302059070812,0.0 -69.96302703056995,41.893070851637034,0.0 -69.96297458277742,41.89312202184581,0.0 -69.96292727262855,41.893170614173776,0.0 -69.96288832425606,41.89321331714221,0.0 -69.96286039195927,41.89324722062398,0.0 -69.96284537930946,41.893270014161295,0.0 -69.96284430941613,41.893280144417425,0.0</coordinates>
                        </LinearRing>
                    </outerBoundaryIs>
                </Polygon>
            </Placemark>
            <Placemark id="73">
                <name>AZ 43 EL 5.0</name>
                <styleUrl>#2</styleUrl>
                <Polygon id="72">
                    <outerBoundaryIs>
                        <LinearRing id="76">
                            <coordinates>-69.96279276210163,41.89324737183409,0.0 -69.96280603602102,41.8932450006156,0.0 -69.96283393116926,41.89323039747408,0.0 -69.9628745465139,41.89320455757977,0.0 -69.96292511415358,41.893169241867085,0.0 -69.96298218795468,41.89312685703289,0.0 -69.96304187840836,41.893080291526964,0.0 -69.96310011770048,41.89303271871071,0.0 -69.9631529369287,41.892987380597994,0.0 -69.96319673657406,41.892947366916,0.0 -69.96322853179588,41.89291540454276,0.0 -69.96324615583488,41.892893671671736,0.0 -69.96324840766553,41.8928836493688,0.0 -69.96323513383766,41.89288602063824,0.0 -69.96320723893155,41.89290062387686,0.0 -69.96316662391476,41.89292646388837,0.0 -69.96311605660081,41.89296177970701,0.0 -69.96305898303605,41.893004164607504,0.0 -69.96299929266598,41.89305073012228,0.0 -69.96294105328235,41.8930983028876,0.0 -69.96288823381201,41.89314364090321,0.0 -69.9628444338388,41.89318365446798,0.0 -69.96281263829123,41.8932156167353,0.0 -69.9627950140159,41.89323734954002,0.0 -69.96279276210163,41.89324737183409,0.0</coordinates>
                        </LinearRing>
                    </outerBoundaryIs>
                </Polygon>
            </Placemark>
            <Placemark id="79">
                <name>AZ 48 EL 5.0</name>
                <styleUrl>#2</styleUrl>
                <Polygon id="78">
                    <outerBoundaryIs>
                        <LinearRing id="82">
                            <coordinates>-69.96274524812023,41.89321137966004,0.0 -69.96275874915227,41.893209878654126,0.0 -69.96278824792977,41.89319714087235,0.0 -69.96283173413637,41.89317403436223,0.0 -69.9628862442266,41.89314213378042,0.0 -69.96294806339516,41.893103613086154,0.0 -69.96301297874362,41.893061097392895,0.0 -69.96307656638895,41.893017484073425,0.0 -69.96313449294634,41.89297574530902,0.0 -69.96318281084002,41.89293872553877,0.0 -69.96321822731777,41.892908947612675,0.0 -69.96323832883787,41.89288844085988,0.0 -69.96324174553921,41.89287860278989,0.0 -69.96322824458854,41.89288010385237,0.0 -69.96319874604521,41.89289284174674,0.0 -69.96315526016281,41.89291594839531,0.0 -69.96310075039997,41.89294784910433,0.0 -69.96303893147426,41.89298636988049,0.0 -69.96297401621901,41.89302888558836,0.0 -69.96291042849231,41.89307249885127,0.0 -69.96285250170075,41.89311423750306,0.0 -69.96280418348286,41.89315125713486,0.0 -69.96276876667773,41.893181034933754,0.0 -69.96274866491478,41.89320154160466,0.0 -69.96274524812023,41.89321137966004,0.0</coordinates>
                        </LinearRing>
                    </outerBoundaryIs>
                </Polygon>
            </Placemark>
            <Placemark id="85">
                <name>AZ 53 EL 5.0</name>
                <styleUrl>#2</styleUrl>
                <Polygon id="84">
                    <outerBoundaryIs>
                        <LinearRing id="88">
                            <coordinates>-69.9627021290818,41.893172441822614,0.0 -69.96271575447332,41.89317182245248,0.0 -69.96274663237007,41.893161046972764,0.0 -69.96279265847254,41.893140849701844,0.0 -69.96285069614683,41.89311260703448,0.0 -69.96291679018951,41.893078243646976,0.0 -69.9629864363766,41.89304010133762,0.0 -69.96305488842556,41.89300077943969,0.0 -69.96311748144926,41.89296295768168,0.0 -69.96316994985845,41.892929213566624,0.0 -69.96320871804879,41.89290184671609,0.0 -69.96323114406407,41.89288272215054,0.0 -69.96323569963255,41.892873143187245,0.0 -69.96322207430978,41.89287376261884,0.0 -69.96319119663212,41.89288453822592,0.0 -69.96314517084039,41.89290473565596,0.0 -69.96308713348517,41.892932978471606,0.0 -69.96302103968446,41.8929673419568,0.0 -69.96295139359736,41.89300548428705,0.0 -69.96288294147965,41.89304480612351,0.0 -69.96282034823686,41.89308262775416,0.0 -69.96276787951695,41.89311637171009,0.0 -69.96272911100752,41.89314373841236,0.0 -69.96270668475029,41.89316286288024,0.0 -69.9627021290818,41.893172441822614,0.0</coordinates>
                        </LinearRing>
                    </outerBoundaryIs>
                </Polygon>
            </Placemark>
            <Placemark id="91">
                <name>AZ 58 EL 5.0</name>
                <styleUrl>#2</styleUrl>
                <Polygon id="90">
                    <outerBoundaryIs>
                        <LinearRing id="94">
                            <coordinates>-69.96266373314559,41.8931308546674,0.0 -69.9626773791973,41.893131121646334,0.0 -69.96270940120783,41.89312239047624,0.0 -69.96275761691037,41.89310525615783,0.0 -69.96281874045569,41.893080886348784,0.0 -69.96288860634515,41.89305094179446,0.0 -69.96296245331045,41.893017463155466,0.0 -69.96303524879261,41.89298273194294,0.0 -69.96310203190521,41.892949115038185,0.0 -69.9631582515092,41.89291890339176,0.0 -69.96320007636024,41.89289415589532,0.0 -69.96322465619392,41.89287655906666,0.0 -69.96323031595854,41.89286731211186,0.0 -69.96321666996086,41.892867045198386,0.0 -69.96318464814769,41.892875776509406,0.0 -69.96313643273294,41.89289291100643,0.0 -69.9630753094887,41.89291728098394,0.0 -69.96300544383298,41.892947225651426,0.0 -69.96293159697142,41.89298070431797,0.0 -69.96285880143522,41.89301543546503,0.0 -69.96279201812526,41.893049052228875,0.0 -69.96273579823348,41.89307926369666,0.0 -69.96269397308136,41.893104011024654,0.0 -69.96266939301395,41.89312160774015,0.0 -69.96266373314559,41.8931308546674,0.0</coordinates>
                        </LinearRing>
                    </outerBoundaryIs>
                </Polygon>
            </Placemark>
            <Placemark id="97">
                <name>AZ 63 EL 5.0</name>
                <styleUrl>#2</styleUrl>
                <Polygon id="96">
                    <outerBoundaryIs>
                        <LinearRing id="100">
                            <coordinates>-69.96263035252282,41.8930869347026,0.0 -69.96264391537862,41.893088085998116,0.0 -69.9626768377907,41.893081465586434,0.0 -69.96272687613411,41.89306752462237,0.0 -69.96279062035288,41.89304721314,0.0 -69.96286372635646,41.893021915314584,0.0 -69.96294121206972,41.89299335513832,0.0 -69.96301779695892,41.892963478936615,0.0 -69.96308826189419,41.89293432273006,0.0 -69.96314780482358,41.89290787348123,0.0 -69.96319236802044,41.89288593368235,0.0 -69.96321891460393,41.892869998513135,0.0 -69.96322563549006,41.892861153941816,0.0 -69.96321207267196,41.892860002714755,0.0 -69.96317915042953,41.89286662327932,0.0 -69.96312911234222,41.89288056443969,0.0 -69.9630653683974,41.89290087610926,0.0 -69.9629922626122,41.89292617406257,0.0 -69.96291477700326,41.89295473427314,0.0 -69.96283819207638,41.892984610406415,0.0 -69.96276772697148,41.89301376646009,0.0 -69.96270818378598,41.893040215512585,0.0 -69.96266362031517,41.8930621551243,0.0 -69.96263707351328,41.89307809016561,0.0 -69.96263035252282,41.8930869347026,0.0</coordinates>
                        </LinearRing>
                    </outerBoundaryIs>
                </Polygon>
            </Placemark>
            <Placemark id="103">
                <name>AZ 68 EL 5.0</name>
                <styleUrl>#2</styleUrl>
                <Polygon id="102">
                    <outerBoundaryIs>
                        <LinearRing id="106">
                            <coordinates>-69.96260224125304,41.89304101619013,0.0 -69.9626156176904,41.893043043039505,0.0 -69.96264918993994,41.893038583770526,0.0 -69.96270067009469,41.893027942258755,0.0 -69.96276654984553,41.89301184368447,0.0 -69.96284233957248,41.892991385118556,0.0 -69.96292287431127,41.89296796076433,0.0 -69.96300266574241,41.892943166948726,0.0 -69.9630762762137,41.89291869333635,0.0 -69.96313868930686,41.89289620777966,0.0 -69.96318565169437,41.892877242653384,0.0 -69.96321396299096,41.89286309041989,0.0 -69.96322169384817,41.89285471554462,0.0 -69.96320831743103,41.89285268876559,0.0 -69.96317474531823,41.892857148197415,0.0 -69.96312326538012,41.8928677899209,0.0 -69.96305738586777,41.89288388869907,0.0 -69.96298159633724,41.89290434740638,0.0 -69.9629010617002,41.892927771801624,0.0 -69.96282127024885,41.8929525655469,0.0 -69.96274765964081,41.89297703899645,0.0 -69.962685246331,41.892999524341384,0.0 -69.962638283705,41.8930184892638,0.0 -69.962609972212,41.89303264135589,0.0 -69.96260224125304,41.89304101619013,0.0</coordinates>
                        </LinearRing>
                    </outerBoundaryIs>
                </Polygon>
            </Placemark>
            <Placemark id="109">
                <name>AZ 73 EL 5.0</name>
                <styleUrl>#2</styleUrl>
                <Polygon id="108">
                    <outerBoundaryIs>
                        <LinearRing id="112">
                            <coordinates>-69.96257961327079,41.89299344860152,0.0 -69.96259270148641,41.89299633557846,0.0 -69.96262666806466,41.892994071388635,0.0 -69.96267919822938,41.8929868103158,0.0 -69.96274671211962,41.89297504716768,0.0 -69.96282460875578,41.89295958356159,0.0 -69.962907579594,41.892941473301406,0.0 -69.96298997029918,41.89292195056671,0.0 -69.9630661660811,41.89290234580669,0.0 -69.96313097433314,41.892883995070385,0.0 -69.96317997849704,41.89286814895258,0.0 -69.96320983903958,41.89285588736177,0.0 -69.96321852103097,41.89284804592041,0.0 -69.96320543281745,41.89284515901455,0.0 -69.9631714663389,41.892847423374924,0.0 -69.96311893634477,41.89285468467207,0.0 -69.96305142265031,41.89286644803821,0.0 -69.96297352618265,41.89288191179759,0.0 -69.9628905554405,41.89290002210524,0.0 -69.96280816473323,41.892919544768866,0.0 -69.9627319688516,41.89293914935834,0.0 -69.96266716042896,41.89295749987031,0.0 -69.96261815606928,41.892973345770116,0.0 -69.96258829535824,41.89298560720765,0.0 -69.96257961327079,41.89299344860152,0.0</coordinates>
                        </LinearRing>
                    </outerBoundaryIs>
                </Polygon>
            </Placemark>
            <Placemark id="115">
                <name>AZ 78 EL 5.0</name>
                <styleUrl>#2</styleUrl>
                <Polygon id="114">
                    <outerBoundaryIs>
                        <LinearRing id="118">
                            <coordinates>-69.96256264077783,41.89294459395811,0.0 -69.96257534116248,41.89294831909022,0.0 -69.9626094435606,41.8929482672099,0.0 -69.96266262394418,41.892944441835134,0.0 -69.96273125814604,41.89293710363556,0.0 -69.96281066884403,41.89292675267445,0.0 -69.9628954443168,41.89291409433638,0.0 -69.96297980724724,41.89289999126087,0.0 -69.96305800843945,41.89288540455622,0.0 -69.96312471861737,41.892871328299805,0.0 -69.96317539160452,41.89285872178864,0.0 -69.96320657413531,41.89284844415848,0.0 -69.9632161411853,41.89284119582914,0.0 -69.96320344078458,41.89283747076764,0.0 -69.9631693384461,41.892837522823704,0.0 -69.96311615818189,41.89284134843223,0.0 -69.96304752412715,41.892848686860994,0.0 -69.96296811356459,41.89285903798529,0.0 -69.9628833381793,41.89287169637678,0.0 -69.96279897526492,41.8928857993817,0.0 -69.96272077401308,41.892900385910615,0.0 -69.9626540637158,41.89291446193324,0.0 -69.96260339058152,41.89292706821524,0.0 -69.9625722079153,41.89293734568223,0.0 -69.96256264077783,41.89294459395811,0.0</coordinates>
                        </LinearRing>
                    </outerBoundaryIs>
                </Polygon>
            </Placemark>
            <Placemark id="121">
                <name>AZ 83 EL 5.0</name>
                <styleUrl>#2</styleUrl>
                <Polygon id="120">
                    <outerBoundaryIs>
                        <LinearRing id="124">
                            <coordinates>-69.96255145293287,41.89289482407576,0.0 -69.96256366882938,41.89289935901181,0.0 -69.96259764750602,41.89290151983418,0.0 -69.96265107337038,41.89290115926861,0.0 -69.96272030553165,41.892898301863084,0.0 -69.96280062592304,41.8928931423214,0.0 -69.9628865608328,41.89288603224072,0.0 -69.96297225393124,41.89287745615544,0.0 -69.96305186537194,41.89286799851846,0.0 -69.96311996976856,41.89285830386994,0.0 -69.96317192592545,41.89284903290811,0.0 -69.96320419312578,41.89284081745738,0.0 -69.96321457242298,41.89283421740418,0.0 -69.96320235649272,41.89282968253712,0.0 -69.96316837783382,41.892827521893,0.0 -69.96311495203398,41.89282788269833,0.0 -69.9630457199667,41.892830740340884,0.0 -69.96296539967358,41.892835900053356,0.0 -69.96287946484004,41.89284301019281,0.0 -69.96279377177535,41.89285158620911,0.0 -69.96271416031689,41.892861043667835,0.0 -69.96264605585576,41.89287073807659,0.0 -69.96259409960489,41.89288000880139,0.0 -69.96256183230629,41.89288822408134,0.0 -69.96255145293287,41.89289482407576,0.0</coordinates>
                        </LinearRing>
                    </outerBoundaryIs>
                </Polygon>
            </Placemark>
            <Placemark id="127">
                <name>AZ 88 EL 5.0</name>
                <styleUrl>#2</styleUrl>
                <Polygon id="126">
                    <outerBoundaryIs>
                        <LinearRing id="130">
                            <coordinates>-69.96254613486894,41.892844517735,0.0 -69.96255777330789,41.89284982796069,0.0 -69.96259136966447,41.89285418503892,0.0 -69.96264463440495,41.89285729202421,0.0 -69.96271393762456,41.892858937156454,0.0 -69.9627945564196,41.89285900829855,0.0 -69.96288099674659,41.89285750058466,0.0 -69.96296736783385,41.89285451675671,0.0 -69.96304778362949,41.8928502601642,0.0 -69.96311676392747,41.89284502090473,0.0 -69.96316960783524,41.892839156049334,0.0 -69.9632027141316,41.89283306530231,0.0 -69.96321382668297,41.89282716375558,0.0 -69.96320218819362,41.89282185359614,0.0 -69.96316859181239,41.892817496695955,0.0 -69.96311532707959,41.892814389952775,0.0 -69.96304602389799,41.89281274506184,0.0 -69.96296540516107,41.89281267409564,0.0 -69.96287896489673,41.89281418187282,0.0 -69.96279259385987,41.89281716563455,0.0 -69.96271217808889,41.89282142204899,0.0 -69.96264319778321,41.892826661066366,0.0 -69.96259035383746,41.89283252568044,0.0 -69.96255724748298,41.89283861625159,0.0 -69.96254613486894,41.892844517735,0.0</coordinates>
                        </LinearRing>
                    </outerBoundaryIs>
                </Polygon>
            </Placemark>
            <Placemark id="133">
                <name>AZ 93 EL 5.0</name>
                <styleUrl>#2</styleUrl>
                <Polygon id="132">
                    <outerBoundaryIs>
                        <LinearRing id="136">
                            <coordinates>-69.96254672704595,41.8927940577983,0.0 -69.96255769945314,41.89280010289899,0.0 -69.96259065780191,41.89280662307137,0.0 -69.9626433560419,41.892813173959,0.0 -69.96271220288004,41.892819309105654,0.0 -69.96279250652002,41.89282461038706,0.0 -69.96287879439986,41.892828716511836,0.0 -69.96296518613842,41.89283134764768,0.0 -69.96304579427496,41.89283232449328,0.0 -69.96311512549156,41.8928315804957,0.0 -69.96316845497543,41.89282916638122,0.0 -69.96320214840848,41.89282524669189,0.0 -69.96321390964056,41.892820088565905,0.0 -69.96320293716782,41.8928140435277,0.0 -69.96316997875272,41.892807523530365,0.0 -69.9631172804634,41.89280097288349,0.0 -69.9630484336061,41.89279483797879,0.0 -69.96296812998231,41.89278953687568,0.0 -69.96288184214967,41.89278543081778,0.0 -69.96279545047663,41.89278279961947,0.0 -69.96271484240643,41.8927818225988,0.0 -69.96264551123917,41.89278256635562,0.0 -69.96259218177445,41.892784980228164,0.0 -69.9625584883252,41.89278889973919,0.0 -69.96254672704595,41.8927940577983,0.0</coordinates>
                        </LinearRing>
                    </outerBoundaryIs>
                </Polygon>
            </Placemark>
            <Placemark id="139">
                <name>AZ 98 EL 5.0</name>
                <styleUrl>#2</styleUrl>
                <Polygon id="138">
                    <outerBoundaryIs>
                        <LinearRing id="142">
                            <coordinates>-69.9625532249431,41.89274382829614,0.0 -69.96256344781366,41.892750562264446,0.0 -69.96259551732368,41.89275919590696,0.0 -69.96264724799963,41.89276914083828,0.0 -69.96271511449191,41.892779719304244,0.0 -69.9627944918188,41.892790210376006,0.0 -69.96287997054925,41.89279989908658,0.0 -69.96296572544603,41.89280812515945,0.0 -69.96304591244677,41.89281432800705,0.0 -69.9631150669293,41.892818084932536,0.0 -69.96316847611945,41.89281913993122,0.0 -69.9632025002616,41.89281742113051,0.0 -69.96321482066408,41.892813045681606,0.0 -69.96320459771484,41.89280631177108,0.0 -69.96317252809882,41.892797678298024,0.0 -69.96312079731798,41.89278773360242,0.0 -69.96305293075,41.89277715537531,0.0 -69.96297355339689,41.89276666448153,0.0 -69.96288807469672,41.89275697584035,0.0 -69.96280231987862,41.89274874970972,0.0 -69.96272213298386,41.89274254669264,0.0 -69.96265297860622,41.892738789531414,0.0 -69.96259956949177,41.892737734293895,0.0 -69.96256554537584,41.89273945291664,0.0 -69.9625532249431,41.89274382829614,0.0</coordinates>
                        </LinearRing>
                    </outerBoundaryIs>
                </Polygon>
            </Placemark>
            <Placemark id="145">
                <name>AZ 103 EL 5.0 [IN CURRENT MASK]</name>
                <styleUrl>#2</styleUrl>
                <Polygon id="144">
                    <outerBoundaryIs>
                        <LinearRing id="148">
                            <coordinates>-69.96256557909373,41.89269421150438,0.0 -69.96257497462757,41.89270158309032,0.0 -69.9626059112336,41.89271226449431,0.0 -69.96265628064744,41.89272552778016,0.0 -69.9627226502925,41.89274046905419,0.0 -69.96280049720015,41.89275607007006,0.0 -69.96288451623903,41.89277126762684,0.0 -69.96296898164925,41.892785026029095,0.0 -69.96304813724379,41.89279640766965,0.0 -69.96311658868542,41.89280463692465,0.0 -69.96316967110583,41.892809153006674,0.0 -69.9632037670128,41.892809648175366,0.0 -69.96321655281984,41.89280608870326,0.0 -69.96320715719658,41.8927987171696,0.0 -69.96317622044815,41.89278803592699,0.0 -69.96312585087705,41.89277477286833,0.0 -69.96305948110202,41.89275983182646,0.0 -69.96298163412654,41.8927442309855,0.0 -69.9628976151001,41.892729033499506,0.0 -69.9628131497793,41.89271527504496,0.0 -69.96273399432718,41.89270389324303,0.0 -69.9626655430428,41.892695663760826,0.0 -69.96261246075237,41.89269114744666,0.0 -69.96257836491323,41.89269065210306,0.0 -69.96256557909373,41.89269421150438,0.0</coordinates>
                        </LinearRing>
                    </outerBoundaryIs>
                </Polygon>
            </Placemark>
            <Placemark id="151">
                <name>AZ 108 EL 5.0 [IN CURRENT MASK]</name>
                <styleUrl>#2</styleUrl>
                <Polygon id="150">
                    <outerBoundaryIs>
                        <LinearRing id="154">
                            <coordinates>-69.9625836954623,41.89264558503488,0.0 -69.96259219215612,41.892653538136024,0.0 -69.96262176041597,41.892666186008356,0.0 -69.96267038523122,41.892682666705156,0.0 -69.96273475292153,41.89270185707269,0.0 -69.96281047695318,41.89272244929692,0.0 -69.96289239686931,41.89274304003489,0.0 -69.96297492996355,41.89276222605474,0.0 -69.96305245173221,41.89277869986556,0.0 -69.96311967917742,41.89279133881942,0.0 -69.96317203083944,41.89279928161407,0.0 -69.96320593902101,41.89280198698332,0.0 -69.96321909292483,41.89279927057765,0.0 -69.96321059613355,41.892791317522715,0.0 -69.96318102769918,41.89277866980144,0.0 -69.9631324026791,41.892762189320024,0.0 -69.96306803480851,41.89274299917455,0.0 -69.96299231066946,41.892722407119535,0.0 -69.96291039074761,41.892701816452565,0.0 -69.9628278577508,41.89268263038649,0.0 -69.96275033615666,41.89266615642464,0.0 -69.96268310891628,41.892653517255354,0.0 -69.96263075743454,41.89264557423867,0.0 -69.96259684936038,41.89264286870021,0.0 -69.9625836954623,41.89264558503488,0.0</coordinates>
                        </LinearRing>
                    </outerBoundaryIs>
                </Polygon>
            </Placemark>
            <Placemark id="157">
                <name>AZ 113 EL 5.0 [IN CURRENT MASK]</name>
                <styleUrl>#2</styleUrl>
                <Polygon id="156">
                    <outerBoundaryIs>
                        <LinearRing id="160">
                            <coordinates>-69.9626074361603,41.89259831896177,0.0 -69.96261496935176,41.89260679305013,0.0 -69.9626429442381,41.892621311131954,0.0 -69.96268945439711,41.892640883810095,0.0 -69.96275133026295,41.89266417721881,0.0 -69.96282435512009,41.892689603929945,0.0 -69.96290355245955,41.89271543113907,0.0 -69.9629835251159,41.89273989875755,0.0 -69.96305882307453,41.892761339361606,0.0 -69.96312431488388,41.89277829182333,0.0 -69.9631755373608,41.89278960088058,0.0 -69.96320899975562,41.89279449586063,0.0 -69.96322242164709,41.89279264319477,0.0 -69.96321488835311,41.8927841691461,0.0 -69.96318691326546,41.892769651203075,0.0 -69.96314040286025,41.892750078725655,0.0 -69.96307852676931,41.8927267855258,0.0 -69.96300550176848,41.892701358975685,0.0 -69.96292630440524,41.892675531836616,0.0 -69.96284633185141,41.89265106417843,0.0 -69.96277103409409,41.892629623435575,0.0 -69.96270554253094,41.892612670773104,0.0 -69.96265432027913,41.89260136150701,0.0 -69.96262085802799,41.892596466365944,0.0 -69.9626074361603,41.89259831896177,0.0</coordinates>
                        </LinearRing>
                    </outerBoundaryIs>
                </Polygon>
            </Placemark>
            <Placemark id="163">
                <name>AZ 118 EL 5.0 [IN CURRENT MASK]</name>
                <styleUrl>#2</styleUrl>
                <Polygon id="162">
                    <outerBoundaryIs>
                        <LinearRing id="166">
                            <coordinates>-69.96263662049616,41.892552773004994,0.0 -69.96264313285587,41.89256170358773,0.0 -69.96266930146858,41.89257798138715,0.0 -69.96271334300877,41.892600497085596,0.0 -69.96277225614622,41.89262771625711,0.0 -69.96284202607427,41.892657783940855,0.0 -69.96291789810516,41.89268865105882,0.0 -69.96299470168948,41.89271821406115,0.0 -69.96306720277944,41.89274445828137,0.0 -69.9631304605234,41.89276559523172,0.0 -69.96318016398266,41.89278018448236,0.0 -69.96321292592232,41.8927872318192,0.0 -69.96322651365281,41.89278625699292,0.0 -69.96322000118865,41.89277732644315,0.0 -69.96319383235392,41.89276104876875,0.0 -69.96314979053366,41.89273853325388,0.0 -69.96309087713311,41.89271131427533,0.0 -69.96302110702945,41.89268124674222,0.0 -69.96294523495747,41.89265037969218,0.0 -69.96286843147762,41.892620816656894,0.0 -69.96279593060967,41.89259457231165,0.0 -69.9627326731458,41.892573435177695,0.0 -69.96268296994963,41.89255884573412,0.0 -69.96265020818556,41.89255179824666,0.0 -69.96263662049616,41.892552773004994,0.0</coordinates>
                        </LinearRing>
                    </outerBoundaryIs>
                </Polygon>
            </Placemark>
            <Placemark id="169">
                <name>AZ 123 EL 5.0 [IN CURRENT MASK]</name>
                <styleUrl>#2</styleUrl>
                <Polygon id="168">
                    <outerBoundaryIs>
                        <LinearRing id="172">
                            <coordinates>-69.96267102635066,41.892509293792756,0.0 -69.96267646831842,41.89251861290302,0.0 -69.96270063150483,41.89253652653597,0.0 -69.96274186925223,41.8925618138961,0.0 -69.96279737130679,41.89259275167518,0.0 -69.96286335532453,41.892627231497244,0.0 -69.96293532462384,41.89266290360555,0.0 -69.96300837462164,41.892697336998424,0.0 -69.963077527071,41.89272818509965,0.0 -69.96313806932316,41.8927533456731,0.0 -69.96318587549322,41.892771104083735,0.0 -69.96321768764038,41.892780250142664,0.0 -69.9632313377992,41.8927801605749,0.0 -69.96322589572821,41.89277084149083,0.0 -69.96320173230585,41.892752927968,0.0 -69.96316049425302,41.892727640772364,0.0 -69.96310499190535,41.892696703168134,0.0 -69.96303900768541,41.892662223484415,0.0 -69.96296703832896,41.89262655144083,0.0 -69.9628939884344,41.89259211802176,0.0 -69.962824836221,41.89256126981043,0.0 -69.96276429427427,41.89253610907245,0.0 -69.9627164883973,41.89251835048699,0.0 -69.96268467645235,41.89250920428974,0.0 -69.96267102635066,41.892509293792756,0.0</coordinates>
                        </LinearRing>
                    </outerBoundaryIs>
                </Polygon>
            </Placemark>
            <Placemark id="175">
                <name>AZ 128 EL 5.0 [IN CURRENT MASK]</name>
                <styleUrl>#2</styleUrl>
                <Polygon id="174">
                    <outerBoundaryIs>
                        <LinearRing id="178">
                            <coordinates>-69.96271039186772,41.89246821222355,0.0 -69.96271472202962,41.892477848937745,0.0 -69.96273669589988,41.89249726207092,0.0 -69.9627748160198,41.89252512864068,0.0 -69.96282648459834,41.89255954957196,0.0 -69.96288818053861,41.89259817911968,0.0 -69.96295569938651,41.89263838473157,0.0 -69.96302443985128,41.89267742645557,0.0 -69.96308971737395,41.892712643664666,0.0 -69.96314708337498,41.89274163637369,0.0 -69.96319262842408,41.89276242879187,0.0 -69.96322324867005,41.89277360396571,0.0 -69.96323685737146,41.892774400338034,0.0 -69.96323252711068,41.89276476364346,0.0 -69.9632105529977,41.892745350604805,0.0 -69.96317243255623,41.89271748417914,0.0 -69.96312076366353,41.89268306340293,0.0 -69.9630590675006,41.892644433979704,0.0 -69.96299154858123,41.892604228428354,0.0 -69.96292280821535,41.89256518668474,0.0 -69.96285753093541,41.89252996938112,0.0 -69.9628001652559,41.89250097652799,0.0 -69.96275462052098,41.89248018395476,0.0 -69.96272400049767,41.89246900865643,0.0 -69.96271039186772,41.89246821222355,0.0</coordinates>
                        </LinearRing>
                    </outerBoundaryIs>
                </Polygon>
            </Placemark>
            <Placemark id="181">
                <name>AZ 133 EL 5.0</name>
                <styleUrl>#2</styleUrl>
                <Polygon id="180">
                    <outerBoundaryIs>
                        <LinearRing id="184">
                            <coordinates>-69.96275441744743,41.89242984094801,0.0 -69.96275760285096,41.892439721925555,0.0 -69.96277722017743,41.892460486813995,0.0 -69.96281193256263,41.89249072051262,0.0 -69.96285937444765,41.89252836263255,0.0 -69.96291631277893,41.89257084791212,0.0 -69.96297886732692,41.89261528103879,0.0 -69.9630427751109,41.89265863396287,0.0 -69.96310368091187,41.89269795225555,0.0 -69.96315743407595,41.89273055644803,0.0 -69.96320037138109,41.89275422463078,0.0 -69.96322956668836,41.89276734386964,0.0 -69.96324303036221,41.892769020121115,0.0 -69.96323984486715,41.892759139156986,0.0 -69.96322022729856,41.89273837434729,0.0 -69.9631855145855,41.89270814077162,0.0 -69.96313807237478,41.892670498785904,0.0 -69.96308113380715,41.892628013615884,0.0 -69.96301857917555,41.89258358054471,0.0 -69.96295467148308,41.89254022760721,0.0 -69.96289376592424,41.8925009092358,0.0 -69.962840013088,41.892468304920364,0.0 -69.96279707610859,41.8924446366034,0.0 -69.96276788103765,41.89243151725499,0.0 -69.96275441744743,41.89242984094801,0.0</coordinates>
                        </LinearRing>
                    </outerBoundaryIs>
                </Polygon>
            </Placemark>
            <Placemark id="187">
                <name>AZ 138 EL 5.0</name>
                <styleUrl>#2</styleUrl>
                <Polygon id="186">
                    <outerBoundaryIs>
                        <LinearRing id="190">
                            <coordinates>-69.96280276802635,41.8923944719896,0.0 -69.96280478443111,41.89240452203107,0.0 -69.96282189592083,41.892426480642555,0.0 -69.9628529363991,41.892458851374634,0.0 -69.96289579054105,41.89249942820526,0.0 -69.96294753794044,41.892545445879215,0.0 -69.96300465212174,41.89259376835864,0.0 -69.96306324085721,41.89264110254149,0.0 -69.96311931141324,41.89268422268216,0.0 -69.96316904265066,41.89272019022068,0.0 -69.96320904543549,41.8927465540389,0.0 -69.96323659361131,41.89276151749745,0.0 -69.96324980979122,41.892764060870725,0.0 -69.96324779330507,41.892754010837024,0.0 -69.96323068158121,41.89273205228877,0.0 -69.96319964077873,41.8926996816584,0.0 -69.96315678630938,41.89265910494074,0.0 -69.96310503866718,41.89261308736074,0.0 -69.96304792439265,41.892564764931045,0.0 -69.96298933573856,41.89251743074041,0.0 -69.9629332654167,41.8924743105365,0.0 -69.96288353450346,41.89243834289627,0.0 -69.96284353204602,41.89241197896509,0.0 -69.96281598411304,41.89239701541261,0.0 -69.96280276802635,41.8923944719896,0.0</coordinates>
                        </LinearRing>
                    </outerBoundaryIs>
                </Polygon>
            </Placemark>
            <Placemark id="193">
                <name>AZ 143 EL 5.0</name>
                <styleUrl>#2</styleUrl>
                <Polygon id="192">
                    <outerBoundaryIs>
                        <LinearRing id="196">
                            <coordinates>-69.96285507562763,41.89236237452222,0.0 -69.96285590768974,41.8923725171417,0.0 -69.96287038312039,41.892395502359506,0.0 -69.9628975154648,41.89242976376617,0.0 -69.96293545572956,41.89247296649538,0.0 -69.96298161838023,41.89252216634334,0.0 -69.9630328575326,41.89257401041392,0.0 -69.9630856813331,41.89262496561503,0.0 -69.96313648992017,41.89267155943422,0.0 -69.96318182075068,41.892710616584544,0.0 -69.96321858457239,41.89273947539388,0.0 -69.96324427595972,41.89275616919121,0.0 -69.96325714406295,41.892759560329644,0.0 -69.96325631193208,41.89274941771307,0.0 -69.96324183628235,41.892726432543725,0.0 -69.96321470362723,41.8926921712181,0.0 -69.96317676304338,41.89264896858081,0.0 -69.96313060015076,41.89259976881101,0.0 -69.9630793608984,41.89254792478387,0.0 -69.96302653716666,41.892496969579874,0.0 -69.96297572879867,41.892450375712215,0.0 -69.96293039827887,41.89241131848083,0.0 -69.96289363477624,41.89238245957961,0.0 -69.96286794363085,41.892365765704106,0.0 -69.96285507562763,41.89236237452222,0.0</coordinates>
                        </LinearRing>
                    </outerBoundaryIs>
                </Polygon>
            </Placemark>
            <Placemark id="199">
                <name>AZ 148 EL 5.0</name>
                <styleUrl>#2</styleUrl>
                <Polygon id="198">
                    <outerBoundaryIs>
                        <LinearRing id="202">
                            <coordinates>-69.9629109421615,41.89233379282189,0.0 -69.96291058355028,41.89234395082898,0.0 -69.96292231276117,41.89236778772369,0.0 -69.9629453304875,41.89240367905753,0.0 -69.96297806813807,41.89244917888929,0.0 -69.96301829472613,41.892501186473446,0.0 -69.96306326889955,41.89255615757281,0.0 -69.96310992575309,41.89261034599417,0.0 -69.96315508569388,41.892660058886,0.0 -69.9631956711269,41.89270190840038,0.0 -69.96322891619319,41.89273304256825,0.0 -69.96325255526632,41.89275133965465,0.0 -69.96326497735922,41.892755552749634,0.0 -69.96326533591639,41.89274539474144,0.0 -69.96325360650816,41.89272155788164,0.0 -69.96323058849404,41.892685666609346,0.0 -69.9631978505424,41.892640166849326,0.0 -69.9631576237206,41.89258815932784,0.0 -69.96311264944345,41.89253318826527,0.0 -69.96306599264396,41.892478999845025,0.0 -69.96302083290051,41.89242928691828,0.0 -69.96298024775527,41.89238743734232,0.0 -69.96294700299008,41.89235630310276,0.0 -69.96292336415065,41.8923380059537,0.0 -69.9629109421615,41.89233379282189,0.0</coordinates>
                        </LinearRing>
                    </outerBoundaryIs>
                </Polygon>
            </Placemark>
            <Placemark id="205">
                <name>AZ 153 EL 5.0 [IN CURRENT MASK]</name>
                <styleUrl>#2</styleUrl>
                <Polygon id="204">
                    <outerBoundaryIs>
                        <LinearRing id="208">
                            <coordinates>-69.96296994245493,41.89230894440776,0.0 -69.96296839590106,41.89231904049509,0.0 -69.96297728963118,41.89234354765588,0.0 -69.96299601756925,41.89238079576533,0.0 -69.96302330346282,41.89242824642196,0.0 -69.96305728785069,41.89248266593663,0.0 -69.9630956547748,41.89254034570459,0.0 -69.96313578960313,41.89259735494195,0.0 -69.96317495720966,41.89264980856298,0.0 -69.9632104883698,41.89269413194239,0.0 -69.96323996166812,41.892727304519525,0.0 -69.96326136852066,41.892747065643334,0.0 -69.96327325006402,41.89275206863069,0.0 -69.96327479658018,41.892741972539284,0.0 -69.96326590268043,41.89271746540145,0.0 -69.96324717448627,41.89268021733584,0.0 -69.96321988831876,41.8926327667322,0.0 -69.96318590371249,41.89257834726547,0.0 -69.96314753668405,41.89252066752755,0.0 -69.96310740189342,41.892463658294275,0.0 -69.96306823445651,41.89241120465029,0.0 -69.96303270355247,41.89236688122702,0.0 -69.9630032305281,41.89233370859692,0.0 -69.96298182389395,41.892313947425166,0.0 -69.96296994245493,41.89230894440776,0.0</coordinates>
                        </LinearRing>
                    </outerBoundaryIs>
                </Polygon>
            </Placemark>
            <Placemark id="211">
                <name>AZ 158 EL 5.0 [IN CURRENT MASK]</name>
                <styleUrl>#2</styleUrl>
                <Polygon id="210">
                    <outerBoundaryIs>
                        <LinearRing id="214">
                            <coordinates>-69.96303162748724,41.89228801838681,0.0 -69.96302890476191,41.8922979757183,0.0 -69.96303489532926,41.89232296663356,0.0 -69.96304919095569,41.892361288041684,0.0 -69.9630708174395,41.89241032839922,0.0 -69.96309830099541,41.89246674568321,0.0 -69.96312976868413,41.89252669514555,0.0 -69.96316307604481,41.89258609132711,0.0 -69.96319595323386,41.89264088647569,0.0 -69.96322615971154,41.89268734639374,0.0 -69.96325163693464,41.8927223049175,0.0 -69.9632706486487,41.89274337968496,0.0 -69.9632818992172,41.89274913448897,0.0 -69.96328462192231,41.892739177151505,0.0 -69.96327863121822,41.89271418624923,0.0 -69.96326433537516,41.89267586486955,0.0 -69.96324270865286,41.89262682454832,0.0 -69.96321522490051,41.89257040729877,0.0 -69.96318375711006,41.89251045785976,0.0 -69.96315044976959,41.89245106168417,0.0 -69.96311757271727,41.89239626652261,0.0 -69.96308736645624,41.8923498065761,0.0 -69.96306188947162,41.89231484801604,0.0 -69.963042877954,41.89229377321415,0.0 -69.96303162748724,41.89228801838681,0.0</coordinates>
                        </LinearRing>
                    </outerBoundaryIs>
                </Polygon>
            </Placemark>
            <Placemark id="217">
                <name>AZ 163 EL 5.0 [IN CURRENT MASK]</name>
                <styleUrl>#2</styleUrl>
                <Polygon id="216">
                    <outerBoundaryIs>
                        <LinearRing id="220">
                            <coordinates>-69.96309552780724,41.892271174014745,0.0 -69.96309164963257,41.89228091681043,0.0 -69.963094691449,41.89230620128713,0.0 -69.96310444597171,41.892345304349014,0.0 -69.96312024846317,41.89239556118546,0.0 -69.96314102202923,41.892453546873924,0.0 -69.96316535100256,41.89251530978326,0.0 -69.9631915774134,41.89257664087163,0.0 -69.963217913975,41.89263336052601,0.0 -69.96324256588423,41.89268160339624,0.0 -69.96326385313719,41.89271808181201,0.0 -69.96328032502322,41.89274030983179,0.0 -69.96329085899366,41.89274677265499,0.0 -69.96329473716622,41.89273702985262,0.0 -69.9632916952501,41.892711745381206,0.0 -69.96328194055678,41.89267264233515,0.0 -69.96326613786955,41.89262238552088,0.0 -69.96324536413499,41.892564399854976,0.0 -69.96322103506562,41.89250263696251,0.0 -69.96319480865687,41.892441305880844,0.0 -69.96316847219498,41.89238458622118,0.0 -69.96314382045634,41.89233634333511,0.0 -69.96312253339914,41.89229986489718,0.0 -69.96310606168161,41.89227763685485,0.0 -69.96309552780724,41.892271174014745,0.0</coordinates>
                        </LinearRing>
                    </outerBoundaryIs>
                </Polygon>
            </Placemark>
            <Placemark id="223">
                <name>AZ 168 EL 5.0 [IN CURRENT MASK]</name>
                <styleUrl>#2</styleUrl>
                <Polygon id="222">
                    <outerBoundaryIs>
                        <LinearRing id="226">
                            <coordinates>-69.96316115710579,41.892258539484175,0.0 -69.96315615299706,41.89226799359681,0.0 -69.96315622291515,41.89229337920796,0.0 -69.96316136210119,41.89233296633018,0.0 -69.96317122034012,41.892384057165884,0.0 -69.96318512582388,41.892443169957936,0.0 -69.96320213093033,41.892506276266,0.0 -69.96322107679825,41.892569075498365,0.0 -69.96324067229969,41.892627287990486,0.0 -69.96325958202765,41.892676946657275,0.0 -69.96327651730347,41.89271466734326,0.0 -69.96329032400142,41.892737879447154,0.0 -69.96330006120431,41.89274500110367,0.0 -69.96330506532911,41.89273554698481,0.0 -69.9633049953514,41.89271016137374,0.0 -69.96329985604596,41.892670574257906,0.0 -69.96328999765994,41.892619483433215,0.0 -69.96327609204073,41.89256037065382,0.0 -69.96325908684682,41.89249726435667,0.0 -69.96324014096281,41.892434465130556,0.0 -69.96322054552101,41.89237625263832,0.0 -69.96320163591243,41.89232659396514,0.0 -69.96318470078371,41.89228887326816,0.0 -69.96317089422121,41.89226566115161,0.0 -69.96316115710579,41.892258539484175,0.0</coordinates>
                        </LinearRing>
                    </outerBoundaryIs>
                </Polygon>
            </Placemark>
            <Placemark id="229">
                <name>AZ 173 EL 5.0 [IN CURRENT MASK]</name>
                <styleUrl>#2</styleUrl>
                <Polygon id="228">
                    <outerBoundaryIs>
                        <LinearRing id="232">
                            <coordinates>-69.9632280159165,41.892250210948966,0.0 -69.96322192395755,41.89225930442834,0.0 -69.96321902144669,41.892284597977415,0.0 -69.96321950618703,41.89232436788283,0.0 -69.96322334515074,41.89237590389123,0.0 -69.96323027672818,41.89243569390849,0.0 -69.96323982855363,41.89249966334326,0.0 -69.96325134969358,41.89256345278368,0.0 -69.96326405500474,41.892622715084364,0.0 -69.96327707863941,41.892673411617196,0.0 -69.96328953305193,41.89271208749731,0.0 -69.96330056948531,41.8927361070277,0.0 -69.96330943581502,41.892743833317546,0.0 -69.96331552780772,41.892734739833536,0.0 -69.96331843030082,41.89270944628205,0.0 -69.96331794549597,41.89266967637703,0.0 -69.96331410643828,41.89261814037178,0.0 -69.96330717476256,41.89255835035957,0.0 -69.96329762286089,41.89249438093039,0.0 -69.96328610168719,41.89243059149458,0.0 -69.96327339639379,41.89237132919633,0.0 -69.96326037282364,41.89232063266308,0.0 -69.96324791850509,41.89228195677981,0.0 -69.96323688216998,41.892257937244395,0.0 -69.9632280159165,41.892250210948966,0.0</coordinates>
                        </LinearRing>
                    </outerBoundaryIs>
                </Polygon>
            </Placemark>
        </Folder>
        <Folder id="234">
            <Style id="5">
                <LineStyle id="6">
                    <color>ff00ffff</color>
                    <colorMode>normal</colorMode>
                    <width>2</width>
                </LineStyle>
                <PolyStyle id="7">
                    <color>2300ffff</color>
                    <colorMode>normal</colorMode>
                    <fill>1</fill>
                    <outline>1</outline>
                </PolyStyle>
            </Style>
            <name>RH = 1.6m (typical_RH1.60m)</name>
            <Placemark id="236">
                <name>AZ 353 EL 5.0</name>
                <styleUrl>#5</styleUrl>
                <Polygon id="235">
                    <outerBoundaryIs>
                        <LinearRing id="239">
                            <coordinates>-69.9634044865075,41.89332008503248,0.0 -69.96340995218543,41.893311926496196,0.0 -69.96341255624698,41.893289233514835,0.0 -69.96341212123109,41.89325355257774,0.0 -69.96340867678856,41.8932073152818,0.0 -69.96340245766001,41.89315367262205,0.0 -69.96339388767669,41.893096280256714,0.0 -69.96338355087492,41.893039049380185,0.0 -69.96337215169338,41.89298588018176,0.0 -69.96336046696601,41.89294039605423,0.0 -69.96334929298249,41.892905696665764,0.0 -69.96333939122378,41.8928841467226,0.0 -69.96333143647047,41.89287721481816,0.0 -69.96332597081971,41.8928853733507,0.0 -69.96332336674385,41.89290806633012,0.0 -69.96332380170782,41.892943747267545,0.0 -69.96332724607468,41.89298998456603,0.0 -69.96333346512412,41.89304362722982,0.0 -69.9633420350461,41.893101019599655,0.0 -69.96335237182069,41.893158250479914,0.0 -69.96336377101653,41.89321141968029,0.0 -69.96337545579584,41.89325690380748,0.0 -69.96338662985501,41.893291603193404,0.0 -69.96339653169282,41.89331315313252,0.0 -69.9634044865075,41.89332008503248,0.0</coordinates>
                        </LinearRing>
                    </outerBoundaryIs>
                </Polygon>
            </Placemark>
            <Placemark id="242">
                <name>AZ 358 EL 5.0</name>
                <styleUrl>#5</styleUrl>
                <Polygon id="241">
                    <outerBoundaryIs>
                        <LinearRing id="245">
                            <coordinates>-69.96334613097044,41.89332350380175,0.0 -69.96335253108742,41.89331573091563,0.0 -69.96335778223343,41.89329329323635,0.0 -69.96336152654956,41.893257719854795,0.0 -69.96336350886747,41.893211435038346,0.0 -69.96336359409854,41.89315759302082,0.0 -69.96336177643907,41.89309986304674,0.0 -69.96335817976458,41.89304217931834,0.0 -69.96335304918657,41.89298847288627,0.0 -69.96334673434743,41.89294240375491,0.0 -69.96333966559237,41.89290711145929,0.0 -69.96333232464234,41.89288500111091,0.0 -69.96332521176626,41.892877579493515,0.0 -69.96331881168985,41.89288535237812,0.0 -69.96331356056368,41.892907790055645,0.0 -69.96330981624135,41.892943363435634,0.0 -69.96330783389284,41.892989648251174,0.0 -69.96330774861501,41.893043490268646,0.0 -69.96330956622404,41.89310122024358,0.0 -69.96331316285794,41.893158903973486,0.0 -69.96331829341611,41.893212610407346,0.0 -69.96332460826146,41.89325867954025,0.0 -69.96333167704711,41.89329397183682,0.0 -69.96333901804392,41.89331608218521,0.0 -69.96334613097044,41.89332350380175,0.0</coordinates>
                        </LinearRing>
                    </outerBoundaryIs>
                </Polygon>
            </Placemark>
            <Placemark id="248">
                <name>AZ 3 EL 5.0</name>
                <styleUrl>#5</styleUrl>
                <Polygon id="247">
                    <outerBoundaryIs>
                        <LinearRing id="251">
                            <coordinates>-69.96328759721116,41.89332312355251,0.0 -69.9632948830574,41.893315795473825,0.0 -69.96330274132283,41.89329378386344,0.0 -69.96331063647436,41.893258588776185,0.0 -69.96331803046644,41.89321260869915,0.0 -69.96332441940922,41.893158977098715,0.0 -69.9633293679081,41.89310134888004,0.0 -69.96333253873485,41.893043651311174,0.0 -69.96333371580815,41.89298981638625,0.0 -69.96333281891772,41.8929435128665,0.0 -69.96332990918914,41.89290789626022,0.0 -69.96332518491714,41.89288539378012,0.0 -69.96331896805174,41.89287753893286,0.0 -69.96331168225825,41.89288486701307,0.0 -69.96330382404619,41.89290687862405,0.0 -69.9632959289344,41.892942073710834,0.0 -69.96328853495773,41.89298805378647,0.0 -69.96328214600192,41.89304168538491,0.0 -69.96327719746505,41.89309931360157,0.0 -69.96327402658554,41.8931570111689,0.0 -69.96327284945886,41.893210846093226,0.0 -69.96327374630957,41.89325714961343,0.0 -69.96327665602274,41.893292766221144,0.0 -69.96328138030778,41.89331526870321,0.0 -69.96328759721116,41.89332312355251,0.0</coordinates>
                        </LinearRing>
                    </outerBoundaryIs>
                </Polygon>
            </Placemark>
            <Placemark id="254">
                <name>AZ 8 EL 5.0</name>
                <styleUrl>#5</styleUrl>
                <Polygon id="253">
                    <outerBoundaryIs>
                        <LinearRing id="257">
                            <coordinates>-69.96322933071734,41.89331894717871,0.0 -69.96323744684176,41.893312119679415,0.0 -69.96324785241896,41.893290701662124,0.0 -69.96325983831751,41.89325615272879,0.0 -69.96327258770981,41.89321082733181,0.0 -69.96328523173973,41.893157814321945,0.0 -69.96329690873544,41.89310072644839,0.0 -69.96330682293141,41.89304345415579,0.0 -69.96331429869791,41.89298990045677,0.0 -69.9633188265823,41.89294371494794,0.0 -69.96332009802519,41.892908045095744,0.0 -69.96331802638595,41.892885321741765,0.0 -69.96331275284545,41.89287709344488,0.0 -69.96330463678434,41.89288392094948,0.0 -69.96329423129247,41.8929053389719,0.0 -69.96328224547834,41.8929398879088,0.0 -69.96326949614699,41.89298521330686,0.0 -69.96325685213816,41.89303822631499,0.0 -69.96324517511808,41.89309531418449,0.0 -69.96323526085878,41.89315258647179,0.0 -69.96322778500698,41.89320614016568,0.0 -69.96322325703815,41.893252325670936,0.0 -69.96322198553432,41.893287995522066,0.0 -69.96322405715246,41.89331071887776,0.0 -69.96322933071734,41.89331894717871,0.0</coordinates>
                        </LinearRing>
                    </outerBoundaryIs>
                </Polygon>
            </Placemark>
            <Placemark id="260">
                <name>AZ 13 EL 5.0</name>
                <styleUrl>#5</styleUrl>
                <Polygon id="259">
                    <outerBoundaryIs>
                        <LinearRing id="263">
                            <coordinates>-69.96317177494238,41.89331100646583,0.0 -69.96318065957476,41.89330473150806,0.0 -69.96319353326861,41.89328407009027,0.0 -69.9632095186915,41.89325043025274,0.0 -69.96322752645065,41.89320610449382,0.0 -69.96324632933658,41.893154113540035,0.0 -69.96326464595823,41.89309800048892,0.0 -69.9632812280691,41.893041589352684,0.0 -69.96329494563294,41.89298872445801,0.0 -69.96330486383188,41.892943008461266,0.0 -69.96331030676971,41.89290755683313,0.0 -69.96331090352967,41.8928847855441,0.0 -69.96330661344899,41.89287624642,0.0 -69.96329772888859,41.89288252138747,0.0 -69.96328485530938,41.892903182816916,0.0 -69.96326887001307,41.89293682266488,0.0 -69.96325086235854,41.89298114843028,0.0 -69.96323205952721,41.89303313938479,0.0 -69.96321374289553,41.89308925243073,0.0 -69.9631971607127,41.89314566355726,0.0 -69.96318344303421,41.8931985284403,0.0 -69.96317352470868,41.8932442444266,0.0 -69.96316808166624,41.893279696048275,0.0 -69.96316748485168,41.893302467336554,0.0 -69.96317177494238,41.89331100646583,0.0</coordinates>
                        </LinearRing>
                    </outerBoundaryIs>
                </Polygon>
            </Placemark>
            <Placemark id="266">
                <name>AZ 18 EL 5.0</name>
                <styleUrl>#5</styleUrl>
                <Polygon id="265">
                    <outerBoundaryIs>
                        <LinearRing id="269">
                            <coordinates>-69.96311536793024,41.89329936184889,0.0 -69.96312495345128,41.89329368718949,0.0 -69.96314019728203,41.89327393961925,0.0 -69.96316006056657,41.89324146490044,0.0 -69.96318318963841,41.89319847612949,0.0 -69.96320800827506,41.89314790291865,0.0 -69.96323282511877,41.89309319174811,0.0 -69.96325594894222,41.89303807109426,0.0 -69.96327580390287,41.89298629734008,0.0 -69.96329103693202,41.892941398783286,0.0 -69.96330060994036,41.892906435188344,0.0 -69.9633038705577,41.892883789267934,0.0 -69.96330059658699,41.89287500430463,0.0 -69.96329101114438,41.89288067897862,0.0 -69.9632757674541,41.89290042656881,0.0 -69.96325590433446,41.89293290130757,0.0 -69.96323277540772,41.89297589009311,0.0 -69.96320795685753,41.89302646330928,0.0 -69.96318314001843,41.893081174474474,0.0 -69.96316001611656,41.8931362951137,0.0 -69.96314016101542,41.89318806884796,0.0 -69.96312492782138,41.89323296738479,0.0 -69.96311535466793,41.89326793096515,0.0 -69.96311209396416,41.89329057688023,0.0 -69.96311536793024,41.89329936184889,0.0</coordinates>
                        </LinearRing>
                    </outerBoundaryIs>
                </Polygon>
            </Placemark>
            <Placemark id="272">
                <name>AZ 23 EL 5.0</name>
                <styleUrl>#5</styleUrl>
                <Polygon id="271">
                    <outerBoundaryIs>
                        <LinearRing id="275">
                            <coordinates>-69.96306053898124,41.89328410195243,0.0 -69.96307075243732,41.893279070779506,0.0 -69.96308825038638,41.893260387349734,0.0 -69.96311184035591,41.89322932490495,0.0 -69.96313991470868,41.89318800029631,0.0 -69.96317056020584,41.89313922972505,0.0 -69.96320168839584,41.89308633682382,0.0 -69.96323117794206,41.893032926156906,0.0 -69.96325701918892,41.892982637574946,0.0 -69.96327745111432,41.89293889816469,0.0 -69.96329108133612,41.89290468869783,0.0 -69.96329698099534,41.892882340495525,0.0 -69.96329474805148,41.89287337655202,0.0 -69.96328453467791,41.892878407744774,0.0 -69.96326703689091,41.89289709120436,0.0 -69.96324344711955,41.8929281536809,0.0 -69.96321537294799,41.89296947831477,0.0 -69.9631847275665,41.89301824889793,0.0 -69.96315359939562,41.89307114179458,0.0 -69.9631241097669,41.893124552441655,0.0 -69.96309826835798,41.89317484099382,0.0 -69.96307783623439,41.8932185803723,0.0 -69.96306420583139,41.89325278981395,0.0 -69.96305830605652,41.893275138004334,0.0 -69.96306053898124,41.89328410195243,0.0</coordinates>
                        </LinearRing>
                    </outerBoundaryIs>
                </Polygon>
            </Placemark>
            <Placemark id="278">
                <name>AZ 28 EL 5.0</name>
                <styleUrl>#5</styleUrl>
                <Polygon id="277">
                    <outerBoundaryIs>
                        <LinearRing id="281">
                            <coordinates>-69.96300770538465,41.89326534291603,0.0 -69.96301846904308,41.89326099352022,0.0 -69.9630380879361,41.89324351642478,0.0 -69.96306522505071,41.89321410266077,0.0 -69.96309803101487,41.89317475672308,0.0 -69.96313427013519,41.89312815996849,0.0 -69.96317147276137,41.893077487886856,0.0 -69.96320710359262,41.89302619369705,0.0 -69.96323873445509,41.89297777301586,0.0 -69.96326420977562,41.892935525636815,0.0 -69.96328179347572,41.8929023306535,0.0 -69.96329028727645,41.89288045025297,0.0 -69.96328911235346,41.89287137555039,0.0 -69.96327834877913,41.892875724971454,0.0 -69.96325873006482,41.89289320210781,0.0 -69.96323159317566,41.89292261591737,0.0 -69.96319878742328,41.89296196189309,0.0 -69.96316254844432,41.89300855866794,0.0 -69.9631253458512,41.893059230746715,0.0 -69.96308971493586,41.89311052491125,0.0 -69.96305808389468,41.893158945551534,0.0 -69.96303260834871,41.89320119288503,0.0 -69.96301502443683,41.89323438783033,0.0 -69.96300653049474,41.89325626821057,0.0 -69.96300770538465,41.89326534291603,0.0</coordinates>
                        </LinearRing>
                    </outerBoundaryIs>
                </Polygon>
            </Placemark>
            <Placemark id="284">
                <name>AZ 33 EL 5.0</name>
                <styleUrl>#5</styleUrl>
                <Polygon id="283">
                    <outerBoundaryIs>
                        <LinearRing id="287">
                            <coordinates>-69.96295726924261,41.893243227510304,0.0 -69.96296850118328,41.893239592993375,0.0 -69.9629900917038,41.893223455244915,0.0 -69.9630205694269,41.89319591402052,0.0 -69.96305785732154,41.89315884620305,0.0 -69.96309941425578,41.89311477789773,0.0 -69.96314240817694,41.89306671228374,0.0 -69.96318390911576,41.89301792495327,0.0 -69.96322108886014,41.89297174068533,0.0 -69.96325141369093,41.89293130686675,0.0 -69.96327281704558,41.89289937900153,0.0 -69.9632838403444,41.892878132926164,0.0 -69.96328373238407,41.892869016528614,0.0 -69.9632725005265,41.89287265107624,0.0 -69.96325091019591,41.892888788877606,0.0 -69.96322043271869,41.892916330162905,0.0 -69.96318314505996,41.89295339803297,0.0 -69.9631415882885,41.89299746636847,0.0 -69.96309859441332,41.89304553198217,0.0 -69.9630570933914,41.893094319281914,0.0 -69.96301991345709,41.89314050349695,0.0 -69.96298958838044,41.89318093725463,0.0 -69.96296818478986,41.89321286506727,0.0 -69.96295716132826,41.893234111112434,0.0 -69.96295726924261,41.893243227510304,0.0</coordinates>
                        </LinearRing>
                    </outerBoundaryIs>
                </Polygon>
            </Placemark>
            <Placemark id="290">
                <name>AZ 38 EL 5.0</name>
                <styleUrl>#5</styleUrl>
                <Polygon id="289">
                    <outerBoundaryIs>
                        <LinearRing id="293">
                            <coordinates>-69.96290961440965,41.89321792405021,0.0 -69.96292122914858,41.89321503207312,0.0 -69.9629446269746,41.89320035649075,0.0 -69.96297821334501,41.893174897413196,0.0 -69.96301969937831,41.89314038982685,0.0 -69.96306625784463,41.8930991853598,0.0 -69.96311471584352,41.893054092024286,0.0 -69.9631617710367,41.89300818285629,0.0 -69.96320421669846,41.89296458649334,0.0 -69.96323916024662,41.89292627396207,0.0 -69.96326422036196,41.89289585620587,0.0 -69.96327768926433,41.89287540615143,0.0 -69.96327864908817,41.89286631744029,0.0 -69.96326703442884,41.89286920945339,0.0 -69.9632436367982,41.89288388510121,0.0 -69.96321005068661,41.8929093442561,0.0 -69.96316856490621,41.892943851910964,0.0 -69.96312200661912,41.89298505641932,0.0 -69.96307354867776,41.89303014975791,0.0 -69.96302649340498,41.893076058889896,0.0 -69.96298404754783,41.89311965518741,0.0 -69.96294910374085,41.893157967641336,0.0 -69.96292404337261,41.893188385329026,0.0 -69.96291057429102,41.89320883534213,0.0 -69.96290961440965,41.89321792405021,0.0</coordinates>
                        </LinearRing>
                    </outerBoundaryIs>
                </Polygon>
            </Placemark>
            <Placemark id="296">
                <name>AZ 43 EL 5.0</name>
                <styleUrl>#5</styleUrl>
                <Polygon id="295">
                    <outerBoundaryIs>
                        <LinearRing id="299">
                            <coordinates>-69.96286510357122,41.893189625114054,0.0 -69.96287701271119,41.89318749768647,0.0 -69.96290203976588,41.89317439596094,0.0 -69.96293847916341,41.89315121279059,0.0 -69.96298384759268,41.89311952806078,0.0 -69.96303505324404,41.89308150102493,0.0 -69.96308860651794,41.89303972315737,0.0 -69.96314085784054,41.89299704155002,0.0 -69.96318824637794,41.892956364888,0.0 -69.96322754269909,41.892920465226375,0.0 -69.963256068851,41.89289178907722,0.0 -69.96327188084975,41.89287229068121,0.0 -69.96327390115276,41.89286329882717,0.0 -69.96326199208646,41.892865426295764,0.0 -69.96323696522666,41.892878528099445,0.0 -69.96320052609303,41.89290171136414,0.0 -69.96315515792595,41.89293339617925,0.0 -69.96310395246485,41.89297142326845,0.0 -69.96305039925825,41.893013201143134,0.0 -69.96299814786197,41.89305588270948,0.0 -69.96295075912968,41.89309655929336,0.0 -69.96291146254464,41.893132458860606,0.0 -69.96288293613053,41.89316113492448,0.0 -69.96286712394154,41.893180633267136,0.0 -69.96286510357122,41.893189625114054,0.0</coordinates>
                        </LinearRing>
                    </outerBoundaryIs>
                </Polygon>
            </Placemark>
            <Placemark id="302">
                <name>AZ 48 EL 5.0</name>
                <styleUrl>#5</styleUrl>
                <Polygon id="301">
                    <outerBoundaryIs>
                        <LinearRing id="305">
                            <coordinates>-69.96282407548331,41.893158546077636,0.0 -69.96283618838667,41.89315719939038,0.0 -69.96286265419384,41.893145771234146,0.0 -69.96290166928495,41.893125040409835,0.0 -69.96295057481994,41.89309641967775,0.0 -69.96300603794111,41.89306185948324,0.0 -69.96306427890887,41.89302371503985,0.0 -69.96312132869002,41.892984585827215,0.0 -69.9631732994428,41.892947138441045,0.0 -69.96321664946512,41.892913924867884,0.0 -69.96324842455068,41.89288720856898,0.0 -69.96326645930623,41.89286881022619,0.0 -69.9632695247125,41.892859983662746,0.0 -69.96325741187464,41.89286133039554,0.0 -69.96323094625596,41.89287275864242,0.0 -69.96319193142583,41.892893489578185,0.0 -69.96314302615436,41.89292211041268,0.0 -69.96308756322865,41.89295667067309,0.0 -69.96302932233594,41.89299481512825,0.0 -69.96297227248928,41.89303394429534,0.0 -69.96292030154802,41.89307139159089,0.0 -69.96287695126472,41.89310460505258,0.0 -69.96284517591565,41.89313132124909,0.0 -69.96282714096462,41.893149719525965,0.0 -69.96282407548331,41.893158546077636,0.0</coordinates>
                        </LinearRing>
                    </outerBoundaryIs>
                </Polygon>
            </Placemark>
            <Placemark id="308">
                <name>AZ 53 EL 5.0</name>
                <styleUrl>#5</styleUrl>
                <Polygon id="307">
                    <outerBoundaryIs>
                        <LinearRing id="311">
                            <coordinates>-69.96278684239425,41.89312492347508,0.0 -69.96279906687285,41.893124367776956,0.0 -69.96282677000669,41.893114700165256,0.0 -69.9628680638554,41.89309657946148,0.0 -69.9629201342864,41.89307124054884,0.0 -69.96297943276026,41.89304041022046,0.0 -69.9630419181645,41.89300618950438,0.0 -69.96310333221405,41.8929709104842,0.0 -69.96315948964843,41.892936977371775,0.0 -69.96320656344895,41.89290670266288,0.0 -69.96324134563883,41.89288214954168,0.0 -69.96326146589503,41.89286499127475,0.0 -69.96326555307475,41.89285639717748,0.0 -69.96325332865152,41.892856952925065,0.0 -69.96322562569402,41.892866620639296,0.0 -69.96318433209542,41.89288474147118,0.0 -69.96313226192126,41.89291008050315,0.0 -69.96307296364216,41.892940910910156,0.0 -69.96301047831842,41.892975131643055,0.0 -69.96294906421353,41.893010410613776,0.0 -69.96289290660279,41.893044343623686,0.0 -69.96284583255218,41.89307461820447,0.0 -69.96281105010543,41.89309917120634,0.0 -69.96279092965447,41.89311632939462,0.0 -69.96278684239425,41.89312492347508,0.0</coordinates>
                        </LinearRing>
                    </outerBoundaryIs>
                </Polygon>
            </Placemark>
            <Placemark id="314">
                <name>AZ 58 EL 5.0</name>
                <styleUrl>#5</styleUrl>
                <Polygon id="313">
                    <outerBoundaryIs>
                        <LinearRing id="317">
                            <coordinates>-69.96275368766837,41.89308901319848,0.0 -69.96276593068508,41.89308925271831,0.0 -69.96279466030336,41.893081419227265,0.0 -69.96283791863132,41.893066046553415,0.0 -69.96289275766226,41.89304418230477,0.0 -69.96295544018263,41.893017316480154,0.0 -69.96302169446344,41.89298727993205,0.0 -69.96308700537664,41.892956119599326,0.0 -69.96314692209575,41.89292595901246,0.0 -69.96319736141125,41.892898853576924,0.0 -69.96323488599027,41.8928766504977,0.0 -69.96325693861903,41.89286086289151,0.0 -69.96326201646606,41.89285256666674,0.0 -69.96324977349283,41.892852327199584,0.0 -69.96322104403342,41.892860160804084,0.0 -69.9631777859371,41.892875533621705,0.0 -69.96312294714853,41.892897398005964,0.0 -69.9630602648163,41.89292426392166,0.0 -69.962994010619,41.892954300491944,0.0 -69.9629286996623,41.89298546077197,0.0 -69.96286878278433,41.893015621245404,0.0 -69.96281834323719,41.89304272653715,0.0 -69.96278081841578,41.89306492948077,0.0 -69.9627587655989,41.893080716995875,0.0 -69.96275368766837,41.89308901319848,0.0</coordinates>
                        </LinearRing>
                    </outerBoundaryIs>
                </Polygon>
            </Placemark>
            <Placemark id="320">
                <name>AZ 63 EL 5.0</name>
                <styleUrl>#5</styleUrl>
                <Polygon id="319">
                    <outerBoundaryIs>
                        <LinearRing id="323">
                            <coordinates>-69.96272486362938,41.89305108855035,0.0 -69.96273703200639,41.89305212146479,0.0 -69.96276656945517,41.89304618171143,0.0 -69.96281146303376,41.89303367406234,0.0 -69.96286865329839,41.89301545087735,0.0 -69.962934242805,41.89299275402134,0.0 -69.96300376171955,41.89296713023727,0.0 -69.96307247243449,41.89294032574091,0.0 -69.9631356924312,41.8929141672199,0.0 -69.963189113385,41.892890437346516,0.0 -69.96322909476677,41.89287075328818,0.0 -69.96325291193348,41.89285645649601,0.0 -69.96325894180208,41.892848521283064,0.0 -69.96324677345544,41.892847488423705,0.0 -69.9632172361432,41.89285342830012,0.0 -69.96317234277073,41.89286593610725,0.0 -69.96311515272662,41.89288415944292,0.0 -69.96304956339581,41.892906856401865,0.0 -69.96298004456524,41.89293248021355,0.0 -69.96291133381996,41.89295928465482,0.0 -69.9628481136867,41.89298544305279,0.0 -69.96279469252676,41.893009172768124,0.0 -69.96275471092446,41.89302885667579,0.0 -69.96273089358196,41.893043153365014,0.0 -69.96272486362938,41.89305108855035,0.0</coordinates>
                        </LinearRing>
                    </outerBoundaryIs>
                </Polygon>
            </Placemark>
            <Placemark id="326">
                <name>AZ 68 EL 5.0</name>
                <styleUrl>#5</styleUrl>
                <Polygon id="325">
                    <outerBoundaryIs>
                        <LinearRing id="329">
                            <coordinates>-69.96270058964028,41.893011438163484,0.0 -69.9627125907681,41.89301325661091,0.0 -69.96274271124598,41.893009255799555,0.0 -69.96278889840215,41.89299970836503,0.0 -69.96284800464082,41.89298526493221,0.0 -69.9629160019503,41.89296690978073,0.0 -69.96298825641057,41.89294589377251,0.0 -69.96305984399135,41.892923649110436,0.0 -69.96312588611893,41.89290169173716,0.0 -69.9631818821425,41.89288151802447,0.0 -69.96322401604296,41.89286450279456,0.0 -69.96324941648383,41.89285180562363,0.0 -69.96325635248284,41.892844291814285,0.0 -69.96324435137129,41.892842473423464,0.0 -69.96321423100348,41.892846474365896,0.0 -69.96316804402169,41.89285602197086,0.0 -69.963108937975,41.892870465567796,0.0 -69.96304094082362,41.89288882083307,0.0 -69.96296868644527,41.89290983687433,0.0 -69.96289709884822,41.89293208147978,0.0 -69.96283105661055,41.892954038721975,0.0 -69.96277506041261,41.89297421226424,0.0 -69.96273292632017,41.892991227330036,0.0 -69.96270752572119,41.89300392438715,0.0 -69.96270058964028,41.893011438163484,0.0</coordinates>
                        </LinearRing>
                    </outerBoundaryIs>
                </Polygon>
            </Placemark>
            <Placemark id="332">
                <name>AZ 73 EL 5.0</name>
                <styleUrl>#5</styleUrl>
                <Polygon id="331">
                    <outerBoundaryIs>
                        <LinearRing id="335">
                            <coordinates>-69.96268105043396,41.8929703638042,0.0 -69.96269279297636,41.89297295394454,0.0 -69.96272326724547,41.8929709225228,0.0 -69.96277039646219,41.89296440796331,0.0 -69.96283096883458,41.892953854204485,0.0 -69.9629008564398,41.89293998045004,0.0 -69.96297529653953,41.89292373216105,0.0 -69.96304921615624,41.89290621662777,0.0 -69.96311757779037,41.89288862751057,0.0 -69.96317572271757,41.8928721634924,0.0 -69.96321968847084,41.89285794658695,0.0 -69.96324647887252,41.89284694567036,0.0 -69.96325426821453,41.89283991044925,0.0 -69.96324252567382,41.8928373203661,0.0 -69.96321205148496,41.892839351925126,0.0 -69.96316492240555,41.8928458666652,0.0 -69.96310435019075,41.89285642059951,0.0 -69.96303446272115,41.89287029447733,0.0 -69.96296002269877,41.89288654280453,0.0 -69.96288610308036,41.89290405828061,0.0 -69.96281774136597,41.892921647260536,0.0 -69.96275959630145,41.89293811109813,0.0 -69.96271563039059,41.89295232782809,0.0 -69.96268883985329,41.89296332862129,0.0 -69.96268105043396,41.8929703638042,0.0</coordinates>
                        </LinearRing>
                    </outerBoundaryIs>
                </Polygon>
            </Placemark>
            <Placemark id="338">
                <name>AZ 78 EL 5.0</name>
                <styleUrl>#5</styleUrl>
                <Polygon id="337">
                    <outerBoundaryIs>
                        <LinearRing id="341">
                            <coordinates>-69.96266639470745,41.89292817807561,0.0 -69.96267778929656,41.892931520195745,0.0 -69.96270838542726,41.89293147362281,0.0 -69.96275609801901,41.892928041516505,0.0 -69.96281767552792,41.892921457750454,0.0 -69.9628889215367,41.89291217097895,0.0 -69.96296498073669,41.892900814067055,0.0 -69.96304066981207,41.89288816096521,0.0 -69.96311083067617,41.8928750739671,0.0 -69.96317068198681,41.89286244494413,0.0 -69.9632161449857,41.89285113456215,0.0 -69.9632441214564,41.89284191362342,0.0 -69.96325270485958,41.89283541053283,0.0 -69.96324131025753,41.89283206846952,0.0 -69.96321071417483,41.89283211518393,0.0 -69.96316300167918,41.892835547478406,0.0 -69.9631014242887,41.892842131428935,0.0 -69.96303017838893,41.892851418331766,0.0 -69.96295411925935,41.8928627752867,0.0 -69.9628784301969,41.892875428331706,0.0 -69.9628082692848,41.892888515188375,0.0 -69.96274841787807,41.892901144023156,0.0 -69.96270295476079,41.89291245422067,0.0 -69.96267497818106,41.892921675028035,0.0 -69.96266639470745,41.89292817807561,0.0</coordinates>
                        </LinearRing>
                    </outerBoundaryIs>
                </Polygon>
            </Placemark>
            <Placemark id="344">
                <name>AZ 83 EL 5.0</name>
                <styleUrl>#5</styleUrl>
                <Polygon id="343">
                    <outerBoundaryIs>
                        <LinearRing id="347">
                            <coordinates>-69.96265673399061,41.89288520203846,0.0 -69.96266769390708,41.89288927070227,0.0 -69.96269817904316,41.8928912093313,0.0 -69.96274611188576,41.89289088579685,0.0 -69.96280822588571,41.89288832212797,0.0 -69.96288028806899,41.892883693015385,0.0 -69.962957387509,41.89287731391176,0.0 -69.96303427000016,41.8928696195377,0.0 -69.96310569612507,41.892861134257686,0.0 -69.96316679831277,41.89285243634382,0.0 -69.96321341255533,41.89284411856384,0.0 -69.96324236217673,41.89283674777979,0.0 -69.96325167431598,41.892830826312135,0.0 -69.96324071437235,41.89282675770384,0.0 -69.96321022925056,41.89282481921829,0.0 -69.96316229645988,41.89282514294575,0.0 -69.96310018253558,41.89282770680544,0.0 -69.96302812043142,41.892832336055484,0.0 -69.96295102105277,41.89283871520644,0.0 -69.96287413858877,41.89284640952495,0.0 -69.96280271244956,41.89285489466149,0.0 -69.96274161020993,41.892863592382355,0.0 -69.96269499589171,41.892871909971525,0.0 -69.96266604619123,41.89287928061812,0.0 -69.96265673399061,41.89288520203846,0.0</coordinates>
                        </LinearRing>
                    </outerBoundaryIs>
                </Polygon>
            </Placemark>
            <Placemark id="350">
                <name>AZ 88 EL 5.0</name>
                <styleUrl>#5</styleUrl>
                <Polygon id="349">
                    <outerBoundaryIs>
                        <LinearRing id="353">
                            <coordinates>-69.96265214179746,41.892841762767596,0.0 -69.96266258363042,41.89284652700957,0.0 -69.9626927257613,41.892850436085126,0.0 -69.9627405140557,41.8928532235829,0.0 -69.96280269181969,41.89285469952008,0.0 -69.96287502173836,41.89285476329455,0.0 -69.96295257464261,41.89285341054606,0.0 -69.96303006542514,41.89285073345709,0.0 -69.96310221321313,41.892846914472145,0.0 -69.96316410125206,41.89284221386309,0.0 -69.96321151197499,41.89283695198808,0.0 -69.96324121442254,41.89283148745465,0.0 -69.96325118442668,41.89282619267587,0.0 -69.96324074255315,41.892821428487196,0.0 -69.96321060040242,41.892817519554946,0.0 -69.96316281211422,41.89281473225207,0.0 -69.96310063438081,41.89281325650914,0.0 -69.96302830450891,41.89281319287624,0.0 -69.9629507516551,41.89281454567569,0.0 -69.96287326091316,41.89281722271134,0.0 -69.96280111314502,41.89282104155297,0.0 -69.96273922509988,41.89282574196715,0.0 -69.96269181434637,41.89283100364789,0.0 -69.96266211185204,41.892836468039754,0.0 -69.96265214179746,41.892841762767596,0.0</coordinates>
                        </LinearRing>
                    </outerBoundaryIs>
                </Polygon>
            </Placemark>
            <Placemark id="356">
                <name>AZ 93 EL 5.0</name>
                <styleUrl>#5</styleUrl>
                <Polygon id="355">
                    <outerBoundaryIs>
                        <LinearRing id="359">
                            <coordinates>-69.96265265306708,41.892798190862706,0.0 -69.96266249734893,41.8928036144236,0.0 -69.96269206707545,41.89280946419396,0.0 -69.96273934712399,41.8928153415075,0.0 -69.96280111544132,41.8928208458157,0.0 -69.96287316262027,41.892825601989564,0.0 -69.96295057876331,41.89282928588937,0.0 -69.96302808808449,41.89283164645805,0.0 -69.96310040844632,41.8928325228318,0.0 -69.96316261133039,41.89283185530125,0.0 -69.96321045770894,41.892829689376875,0.0 -69.9632406869288,41.89282617268229,0.0 -69.96325123891991,41.892821544888776,0.0 -69.96324139458531,41.89281612137816,0.0 -69.9632118248054,41.89281027174872,0.0 -69.96316454471715,41.89280439462897,0.0 -69.96310277638439,41.89279889051553,0.0 -69.96303072921849,41.89279413448519,0.0 -69.96295331311342,41.89279045063921,0.0 -69.96287580384501,41.89278809002024,0.0 -69.96280348353655,41.89278721350559,0.0 -69.96274128069221,41.892787880842334,0.0 -69.96269343432907,41.89279004657197,0.0 -69.96266320509618,41.89279356312302,0.0 -69.96265265306708,41.892798190862706,0.0</coordinates>
                        </LinearRing>
                    </outerBoundaryIs>
                </Polygon>
            </Placemark>
            <Placemark id="362">
                <name>AZ 98 EL 5.0</name>
                <styleUrl>#5</styleUrl>
                <Polygon id="361">
                    <outerBoundaryIs>
                        <LinearRing id="365">
                            <coordinates>-69.96265826389798,41.89275481793225,0.0 -69.96266743570915,41.89276085953508,0.0 -69.96269620798938,41.89276860547872,0.0 -69.9627426199638,41.89277752787626,0.0 -69.96280350874153,41.89278701866214,0.0 -69.96287472485906,41.89279643103572,0.0 -69.96295141505777,41.89280512354504,0.0 -69.96302835302494,41.89281250380432,0.0 -69.96310029555892,41.892818068865786,0.0 -69.96316233988637,41.89282143949329,0.0 -69.96321025778049,41.892822386003104,0.0 -69.96324078370989,41.89282084391135,0.0 -69.96325183738082,41.892816918323355,0.0 -69.96324266550633,41.89281087676701,0.0 -69.9632138931408,41.892803130959784,0.0 -69.96316748108192,41.892794208751994,0.0 -69.96310659224326,41.89278471815839,0.0 -69.96303537610463,41.89277530592803,0.0 -69.96295868593029,41.8927666134746,0.0 -69.96288174802646,41.8927592331688,0.0 -69.96280980557779,41.89275366797096,0.0 -69.96274776133477,41.89275029715368,0.0 -69.96269984350158,41.89274935045161,0.0 -69.9626693175933,41.89275089240011,0.0 -69.96265826389798,41.89275481793225,0.0</coordinates>
                        </LinearRing>
                    </outerBoundaryIs>
                </Polygon>
            </Placemark>
            <Placemark id="368">
                <name>AZ 103 EL 5.0 [IN CURRENT MASK]</name>
                <styleUrl>#5</styleUrl>
                <Polygon id="367">
                    <outerBoundaryIs>
                        <LinearRing id="371">
                            <coordinates>-69.96266893157814,41.892711974069655,0.0 -69.96267736111726,41.89271858773388,0.0 -69.96270511697912,41.892728170898394,0.0 -69.96275030765908,41.89274007047337,0.0 -69.96280985349959,41.89275347550419,0.0 -69.96287969656049,41.89276747244148,0.0 -69.96295507715807,41.89278110740302,0.0 -69.96303085822815,41.89279345118304,0.0 -69.96310187540887,41.89280366257752,0.0 -69.96316328898526,41.89281104570979,0.0 -69.96321091371094,41.89281509744985,0.0 -69.9632415040291,41.89281554169696,0.0 -69.96325297525466,41.892812348190546,0.0 -69.96324454564356,41.89280573456839,0.0 -69.96321678966706,41.89279615153378,0.0 -69.96317159886053,41.89278425214168,0.0 -69.9631120529154,41.89277084729774,0.0 -69.96304220979988,41.892756850501236,0.0 -69.96296682921235,41.89274321559668,0.0 -69.96289104821423,41.89273087177457,0.0 -69.96282003114815,41.89272066025019,0.0 -69.96275861769834,41.892713276935034,0.0 -69.96271099307728,41.89270922500811,0.0 -69.96268040281372,41.89270878062019,0.0 -69.96266893157814,41.892711974069655,0.0</coordinates>
                        </LinearRing>
                    </outerBoundaryIs>
                </Polygon>
            </Placemark>
            <Placemark id="374">
                <name>AZ 108 EL 5.0 [IN CURRENT MASK]</name>
                <styleUrl>#5</styleUrl>
                <Polygon id="373">
                    <outerBoundaryIs>
                        <LinearRing id="377">
                            <coordinates>-69.96268457491033,41.89266998534119,0.0 -69.96269219802538,41.89267712073265,0.0 -69.96271872623319,41.89268846818345,0.0 -69.96276235169427,41.8927032543714,0.0 -69.96282010142201,41.89272047162491,0.0 -69.96288803988242,41.89273894659876,0.0 -69.9629615371903,41.892757420240414,0.0 -69.96303558462606,41.892774633595984,0.0 -69.96310513597147,41.89278941360748,0.0 -69.96316545140327,41.892800753053685,0.0 -69.96321242050796,41.89280787918739,0.0 -69.9632428424042,41.89281030639222,0.0 -69.9632546438814,41.89280786927178,0.0 -69.96324702068792,41.892800733917504,0.0 -69.96322049233963,41.89278938658831,0.0 -69.96317686671367,41.89277460057376,0.0 -69.96311911684082,41.892757383498974,0.0 -69.96305117829397,41.892738908661315,0.0 -69.96297768098145,41.89272043507684,0.0 -69.96290363362414,41.89270322168405,0.0 -69.96283408241919,41.89268844155098,0.0 -69.96277376715229,41.89267710193139,0.0 -69.96272679819269,41.892669975618944,0.0 -69.9626963763829,41.89266754827792,0.0 -69.96268457491033,41.89266998534119,0.0</coordinates>
                        </LinearRing>
                    </outerBoundaryIs>
                </Polygon>
            </Placemark>
            <Placemark id="380">
                <name>AZ 113 EL 5.0 [IN CURRENT MASK]</name>
                <styleUrl>#5</styleUrl>
                <Polygon id="379">
                    <outerBoundaryIs>
                        <LinearRing id="383">
                            <coordinates>-69.96270507483044,41.89262917130446,0.0 -69.96271183350693,41.89263677411846,0.0 -69.96273693216884,41.89264979949388,0.0 -69.96277866040002,41.89266735976175,0.0 -69.96283417451026,41.892688258202725,0.0 -69.96289969132283,41.89271107060575,0.0 -69.96297074598675,41.89273424233035,0.0 -69.963042496246,41.89275619425612,0.0 -69.96311005243078,41.892775430398814,0.0 -69.9631688106825,41.89279063985825,0.0 -69.96321476670366,41.892800786151035,0.0 -69.96324478864922,41.89280517784087,0.0 -69.96325683056168,41.89280351565435,0.0 -69.96325007180268,41.89279591287231,0.0 -69.96322497297872,41.89278288760862,0.0 -69.96318324454936,41.89276532750231,0.0 -69.96312773025791,41.89274442922947,0.0 -69.96306221332969,41.89272161695604,0.0 -69.96299115864664,41.892698445287834,0.0 -69.96291940846989,41.8926764933301,0.0 -69.96285185244719,41.89265725707569,0.0 -69.96279309439362,41.89264204745468,0.0 -69.96274713855367,41.89263190099378,0.0 -69.96271711672377,41.8926275091743,0.0 -69.96270507483044,41.89262917130446,0.0</coordinates>
                        </LinearRing>
                    </outerBoundaryIs>
                </Polygon>
            </Placemark>
            <Placemark id="386">
                <name>AZ 118 EL 5.0 [IN CURRENT MASK]</name>
                <styleUrl>#5</styleUrl>
                <Polygon id="385">
                    <outerBoundaryIs>
                        <LinearRing id="389">
                            <coordinates>-69.96273027531383,41.89258984257638,0.0 -69.96273611811628,41.892597854950964,0.0 -69.9627595962207,41.892612459119626,0.0 -69.96279910965094,41.89263265982232,0.0 -69.96285196565456,41.89265708039983,0.0 -69.96291456220341,41.8926840566146,0.0 -69.96298263346023,41.89271175007007,0.0 -69.9630515404847,41.89273827349754,0.0 -69.96311658736856,41.89276181937194,0.0 -69.96317334125631,41.892780783090885,0.0 -69.96321793444179,41.892793872323004,0.0 -69.96324732795192,41.892800195074315,0.0 -69.96325951865346,41.89279932047186,0.0 -69.96325367576692,41.8927913081238,0.0 -69.9632301974838,41.89277670405578,0.0 -69.9631906838281,41.892756503500834,0.0 -69.96313782761271,41.89273208307866,0.0 -69.96307523092251,41.89270510698513,0.0 -69.96300715963261,41.89267741358436,0.0 -69.96293825269224,41.892650890130355,0.0 -69.96287320598708,41.892627344155315,0.0 -69.96281645232477,41.8926083802886,0.0 -69.96277185935108,41.89259529090115,0.0 -69.9627424659823,41.892588968028605,0.0 -69.96273027531383,41.89258984257638,0.0</coordinates>
                        </LinearRing>
                    </outerBoundaryIs>
                </Polygon>
            </Placemark>
            <Placemark id="392">
                <name>AZ 123 EL 5.0 [IN CURRENT MASK]</name>
                <styleUrl>#5</styleUrl>
                <Polygon id="391">
                    <outerBoundaryIs>
                        <LinearRing id="395">
                            <coordinates>-69.96275998456305,41.89255229846928,0.0 -69.96276486702637,41.892560659425676,0.0 -69.9627865458956,41.8925767312409,0.0 -69.9628235438106,41.892599418638454,0.0 -69.96287333944917,41.892627175496465,0.0 -69.96293253934442,41.89265811021684,0.0 -69.96299710913756,41.89269011463844,0.0 -69.9630626485085,41.892721007707564,0.0 -69.96312469104912,41.89274868411476,0.0 -69.9631790086438,41.892771257767414,0.0 -69.96322189961371,41.89278719032167,0.0 -69.96325044098654,41.89279539601433,0.0 -69.96326268769864,41.892795315652144,0.0 -69.96325780515224,41.89278695471684,0.0 -69.96323612609308,41.89277088299025,0.0 -69.96319912793221,41.89274819572513,0.0 -69.96314933205771,41.89272043900787,0.0 -69.9630901319997,41.8926895043988,0.0 -69.96302556216057,41.89265750002934,0.0 -69.96296002287274,41.89262660693911,0.0 -69.96289798052206,41.89259893044331,0.0 -69.96284366317322,41.8925763566582,0.0 -69.96280077243924,41.89256042396321,0.0 -69.96277223122917,41.892552218159196,0.0 -69.96275998456305,41.89255229846928,0.0</coordinates>
                        </LinearRing>
                    </outerBoundaryIs>
                </Polygon>
            </Placemark>
            <Placemark id="398">
                <name>AZ 128 EL 5.0 [IN CURRENT MASK]</name>
                <styleUrl>#5</styleUrl>
                <Polygon id="397">
                    <outerBoundaryIs>
                        <LinearRing id="401">
                            <coordinates>-69.96279397646774,41.89251682471313,0.0 -69.96279786143556,41.892525470619745,0.0 -69.96281757608541,41.89254288776552,0.0 -69.96285177691601,41.89256788919313,0.0 -69.96289813322312,41.89259877108504,0.0 -69.96295348592628,41.89263342887887,0.0 -69.96301406284816,41.89266950069321,0.0 -69.96307573577738,41.892704528288704,0.0 -69.9631343017978,41.89273612459415,0.0 -69.96318576971235,41.892762136381144,0.0 -69.96322663204191,41.892780791000995,0.0 -69.96325410406095,41.89279081718464,0.0 -69.96326631357887,41.89279153167428,0.0 -69.96326242853145,41.89278288578344,0.0 -69.96324271368623,41.89276546871376,0.0 -69.96320851259681,41.89274046740214,0.0 -69.9631621560368,41.89270958563506,0.0 -69.96310680315442,41.892674927941435,0.0 -69.96304622617501,41.892638856175836,0.0 -69.96298455332538,41.892603828564546,0.0 -69.96292598750036,41.89257223218303,0.0 -69.9628745198446,41.89254622028003,0.0 -69.96283365776794,41.89252756553536,0.0 -69.96280618592813,41.89251753925149,0.0 -69.96279397646774,41.89251682471313,0.0</coordinates>
                        </LinearRing>
                    </outerBoundaryIs>
                </Polygon>
            </Placemark>
            <Placemark id="404">
                <name>AZ 133 EL 5.0</name>
                <styleUrl>#5</styleUrl>
                <Polygon id="403">
                    <outerBoundaryIs>
                        <LinearRing id="407">
                            <coordinates>-69.96283199232556,41.89248369128095,0.0 -69.962834850233,41.892492556337714,0.0 -69.96285245062832,41.89251118625957,0.0 -69.96288359409316,41.89253831144178,0.0 -69.96292615827822,41.89257208333815,0.0 -69.96297724253083,41.89261020043894,0.0 -69.9630333655626,41.892650065117905,0.0 -69.96309070268836,41.8926889606586,0.0 -69.96314534647041,41.892724236395296,0.0 -69.96319357300582,41.89275348835114,0.0 -69.96323209570957,41.89277472306358,0.0 -69.96325828929683,41.89278649343285,0.0 -69.96327036869891,41.89278799733657,0.0 -69.96326751071783,41.89277913229059,0.0 -69.96324991012762,41.89276050243211,0.0 -69.96321876639887,41.892733377348875,0.0 -69.96317620195161,41.89269960556056,0.0 -69.96312511750877,41.89266148854795,0.0 -69.96306899440971,41.892621623913655,0.0 -69.96301165735761,41.89258272836216,0.0 -69.96295701377045,41.892547452562084,0.0 -69.96290878749893,41.89251820050727,0.0 -69.96287026505739,41.892496965686775,0.0 -69.96284407166036,41.89248519522933,0.0 -69.96283199232556,41.89248369128095,0.0</coordinates>
                        </LinearRing>
                    </outerBoundaryIs>
                </Polygon>
            </Placemark>
            <Placemark id="410">
                <name>AZ 138 EL 5.0</name>
                <styleUrl>#5</styleUrl>
                <Polygon id="409">
                    <outerBoundaryIs>
                        <LinearRing id="413">
                            <coordinates>-69.96287374281128,41.89245315033434,0.0 -69.9628755519098,41.89246216707343,0.0 -69.96289090410616,41.892481867987286,0.0 -69.96291875319241,41.892510910486095,0.0 -69.9629572013254,41.892547315363394,0.0 -69.96300362835473,41.89258860167786,0.0 -69.9630548703746,41.892631955827824,0.0 -69.96310743533354,41.892674423295624,0.0 -69.96315774100994,41.892713109994155,0.0 -69.96320235913622,41.89274537949392,0.0 -69.96323824903476,41.89276903269,0.0 -69.96326296484196,41.89278245766526,0.0 -69.96327482219688,41.8927847395374,0.0 -69.96327301303288,41.89277572280457,0.0 -69.96325766064801,41.892756021941615,0.0 -69.9632298113008,41.892726979524674,0.0 -69.9631913629043,41.89269057473833,0.0 -69.96314493567951,41.89264928849947,0.0 -69.9630936935846,41.892605934389536,0.0 -69.96304112869115,41.89256346691546,0.0 -69.96299082320324,41.89252478016605,0.0 -69.96294620533793,41.8924925105844,0.0 -69.9629103157029,41.892468857297395,0.0 -69.96288560009117,41.8924554322465,0.0 -69.96287374281128,41.89245315033434,0.0</coordinates>
                        </LinearRing>
                    </outerBoundaryIs>
                </Polygon>
            </Placemark>
            <Placemark id="416">
                <name>AZ 143 EL 5.0</name>
                <styleUrl>#5</styleUrl>
                <Polygon id="415">
                    <outerBoundaryIs>
                        <LinearRing id="419">
                            <coordinates>-69.96291891017867,41.89242543430448,0.0 -69.96291965670162,41.892434534103785,0.0 -69.96293264386456,41.892455156075,0.0 -69.96295698663143,41.89248589486095,0.0 -69.96299102610786,41.89252465565767,0.0 -69.96303244258547,41.89256879697349,0.0 -69.9630784136192,41.89261531064443,0.0 -69.9631258063671,41.89266102683717,0.0 -69.96317139108622,41.892702830068984,0.0 -69.96321206123565,41.89273787152257,0.0 -69.96324504518692,41.892763763187325,0.0 -69.96326809511262,41.892778740596455,0.0 -69.96327964017894,41.892781783070575,0.0 -69.96327889360066,41.89277268327357,0.0 -69.96326590626136,41.892752061341376,0.0 -69.9632415632444,41.892721322620666,0.0 -69.9632075235111,41.89268256189794,0.0 -69.96316610683874,41.89263842064502,0.0 -69.96312013572452,41.89259190700906,0.0 -69.96307274303196,41.892546190813974,0.0 -69.9630271584892,41.89250438754317,0.0 -69.96298648858988,41.89246934602433,0.0 -69.96295350489544,41.89244345428559,0.0 -69.9629304551645,41.892428476813556,0.0 -69.96291891017867,41.89242543430448,0.0</coordinates>
                        </LinearRing>
                    </outerBoundaryIs>
                </Polygon>
            </Placemark>
            <Placemark id="422">
                <name>AZ 148 EL 5.0</name>
                <styleUrl>#5</styleUrl>
                <Polygon id="421">
                    <outerBoundaryIs>
                        <LinearRing id="425">
                            <coordinates>-69.96296715067876,41.89240075412325,0.0 -69.96296682894607,41.892409867728674,0.0 -69.9629773522401,41.892431253813115,0.0 -69.96299800343165,41.89246345494746,0.0 -69.96302737519927,41.89250427667269,0.0 -69.96306346592975,41.892550937049876,0.0 -69.96310381611823,41.89260025624642,0.0 -69.96314567597443,41.8926488732376,0.0 -69.96318619281394,41.89269347485575,0.0 -69.96322260546525,41.89273102157708,0.0 -69.96325243244321,41.89275895465954,0.0 -69.96327364106435,41.892775370515494,0.0 -69.96328478597738,41.892779150436525,0.0 -69.96328510766658,41.892770036830214,0.0 -69.96327458421368,41.892748650773854,0.0 -69.9632539327905,41.89271644968906,0.0 -69.9632245607805,41.89267562802159,0.0 -69.96318846986189,41.89262896769483,0.0 -69.9631481195899,41.89257964852793,0.0 -69.96310625977722,41.892531031537615,0.0 -69.96306574309656,41.89248642989139,0.0 -69.96302933067689,41.892448883120494,0.0 -69.96299950394129,41.89242094998031,0.0 -69.9629782955083,41.892404534073904,0.0 -69.96296715067876,41.89240075412325,0.0</coordinates>
                        </LinearRing>
                    </outerBoundaryIs>
                </Polygon>
            </Placemark>
            <Placemark id="428">
                <name>AZ 153 EL 5.0 [IN CURRENT MASK]</name>
                <styleUrl>#5</styleUrl>
                <Polygon id="427">
                    <outerBoundaryIs>
                        <LinearRing id="431">
                            <coordinates>-69.96301809717596,41.892379297618156,0.0 -69.96301670963732,41.89238835567055,0.0 -69.96302468897801,41.89241034310903,0.0 -69.96304149143282,41.89244376152413,0.0 -69.9630659719628,41.892486333502575,0.0 -69.96309646228234,41.89253515783013,0.0 -69.96313088454409,41.89258690720569,0.0 -69.96316689293619,41.892638054992425,0.0 -69.96320203354318,41.89268511555287,0.0 -69.96323391157716,41.892724881789434,0.0 -69.96326035458218,41.89275464370234,0.0 -69.96327956048913,41.89277237307068,0.0 -69.9632902204296,41.89277686167116,0.0 -69.9632916079379,41.89276780361545,0.0 -69.96328362846066,41.892745816195465,0.0 -69.9632668257997,41.89271239781567,0.0 -69.96324234504921,41.89266982587988,0.0 -69.96321185455389,41.8926210015909,0.0 -69.96317743220817,41.89256925223953,0.0 -69.96314142384642,41.89251810445609,0.0 -69.96310628337595,41.89247104387717,0.0 -69.96307440554811,41.8924312776053,0.0 -69.96304796276361,41.89240151564973,0.0 -69.96302875703248,41.8923837862428,0.0 -69.96301809717596,41.892379297618156,0.0</coordinates>
                        </LinearRing>
                    </outerBoundaryIs>
                </Polygon>
            </Placemark>
            <Placemark id="434">
                <name>AZ 158 EL 5.0 [IN CURRENT MASK]</name>
                <styleUrl>#5</styleUrl>
                <Polygon id="433">
                    <outerBoundaryIs>
                        <LinearRing id="437">
                            <coordinates>-69.96307136194203,41.89236122808282,0.0 -69.9630689191582,41.892370161645914,0.0 -69.96307429382155,41.8923925831028,0.0 -69.96308711966863,41.89242696446718,0.0 -69.96310652265659,41.8924709627036,0.0 -69.96313118052304,41.89252157940205,0.0 -69.96315941289092,41.892575365115405,0.0 -69.96318929577922,41.89262865443432,0.0 -69.96321879271683,41.892677815779265,0.0 -69.96324589352523,41.89271949888692,0.0 -69.96326875131166,41.892750863124604,0.0 -69.96328580833661,41.89276977107432,0.0 -69.9632959021762,41.89277493419332,0.0 -69.96329834494377,41.8927660006254,0.0 -69.96329297017036,41.89274357917897,0.0 -69.9632801441489,41.892709197837505,0.0 -69.96326074096898,41.8926651996303,0.0 -69.9632360829444,41.89261458295955,0.0 -69.96320785049463,41.892560797264984,0.0 -69.9631779676226,41.89250750795089,0.0 -69.96314847079505,41.89245834659548,0.0 -69.96312137016103,41.89241666346494,0.0 -69.96309851256656,41.892385299198004,0.0 -69.96308145569972,41.89236639122057,0.0 -69.96307136194203,41.89236122808282,0.0</coordinates>
                        </LinearRing>
                    </outerBoundaryIs>
                </Polygon>
            </Placemark>
            <Placemark id="440">
                <name>AZ 163 EL 5.0 [IN CURRENT MASK]</name>
                <styleUrl>#5</styleUrl>
                <Polygon id="439">
                    <outerBoundaryIs>
                        <LinearRing id="443">
                            <coordinates>-69.96312653960678,41.89234668303438,0.0 -69.96312306016922,41.89235542411939,0.0 -69.96312578925362,41.89237810895612,0.0 -69.9631345408854,41.89241319161002,0.0 -69.96314871866902,41.89245828125492,0.0 -69.9631673564277,41.89251030510425,0.0 -69.96318918404253,41.892565717816844,0.0 -69.9632127140054,41.89262074310656,0.0 -69.963236342788,41.89267163109029,0.0 -69.96325846011985,41.892714913836464,0.0 -69.96327755872761,41.892747641698726,0.0 -69.963292337057,41.892767584329135,0.0 -69.96330178797574,41.89277338267223,0.0 -69.96330526741158,41.89276464158183,0.0 -69.96330253824692,41.89274195674935,0.0 -69.96329378647783,41.8927068741082,0.0 -69.96327960853664,41.89266178448115,0.0 -69.96326097064232,41.89260976064996,0.0 -69.96323914295016,41.89255434795096,0.0 -69.963215612989,41.892499322666644,0.0 -69.96319198428665,41.892448434678684,0.0 -69.96316986709212,41.89240515191974,0.0 -69.96315076864194,41.89237242403963,0.0 -69.96313599044818,41.89235248139105,0.0 -69.96312653960678,41.89234668303438,0.0</coordinates>
                        </LinearRing>
                    </outerBoundaryIs>
                </Polygon>
            </Placemark>
            <Placemark id="446">
                <name>AZ 168 EL 5.0 [IN CURRENT MASK]</name>
                <styleUrl>#5</styleUrl>
                <Polygon id="445">
                    <outerBoundaryIs>
                        <LinearRing id="449">
                            <coordinates>-69.96318321024293,41.89233577316702,0.0 -69.96317872063231,41.89234425525002,0.0 -69.96317878336986,41.89236703082375,0.0 -69.96318339418485,41.89240254777044,0.0 -69.9631922388675,41.89244838566839,0.0 -69.96320471467914,41.89250142073971,0.0 -69.96321997142469,41.892558038730904,0.0 -69.9632369693892,41.892614381218564,0.0 -69.96325455019077,41.8926666085548,0.0 -69.96327151572203,41.8927111615329,0.0 -69.96328670980046,41.89274500394161,0.0 -69.9632990969629,41.89276582947755,0.0 -69.96330783303381,41.8927722189159,0.0 -69.96331232265734,41.89276373682786,0.0 -69.96331225987181,41.89274096125422,0.0 -69.96330764896072,41.89270544431267,0.0 -69.96329880415965,41.89265960642359,0.0 -69.963286328239,41.89260657136244,0.0 -69.96327107142304,41.89254995338003,0.0 -69.9632540734456,41.89249361089739,0.0 -69.96323649269203,41.892441383561106,0.0 -69.96321952725685,41.89239683057782,0.0 -69.96320433329684,41.89236298816027,0.0 -69.96319194624343,41.89234216261414,0.0 -69.96318321024293,41.89233577316702,0.0</coordinates>
                        </LinearRing>
                    </outerBoundaryIs>
                </Polygon>
            </Placemark>
            <Placemark id="452">
                <name>AZ 173 EL 5.0 [IN CURRENT MASK]</name>
                <styleUrl>#5</styleUrl>
                <Polygon id="451">
                    <outerBoundaryIs>
                        <LinearRing id="455">
                            <coordinates>-69.96324094256184,41.89232858150952,0.0 -69.96323547694648,41.89233674003777,0.0 -69.96323287286084,41.892359433015145,0.0 -69.96323330777051,41.89239511395291,0.0 -69.96323675204229,41.89244135125411,0.0 -69.96324297096231,41.89249499392278,0.0 -69.96325154072936,41.89255238629934,0.0 -69.96326187733409,41.8926096171877,0.0 -69.9632732763567,41.89266278639705,0.0 -69.9632849609712,41.892708270533404,0.0 -69.96329613488523,41.8927429699281,0.0 -69.96330603660745,41.89276451987498,0.0 -69.96331399134398,41.892771451781186,0.0 -69.96331945698651,41.892763293249196,0.0 -69.96332206105785,41.892740600269875,0.0 -69.96332162609625,41.89270491933245,0.0 -69.96331818174882,41.8926586820338,0.0 -69.9633119627497,41.892605039369165,0.0 -69.96330339292129,41.892547646997116,0.0 -69.96329305628939,41.89249041611246,0.0 -69.96328165728109,41.89243724690508,0.0 -69.96326997271852,41.892391762768376,0.0 -69.96325879888015,41.89235706337115,0.0 -69.96324889723701,41.8923355134202,0.0 -69.96324094256184,41.89232858150952,0.0</coordinates>
                        </LinearRing>
                    </outerBoundaryIs>
                </Polygon>
            </Placemark>
        </Folder>
        <Folder id="457">
            <Style id="8">
                <LineStyle id="9">
                    <color>ffff0000</color>
                    <colorMode>normal</colorMode>
                    <width>2</width>
                </LineStyle>
                <PolyStyle id="10">
                    <color>23ff0000</color>
                    <colorMode>normal</colorMode>
                    <fill>1</fill>
                    <outline>1</outline>
                </PolyStyle>
            </Style>
            <name>RH = 0.51m (high_tide_min_reach_RH0.51m)</name>
            <Placemark id="459">
                <name>AZ 353 EL 5.0</name>
                <styleUrl>#8</styleUrl>
                <Polygon id="458">
                    <outerBoundaryIs>
                        <LinearRing id="462">
                            <coordinates>-69.96337525902344,41.89314289240661,0.0 -69.9633790929512,41.89313716954884,0.0 -69.96338091959014,41.89312125140874,0.0 -69.96338061445853,41.89309622278133,0.0 -69.96337819835317,41.89306378932623,0.0 -69.96337383593132,41.89302616132964,0.0 -69.96336782448876,41.89298590307717,0.0 -69.96336057369834,41.89294575810195,0.0 -69.96335257769078,41.892908462217555,0.0 -69.96334438138011,41.892876557076754,0.0 -69.9633365433288,41.89285221696218,0.0 -69.96332959768334,41.89283710061253,0.0 -69.96332401777414,41.89283223818229,0.0 -69.96332018385975,41.89283796103822,0.0 -69.96331835721378,41.89285387917738,0.0 -69.96331866231982,41.892878907804956,0.0 -69.96332107838796,41.892911341261296,0.0 -69.96332544077089,41.892948969259876,0.0 -69.96333145218327,41.89298922751456,0.0 -69.96333870296033,41.89302937249161,0.0 -69.9633466989749,41.893066668376974,0.0 -69.96335489531113,41.89309857351761,0.0 -69.96336273339968,41.89312291363094,0.0 -69.96336967908404,41.89313802997858,0.0 -69.96337525902344,41.89314289240661,0.0</coordinates>
                        </LinearRing>
                    </outerBoundaryIs>
                </Polygon>
            </Placemark>
            <Placemark id="465">
                <name>AZ 358 EL 5.0</name>
                <styleUrl>#8</styleUrl>
                <Polygon id="464">
                    <outerBoundaryIs>
                        <LinearRing id="468">
                            <coordinates>-69.96333776114957,41.893145089226046,0.0 -69.96334225054194,41.893139636884456,0.0 -69.96334593398551,41.89312389782753,0.0 -69.96334856045873,41.893098944646034,0.0 -69.96334995097206,41.89306647785816,0.0 -69.96335001076584,41.89302871002188,0.0 -69.96334873576752,41.89298821495282,0.0 -69.96334621286861,41.89294775232296,0.0 -69.96334261400249,41.89291007959363,0.0 -69.96333818442692,41.89287776409895,0.0 -69.96333322600984,41.892853008086405,0.0 -69.96332807665769,41.89283749863731,0.0 -69.963323087288,41.892832292694976,0.0 -69.9633185979156,41.892837745035806,0.0 -69.9633149144818,41.89285348409187,0.0 -69.96331228800554,41.89287843727261,0.0 -69.96331089747716,41.89291090406003,0.0 -69.96331083766034,41.892948671896285,0.0 -69.96331211263386,41.89298916696576,0.0 -69.9633146355128,41.89302962959637,0.0 -69.96331823436915,41.89306730232657,0.0 -69.96332266394778,41.89309961782202,0.0 -69.9633276223799,41.893124373835015,0.0 -69.96333277175506,41.89313988328412,0.0 -69.96333776114957,41.893145089226046,0.0</coordinates>
                        </LinearRing>
                    </outerBoundaryIs>
                </Polygon>
            </Placemark>
            <Placemark id="471">
                <name>AZ 3 EL 5.0</name>
                <styleUrl>#8</styleUrl>
                <Polygon id="470">
                    <outerBoundaryIs>
                        <LinearRing id="474">
                            <coordinates>-69.96330014875532,41.89314484488696,0.0 -69.96330525944485,41.8931397045576,0.0 -69.96331077165954,41.89312426436871,0.0 -69.96331630974845,41.89309957654363,0.0 -69.96332149629804,41.893067323516846,0.0 -69.96332597785273,41.8930297032789,0.0 -69.96332944900264,41.892989279586956,0.0 -69.9633316731965,41.89294880724889,0.0 -69.96333249886179,41.89291104438777,0.0 -69.96333186973338,41.89287856448017,0.0 -69.96332982868728,41.89285358097811,0.0 -69.96332651481819,41.89283779646589,0.0 -69.96332215396016,41.89283228663185,0.0 -69.9633170432966,41.89283742696196,0.0 -69.96331153110818,41.892852867151156,0.0 -69.9633059930388,41.892877554976025,0.0 -69.9633008064968,41.89290980800211,0.0 -69.9632963249357,41.89294742823907,0.0 -69.9632928537671,41.89298785193002,0.0 -69.96329062954727,41.893028324267334,0.0 -69.96328980385573,41.89306608712815,0.0 -69.9632904329646,41.89309856703598,0.0 -69.9632924740031,41.89312355053874,0.0 -69.96329578787861,41.89313933505192,0.0 -69.96330014875532,41.89314484488696,0.0</coordinates>
                        </LinearRing>
                    </outerBoundaryIs>
                </Polygon>
            </Placemark>
            <Placemark id="477">
                <name>AZ 8 EL 5.0</name>
                <styleUrl>#8</styleUrl>
                <Polygon id="476">
                    <outerBoundaryIs>
                        <LinearRing id="480">
                            <coordinates>-69.96326270809803,41.89314216124898,0.0 -69.96326840118866,41.89313737205323,0.0 -69.96327570022251,41.89312234824268,0.0 -69.96328410777828,41.89309811366493,0.0 -69.9632930508908,41.893066319866236,0.0 -69.96330192009873,41.89302913354137,0.0 -69.96331011097918,41.89298908887703,0.0 -69.96331706533836,41.892948914851075,0.0 -69.96332230925131,41.89291134925728,0.0 -69.96332548535823,41.892878952129024,0.0 -69.96332637721683,41.89285393127722,0.0 -69.96332492405139,41.89283799183164,0.0 -69.9633212248938,41.89283222003907,0.0 -69.96331553183434,41.892837009237425,0.0 -69.96330823284246,41.89285203305052,0.0 -69.96329982532824,41.89287626763002,0.0 -69.9632908822457,41.89290806142923,0.0 -69.96328201304816,41.892945247753254,0.0 -69.96327382215571,41.89298529241561,0.0 -69.96326686776537,41.89302546643894,0.0 -69.96326162381044,41.89306303203021,0.0 -69.96325844766199,41.89309542915671,0.0 -69.96325755577341,41.893120450007984,0.0 -69.96325900892845,41.893136389454405,0.0 -69.96326270809803,41.89314216124898,0.0</coordinates>
                        </LinearRing>
                    </outerBoundaryIs>
                </Polygon>
            </Placemark>
            <Placemark id="483">
                <name>AZ 13 EL 5.0</name>
                <styleUrl>#8</styleUrl>
                <Polygon id="482">
                    <outerBoundaryIs>
                        <LinearRing id="486">
                            <coordinates>-69.96322572412792,41.8931370587365,0.0 -69.96323195629107,41.89313265712337,0.0 -69.96324098659294,41.8931181640325,0.0 -69.96325219962777,41.89309456714348,0.0 -69.96326483123954,41.89306347454481,0.0 -69.96327802059963,41.89302700514538,0.0 -69.96329086887228,41.89298764427445,0.0 -69.96330250046942,41.89294807431059,0.0 -69.96331212272048,41.89291099188193,0.0 -69.96331907989057,41.892878924095264,0.0 -69.96332289786628,41.89285405631775,0.0 -69.963323316464,41.89283808324769,0.0 -69.96332030715969,41.892832093423436,0.0 -69.96331407503196,41.89283649504133,0.0 -69.9633050447865,41.892850988137944,0.0 -69.96329383181396,41.89287458503211,0.0 -69.96328120025366,41.89290567763396,0.0 -69.96326801092043,41.89294214703375,0.0 -69.96325516264284,41.892981507902135,0.0 -69.96324353101029,41.89302107786122,0.0 -69.96323390870283,41.89305816028415,0.0 -69.96322695147046,41.89309022806568,0.0 -69.96322313344328,41.89311509583999,0.0 -69.96322271481868,41.89313106890969,0.0 -69.96322572412792,41.8931370587365,0.0</coordinates>
                        </LinearRing>
                    </outerBoundaryIs>
                </Polygon>
            </Placemark>
            <Placemark id="489">
                <name>AZ 18 EL 5.0</name>
                <styleUrl>#8</styleUrl>
                <Polygon id="488">
                    <outerBoundaryIs>
                        <LinearRing id="492">
                            <coordinates>-69.96318947831936,41.8931295761833,0.0 -69.96319620212364,41.893125595652016,0.0 -69.96320689496609,41.89311174358297,0.0 -69.96322082814024,41.89308896397078,0.0 -69.9632370521152,41.89305880920741,0.0 -69.96325446124676,41.893023334289424,0.0 -69.96327186912713,41.892984956773596,0.0 -69.9632880894378,41.892946292024476,0.0 -69.96330201679524,41.892909974981535,0.0 -69.96331270207997,41.892878480592216,0.0 -69.96331941711563,41.89285395514807,0.0 -69.96332170429072,41.89283807001832,0.0 -69.96331940774233,41.892831907748565,0.0 -69.96331268397664,41.892835888287024,0.0 -69.96330199120331,41.8928497403659,0.0 -69.9632880581103,41.8928725199879,0.0 -69.96327183420672,41.89290267475845,0.0 -69.9632544251177,41.892938149679054,0.0 -69.9632370172396,41.89297652719224,0.0 -69.96322079689035,41.893015191934175,0.0 -69.96320686946379,41.89305150896731,0.0 -69.96319618409792,41.893083003346824,0.0 -69.96318946899088,41.89310752878379,0.0 -69.96318718177324,41.893123413910914,0.0 -69.96318947831936,41.8931295761833,0.0</coordinates>
                        </LinearRing>
                    </outerBoundaryIs>
                </Polygon>
            </Placemark>
            <Placemark id="495">
                <name>AZ 23 EL 5.0</name>
                <styleUrl>#8</styleUrl>
                <Polygon id="494">
                    <outerBoundaryIs>
                        <LinearRing id="498">
                            <coordinates>-69.96315424652852,41.89311977053695,0.0 -69.96316141080082,41.89311624138198,0.0 -69.96317368480312,41.89310313575826,0.0 -69.96319023207448,41.89308134679091,0.0 -69.96320992493594,41.89305235936049,0.0 -69.96323142134264,41.89301814891123,0.0 -69.96325325634432,41.892981046828154,0.0 -69.96327394192073,41.8929435815571,0.0 -69.96329206838809,41.89290830629538,0.0 -69.96330640046557,41.892877624995236,0.0 -69.96331596145552,41.892853628538134,0.0 -69.9633200998012,41.89283795224419,0.0 -69.96331853348683,41.89283166442756,0.0 -69.96331136925512,41.89283519359228,0.0 -69.96329909533256,41.89284829923067,0.0 -69.96328254815872,41.89287008821365,0.0 -69.9632628553864,41.89289907565648,0.0 -69.96324135903662,41.8929332861116,0.0 -69.96321952404436,41.892970388192424,0.0 -69.96319883842735,41.89300785345371,0.0 -69.96318071188024,41.89304312870077,0.0 -69.96316637970526,41.893073809985296,0.0 -69.96315681862615,41.89309780642999,0.0 -69.96315268022357,41.89311348271805,0.0 -69.96315424652852,41.89311977053695,0.0</coordinates>
                        </LinearRing>
                    </outerBoundaryIs>
                </Polygon>
            </Placemark>
            <Placemark id="501">
                <name>AZ 28 EL 5.0</name>
                <styleUrl>#8</styleUrl>
                <Polygon id="500">
                    <outerBoundaryIs>
                        <LinearRing id="504">
                            <coordinates>-69.96312029689383,41.89310771642538,0.0 -69.96312784710878,41.8931046655059,0.0 -69.96314160885639,41.89309240606998,0.0 -69.96316064428754,41.8930717735759,0.0 -69.96318365615797,41.893044174091806,0.0 -69.96320907623632,41.89301148847503,0.0 -69.96323517217932,41.89297594419536,0.0 -69.96326016558996,41.89293996353687,0.0 -69.96328235321272,41.89290599852322,0.0 -69.96330022300657,41.89287636381595,0.0 -69.96331255718569,41.89285307897364,0.0 -69.96331851520654,41.89283773082166,0.0 -69.96331769104681,41.89283136531224,0.0 -69.96331014087325,41.892834416244135,0.0 -69.96329637921356,41.8928466757002,0.0 -69.96327734389334,41.8928673082167,0.0 -69.96325433212712,41.892894907719516,0.0 -69.96322891211832,41.89292759334625,0.0 -69.9632028161916,41.8929631376245,0.0 -69.96317782273958,41.89299911827055,0.0 -69.9631556350289,41.893033083264086,0.0 -69.9631377651241,41.893062717948936,0.0 -69.96312543084079,41.893086002772556,0.0 -69.96311947275038,41.89310135091454,0.0 -69.96312029689383,41.89310771642538,0.0</coordinates>
                        </LinearRing>
                    </outerBoundaryIs>
                </Polygon>
            </Placemark>
            <Placemark id="507">
                <name>AZ 33 EL 5.0</name>
                <styleUrl>#8</styleUrl>
                <Polygon id="506">
                    <outerBoundaryIs>
                        <LinearRing id="510">
                            <coordinates>-69.96308788779525,41.89309350558893,0.0 -69.96309576649016,41.89309095612438,0.0 -69.9631109112457,41.893079636178605,0.0 -69.96313228996252,41.89306031718457,0.0 -69.96315844570428,41.89303431569682,0.0 -69.96318759598881,41.89300340367119,0.0 -69.9632177542644,41.89296968770965,0.0 -69.96324686529216,41.892935465499264,0.0 -69.96327294520772,41.89290306922866,0.0 -69.96329421671726,41.89287470665273,0.0 -69.96330923021468,41.892852310637124,0.0 -69.9633169625665,41.89283740743588,0.0 -69.96331688683375,41.89283101267905,0.0 -69.96330900817973,41.89283356215871,0.0 -69.96329386351763,41.892844882130525,0.0 -69.9632724849218,41.89286420115453,0.0 -69.96324632929613,41.892890202668156,0.0 -69.96321717909167,41.892921114708635,0.0 -69.96318702083872,41.892954830670035,0.0 -69.96315790977008,41.892989052865296,0.0 -69.96313182976107,41.893021449109874,0.0 -69.96311055813054,41.89304981165585,0.0 -69.96309554451705,41.89307220764558,0.0 -69.96308781208513,41.89308711083194,0.0 -69.96308788779525,41.89309350558893,0.0</coordinates>
                        </LinearRing>
                    </outerBoundaryIs>
                </Polygon>
            </Placemark>
            <Placemark id="513">
                <name>AZ 38 EL 5.0</name>
                <styleUrl>#8</styleUrl>
                <Polygon id="512">
                    <outerBoundaryIs>
                        <LinearRing id="516">
                            <coordinates>-69.96305726588766,41.893077246182,0.0 -69.96306541309993,41.89307521757541,0.0 -69.9630818256004,41.89306492327187,0.0 -69.96310538489466,41.893047064807945,0.0 -69.96313448544305,41.893022859204656,0.0 -69.96316714407882,41.89299395603048,0.0 -69.96320113516114,41.89296232498694,0.0 -69.96323414225108,41.892930121677246,0.0 -69.96326391597391,41.8928995407055,0.0 -69.96328842730924,41.8928726661176,0.0 -69.96330600586278,41.89285132937608,0.0 -69.9633154536976,41.89283698454802,0.0 -69.9633161269682,41.89283060921177,0.0 -69.96330797979509,41.89283263783608,0.0 -69.96329156739075,41.89284293217184,0.0 -69.96326800822384,41.89286079067381,0.0 -69.96323890779989,41.89288499631081,0.0 -69.9632062492523,41.892913899505324,0.0 -69.96317225819828,41.892945530550364,0.0 -69.96313925106918,41.89297773384234,0.0 -69.96310947725021,41.8930083147819,0.0 -69.96308496578754,41.89303518933174,0.0 -69.96306738710955,41.893056526039544,0.0 -69.96305793918654,41.89307087084726,0.0 -69.96305726588766,41.893077246182,0.0</coordinates>
                        </LinearRing>
                    </outerBoundaryIs>
                </Polygon>
            </Placemark>
            <Placemark id="519">
                <name>AZ 43 EL 5.0</name>
                <styleUrl>#8</styleUrl>
                <Polygon id="518">
                    <outerBoundaryIs>
                        <LinearRing id="522">
                            <coordinates>-69.96302866422364,41.89305906195006,0.0 -69.96303701794717,41.893057569640305,0.0 -69.96305457328116,41.89304837932522,0.0 -69.96308013384902,41.89303211730573,0.0 -69.96311195772735,41.89300989180697,0.0 -69.96314787615853,41.89298321745575,0.0 -69.96318544135147,41.892953912062396,0.0 -69.96322209329706,41.89292397274071,0.0 -69.9632553342294,41.89289543980798,0.0 -69.96328289884346,41.892870257740285,0.0 -69.9633029086693,41.892850142658524,0.0 -69.96331400008327,41.89283646537649,0.0 -69.96331541723318,41.89283015798099,0.0 -69.96330706354591,41.89283165031092,0.0 -69.96328950830782,41.89284084066447,0.0 -69.9632639478698,41.89285710273039,0.0 -69.96323212412048,41.89287932827112,0.0 -69.96319620578292,41.89290600264858,0.0 -69.96315864062308,41.89293530804544,0.0 -69.96312198864125,41.89296524734695,0.0 -69.96308874761301,41.89299378024122,0.0 -69.96306118286911,41.893018962262495,0.0 -69.96304117291425,41.8930390773023,0.0 -69.96303008140667,41.89305275455806,0.0 -69.96302866422364,41.89305906195006,0.0</coordinates>
                        </LinearRing>
                    </outerBoundaryIs>
                </Polygon>
            </Placemark>
            <Placemark id="525">
                <name>AZ 48 EL 5.0</name>
                <styleUrl>#8</styleUrl>
                <Polygon id="524">
                    <outerBoundaryIs>
                        <LinearRing id="528">
                            <coordinates>-69.96300230047984,41.89303909128765,0.0 -69.96301079713687,41.89303814663203,0.0 -69.96302936169535,41.893030130249414,0.0 -69.96305672900202,41.89301558843855,0.0 -69.96309103400732,41.89299551219437,0.0 -69.9631299388689,41.89297126967466,0.0 -69.96317079227512,41.892944512963865,0.0 -69.96321081013018,41.892917065487026,0.0 -69.96324726528658,41.89289079774657,0.0 -69.96327767339496,41.89286749985006,0.0 -69.96329996220578,41.892848759516106,0.0 -69.96331261278638,41.89283585387253,0.0 -69.96331476303023,41.892829662420866,0.0 -69.96330626640543,41.89283060709888,0.0 -69.96328770193969,41.89283862352612,0.0 -69.96326033476143,41.89285316539181,0.0 -69.96322602988579,41.892873241686395,0.0 -69.96318712512038,41.89289748423853,0.0 -69.96314627175109,41.89292424095511,0.0 -69.96310625386381,41.892951688409546,0.0 -69.96306979861465,41.8929779561054,0.0 -69.96303939037789,41.89300125394706,0.0 -69.96301710143739,41.89301999423064,0.0 -69.96300445076061,41.89303289984177,0.0 -69.96300230047984,41.89303909128765,0.0</coordinates>
                        </LinearRing>
                    </outerBoundaryIs>
                </Polygon>
            </Placemark>
            <Placemark id="531">
                <name>AZ 53 EL 5.0</name>
                <styleUrl>#8</styleUrl>
                <Polygon id="530">
                    <outerBoundaryIs>
                        <LinearRing id="534">
                            <coordinates>-69.96297837530017,41.893017486185165,0.0 -69.96298695022527,41.89301709637297,0.0 -69.96300638271848,41.89301031493237,0.0 -69.96303534847883,41.89299760400227,0.0 -69.96307187352532,41.892979829805284,0.0 -69.96311346872378,41.892958203617695,0.0 -69.96315729942059,41.892934199224555,0.0 -69.96320037862225,41.892909452484794,0.0 -69.96323977055505,41.89288564985026,0.0 -69.96327279073257,41.89286441343617,0.0 -69.96329718889658,41.89284719047537,0.0 -69.96331130236511,41.89283515469004,0.0 -69.9633141693382,41.89282912630293,0.0 -69.96330559444033,41.89282951613946,0.0 -69.9632861620339,41.89283629763052,0.0 -69.96325719639661,41.892849008623635,0.0 -69.96322067147649,41.892866782879345,0.0 -69.96317907637388,41.89288840910562,0.0 -69.96313524571667,41.892912413507034,0.0 -69.96309216648778,41.89293716022246,0.0 -69.9630527744682,41.892960962806555,0.0 -69.9630197541676,41.89298219915761,0.0 -69.96299535587724,41.89299942205969,0.0 -69.96298124231286,41.893011457806324,0.0 -69.96297837530017,41.893017486185165,0.0</coordinates>
                        </LinearRing>
                    </outerBoundaryIs>
                </Polygon>
            </Placemark>
            <Placemark id="537">
                <name>AZ 58 EL 5.0</name>
                <styleUrl>#8</styleUrl>
                <Polygon id="536">
                    <outerBoundaryIs>
                        <LinearRing id="540">
                            <coordinates>-69.96295707076887,41.89299441107205,0.0 -69.96296565870105,41.8929945790698,0.0 -69.96298581123388,41.89298908418196,0.0 -69.96301615499776,41.89297830087045,0.0 -69.96305462210394,41.89296296399311,0.0 -69.96309859107078,41.89294411872608,0.0 -69.9631450654766,41.8929230493387,0.0 -69.96319087816335,41.8929011916738,0.0 -69.96323290707429,41.892880035297736,0.0 -69.96326828801637,41.89286102198814,0.0 -69.96329460984826,41.8928454474777,0.0 -69.96331007879255,41.892834373150215,0.0 -69.96331364067547,41.89282855370733,0.0 -69.9633050527647,41.8928283857355,0.0 -69.96328490031003,41.89283388067918,0.0 -69.96325455666013,41.892844664061414,0.0 -69.96321608967321,41.89286000100549,0.0 -69.96317212079894,41.892878846317345,0.0 -69.96312564643421,41.89289991571564,0.0 -69.96307983372604,41.8929217733546,0.0 -69.96303780473696,41.892942929674845,0.0 -69.96300242368089,41.89296194291371,0.0 -69.96297610172974,41.89297751735742,0.0 -69.96296063269288,41.89298859164006,0.0 -69.96295707076887,41.89299441107205,0.0</coordinates>
                        </LinearRing>
                    </outerBoundaryIs>
                </Polygon>
            </Placemark>
            <Placemark id="543">
                <name>AZ 63 EL 5.0</name>
                <styleUrl>#8</styleUrl>
                <Polygon id="542">
                    <outerBoundaryIs>
                        <LinearRing id="546">
                            <coordinates>-69.96293854902476,41.89297004156536,0.0 -69.96294708460415,41.89297076609429,0.0 -69.96296780380179,41.892966599578386,0.0 -69.96299929463187,41.89295782595275,0.0 -69.96303941103625,41.89294504311772,0.0 -69.9630854191374,41.89292912219499,0.0 -69.96313418355062,41.89291114816404,0.0 -69.96318238105763,41.89289234592404,0.0 -69.96322672707946,41.892873996819276,0.0 -69.96326419951471,41.89285735131698,0.0 -69.96329224468897,41.89284354378835,0.0 -69.96330895138084,41.892833515201076,0.0 -69.96331318106547,41.89282794899189,0.0 -69.963304645501,41.89282722449006,0.0 -69.96328392637055,41.89283139106654,0.0 -69.96325243564189,41.892840164769936,0.0 -69.96321231934603,41.89285294767908,0.0 -69.96316631133138,41.89286886865247,0.0 -69.96311754695947,41.89288684269701,0.0 -69.96306934943753,41.89290564490991,0.0 -69.96302500334852,41.89292399395413,0.0 -69.96298753081184,41.892940639378665,0.0 -69.96295948552907,41.89295444683315,0.0 -69.96294277875072,41.89296447536976,0.0 -69.96293854902476,41.89297004156536,0.0</coordinates>
                        </LinearRing>
                    </outerBoundaryIs>
                </Polygon>
            </Placemark>
            <Placemark id="549">
                <name>AZ 68 EL 5.0</name>
                <styleUrl>#8</styleUrl>
                <Polygon id="548">
                    <outerBoundaryIs>
                        <LinearRing id="552">
                            <coordinates>-69.96292295102727,41.89294456313312,0.0 -69.96293136929263,41.892945838678884,0.0 -69.96295249746785,41.892943032244254,0.0 -69.9629848956973,41.89293633507666,0.0 -69.9630263560866,41.892926203568656,0.0 -69.96307405316931,41.89291332815768,0.0 -69.96312473646029,41.89289858627614,0.0 -69.96317495197299,41.892882982557246,0.0 -69.96322127760399,41.89286758037147,0.0 -69.96326055634354,41.892853429358745,0.0 -69.96329011141898,41.892841493895574,0.0 -69.96330792871024,41.89283258737213,0.0 -69.96331279400611,41.89282731675886,0.0 -69.96330437574875,41.892826041240944,0.0 -69.96328324762767,41.892828847740084,0.0 -69.96325084948403,41.89283554499153,0.0 -69.96320938918919,41.89284567658028,0.0 -69.96316169218427,41.89285855204726,0.0 -69.9631110089336,41.89287329394506,0.0 -69.9630607934129,41.892888897636084,0.0 -69.96301446772773,41.89290429975736,0.0 -69.96297518890238,41.89291845068624,0.0 -69.96294563373247,41.892930386068656,0.0 -69.96292781636342,41.892939292536084,0.0 -69.96292295102727,41.89294456313312,0.0</coordinates>
                        </LinearRing>
                    </outerBoundaryIs>
                </Polygon>
            </Placemark>
            <Placemark id="555">
                <name>AZ 73 EL 5.0</name>
                <styleUrl>#8</styleUrl>
                <Polygon id="554">
                    <outerBoundaryIs>
                        <LinearRing id="558">
                            <coordinates>-69.96291039548375,41.89291816968279,0.0 -69.96291863236682,41.89291998653744,0.0 -69.96294000872018,41.89291856154231,0.0 -69.96297306777672,41.89291399180169,0.0 -69.96301555660963,41.89290658872699,0.0 -69.96306457966743,41.89289685681687,0.0 -69.96311679610305,41.892885459278865,0.0 -69.96316864744891,41.892873172834484,0.0 -69.96321660012157,41.89286083478745,0.0 -69.96325738622956,41.892849285961965,0.0 -69.96328822627378,41.89283931340031,0.0 -69.96330701856391,41.89283159672469,0.0 -69.96331248244314,41.892826661819896,0.0 -69.9633042455609,41.89282484499336,0.0 -69.96328286924704,41.89282627005606,0.0 -69.96324981025806,41.89283083988554,0.0 -69.96320732150268,41.892838243046604,0.0 -69.96315829851163,41.89284797501742,0.0 -69.96310608211405,41.89285937257421,0.0 -69.96305423076736,41.892871658990444,0.0 -69.96300627805522,41.89288399696995,0.0 -69.96296549187966,41.89289554570657,0.0 -69.9629346517579,41.89290551818189,0.0 -69.96291585940102,41.89291323479678,0.0 -69.96291039548375,41.89291816968279,0.0</coordinates>
                        </LinearRing>
                    </outerBoundaryIs>
                </Polygon>
            </Placemark>
            <Placemark id="561">
                <name>AZ 78 EL 5.0</name>
                <styleUrl>#8</styleUrl>
                <Polygon id="560">
                    <outerBoundaryIs>
                        <LinearRing id="564">
                            <coordinates>-69.96290097794615,41.89289106208546,0.0 -69.96290897075924,41.8928934064214,0.0 -69.96293043260286,41.892893373710315,0.0 -69.96296390088544,41.89289096617444,0.0 -69.96300709479412,41.89288634787414,0.0 -69.96305707072959,41.89287983352986,0.0 -69.96311042290907,41.892871867076956,0.0 -69.96316351546625,41.8928629914139,0.0 -69.96321273023044,41.892853811405274,0.0 -69.96325471329916,41.89284495266043,0.0 -69.9632866036004,41.892837018897445,0.0 -69.96330622786861,41.892830550798216,0.0 -69.96331224874774,41.892825989159505,0.0 -69.96330425592828,41.89282364485151,0.0 -69.9632827941083,41.89282367763222,0.0 -69.96324932587298,41.89282608526068,0.0 -69.96320613202256,41.892830703651754,0.0 -69.96315615614074,41.89283721806065,0.0 -69.96310280399591,41.892845184534735,0.0 -69.9630497114451,41.892854060169824,0.0 -69.96300049665729,41.89286324010885,0.0 -69.96295851354128,41.8928720987611,0.0 -69.96292662318179,41.89288003243332,0.0 -69.96290699885992,41.89288650046791,0.0 -69.96290097794615,41.89289106208546,0.0</coordinates>
                        </LinearRing>
                    </outerBoundaryIs>
                </Polygon>
            </Placemark>
            <Placemark id="567">
                <name>AZ 83 EL 5.0</name>
                <styleUrl>#8</styleUrl>
                <Polygon id="566">
                    <outerBoundaryIs>
                        <LinearRing id="570">
                            <coordinates>-69.96289477008384,41.89286344664711,0.0 -69.96290245799699,41.89286630062225,0.0 -69.96292384199273,41.8928676604436,0.0 -69.96295746478637,41.89286743343449,0.0 -69.96300103503756,41.892865635055756,0.0 -69.96305158350194,41.89286238785456,0.0 -69.96310566538132,41.8928579131155,0.0 -69.96315959508198,41.892852515782366,0.0 -69.96320969738261,41.89284656367721,0.0 -69.9632525578949,41.89284046243321,0.0 -69.96328525574836,41.892834627849545,0.0 -69.963305562642,41.89282945755283,0.0 -69.96331209469848,41.89282530389701,0.0 -69.96330440677195,41.89282244994918,0.0 -69.96328302278326,41.89282109019844,0.0 -69.96324940001516,41.89282131730252,0.0 -69.9632058298012,41.89282311577513,0.0 -69.96315528137575,41.89282636304399,0.0 -69.96310119952655,41.89283083780631,0.0 -69.96304726983927,41.89283623511212,0.0 -69.9629971675316,41.892842187146684,0.0 -69.96295430699375,41.892848288295724,0.0 -69.96292160910308,41.892854122785494,0.0 -69.96290130217051,41.89285929301456,0.0 -69.96289477008384,41.89286344664711,0.0</coordinates>
                        </LinearRing>
                    </outerBoundaryIs>
                </Polygon>
            </Placemark>
            <Placemark id="573">
                <name>AZ 88 EL 5.0</name>
                <styleUrl>#8</styleUrl>
                <Polygon id="572">
                    <outerBoundaryIs>
                        <LinearRing id="576">
                            <coordinates>-69.96289181913833,41.89283553353841,0.0 -69.9628991436422,41.89283887543205,0.0 -69.96292028704482,41.892841617436176,0.0 -69.96295380845923,41.892843572680675,0.0 -69.9629974234561,41.892844607909296,0.0 -69.963048159744,41.892844652563355,0.0 -69.96310255972645,41.892843703592796,0.0 -69.96315691613205,41.892841825665904,0.0 -69.96320752465961,41.89283914676292,0.0 -69.96325093642062,41.89283584945368,0.0 -69.96328419297562,41.89283215845395,0.0 -69.96330502794686,41.89282832530878,0.0 -69.96331202146776,41.892824611247704,0.0 -69.96330469694392,41.892821269380285,0.0 -69.96328355353154,41.8928185274467,0.0 -69.96325003212019,41.89281657229809,0.0 -69.96320641713835,41.89281553716505,0.0 -69.96315568087347,41.89281549258065,0.0 -69.96310128091585,41.89281644157627,0.0 -69.96304692453022,41.89281831947693,0.0 -69.96299631601242,41.89282099830941,0.0 -69.96295290424837,41.89282429552274,0.0 -69.9629196476783,41.8928279864269,0.0 -69.96289881268406,41.892831819502376,0.0 -69.96289181913833,41.89283553353841,0.0</coordinates>
                        </LinearRing>
                    </outerBoundaryIs>
                </Polygon>
            </Placemark>
            <Placemark id="579">
                <name>AZ 93 EL 5.0</name>
                <styleUrl>#8</styleUrl>
                <Polygon id="578">
                    <outerBoundaryIs>
                        <LinearRing id="582">
                            <coordinates>-69.96289214756388,41.89280753519523,0.0 -69.96289905291503,41.89281133957332,0.0 -69.96291979481076,41.89281544289132,0.0 -69.96295295972776,41.89281956550796,0.0 -69.9629962875337,41.89282342646422,0.0 -69.96304682551097,41.8928267626327,0.0 -69.96310112957929,41.892829346652015,0.0 -69.96315549900427,41.89283100242285,0.0 -69.96320622859689,41.892831617109636,0.0 -69.96324986121658,41.89283114882942,0.0 -69.96328342337048,41.892829629504234,0.0 -69.96330462785251,41.89282716268316,0.0 -69.96331202961291,41.89282391648305,0.0 -69.96330512423579,41.89282011212969,0.0 -69.96328438231379,41.89281600888103,0.0 -69.96325121737725,41.89281188635974,0.0 -69.96320788956372,41.89280802549931,0.0 -69.96315735159287,41.89280468940144,0.0 -69.96310304754323,41.89280210540862,0.0 -69.9630486781442,41.89280044961304,0.0 -69.96299794857786,41.892799834856916,0.0 -69.96295431597773,41.89280030304178,0.0 -69.9629207538314,41.89280182227113,0.0 -69.96289954934295,41.89280428902158,0.0 -69.96289214756388,41.89280753519523,0.0</coordinates>
                        </LinearRing>
                    </outerBoundaryIs>
                </Polygon>
            </Placemark>
            <Placemark id="585">
                <name>AZ 98 EL 5.0</name>
                <styleUrl>#8</styleUrl>
                <Polygon id="584">
                    <outerBoundaryIs>
                        <LinearRing id="588">
                            <coordinates>-69.96289575285664,41.89277966470182,0.0 -69.96290218650181,41.892783902610574,0.0 -69.96292236903298,41.89278933601319,0.0 -69.96295492504818,41.89279559462553,0.0 -69.96299763591294,41.89280225192422,0.0 -69.9630475909554,41.892808854215886,0.0 -69.96310138582301,41.892814951558215,0.0 -69.96315535448323,41.89282012842465,0.0 -69.96320581905796,41.89282403202261,0.0 -69.96324934046562,41.89282639633503,0.0 -69.96328295279007,41.892827060247264,0.0 -69.96330436540393,41.89282597852423,0.0 -69.96331211907192,41.89282322489062,0.0 -69.96330568539558,41.89281898700474,0.0 -69.96328550282244,41.89281355366926,0.0 -69.96325294676569,41.89280729515027,0.0 -69.96321023587095,41.89280063794618,0.0 -69.9631602808181,41.892794035725004,0.0 -69.9631064859625,41.89278793841017,0.0 -69.96305251733342,41.892782761520856,0.0 -69.96300205280068,41.892778857855774,0.0 -69.96295853143455,41.89277649344998,0.0 -69.9629249191401,41.89277582944315,0.0 -69.96290350653662,41.89277691109569,0.0 -69.96289575285664,41.89277966470182,0.0</coordinates>
                        </LinearRing>
                    </outerBoundaryIs>
                </Polygon>
            </Placemark>
            <Placemark id="591">
                <name>AZ 103 EL 5.0 [IN CURRENT MASK]</name>
                <styleUrl>#8</styleUrl>
                <Polygon id="590">
                    <outerBoundaryIs>
                        <LinearRing id="594">
                            <coordinates>-69.96290260757394,41.89275213416917,0.0 -69.96290852054995,41.892756773355394,0.0 -69.96292799011637,41.89276349549065,0.0 -69.96295968946008,41.892771842466125,0.0 -69.96300145832939,41.89278124544026,0.0 -69.96305045025005,41.8927910636067,0.0 -69.96310332650629,41.89280062786673,0.0 -69.96315648366814,41.892809286429014,0.0 -69.96320629915935,41.89281644922893,0.0 -69.96324937813087,41.89282162813988,0.0 -69.96328278481575,41.892824470236626,0.0 -69.9633042425985,41.892824781844155,0.0 -69.96331228916398,41.892822541733864,0.0 -69.96330637615256,41.89281790256834,0.0 -69.96328690652972,41.89281118049703,0.0 -69.96325520712374,41.892802833611526,0.0 -69.96321343820294,41.892793430729355,0.0 -69.96316444625542,41.89278361263218,0.0 -69.96311157000412,41.89277404840019,0.0 -69.96305841287767,41.89276538981719,0.0 -69.96300859744287,41.89275822695336,0.0 -69.96296551853364,41.89275304795242,0.0 -69.96293211190023,41.89275020576373,0.0 -69.96291065414435,41.89274989408691,0.0 -69.96290260757394,41.89275213416917,0.0</coordinates>
                        </LinearRing>
                    </outerBoundaryIs>
                </Polygon>
            </Placemark>
            <Placemark id="597">
                <name>AZ 108 EL 5.0 [IN CURRENT MASK]</name>
                <styleUrl>#8</styleUrl>
                <Polygon id="596">
                    <outerBoundaryIs>
                        <LinearRing id="600">
                            <coordinates>-69.96291265954324,41.8927251531207,0.0 -69.96291800684959,41.8927301582773,0.0 -69.96293661527754,41.89273811798527,0.0 -69.96296721670036,41.892748489797654,0.0 -69.96300772568978,41.89276056688408,0.0 -69.96305538163223,41.89277352620227,0.0 -69.96310693685825,41.892786484589415,0.0 -69.96315887796462,41.892798558950034,0.0 -69.96320766524688,41.892808926438235,0.0 -69.96324997392553,41.89281688053281,0.0 -69.96328292072587,41.89282187918387,0.0 -69.96330426037082,41.892823581750406,0.0 -69.96331253859455,41.892821872212004,0.0 -69.96330719124961,41.8928168670737,0.0 -69.96328858275254,41.892808907425575,0.0 -69.96325798124859,41.8927985356985,0.0 -69.96321747218778,41.89278645870002,0.0 -69.96316981620278,41.89277349944886,0.0 -69.96311826097448,41.89276054108983,0.0 -69.96306631990673,41.892748466710906,0.0 -69.96301753269357,41.89273809916288,0.0 -69.96297522409606,41.892730144982984,0.0 -69.9629422773671,41.89272514624398,0.0 -69.96292093776471,41.89272344361042,0.0 -69.96291265954324,41.8927251531207,0.0</coordinates>
                        </LinearRing>
                    </outerBoundaryIs>
                </Polygon>
            </Placemark>
            <Placemark id="603">
                <name>AZ 113 EL 5.0 [IN CURRENT MASK]</name>
                <styleUrl>#8</styleUrl>
                <Polygon id="602">
                    <outerBoundaryIs>
                        <LinearRing id="606">
                            <coordinates>-69.96292583225929,41.89269892689763,0.0 -69.96293057320068,41.89270425993232,0.0 -69.96294817887049,41.892713396634505,0.0 -69.96297744947938,41.892725714347506,0.0 -69.96301639029348,41.89274037363162,0.0 -69.96306234756955,41.89275637547259,0.0 -69.96311218940087,41.89277262936501,0.0 -69.96316251914996,41.89278802763023,0.0 -69.96320990692351,41.892801520903475,0.0 -69.96325112331512,41.892812189645966,0.0 -69.96328335948604,41.89281930680848,0.0 -69.96330441858564,41.892822387376405,0.0 -69.96331286546535,41.89282122142052,0.0 -69.96330812448336,41.89281588840154,0.0 -69.96329051873381,41.89280675175436,0.0 -69.96326124802741,41.89279443412086,0.0 -69.96322230712416,41.89277977491947,0.0 -69.96317634979117,41.89276377314228,0.0 -69.96312650795042,41.89274751927759,0.0 -69.96307617824195,41.89273212099666,0.0 -69.96302879054814,41.89271862766844,0.0 -69.96298757425404,41.89270795884643,0.0 -69.96295533817226,41.892700841601204,0.0 -69.96293427912958,41.89269776096949,0.0 -69.96292583225929,41.89269892689763,0.0</coordinates>
                        </LinearRing>
                    </outerBoundaryIs>
                </Polygon>
            </Placemark>
            <Placemark id="609">
                <name>AZ 118 EL 5.0 [IN CURRENT MASK]</name>
                <styleUrl>#8</styleUrl>
                <Polygon id="608">
                    <outerBoundaryIs>
                        <LinearRing id="612">
                            <coordinates>-69.96294202546652,41.89267365509632,0.0 -69.96294612396247,41.89267927542152,0.0 -69.96296259288634,41.8926895195819,0.0 -69.96299030991698,41.892703689449895,0.0 -69.96302738619562,41.892720819365174,0.0 -69.96307129504555,41.89273974194467,0.0 -69.96311904415819,41.8927591676399,0.0 -69.96316737951202,41.89277777261917,0.0 -69.96321300712842,41.892794288985165,0.0 -69.96325281755198,41.89280759117981,0.0 -69.963284097757,41.892816772687766,0.0 -69.96330471603883,41.89282120781208,0.0 -69.96331326728867,41.89282059431232,0.0 -69.96330916875134,41.89281497400017,0.0 -69.96329269973954,41.89280472988932,0.0 -69.96326498259798,41.89279056009404,0.0 -69.96322790621514,41.89277343025518,0.0 -69.96318399729564,41.89275450773533,0.0 -69.96313624816673,41.892735082067006,0.0 -69.96308791285429,41.8927164770747,0.0 -69.96304228532581,41.892699960659186,0.0 -69.96300247501318,41.89268665839183,0.0 -69.96297119491236,41.89267747680746,0.0 -69.9629505767001,41.89267304162346,0.0 -69.96294202546652,41.89267365509632,0.0</coordinates>
                        </LinearRing>
                    </outerBoundaryIs>
                </Polygon>
            </Placemark>
            <Placemark id="615">
                <name>AZ 123 EL 5.0 [IN CURRENT MASK]</name>
                <styleUrl>#8</styleUrl>
                <Polygon id="614">
                    <outerBoundaryIs>
                        <LinearRing id="618">
                            <coordinates>-69.96296111592216,41.892649530049184,0.0 -69.9629645407816,41.89265539489093,0.0 -69.96297974762325,41.89266666854521,0.0 -69.96300570013528,41.892682582726735,0.0 -69.963040629709,41.89270205290387,0.0 -69.96308215596326,41.892723752209285,0.0 -69.96312744896048,41.89274620186569,0.0 -69.96317342205998,41.892767871963535,0.0 -69.96321694226694,41.892787285722534,0.0 -69.96325504374182,41.892803120131425,0.0 -69.96328512992002,41.892814296107915,0.0 -69.9633051504666,41.892820052034594,0.0 -69.96331374100639,41.892819995660076,0.0 -69.96331031610603,41.89281413082871,0.0 -69.96329510917094,41.89280285721806,0.0 -69.96326915653792,41.89278694310167,0.0 -69.96323422684813,41.892767472993796,0.0 -69.96319270051377,41.89274577374317,0.0 -69.96314740749395,41.8927233241124,0.0 -69.96310143443533,41.89270165400418,0.0 -69.96305791432182,41.89268224020157,0.0 -69.9630198129679,41.89266640572752,0.0 -69.96298972690579,41.89265522968177,0.0 -69.96296970643931,41.8926494737003,0.0 -69.96296111592216,41.892649530049184,0.0</coordinates>
                        </LinearRing>
                    </outerBoundaryIs>
                </Polygon>
            </Placemark>
            <Placemark id="621">
                <name>AZ 128 EL 5.0 [IN CURRENT MASK]</name>
                <styleUrl>#8</styleUrl>
                <Polygon id="620">
                    <outerBoundaryIs>
                        <LinearRing id="624">
                            <coordinates>-69.9629829583342,41.892626735361,0.0 -69.96298568349286,41.89263280008444,0.0 -69.96299951252134,41.892645017433395,0.0 -69.96302350300375,41.892662554811956,0.0 -69.96305602004112,41.892684217071064,0.0 -69.9630948476635,41.892708527957424,0.0 -69.96313733984141,41.89273383071938,0.0 -69.96318060080598,41.89275840101313,0.0 -69.96322168239004,41.892780564414544,0.0 -69.96325778494193,41.89279881052816,0.0 -69.96328644811969,41.8928118959172,0.0 -69.96330571856267,41.89281892884016,0.0 -69.96331428301323,41.8928194300199,0.0 -69.96331155781539,41.892813365304214,0.0 -69.96329772869079,41.89280114799272,0.0 -69.96327373808101,41.89278361067124,0.0 -69.96324122091922,41.89276194847355,0.0 -69.96320239320865,41.89273763763649,0.0 -69.96315990100243,41.8927123348985,0.0 -69.96311664007703,41.89268776459699,0.0 -69.9630755585891,41.89266560115815,0.0 -69.96303945616457,41.89264735498745,0.0 -69.96301079311125,41.892634269537005,0.0 -69.96299152275645,41.892627236564714,0.0 -69.9629829583342,41.892626735361,0.0</coordinates>
                        </LinearRing>
                    </outerBoundaryIs>
                </Polygon>
            </Placemark>
            <Placemark id="627">
                <name>AZ 133 EL 5.0</name>
                <styleUrl>#8</styleUrl>
                <Polygon id="626">
                    <outerBoundaryIs>
                        <LinearRing id="630">
                            <coordinates>-69.9630073864673,41.89260544451162,0.0 -69.96300939118602,41.89261166296077,0.0 -69.9630217371564,41.89262473102322,0.0 -69.96304358303054,41.89264375812897,0.0 -69.96307344006121,41.89266744760736,0.0 -69.96310927355398,41.89269418505427,0.0 -69.9631486415249,41.892722148352526,0.0 -69.9631888611151,41.892749431847385,0.0 -69.96322719142236,41.8927741762143,0.0 -69.96326102029002,41.89279469516866,0.0 -69.96328804232367,41.8928095903825,0.0 -69.96330641600349,41.89281784677691,0.0 -69.96331488918419,41.89281890169663,0.0 -69.96331288442923,41.89281268325277,0.0 -69.96330053836296,41.89279961522152,0.0 -69.96327869235895,41.89278058816447,0.0 -69.96324883519928,41.89275689873924,0.0 -69.96321300161291,41.89273016133573,0.0 -69.96317363360887,41.89270219805945,0.0 -69.96313341405492,41.89267491455927,0.0 -69.96309508384356,41.892650170161176,0.0 -69.96306125510574,41.89262965115811,0.0 -69.9630342332011,41.89261475589112,0.0 -69.9630158596149,41.8926064994533,0.0 -69.9630073864673,41.89260544451162,0.0</coordinates>
                        </LinearRing>
                    </outerBoundaryIs>
                </Polygon>
            </Placemark>
            <Placemark id="633">
                <name>AZ 138 EL 5.0</name>
                <styleUrl>#8</styleUrl>
                <Polygon id="632">
                    <outerBoundaryIs>
                        <LinearRing id="636">
                            <coordinates>-69.96303421440797,41.89258581953563,0.0 -69.96303548343045,41.89259214438463,0.0 -69.9630462523848,41.89260596370513,0.0 -69.96306578739383,41.89262633573077,0.0 -69.96309275719179,41.89265187213763,0.0 -69.96312532384447,41.89268083265732,0.0 -69.9631612679979,41.892711243674576,0.0 -69.96319814012115,41.892741032726846,0.0 -69.96323342743672,41.89276816973977,0.0 -69.96326472516309,41.89279080537326,0.0 -69.9632899003991,41.89280739705032,0.0 -69.9633072374811,41.892816814080035,0.0 -69.96331555490596,41.89281841471115,0.0 -69.96331428585124,41.89281208986522,0.0 -69.96330351680416,41.89279827056976,0.0 -69.96328398166672,41.892777898584434,0.0 -69.9632570117391,41.8927523622223,0.0 -69.96322444499023,41.892723401739815,0.0 -69.96318850079987,41.89269299074226,0.0 -69.96315162870886,41.892663201686915,0.0 -69.96311634148603,41.89263606464895,0.0 -69.96308504388807,41.892613428975174,0.0 -69.96305986878171,41.89259683725338,0.0 -69.9630425317959,41.89258742018643,0.0 -69.96303421440797,41.89258581953563,0.0</coordinates>
                        </LinearRing>
                    </outerBoundaryIs>
                </Polygon>
            </Placemark>
            <Placemark id="639">
                <name>AZ 143 EL 5.0</name>
                <styleUrl>#8</styleUrl>
                <Polygon id="638">
                    <outerBoundaryIs>
                        <LinearRing id="642">
                            <coordinates>-69.96306323797943,41.89256800978939,0.0 -69.96306376164841,41.892574392902645,0.0 -69.96307287163073,41.89258885830837,0.0 -69.96308994710482,41.89261042021112,0.0 -69.96311382441762,41.892637609199674,0.0 -69.96314287638236,41.892668572385745,0.0 -69.96317512316521,41.89270119967629,0.0 -69.9632083672052,41.89273326757365,0.0 -69.96324034297318,41.89276259070373,0.0 -69.96326887136476,41.89278717074559,0.0 -69.9632920082049,41.89280533261322,0.0 -69.96330817674357,41.892815838608946,0.0 -69.96331627511198,41.892817972769684,0.0 -69.96331575141576,41.892811589657576,0.0 -69.96330664134666,41.89279712427106,0.0 -69.96328956574952,41.89277556240041,0.0 -69.96326568831034,41.89274837344826,0.0 -69.96323663624977,41.89271741029314,0.0 -69.9632043894273,41.89268478301981,0.0 -69.96317114541456,41.892652715121294,0.0 -69.96313916973335,41.89262339197202,0.0 -69.96311064146482,41.892598811898054,0.0 -69.96308750475106,41.892580649994024,0.0 -69.96307133630823,41.892570143967326,0.0 -69.96306323797943,41.89256800978939,0.0</coordinates>
                        </LinearRing>
                    </outerBoundaryIs>
                </Polygon>
            </Placemark>
            <Placemark id="645">
                <name>AZ 148 EL 5.0</name>
                <styleUrl>#8</styleUrl>
                <Polygon id="644">
                    <outerBoundaryIs>
                        <LinearRing id="648">
                            <coordinates>-69.9630942362956,41.89255215081423,0.0 -69.96309401062629,41.89255854361277,0.0 -69.96310139230621,41.892573545013924,0.0 -69.96311587829392,41.89259613269558,0.0 -69.96313648140465,41.89262476734216,0.0 -69.96316179758236,41.89265749754696,0.0 -69.96319010158065,41.89269209279814,0.0 -69.96321946453291,41.892726195485054,0.0 -69.96324788540032,41.892757481565894,0.0 -69.96327342733993,41.89278381894735,0.0 -69.96329434969937,41.89280341278281,0.0 -69.96330922664252,41.89281492778762,0.0 -69.96331704432104,41.89281757923571,0.0 -69.96331726996895,41.89281118643672,0.0 -69.96330988821086,41.89279618504942,0.0 -69.96329540210918,41.89277359739214,0.0 -69.96327479887921,41.89274496277397,0.0 -69.96324948260892,41.892712232593986,0.0 -69.96322117856954,41.89267763735738,0.0 -69.9631918156387,41.89264353467091,0.0 -69.96316339484945,41.89261224857624,0.0 -69.96313785302382,41.892585911170414,0.0 -69.96311693078363,41.892566317306546,0.0 -69.96310205393304,41.89255480227691,0.0 -69.9630942362956,41.89255215081423,0.0</coordinates>
                        </LinearRing>
                    </outerBoundaryIs>
                </Polygon>
            </Placemark>
            <Placemark id="651">
                <name>AZ 153 EL 5.0 [IN CURRENT MASK]</name>
                <styleUrl>#8</styleUrl>
                <Polygon id="650">
                    <outerBoundaryIs>
                        <LinearRing id="654">
                            <coordinates>-69.96312697344214,41.892538363305064,0.0 -69.9631260001525,41.89254471713623,0.0 -69.96313159735288,41.892560140363905,0.0 -69.96314338361005,41.89258358191966,0.0 -69.96316055572015,41.89261344429848,0.0 -69.96318194344313,41.892647692426536,0.0 -69.96320608924967,41.89268399234857,0.0 -69.96323134764704,41.8927198702837,0.0 -69.96325599731574,41.89275288120978,0.0 -69.96327835841485,41.89278077548767,0.0 -69.96329690706231,41.892801652170135,0.0 -69.96331037918762,41.89281408854789,0.0 -69.96331785667901,41.89281723710423,0.0 -69.96331882995372,41.89281088327143,0.0 -69.96331323268616,41.892795460052874,0.0 -69.96330144632758,41.89277201851448,0.0 -69.96328427410896,41.89274215615663,0.0 -69.96326288629947,41.89270790804757,0.0 -69.96323874045163,41.89267160813744,0.0 -69.9632134820692,41.89263573020393,0.0 -69.96318883246768,41.89260271926876,0.0 -69.96316647146998,41.8925748249735,0.0 -69.96314792293101,41.892553948270034,0.0 -69.96313445089223,41.8925415118733,0.0 -69.96312697344214,41.892538363305064,0.0</coordinates>
                        </LinearRing>
                    </outerBoundaryIs>
                </Polygon>
            </Placemark>
            <Placemark id="657">
                <name>AZ 158 EL 5.0 [IN CURRENT MASK]</name>
                <styleUrl>#8</styleUrl>
                <Polygon id="656">
                    <outerBoundaryIs>
                        <LinearRing id="660">
                            <coordinates>-69.9631612002718,41.89252675219174,0.0 -69.96315948676951,41.89253301869951,0.0 -69.96316325689386,41.89254874637455,0.0 -69.96317225372256,41.89257286340126,0.0 -69.96318586414513,41.89260372624304,0.0 -69.96320316064322,41.89263923164676,0.0 -69.96322296449684,41.89267695997648,0.0 -69.96324392611011,41.89271434010795,0.0 -69.96326461698294,41.89274882464676,0.0 -69.96328362706113,41.892778063529086,0.0 -69.96329966083067,41.89280006417452,0.0 -69.96331162560726,41.892813327276905,0.0 -69.96331870600336,41.89281694897909,0.0 -69.96332041949765,41.892810682468955,0.0 -69.96331664931913,41.892794954799065,0.0 -69.96330765240464,41.89277083778362,0.0 -69.96329404188761,41.89273997495622,0.0 -69.96327674531172,41.892704469566134,0.0 -69.9632569414178,41.892666741245655,0.0 -69.96323597981254,41.892629361116555,0.0 -69.96321528899387,41.89259487657261,0.0 -69.96319627900148,41.89256563767901,0.0 -69.96318024532638,41.89254363701919,0.0 -69.9631682806276,41.892530373903156,0.0 -69.9631612002718,41.89252675219174,0.0</coordinates>
                        </LinearRing>
                    </outerBoundaryIs>
                </Polygon>
            </Placemark>
            <Placemark id="663">
                <name>AZ 163 EL 5.0 [IN CURRENT MASK]</name>
                <styleUrl>#8</styleUrl>
                <Polygon id="662">
                    <outerBoundaryIs>
                        <LinearRing id="666">
                            <coordinates>-69.96319665630055,41.89251740584067,0.0 -69.96319421562657,41.89252353733358,0.0 -69.96319612998329,41.892539449759894,0.0 -69.96320226891439,41.892564058713866,0.0 -69.96321221406862,41.892595687135326,0.0 -69.96322528770789,41.89263217959873,0.0 -69.96324059889197,41.892671049202114,0.0 -69.96325710419276,41.89270964704558,0.0 -69.96327367880122,41.892745342749606,0.0 -69.9632891931812,41.89277570371118,0.0 -69.96330259004661,41.89279866088155,0.0 -69.96331295641548,41.892812649768395,0.0 -69.9633195858302,41.89281671705308,0.0 -69.96332202650335,41.89281058555751,0.0 -69.96332011210716,41.892794673133295,0.0 -69.96331397310848,41.8927700641856,0.0 -69.96330402787672,41.89273843577293,0.0 -69.9632909541707,41.89270194331845,0.0 -69.96327564294857,41.892663073721764,0.0 -69.96325913764862,41.89262447588095,0.0 -69.96324256307966,41.89258878017482,0.0 -69.96322704876724,41.89255841920697,0.0 -69.96321365197936,41.89253546202782,0.0 -69.96320328567724,41.892521473132035,0.0 -69.96319665630055,41.89251740584067,0.0</coordinates>
                        </LinearRing>
                    </outerBoundaryIs>
                </Polygon>
            </Placemark>
            <Placemark id="669">
                <name>AZ 168 EL 5.0 [IN CURRENT MASK]</name>
                <styleUrl>#8</styleUrl>
                <Polygon id="668">
                    <outerBoundaryIs>
                        <LinearRing id="672">
                            <coordinates>-69.96323307168996,41.89251039538222,0.0 -69.96322992241932,41.89251634519635,0.0 -69.96322996643988,41.89253232127189,0.0 -69.9632332007541,41.89255723486565,0.0 -69.96323940495353,41.89258938815716,0.0 -69.96324815623802,41.89262658995231,0.0 -69.9632588582274,41.89266630500972,0.0 -69.9632707816022,41.89270582681342,0.0 -69.9632831138048,41.89274246201758,0.0 -69.96329501441359,41.892773713993584,0.0 -69.96330567241704,41.89279745297114,0.0 -69.963314361484,41.8928120611786,0.0 -69.96332048946354,41.89281654309129,0.0 -69.96332363874056,41.89281059327468,0.0 -69.96332359469636,41.89279461719919,0.0 -69.96332036033486,41.89276970360797,0.0 -69.96331415607717,41.89273755032082,0.0 -69.96330540473903,41.89270034853068,0.0 -69.96329470271502,41.892660633477604,0.0 -69.96328277933384,41.89262111167637,0.0 -69.96327044715487,41.892584476472166,0.0 -69.96325854659335,41.89255322449363,0.0 -69.96324788864817,41.89252948551172,0.0 -69.96323919963487,41.89251487729923,0.0 -69.96323307168996,41.89251039538222,0.0</coordinates>
                        </LinearRing>
                    </outerBoundaryIs>
                </Polygon>
            </Placemark>
            <Placemark id="675">
                <name>AZ 173 EL 5.0 [IN CURRENT MASK]</name>
                <styleUrl>#8</styleUrl>
                <Polygon id="674">
                    <outerBoundaryIs>
                        <LinearRing id="678">
                            <coordinates>-69.96327016930067,41.892505774169436,0.0 -69.96326633540106,41.89251149702358,0.0 -69.963264508751,41.89252741516187,0.0 -69.96326481383439,41.89255244378958,0.0 -69.96326722986285,41.89258487724707,0.0 -69.96327159219175,41.8926225052477,0.0 -69.96327760353947,41.892662763505186,0.0 -69.96328485424561,41.89270290848561,0.0 -69.96329285018788,41.89274020437471,0.0 -69.96330104645531,41.892772109519186,0.0 -69.96330888448328,41.892796449636165,0.0 -69.96331583011941,41.892811565987046,0.0 -69.96332141002618,41.892816428417696,0.0 -69.96332524393917,41.8928107055617,0.0 -69.9633270705822,41.89279478742246,0.0 -69.96332676547325,41.89276975879492,0.0 -69.96332434940757,41.89273732533867,0.0 -69.96331998703975,41.892699697340056,0.0 -69.96331397566185,41.892659439084774,0.0 -69.96330672494233,41.89261929410619,0.0 -69.9632987290071,41.89258199821805,0.0 -69.96329053276521,41.89255009307341,0.0 -69.96328269477446,41.89252575295517,0.0 -69.96327574917726,41.89251063660228,0.0 -69.96327016930067,41.892505774169436,0.0</coordinates>
                        </LinearRing>
                    </outerBoundaryIs>
                </Polygon>
            </Placemark>
        </Folder>
        <Placemark id="681">
            <name>USGS Marconi GNSS station</name>
            <styleUrl>#682</styleUrl>
            <Point id="680">
                <coordinates>-69.9633227139,41.8928243333,0.0</coordinates>
            </Point>
        </Placemark>
        <Placemark id="686">
            <name>Confirmed true bearing to water (83.06 deg, 71.78m)</name>
            <styleUrl>#687</styleUrl>
            <LineString id="685">
                <coordinates>-69.9633227139,41.8928243333,0.0 -69.96246187627813,41.89290233298396,0.0</coordinates>
            </LineString>
        </Placemark>
    </Document>
</kml>
