     3.05           OBSERVATION DATA    M: Mixed            RINEX VERSION / TYPE
CONVBIN EX 2.5.1                        20260708 175359 UTC PGM / RUN BY / DATE 
format: NovAtel OEM7                                        COMMENT             
log: /home/argus_user/GNSS/v4.1/raw/test_binary1.um980      COMMENT             
                                                            MARKER NAME         
                                                            MARKER NUMBER       
                                                            MARKER TYPE         
                                                            OBSERVER / AGENCY   
                                                            REC # / TYPE / VERS 
                                                            ANT # / TYPE        
  1629147.4793 -4467148.9514  4236746.9501                  APPROX POSITION XYZ 
        0.0000        0.0000        0.0000                  ANTENNA: DELTA H/E/N
G   12 C1C L1C S1C C2W L2W S2W C2S L2S S2S C5Q L5Q S5Q      SYS / # / OBS TYPES 
R    6 C1C L1C S1C C2P L2P S2P                              SYS / # / OBS TYPES 
E    9 C1C L1C S1C C7Q L7Q S7Q C5Q L5Q S5Q                  SYS / # / OBS TYPES 
C    3 C2I L2I S2I                                          SYS / # / OBS TYPES 
  2026    07    08    14    54   55.0000000     GPS         TIME OF FIRST OBS   
  2026    07    08    14    55   52.0000000     GPS         TIME OF LAST OBS    
G L1C                                                       SYS / PHASE SHIFT   
G L2W  0.00000                                              SYS / PHASE SHIFT   
G L2S  0.00000                                              SYS / PHASE SHIFT   
G L5Q  0.00000                                              SYS / PHASE SHIFT   
R L1C                                                       SYS / PHASE SHIFT   
R L2P  0.00000                                              SYS / PHASE SHIFT   
E L1C  0.00000                                              SYS / PHASE SHIFT   
E L7Q  0.00000                                              SYS / PHASE SHIFT   
E L5Q  0.00000                                              SYS / PHASE SHIFT   
C L2I                                                       SYS / PHASE SHIFT   
 20 R01  1 R02 -4 R03  5 R04  6 R06 -4 R07  5 R08  6 R09 -2 GLONASS SLOT / FRQ #
    R10 -7 R12 -1 R13 -2 R14 -7 R15  0 R16 -1 R17  4 R18 -3 GLONASS SLOT / FRQ #
    R19  3 R22 -3 R23  3 R24  2                             GLONASS SLOT / FRQ #
 C1C    0.000 C1P    0.000 C2C    0.000 C2P    0.000        GLONASS COD/PHS/BIS 
                                                            END OF HEADER       
> 2026 07 08 14 54 55.0000000  0 37                     
G05  20929985.730   109987811.560          29.220                                                    20929952.723                2         15.740                                                  
G06  23867397.301   125424006.945          48.000    23867398.851    97732986.994          49.180    23867398.528    97732989.946          47.450    23867400.222    93660781.664          52.780  
G09  24154208.181   126931223.003          49.770    24154208.538    98907439.698          49.380    24154208.006    98907450.695          43.500    24154208.933    94786294.033          54.120  
G11  21112250.877   110945626.256          47.950    21112247.643    86451121.014          42.640    21112247.551    86451131.979          45.600    21112251.613    82849008.345          49.460  
G20  23065821.737   121211747.032          37.710    23065822.541    94450688.141          29.490    23065821.460    94450725.055          33.440    23065824.298    90515305.131          37.160  
G21  20311420.624   106737228.701          41.360    20311417.563    83171882.318          36.330    20311416.889    83171851.281          40.630    20311422.197    79706376.638          45.440  
G29  22635106.583   118948270.020          37.970    22635102.965    92686960.492          33.410    22635103.385    92686965.534          28.400                                                  
G25  24127931.755                2         26.790                                                    24127955.410                2         17.710    24127940.196                2         26.200  
G12  24691108.464                2         22.110                                                    24691112.810                2         24.040                                                  
G15  25217167.607   132517109.797          33.560                                                                                                                                                  
R10  24125848.250   128604339.448          32.930                                                  
R02  22676557.333   121006451.673          52.210    22676558.418    94116100.557          49.180  
R18  19624998.369   104759563.782          48.190    19624997.972    81479668.619          44.900  
R17  22114441.922   118338833.653          51.250    22114443.011    92041302.347          48.160  
R03  19517504.006   104478726.660          45.800    19517503.743    81261231.965          42.580  
R04  20992210.468   112412344.943          37.720    20992211.246    87431793.660          30.670  
R19  20980138.445   112229521.416          41.750    20980134.509    87289657.059          39.260  
R09  24089719.324   128637753.734          26.750    24089720.397   100051591.582          31.730  
C12  21814269.802   113592630.660          41.580  
C20  22060412.926   114874360.974          45.940  
C29  21500951.752   111961108.766          41.470  
C30  24189362.998   125960347.376          48.130  
C32  25041166.365   130395912.653          51.060  
C11  22618428.321   117780085.983          48.530  
C35  23850514.404   124195905.291          37.370  
C19  23631336.919   123054539.802          38.320  
E19  24100394.399   126648445.115          43.280    24100391.121    97042304.905          43.070    24100394.425    94575141.776          40.460  
E04  27787270.652   146023104.227          36.810    27787271.303   111887835.137          34.250    27787274.780   109043254.045          32.250  
E28  26222504.760   137800227.033          42.150    26222503.713   105587188.416          41.870    26222507.248   102902790.909          39.630  
E29  25790490.577   135529939.095          50.180    25790488.522   103847609.679          53.010    25790491.720   101207432.923          49.890  
E33  25210030.577   132479599.677          49.490    25210026.959   101510324.013          52.690    25210030.539    98929568.532          50.110  
E25  26877649.855   141242986.988          33.800    26877647.998   108225153.188          30.720    26877652.032   105473679.933          29.640  
E16  26191125.652   137635282.366          28.280    26191123.667   105460799.290          27.620    26191124.592                2         23.950  
E11  25042472.504                2         26.930    25042468.713                2         23.990    25042475.006                2         28.230  
E10  24890961.537   130802881.566          29.440    24890962.372   100225598.100          34.180    24890965.972    97677497.511          32.460  
E12  23730139.659   124702726.018          35.800    23730133.161    95551423.113          35.110    23730137.448    93122156.664          33.840  
E31  28139422.032   147873635.114          30.490    28139424.598   113305802.127          27.280    28139428.903                2         24.010  
> 2026 07 08 14 54 56.0000000  0 37                     
G05  20929701.283   109986316.860          29.710                                                    20929685.502                3         14.980                                                  
G06  23867897.409   125426635.002          48.490    23867898.942    97735034.859          49.530    23867898.629    97735037.840          46.980    23867900.319    93662744.196          52.810  
G09  24154771.522   126934183.232          50.010    24154771.812    98909746.387          49.590    24154771.311    98909757.355          43.780    24154772.288    94788504.599          53.810  
G11  21112479.065   110946825.386          48.020    21112475.829    86452055.394          42.760    21112475.736    86452066.356          45.720    21112479.794    82849903.790          49.550  
G20  23065159.020   121208264.434          37.680                                                    23065158.739    94448011.357          33.220    23065161.578    90512704.492          37.280  
G21  20311560.632   106737964.470          41.540    20311557.574    83172455.625          36.570    20311556.900    83172424.581          40.790    20311562.209    79706926.065          45.520  
G29  22634588.230   118945546.135          38.270    22634584.649    92684838.029          33.780    22634585.054    92684842.949          28.330                                                  
G25  24128365.470   126795414.419          27.000                                                    24128365.625                3         17.240    24128373.503                3         26.070  
G12  24691705.038                3         22.240                                                    24691716.094                3         24.490                                                  
G15  25216399.177   132513071.726          33.760                                                                                                                                                  
R10  24125917.328   128604707.655          32.980                                                  
R02  22677278.309   121010298.887          52.200    22677279.374    94119092.851          49.580  
R18  19625081.550   104760007.801          48.230    19625081.149    81480013.971          44.840  
R17  22114996.911   118341803.466          51.480    22114997.988    92043612.215          47.930  
R03  19517559.632   104479024.416          45.780    19517559.367    81261463.553          42.570  
R04  20991548.012   112408797.446          37.790    20991548.751    87429034.567          30.760  
R19  20979610.625   112226697.944          42.110    20979606.704    87287461.022          39.120  
R09  24090216.890   128640410.659          26.120    24090217.955   100053658.035          32.000  
C12  21814023.535   113591348.248          41.650  
C20  22060409.253   114874341.849          45.990  
C29  21501016.923   111961448.107          41.510  
C30  24189880.526   125963042.230          48.080  
C32  25041715.261   130398770.829          50.920  
C11  22618727.169   117781642.148          48.620  
C35  23850042.761   124193449.235          37.370  
C19  23630822.495   123051861.001          38.550  
E19  24100026.825   126646513.524          43.380    24100023.553    97040824.861          43.110    24100026.858    94573699.368          40.450  
E04  27786665.750   146019925.554          36.890    27786666.421   111885399.540          34.180    27786669.899   109040880.355          32.410  
E28  26221960.073   137797364.708          42.120    26221959.022   105584995.203          41.860    26221962.560   102900653.468          39.730  
E29  25790609.403   135530563.545          50.190    25790607.348   103848088.172          53.030    25790610.549   101207899.240          49.900  
E33  25210321.108   132481126.447          49.680    25210317.497   101511493.887          52.740    25210321.075    98930708.656          50.120  
E25  26877613.525   141242796.047          33.620    26877611.666   108225006.913          30.610    26877615.686   105473537.374          29.470  
E16  26191500.430   137637251.899          27.830    26191498.450   105462308.388          27.770    26191499.376                3         22.760  
E11  25042081.939                3         26.970    25042077.757                3         24.390    25042083.885                3         28.210  
E10  24890693.419   130801472.555          29.630    24890694.236   100224518.520          34.080    24890697.836    97676445.301          32.310  
E12  23730043.897   124702222.829          35.630    23730037.410    95551037.588          35.320    23730041.692    93121780.910          33.780  
E31  28139981.076   147876570.974          30.270    28139983.573   113308051.731          27.400    28139987.982                3         24.070  
> 2026 07 08 14 54 57.0000000  0 37                     
G05  20929416.830   109984822.100          30.010                                                    20929401.964                3         15.450                                                  
G06  23868397.456   125429262.705          48.670    23868398.971    97737082.363          49.150    23868398.663    97737085.350          47.650    23868400.351    93664706.397          52.940  
G09  24155334.823   126937143.250          50.190    24155335.050    98912052.859          49.800    24155334.574    98912063.872          43.670    24155335.603    94790714.995          54.290  
G11  21112707.197   110948024.225          48.130    21112703.959    86452989.539          42.750    21112703.864    86453000.543          45.610    21112707.920    82850799.050          49.510  
G20  23064496.229   121204781.459          37.500                                                    23064495.948    94445297.341          33.630    23064498.787    90510103.583          37.190  
G21  20311700.612   106738700.082          41.570    20311697.555    83173028.789          36.590    20311696.879    83172997.770          40.760    20311702.190    79707475.391          45.460  
G29  22634069.840   118942822.048          38.140    22634066.288    92682715.307          33.720    22634066.684    92682720.349          28.620                                                  
G25  24128799.031   126797691.317          27.760                                                    24128810.489                3         18.980    24128806.687                3         25.870  
G12  24692310.716                3         22.400                                                    24692318.079                3         24.530                                                  
G15  25215630.643   132509033.098          33.640                                                                                                                                                  
R10  24125986.427   128605075.972          32.860                                                  
R02  22677999.237   121014145.853          52.080    22678000.285    94122084.915          49.920  
R18  19625164.729   104760451.802          48.230    19625164.321    81480359.288          44.820  
R17  22115551.860   118344773.076          51.130    22115552.926    92045921.919          47.840  
R03  19517615.316   104479322.483          45.860    19517615.050    81261695.377          42.700  
R04  20990885.539   112405249.875          37.630    20990886.246    87426275.290          30.920  
R19  20979082.744   112223874.137          42.150    20979078.836    87285264.715          38.930  
R09  24090714.403   128643067.313          26.280    24090715.463   100055724.397          31.820  
C12  21813777.248   113590065.719          41.690  
C20  22060405.574   114874322.677          46.020  
C29  21501082.060   111961787.271          41.580  
C30  24190397.988   125965736.756          48.230  
C32  25042264.089   130401628.662          50.990  
C11  22619025.978   117783198.107          48.630  
C35  23849571.052   124190992.830          37.570  
C19  23630308.027   123049182.040          38.510  
E19  24099659.210   126644581.710          43.480    24099655.943    97039344.646          43.260    24099659.246    94572256.785          40.350  
E04  27786060.730   146016746.262          37.050    27786061.422   111882963.497          34.400    27786064.901   109038506.305          32.170  
E28  26221415.302   137794501.936          42.200    26221414.245   105582801.671          42.060    26221417.786   102898515.702          39.790  
E29  25790728.212   135531187.923          50.080    25790726.158   103848566.575          53.220    25790729.364   101208365.485          49.840  
E33  25210611.558   132482652.795          49.640    25210607.955   101512663.406          52.890    25210611.530    98931848.442          50.030  
E25  26877577.188   141242605.073          33.580    26877575.327   108224860.504          31.010    26877579.331   105473394.731          29.530  
E16  26191875.153                3         27.800    26191873.179   105463817.298          28.130    26191874.100                3         23.170  
E11  25041691.255                3         27.460    25041686.540                3         23.760    25041692.450                3         28.140  
E10  24890425.201   130800062.998          29.690    24890425.998   100223438.454          34.220    24890429.597    97675392.775          32.230  
E12  23729948.060   124701719.256          35.760    23729941.585    95550651.725          35.410    23729945.862    93121404.833          33.780  
E31  28140539.604   147879506.135          30.450    28140542.112   113310300.700          27.390    28140546.528                3         24.100  
> 2026 07 08 14 54 58.0000000  0 37                     
G05  20929132.689   109983328.977          30.050                                                    20929117.509                3         16.250                                                  
G06  23868897.759   125431891.730          48.970    23868899.256    97739130.950          49.280    23868898.950    97739133.978          47.920    23868900.638    93666669.661          52.950  
G09  24155898.425   126940104.858          49.890    24155898.593    98914360.609          49.610    24155898.141    98914371.624          44.190    24155899.218    94792926.613          53.840  
G11  21112935.632   110949224.654          48.030    21112932.394    86453924.927          42.700    21112932.295    86453935.933          45.780    21112936.348    82851695.459          49.500  
G20  23063833.722   121201299.971          37.540                                                    23063833.441    94442584.519          33.830    23063836.279    90507503.774          37.110  
G21  20311840.905   106739437.328          41.720    20311837.847    83173603.263          36.280    20311837.170    83173572.287          40.800    20311842.483    79708025.958          45.420  
G29  22633551.762   118940099.597          38.330    22633548.242    92680593.916          33.470    22633548.625    92680598.976          28.200                                                  
G25  24129232.550   126799969.802          27.580                                                    24129249.720                3         19.350    24129240.260                3         25.970  
G12  24692913.307                3         23.100                                                    24692917.787                3         24.680                                                  
G15  25214862.321   132504995.583          34.290                                                                                                                                                  
R10  24126055.913   128605446.358          32.500                                                  
R02  22678720.470   121017994.443          52.000    22678721.501    94125078.271          49.900  
R18  19625248.243   104760897.598          48.310    19625247.830    81480706.003          44.700  
R17  22116107.102   118347744.244          51.460    22116108.156    92048232.837          47.800  
R03  19517671.397   104479622.682          45.630    19517671.132    81261928.862          42.660  
R04  20990223.421   112401704.206          37.880    20990224.098    87423517.571          31.520  
R19  20978555.143   112221051.815          42.110    20978551.245    87283069.593          39.120  
R09                                                  24091213.288   100057791.988          32.060  
C12  21813531.299   113588784.910          41.780  
C20  22060402.234   114874305.256          46.050  
C29  21501147.516   111962128.136          41.580  
C30  24190915.732   125968432.724          48.180  
C32  25042813.188   130404487.937          50.280  
C11  22619325.094   117784755.646          48.590  
C35  23849099.617   124188537.855          37.660  
C19  23629793.862   123046504.588          38.460  
E19  24099291.905   126642651.531          43.400    24099288.643    97037865.672          43.180    24099291.945    94570815.427          40.340  
E04  27785455.948   146013568.229          37.080    27785456.663   111880528.367          34.320    27785460.145   109036133.050          32.220  
E28  26220870.793   137791640.549          42.120    26220869.732   105580609.196          41.950    26220873.277   102896378.981          39.680  
E29  25790847.343   135531813.982          50.210    25790845.289   103849046.288          53.100    25790848.498   101208833.004          49.810  
E33  25210902.260   132484180.459          49.640    25210898.664   101513833.965          52.830    25210902.237    98932989.240          50.030  
E25  26877541.152   141242415.686          33.850    26877539.294   108224715.500          31.090    26877543.286   105473253.325          29.410  
E16  26192250.160                3         27.980    26192248.193   105465327.342          27.730    26192249.113                3         22.550  
E11  25041300.354                3         27.660    25041295.546                3         24.200    25041301.545    98267445.6401         28.150  
E10  24890157.261   130798654.893          29.960    24890158.035   100222359.511          34.220    24890161.634    97674341.261          32.190  
E12  23729852.485   124701217.065          35.620    23729846.024    95550266.861          35.440    23729850.296    93121029.803          33.390  
E31  28141098.353   147882442.439          30.790    28141100.869   113312550.522          27.640    28141105.259                3         23.980  
> 2026 07 08 14 54 59.0000000  0 37                     
G05  20928848.649   109981836.370          29.740                                                    20928854.142                3         13.910                                                  
G06  23869398.117   125434521.012          49.230    23869399.588    97741179.748          49.610    23869399.287    97741182.793          47.570    23869400.973    93668633.089          52.780  
G09  24156462.120   126943066.948          49.920    24156462.242    98916668.741          49.680    24156461.803    98916679.732          45.470    24156462.923    94795138.564          53.730  
G11  21113164.145   110950425.489          47.880    21113160.905    86454860.637          42.440    21113160.803    86454871.628          45.710    21113164.853    82852592.181          49.390  
G20  23063171.269   121197818.774          37.180                                                    23063170.992    94439871.906          33.980    23063173.827    90504904.143          37.220  
G21  20311981.307   106740175.147          41.450    20311978.248    83174178.188          36.130    20311977.568    83174147.194          40.910    20311982.885    79708576.907          45.310  
G29  22633033.777   118937377.630          38.050    22633030.282    92678472.908          32.720    22633030.656    92678477.970          27.760                                                  
G25  24129666.848   126802248.727          27.950                                                    24129683.734                3         17.990    24129673.843                3         25.640  
G12  24693518.369                3         22.810                                                    24693521.002                3         24.270                                                  
G15  25214094.007   132500958.155          33.790                                                                                                                                                  
R10  24126125.565   128605817.646          32.550                                                  
R02  22679441.771   121021843.400          51.650    22679442.786    94128071.888          50.010  
R18  19625331.874   104761344.011          48.370    19625331.453    81481053.238          44.690  
R17  22116662.420   118350715.835          50.880    22116663.462    92050544.040          47.610  
R03  19517727.660   104479923.850          45.690    19517727.396    81262163.096          42.700  
R04  20989561.414   112398159.142          37.960    20989562.063    87420760.282          31.470  
R19  20978027.603   112218229.819          42.050    20978023.715    87280874.692          39.230  
R09                                                  24091711.201   100059859.937          32.070  
C12  21813285.449   113587504.704          41.750  
C20  22060399.008   114874288.463          45.970  
C29  21501213.073   111962469.476          41.530  
C30  24191433.532   125971129.022          48.130  
C32  25043362.341   130407347.481          50.370  
C11  22619624.296   117786313.647          48.500  
C35  23848628.232   124186083.139          37.610  
C19  23629279.778   123043827.604          38.550  
E19  24098924.688   126640721.807          43.400    24098921.431    97036387.061          43.170    24098924.731    94569374.408          40.570  
E04  27784851.175   146010390.239          37.130    27784851.914   111878093.288          34.460    27784855.397   109033759.873          32.490  
E28  26220326.335   137788779.425          41.990    26220325.271   105578416.877          41.990    26220328.818   102894242.387          39.830  
E29  25790966.586   135532440.633          50.100    25790964.531   103849526.429          53.150    25790967.745   101209300.936          49.900  
E33  25211193.006   132485708.352          49.550    25211189.415   101515004.671          52.880    25211192.986    98934130.186          50.080  
E25  26877505.238   141242226.948          33.850    26877503.385   108224570.859          31.080    26877507.363   105473112.333          29.760  
E16  26192625.247                3         27.460    26192623.293   105466837.739          28.020    26192624.207                3         23.270  
E11  25040909.165                3         26.980    25040904.864                3         23.680    25040910.845    98265911.570          28.570  
E10  24889889.336   130797246.856          29.740    24889890.086   100221280.630          34.530    24889893.685    97673289.797          32.410  
E12  23729756.945   124700715.058          35.390    23729750.497    95549882.239          35.350    23729754.764    93120654.962          33.680  
E31  28141657.121   147885378.802          30.390    28141659.640   113314800.507          27.540    28141664.009                3         23.790  
> 2026 07 08 14 55 00.0000000  0 37                     
G05  20928564.562   109980343.499          29.360                                                    20928575.734                3         15.580                                                  
G06  23869898.376   125437149.763          49.160    23869899.820    97743228.123          49.650    23869899.523    97743231.132          47.770    23869901.207    93670596.123          52.890  
G09  24157025.747   126946028.694          49.210    24157025.826    98918976.577          49.140    24157025.400    98918987.586          45.000    24157026.564    94797350.243          54.240  
G11  21113392.583   110951625.931          47.750    21113389.340    86455796.047          42.500    21113389.235    86455807.048          45.670    21113393.283    82853488.604          49.460  
G20  23062508.721   121194337.070          36.600                                                    23062508.449    94437158.896          33.790    23062511.277    90502304.185          37.320  
G21  20312121.650   106740912.668          41.160    20312118.594    83174752.872          35.980    20312117.909    83174721.897          40.780    20312123.230    79709127.658          45.350  
G29  22632515.742   118934655.383          38.020    22632512.269    92676351.652          32.510    22632512.639    92676356.763          27.610                                                  
G25  24130100.499   126804527.251          27.580                                                    24130110.095                3         17.860    24130107.619                3         25.000  
G12  24694122.476                3         22.790                                                    24694117.317                3         22.920                                                  
G15  25213325.545   132496919.954          33.140                                                                                                                                                  
R10  24126195.235   128606189.021          32.280                                                  
R02  22680163.015   121025692.053          51.320    22680164.014    94131065.238          49.940  
R18  19625415.462   104761790.198          48.510    19625415.034    81481400.240          44.750  
R17  22117217.673   118353687.076          50.930    22117218.703    92052855.025          47.900  
R03  19517783.956   104480225.207          45.560    19517783.694    81262397.479          42.800  
R04  20988899.374   112394613.911          38.020    20988900.003    87418002.852          31.720  
R19  20977499.962   112215407.285          42.040    20977496.085    87278679.385          39.170  
R09                                                  24092209.070   100061927.711          32.270  
C12  21813039.570   113586224.290          41.730  
C20  22060395.752   114874271.516          46.080  
C29  21501278.574   111962810.523          41.540  
C30  24191951.240   125973824.838          48.070  
C32  25043911.391   130410206.554          50.140  
C11  22619923.432   117787871.322          48.530  
C35  23848156.753   124183627.915          37.590  
C19  23628765.620   123041150.230          38.670  
E19  24098557.415   126638791.784          43.240    24098554.161    97034908.182          43.550    24098557.460    94567933.107          40.370  
E04  27784246.268   146007211.540          36.960    27784247.031   111875657.634          34.630    27784250.514   109031386.178          32.220  
E28  26219781.767   137785917.714          42.020    26219780.699   105576224.142          42.310    26219784.247   102892105.418          39.680  
E29  25791085.778   135533067.016          50.050    25791083.724   103850006.386          53.450    25791086.941   101209768.690          49.790  
E33  25211483.635   132487235.623          49.330    25211480.049   101516174.925          53.160    25211483.616    98935270.685          49.990  
E25  26877469.271   141242037.943          33.600    26877467.424   108224426.025          31.630    26877471.392   105472971.231          29.520  
E16  26193000.245                3         27.520    26192998.307   105468347.799          28.110    26192999.220                3         23.500  
E11  25040518.188                3         27.150    25040513.964                3         23.840    25040519.679    98264377.052          28.670  
E10  24889621.305   130795838.254          29.490    24889622.029   100220201.308          34.530    24889625.628    97672237.946          31.890  
E12  23729661.305   124700212.527          35.220    23729654.870    95549497.181          35.690    23729659.131    93120279.641          33.500  
E31  28142215.731   147888314.325          29.890    28142218.258   113317049.792          27.840    28142222.587                3         23.700  
> 2026 07 08 14 55 01.0000000  0 37                     
G05  20928280.466   109978850.579          29.210                                                    20928274.339                3         18.600                                                  
G06  23870398.582   125439778.216          49.410    23870399.996    97745276.290          49.360    23870399.703    97745279.289          47.680    23870401.387    93672558.914          52.900  
G09  24157589.360   126948990.364          49.420    24157589.395    98921284.391          49.460    24157588.983    98921295.428          44.530    24157590.184    94799561.881          53.630  
G11  21113620.997   110952826.237          47.610    21113617.750    86456731.360          42.550    21113617.642    86456742.344          45.730    21113621.688    82854384.949          49.340  
G20  23061846.133   121190855.169          36.690                                                    23061845.869    94434445.716          33.880    23061848.691    90499704.095          37.190  
G21  20312261.989   106741650.170          41.130    20312258.936    83175327.565          36.050    20312258.248    83175296.564          40.930    20312263.571    79709678.386          45.250  
G29  22631997.695   118931933.071          38.080    22631994.232    92674230.430          32.300    22631994.608    92674235.424          27.620                                                  
G25  24130534.237   126806805.679          27.960                                                    24130546.357                3         17.340    24130541.279                3         25.550  
G12  24694724.189                3         22.560                                                    24694728.941                3         23.220                                                  
G15  25212556.993   132492881.272          33.090                                                                                                                                                  
R10  24126264.943   128606560.624          32.120                                                  
R02  22680884.216   121029540.479          51.070    22680885.201    94134058.499          50.360  
R18  19625499.063   104762236.455          48.380    19625498.629    81481747.344          44.770  
R17  22117772.910   118356658.231          51.130    22117773.930    92055165.895          48.080  
R03  19517840.329   104480526.969          45.630    19517840.068    81262632.198          42.640  
R04  20988237.334   112391068.689          38.120    20988237.944    87415245.528          31.620  
R19  20976972.282   112212584.543          41.950    20976968.417    87276483.912          39.220  
R09                                                  24092706.926   100063995.435          31.870  
C12  21812793.685   113584943.901          41.900  
C20  22060392.516   114874254.637          46.190  
C29  21501344.072   111963151.605          41.560  
C30  24192468.909   125976520.448          48.210  
C32  25044460.397   130413065.413          49.850  
C11  22620222.556   117789428.917          48.610  
C35  23847685.222   124181172.450          37.680  
C19  23628251.448   123038472.803          38.790  
E19  24098190.120   126636861.646          43.170    24098186.869    97033429.271          43.620    24098190.167    94566491.807          40.390  
E04  27783641.269   146004032.351          36.970    27783642.055   111873221.646          34.680    27783645.536   109029012.073          32.290  
E28  26219237.140   137783055.693          41.900    26219236.068   105574031.169          42.440    26219239.618   102889968.197          39.720  
E29  25791204.973   135533693.403          49.990    25791202.918   103850486.357          53.500    25791206.137   101210236.466          49.800  
E33  25211774.201   132488762.562          49.340    25211770.620   101517344.917          53.200    25211774.183    98936410.932          50.050  
E25  26877433.309   141241848.973          33.570    26877431.473   108224281.250          31.480    26877435.425   105472830.103          29.410  
E16  26193375.222                3         27.790    26193373.297   105469857.769          28.270    26193374.211                3         22.880  
E11  25040127.416                3         27.140    25040122.510                3         23.710    25040128.300    98262842.154          28.170  
E10  24889353.211   130794429.316          29.690    24889353.907   100219121.738          34.380    24889357.507    97671185.777          32.330  
E12  23729565.600   124699709.655          35.100    23729559.179    95549111.897          35.650    23729563.433    93119904.092          33.690  
E31  28142774.260   147891249.404          30.130    28142776.794   113319298.695          28.270    28142781.124                3         23.950  
> 2026 07 08 14 55 02.0000000  0 37                     
G05  20927996.510   109977358.419          28.900                                                    20928007.856                3         17.520                                                  
G06  23870898.899   125442407.231          49.290    23870900.283    97747324.858          49.450    23870899.990    97747327.839          48.150    23870901.674    93674522.124          52.960  
G09  24158153.110   126951952.747          49.940    24158153.106    98923592.763          50.000    24158152.704    98923603.776          44.990    24158153.943    94801774.052          53.900  
G11  21113849.547   110954027.260          47.380    21113846.296    86457667.218          42.550    21113846.185    86457678.207          45.690    21113850.229    82855281.811          49.400  
G20  23061183.651   121187373.836          37.050                                                    23061183.396    94431732.989          33.880    23061186.145    90497104.414          37.100  
G21  20312402.486   106742388.500          40.920    20312399.437    83175902.871          36.110    20312398.742    83175871.871          40.780    20312404.077    79710229.736          45.410  
G29  22631479.797   118929211.534          37.840    22631476.344    92672109.772          32.220    22631476.726    92672114.800          27.020                                                  
G25  24130967.852   126809084.871          28.150                                                    24130950.944                3         17.160    24130974.703                3         25.880  
G12  24695327.726                3         22.330                                                    24695325.827                3         22.560                                                  
G15  25211788.498   132488842.884          33.570                                                                                                                                                  
R10  24126334.877   128606933.427          32.160                                                  
R02  22681605.552   121033389.630          51.040    22681606.525    94137052.320          50.490  
R18  19625582.835   104762683.627          48.240    19625582.396    81482095.142          44.860  
R17  22118328.279   118359630.094          51.040    22118329.288    92057477.392          47.920  
R03  19517896.938   104480829.998          45.680    19517896.677    81262867.882          42.670  
R04  20987575.467   112387524.401          38.250    20987576.060    87412488.867          31.870  
R19  20976444.714   112209762.401          41.820    20976440.860    87274288.903          39.170  
R09                                                  24093204.929   100066063.772          31.620  
C12  21812547.980   113583664.394          41.950  
C20  22060389.452   114874238.691          46.160  
C29  21501409.723   111963493.459          41.590  
C30  24192986.693   125979216.682          48.200  
C32  25045009.509   130415924.850          49.800  
C11  22620521.821   117790987.257          48.530  
C35  23847213.797   124178717.551          37.650  
C19  23627737.412   123035796.019          38.770  
E19  24097822.968   126634932.255          43.190    24097819.720    97031950.898          43.290    24097823.016    94565051.023          40.490  
E04  27783036.342   146000853.527          36.900    27783037.147   111870785.963          34.170    27783040.628   109026638.319          32.430  
E28  26218692.614   137780194.206          41.920    26218691.539   105571838.614          42.150    26218695.090   102887831.380          39.800  
E29  25791324.334   135534320.668          49.880    25791322.280   103850966.983          53.270    25791325.500   101210704.872          49.890  
E33  25212064.863   132490290.002          49.420    25212061.286   101518515.302          52.970    25212064.845    98937551.562          50.150  
E25  26877397.510   141241660.846          33.420    26877395.683   108224137.111          31.320    26877399.617   105472689.617          29.840  
E16  26193750.326   137649080.7901         27.690    26193748.418   105471368.267          27.950    26193749.339                3         23.150  
E11  25039736.143                3         26.650    25039730.934                3         23.600    25039737.669    98261307.609          28.340  
E10  24889085.220   130793020.913          29.970    24889085.887   100218042.492          34.150    24889089.489    97670134.004          32.630  
E12  23729469.992   124699207.303          35.190    23729463.588    95548726.962          35.420    23729467.834    93119529.010          33.910  
E31  28143332.816   147894184.659          29.690    28143335.361   113321547.851          27.830    28143339.694                3         23.820  
> 2026 07 08 14 55 03.0000000  0 37                     
G05  20927712.700   109975867.051          28.970                                                    20927726.876                3         18.120                                                  
G06  23871399.289   125445036.614          49.750    23871400.637    97749373.732          49.980    23871400.345    97749376.758          47.670    23871402.030    93676485.640          52.960  
G09  24158716.994   126954915.870          48.360    24158716.964    98925901.653          49.130    24158716.566    98925912.608          45.330    24158717.842    94803986.727          54.210  
G11  21114078.203   110955228.837          47.560    21114074.947    86458603.535          42.550    21114074.833    86458614.519          45.650    21114078.875    82856179.095          49.410  
G20  23060521.259   121183892.998          36.710                                                    23060521.018    94429020.677          33.690    23060523.763    90494505.061          37.260  
G21  20312543.111   106743127.497          41.170    20312540.065    83176478.749          36.210    20312539.364    83176447.730          40.790    20312544.702    79710781.588          45.350  
G29  22630962.021   118926490.634          38.140    22630958.579    92669989.595          32.420    22630958.966    92669994.580          26.810                                                  
G25  24131401.822   126811364.639          28.130                                                    24131402.028                3         15.100    24131408.482    94696830.1201         25.330  
G12  24695928.727                3         22.660                                                    24695940.053                3         24.130                                                  
G15  25211020.066   132484804.792          33.690                                                                                                                                                  
R10  24126405.013   128607307.303          32.480                                                  
R02  22682327.003   121037239.398          50.890    22682327.967    94140046.546          51.020  
R18  19625666.756   104763131.593          48.400    19625666.311    81482443.577          44.890  
R17  22118883.759   118362602.555          50.860    22118884.758    92059789.302          48.050  
R03  19517953.754   104481134.129          45.650    19517953.491    81263104.438          42.580  
R04  20986913.749   112383980.909          38.500    20986914.323    87409732.728          31.880  
R19  20975917.225   112206940.678          41.570    20975913.380    87272094.262          39.140  
R09                                                  24093703.061   100068132.650          31.550  
C12  21812302.423   113582385.618          42.040  
C20  22060386.538   114874223.530          46.210  
C29  21501475.506   111963835.982          41.580  
C30  24193504.571   125981913.386          48.190  
C32  25045558.708   130418784.760          49.420  
C11  22620821.203   117792546.217          48.590  
C35  23846742.465   124176263.122          37.610  
C19  23627223.489   123033119.877          38.920  
E19  24097455.932   126633003.478          43.270    24097452.688    97030473.017          43.120    24097455.982    94563610.717          40.560  
E04  27782431.454   145997674.923          37.230    27782432.280   111868350.398          34.050    27782435.764   109024264.703          32.390  
E28  26218148.165   137777333.120          42.050    26218147.087   105569646.362          41.960    26218150.638   102885694.842          39.690  
E29  25791443.832   135534948.661          49.740    25791441.779   103851448.164          53.070    25791445.003   101211173.815          49.920  
E33  25212355.601   132491817.831          49.530    25212352.026   101519685.959          52.810    25212355.582    98938692.458          50.130  
E25  26877361.852   141241473.448          33.700    26877360.033   108223993.421          31.340    26877363.950   105472549.682          29.740  
E16  26194125.526   137651052.706          27.680    26194123.644   105472879.175          27.940    26194124.567                3         23.070  
E11  25039345.340                3         27.360    25039339.692                3         23.370    25039346.597                3         28.310  
E10  24888817.265   130791612.710          30.250    24888817.907   100216963.556          33.880    24888821.510    97669082.453          32.440  
E12  23729374.475   124698705.428          35.420    23729368.086    95548342.367          35.390    23729372.327    93119154.200          33.640  
E31  28143891.421   147897120.157          30.140    28143893.976   113323797.130          27.750    28143898.307                3         23.920  
> 2026 07 08 14 55 04.0000000  0 37                     
G05  20927428.849   109974375.453          28.580                                                    20927424.565                3         17.750                                                  
G06  23871899.601   125447665.582          49.860    23871900.914    97751422.283          49.970    23871900.623    97751425.281          47.630    23871902.306    93678448.818          53.020  
G09  24159280.804   126957878.595          49.680    24159280.749    98928210.283          50.010    24159280.355    98928221.311          45.460    24159281.663    94806199.201          53.920  
G11  21114306.808   110956430.147          47.640    21114303.546    86459539.597          42.280    21114303.430    86459550.589          45.400    21114307.471    82857076.173          49.540  
G20  23059858.789   121180411.742          36.840                                                    23059858.561    94426308.012          33.410    23059861.300    90491905.458          37.260  
G21  20312683.704   106743866.322          41.090    20312680.662    83177054.463          36.150    20312679.954    83177023.437          40.680    20312685.294    79711333.316          45.430  
G29  22630444.211   118923769.565          37.920    22630440.779    92667869.220          32.610    22630441.171    92667874.283          26.370                                                  
G25  24131835.317   126813644.108          28.520                                                    24131853.807                3         17.880    24131842.112    94698532.347          25.550  
G12  24696530.013                3         22.960                                                    24696539.039                3         25.770                                                  
G15  25210251.508   132480766.020          33.570                                                                                                                                                  
R10  24126475.172   128607681.308          32.460                                                  
R02  22683048.395   121041088.853          50.710    22683049.351    94143040.584          50.930  
R18  19625750.656   104763579.453          48.450    19625750.207    81482791.895          44.800  
R17  22119439.195   118365574.777          50.720    22119440.185    92062100.974          48.190  
R03  19518010.609   104481438.476          45.610    19518010.345    81263341.151          42.510  
R04  20986252.019   112380437.343          38.410    20986252.573    87406976.638          32.030  
R19  20975389.659   112204118.544          41.370    20975385.824    87269899.242          39.160  
R09                                                  24094201.147   100070201.339          31.410  
C12  21812056.830   113581106.749          42.120  
C20  22060383.613   114874208.291          46.130  
C29  21501541.246   111964178.350          41.680  
C30  24194022.375   125984609.722          48.110  
C32  25046107.826   130421644.247          49.840  
C11  22621120.542   117794104.945          48.510  
C35  23846271.048   124173808.242          37.540  
C19  23626709.513   123030443.474          38.820  
E19  24097088.854   126631074.476          43.160    24097085.612    97028994.953          43.370    24097088.905    94562170.210          40.370  
E04  27781826.448   145994495.685          37.090    27781827.290   111865914.379          34.160    27781830.779   109021890.562          32.140  
E28  26217603.628   137774471.575          41.920    26217602.547   105567453.740          42.130    26217606.098   102883557.969          39.640  
E29  25791563.298   135535576.487          49.700    25791561.246   103851929.242          53.220    25791564.473   101211642.661          49.790  
E33  25212646.239   132493345.132          49.390    25212642.666   101520856.233          52.930    25212646.217    98939832.984          50.010  
E25  26877326.168   141241285.903          33.500    26877324.356   108223849.751          31.280    26877328.254   105472409.682          29.540  
E16  26194500.683                3         27.510    26194498.834   105474389.923          28.040    26194499.752                3         23.030  
E11  25038954.263                3         26.310    25038948.530                3         23.050    25038955.653                3         27.980  
E10  24888549.222   130790204.046          30.230    24888549.838   100215884.222          34.480    24888553.444    97668030.587          32.260  
E12  23729278.850   124698202.979          35.130    23729272.474    95547957.395          35.530    23729276.711    93118779.070          33.430  
E31  28144449.886   147900054.914          29.980    28144452.451   113326045.800          27.630    28144456.754                3         23.750  
> 2026 07 08 14 55 05.0000000  0 37                     
G05  20927145.334   109972885.646          28.950                                                    20927147.002                3         17.190                                                  
G06  23872400.200   125450296.036          50.330    23872401.475    97753471.970          49.900    23872401.183    97753474.962          47.520    23872402.866    93680413.119          53.070  
G09  24159844.963   126960843.156          49.470    24159844.893    98930520.331          50.000    24159844.496    98930531.341          46.630    24159845.826    94808412.976          53.110  
G11  21114535.729   110957633.124          47.660    21114532.463    86460476.982          42.270    21114532.344    86460487.988          45.090    21114536.384    82857974.504          49.520  
G20  23059196.621   121176932.080          36.900                                                    23059196.408    94423596.581          33.160    23059199.139    90489306.998          37.310  
G21  20312824.637   106744606.935          40.990    20312821.601    83177631.564          36.100    20312820.885    83177600.553          40.470    20312826.228    79711886.372          45.490  
G29  22629926.731   118921050.230          38.120    22629923.307    92665750.247          31.740    22629923.703    92665755.347          25.880                                                  
G25  24132269.739   126815925.273          28.690                                                    24132295.928                3         18.540    24132276.029    94700235.820          25.750  
G12  24697133.862                3         23.250                                                    24697134.563                3         24.660                                                  
G15  25209483.203   132476728.538          33.480                                                                                                                                                  
R10  24126545.726   128608057.424          32.410                                                  
R02  22683770.101   121044940.000          50.310    22683771.055    94146035.925          51.580  
R18  19625834.917   104764029.230          48.470    19625834.463    81483141.727          44.850  
R17  22119994.937   118368548.637          50.600    22119995.918    92064414.025          48.210  
R03  19518067.885   104481745.077          45.470    19518067.621    81263579.610          42.890  
R04  20985590.640   112376895.655          38.410    20985591.176    87404222.101          31.960  
R19  20974862.385   112201297.980          41.150    20974858.564    87267705.471          39.230  
R09                                                  24094699.567   100072271.416          31.460  
C12  21811811.604   113579829.710          42.010  
C20  22060381.052   114874194.929          46.180  
C29  21501607.330   111964522.463          41.520  
C30  24194540.479   125987307.631          47.990  
C32  25046657.243   130424505.319          49.410  
C11  22621420.208   117795665.397          48.450  
C35  23845799.923   124171354.945          37.470  
C19  23626195.874   123027768.724          38.780  
E19  24096722.105   126629147.203          43.090    24096718.866    97027518.215          43.390    24096722.156    94560731.023          40.400  
E04  27781221.705   145991317.828          37.210    27781222.563   111863479.379          34.100    27781226.059   109019517.486          32.100  
E28  26217059.372   137771611.505          41.820    26217058.289   105565262.267          42.200    26217061.840   102881422.205          39.640  
E29  25791683.116   135536206.153          49.990    25791681.064   103852411.716          53.280    25791684.291   101212112.873          49.710  
E33  25212937.159   132494873.916          49.330    25212933.587   101522027.645          53.020    25212937.135    98940974.602          49.980  
E25  26877290.827   141241100.174          33.120    26877289.028   108223707.436          31.610    26877292.901   105472270.928          29.410  
E16  26194876.146                3         27.810    26194874.329   105475901.896          28.180    26194875.240                3         23.480  
E11  25038563.568                3         26.340    25038557.749                3         23.950    25038564.764    98256706.5861         28.410  
E10  24888281.456   130788796.847          30.190    24888282.048   100214805.961          34.260    24888285.657    97666979.757          32.260  
E12  23729183.528   124697702.124          35.130    23729177.165    95547573.569          35.670    23729181.397    93118405.016          33.420  
E31  28145008.602   147902990.986          29.650    28145011.175   113328295.534          27.760    28145015.465                3         24.000  
> 2026 07 08 14 55 06.0000000  0 37                     
G05  20926861.449   109971395.089          28.540                                                    20926836.947                3         16.850                                                  
G06  23872900.601   125452925.445          50.270    23872901.840    97755520.866          50.830    23872901.545    97755523.905          47.770    23872903.228    93682376.652          53.080  
G09  24160408.958   126963806.879          48.550    24160408.885    98932829.711          49.150    24160408.482    98932840.692          46.990    24160409.833    94810626.094          54.000  
G11  21114764.488   110958835.249          47.440    21114761.218    86461413.699          42.200    21114761.094    86461424.698          45.110    21114765.135    82858872.193          49.480  
G20  23058534.278   121173451.483          36.730                                                    23058534.076    94420884.470          33.020    23058536.798    90486707.834          37.340  
G21  20312965.432   106745346.825          41.010    20312962.402    83178208.076          35.820    20312961.680    83178177.081          40.720    20312967.023    79712438.886          45.400  
G29  22629409.102   118918330.114          37.920    22629405.683    92663630.730          32.380    22629406.087    92663635.714          23.920                                                  
G25  24132704.285   126818205.668          28.620                                                    24132704.492                3         18.590    24132709.995    94701938.708          25.500  
G12  24697736.323                3         22.890                                                    24697733.636                3         23.700                                                  
G15  25208714.657   132472689.827          33.400                                                                                                                                                  
R10  24126616.210   128608433.178          32.390                                                  
R02  22684491.657   121048790.358          49.440    22684492.611    94149030.612          51.070  
R18  19625919.054   104764478.344          48.620    19625918.596    81483491.040          44.860  
R17  22120550.530   118371521.708          50.330    22120551.504    92066726.413          48.300  
R03  19518125.098   104482051.344          45.500    19518124.835    81263817.830          42.770  
R04  20984929.154   112373353.382          38.320    20984929.670    87401466.924          32.150  
R19  20974334.916   112198476.384          40.880    20974331.112    87265510.880          39.200  
R09                                                  24095197.843   100074340.897          31.770  
C12  21811566.247   113578551.984          42.100  
C20  22060378.363   114874180.944          46.200  
C29  21501673.271   111964865.836          41.540  
C30  24195058.406   125990004.590          48.160  
C32  25047206.469   130427365.464          48.980  
C11  22621719.721   117797225.051          48.450  
C35  23845328.612   124168900.641          37.580  
C19  23625682.070   123025093.166          38.800  
E19  24096355.199   126627219.111          43.030    24096351.965    97026040.855          43.460    24096355.251    94559291.235          40.260  
E04  27780616.719   145988138.687          37.190    27780617.590   111861043.474          33.840    27780621.095   109017143.529          32.300  
E28  26216514.926   137768750.437          41.620    26216513.841   105563070.001          42.280    26216517.390   102879285.690          39.630  
E29  25791802.804   135536835.133          49.830    25791800.752   103852893.646          53.380    25791803.979   101212582.549          49.660  
E33  25213227.877   132496401.637          49.280    25213224.306   101523198.232          53.060    25213227.850    98942115.436          49.910  
E25  26877255.347   141240913.707          32.990    26877253.558   108223564.556          31.610    26877257.405   105472131.753          29.450  
E16  26195251.448                3         27.680    26195249.663   105477413.215          28.250    26195250.564                3         23.360  
E11  25038171.816                3         26.140    25038166.581                3         25.010    25038173.335    98255172.006          28.000  
E10  24888013.477   130787388.519          29.880    24888014.043   100213726.889          34.220    24888017.657    97665928.086          32.370  
E12  23729088.000   124697200.178          34.980    23729081.649    95547189.019          35.770    23729085.875    93118030.185          33.310  
E31  28145567.074   147905925.745          29.510    28145569.650   113330544.220          28.020    28145573.941                3         24.030  
> 2026 07 08 14 55 07.0000000  0 37                     
G05  20926577.906   109969905.163          28.180                                                    20926590.688                3         17.040                                                  
G06  23873401.076   125455555.246          49.880    23873402.282    97757570.072          50.340    23873401.983    97757573.051          48.300    23873403.665    93684340.447          53.120  
G09  24160973.058   126966771.151          48.670    24160972.981    98935139.562          49.590    24160972.571    98935150.561          46.490    24160973.935    94812839.714          52.870  
G11  21114993.343   110960037.883          47.170    21114990.070    86462350.825          42.230    21114989.940    86462361.817          45.270    21114993.983    82859770.282          49.540  
G20  23057872.009   121169971.286          36.400                                                    23057871.820    94418172.590          33.320    23057874.534    90484108.999          37.410  
G21  20313106.345   106746087.340          40.800    20313103.321    83178785.085          35.870    20313102.594    83178754.103          40.810    20313107.937    79712991.858          45.460  
G29  22628891.592   118915610.612          37.680    22628888.174    92661511.604          32.440    22628888.582    92661516.638          26.120                                                  
G25  24133138.354   126820486.540          28.340                                                    24133135.739                3         17.910    24133143.971    94703641.931          25.740  
G12  24698339.227                3         22.540                                                    24698333.320                3         25.250                                                  
G15  25207946.157   132468651.332          33.240                                                                                                                                                  
R10  24126686.865   128608809.841          32.260                                                  
R02  22685213.293   121052641.141          50.310    22685214.248    94152025.698          51.230  
R18  19626003.329   104764928.193          48.670    19626002.868    81483840.909          45.000  
R17  22121106.214   118374495.277          50.330    22121107.183    92069039.167          48.190  
R03  19518182.513   104482358.687          45.440    19518182.250    81264056.850          42.740  
R04  20984267.798   112369811.840          38.220    20984268.306    87398712.387          32.430  
R19  20973807.521   112195655.200          40.840    20973803.736    87263316.636          39.190  
R09                                                  24095696.223   100076410.817          31.660  
C12  21811321.020   113577274.964          42.270  
C20  22060375.814   114874167.688          46.340  
C29  21501739.330   111965209.840          41.600  
C30  24195576.413   125992701.993          48.110  
C32  25047755.770   130430225.974          49.130  
C11  22622019.341   117798785.253          48.580  
C35  23844857.368   124166446.730          37.460  
C19  23625168.357   123022418.162          38.900  
E19  24095988.406   126625291.611          43.050    24095985.175    97024563.911          43.200    24095988.458    94557851.853          40.380  
E04  27780011.772   145984959.733          37.300    27780012.655   111858607.651          33.510    27780016.166   109014769.615          32.320  
E28  26215970.538   137765889.675          41.580    26215969.451   105560878.019          42.000    26215972.998   102877149.445          39.790  
E29  25791922.615   135537464.748          49.820    25791920.562   103853376.092          53.090    25791923.788   101213052.724          49.800  
E33  25213518.657   132497929.677          49.220    25213515.086   101524369.064          52.820    25213518.626    98943256.501          50.050  
E25  26877219.996   141240727.911          32.940    26877218.213   108223422.230          31.360    26877222.040   105471992.985          29.840  
E16  26195626.845                3         27.410    26195625.085   105478924.901          27.800    26195625.976                3         23.610  
E11  25037780.823                3         26.470    25037775.607                3         24.120    25037782.292    98253637.551          28.160  
E10  24887745.563   130785980.548          29.850    24887746.105   100212647.998          34.080    24887749.723    97664876.659          32.130  
E12  23728992.551   124696698.554          34.830    23728986.245    95546804.653          35.420    23728990.287    93117655.608          33.670  
E31  28146125.579   147908860.670          29.140    28146128.153   113332793.092          27.550    28146132.462                3         24.110  
> 2026 07 08 14 55 10.0000000  0 37                     
G05  20925727.741   109965437.852          28.450                                                    20925717.716                3         17.660                                                  
G06  23874902.665   125463445.477          50.380    23874903.758    97763718.291          49.730    23874903.454    97763721.342          47.770    23874905.137    93690232.503          53.090  
G09  24162665.751   126975666.103          47.750    24162665.645    98942070.723          48.060    24162665.230    98942081.740          45.860    24162666.654    94819482.066          53.680  
G11  21115680.262   110963647.673          47.360    21115676.986    86465163.640          42.420    21115676.844    86465174.633          45.560    21115680.888    82862465.877          49.390  
G20  23055885.439   121159531.914          36.640                                                    23055885.278    94410038.059          33.510    23055887.979    90476313.359          37.210  
G21  20313529.560   106748311.365          41.000    20313526.546    83180518.105          35.760    20313525.810    83180487.110          41.000    20313531.152    79714652.654          45.310  
G29  22627339.495   118907454.384          37.690    22627336.060    92655156.140          32.050    22627336.498    92655161.122          24.160                                                  
G25  24134441.405   126827331.211          29.080                                                    24134438.248                3         15.930    24134446.851    94708753.175          25.320  
G12  24700147.431                3         22.310                                                    24700148.869                3         25.860                                                  
G15  25205640.574   132456535.358          33.410                                                                                                                                                  
R10  24126899.707   128609944.462          32.180                                                  
R02  22687378.578   121064195.534          49.600    22687379.545    94161012.391          51.210  
R18  19626256.724   104766280.762          48.670    19626256.253    81484892.927          44.970  
R17  22122773.649   118383418.048          50.060    22122774.609    92075979.105          48.730  
R03  19518355.731   104483285.941          45.880    19518355.468    81264778.075          42.690  
R04  20982284.340   112359190.428          38.140    20982284.825    87390451.334          32.030  
R19  20972225.528   112187192.681          41.240    20972221.803    87256734.691          39.220  
R09                                                  24097191.837   100082622.494          31.670  
C12  21810585.896   113573446.742          42.200  
C20  22060368.780   114874131.052          46.280  
C29  21501937.977   111966244.327          41.760  
C30  24197130.683   126000795.505          48.020  
C32  25049403.886   130438808.746          48.690  
C11  22622918.609   117803468.015          48.330  
C35  23843443.847   124159086.130          37.040  
C19  23623628.207   123014395.081          38.990  
E19  24094888.428   126619511.213          43.160    24094885.207    97020134.788          43.100    24094888.481    94553535.327          40.490  
E04  27778196.905   145975422.761          37.200    27778197.819   111851300.103          33.150    27778201.358   109007647.839          32.700  
E28  26214337.533   137757308.239          41.780    26214336.445   105554302.626          42.050    26214339.990   102870741.207          39.820  
E29  25792282.586   135539356.405          49.760    25792280.528   103854825.511          52.990    25792283.757   101214465.305          49.950  
E33  25214391.101   132502514.379          49.200    25214387.536   101527882.015          52.740    25214391.064    98946680.136          50.200  
E25  26877114.487   141240173.412          33.180    26877112.719   108222997.301          31.150    26877116.509   105471578.860          30.070  
E16  26196753.411   137664859.4151         27.940    26196751.705   105483461.400          27.890    26196752.596                3         22.800  
E11  25036607.663   131568259.9721         26.510    25036601.801                3         23.670    25036609.349    98249034.120          28.550  
E10  24886941.903   130781757.060          30.250    24886942.374   100209411.791          33.880    24886946.003    97661722.745          32.830  
E12  23728706.263   124695194.549          34.710    23728700.049    95545652.212          35.420    23728704.065    93116532.469          33.670  
E31  28147800.956   147917664.773          28.930    28147803.534   113339538.961          27.580    28147807.854                3         24.350  
> 2026 07 08 14 55 11.0000000  0 37                     
G05  20925444.522   109963949.623          28.330                                                    20925440.659                3         18.930                                                  
G06  23875403.264   125466075.915          50.650    23875404.317    97765767.975          50.200    23875404.011    97765770.994          47.940    23875405.691    93692196.808          52.800  
G09  24163230.135   126978631.935          47.450    24163230.034    98944381.676          47.640    24163229.613    98944392.736          47.300    24163231.052    94821696.781          52.940  
G11  21115909.365   110964851.624          47.530    21115906.089    86466101.758          42.320    21115905.943    86466112.782          45.520    21115909.988    82863364.939          49.350  
G20  23055223.345   121156052.635          36.990                                                    23055223.191    94407326.891          33.610    23055225.889    90473715.181          37.060  
G21  20313670.806   106749053.616          41.190    20313667.795    83181096.470          36.100    20313667.056    83181065.490          40.980    20313672.396    79715206.944          45.280  
G29  22626822.169   118904736.508          37.630    22626818.843    92653038.261          32.320    22626819.294    92653043.291          23.410                                                  
G25  24134875.857   126829613.453          29.230                                                    24134880.125                3         16.620    24134880.899    94710457.426          24.360  
G12  24700750.180                3         22.770                                                    24700759.871                3         24.260                                                  
G15  25204872.059   132452496.729          33.820                                                                                                                                                  
R10  24126970.951   128610324.241          32.130                                                  
R02  22688100.456   121068047.634          49.650    22688101.430    94164008.505          51.520  
R18  19626341.400   104766732.747          48.680    19626340.926    81485244.470          44.770  
R17  22123329.593   118386393.021          49.940    22123330.553    92078292.985          48.710  
R03  19518413.814   104483596.855          45.850    19518413.550    81265019.884          42.670  
R04  20981623.390   112355651.044          38.050    20981623.872    87387698.514          32.230  
R19  20971698.277   112184372.268          41.310    20971694.572    87254541.115          39.000  
R09                                                  24097690.550   100084693.779          31.570  
C12  21810341.054   113572171.697          42.120  
C20  22060366.651   114874119.943          46.310  
C29  21502004.367   111966590.058          41.710  
C30  24197648.866   126003493.862          48.050  
C32  25049953.345   130441670.145          48.490  
C11  22623218.513   117805029.728          48.410  
C35  23842972.750   124156633.025          37.200  
C19  23623114.757   123011721.454          38.910  
E19  24094521.917   126617585.189          43.100    24094518.699    97018659.014          43.130    24094521.968    94552097.070          40.400  
E04  27777591.950   145972243.780          37.240    27777592.875   111848864.243          33.160    27777596.424   109005273.955          32.300  
E28  26213793.265   137754448.107          41.730    26213792.177   105552111.096          41.990    26213795.720   102868605.400          39.660  
E29  25792402.757   135539987.908          49.880    25792400.696   103855309.415          53.040    25792403.927   101214936.895          49.750  
E33  25214681.966   132504042.880          49.270    25214678.403   101529053.202          52.760    25214681.927    98947821.551          50.020  
E25  26877079.500   141239989.544          33.140    26877077.740   108222856.448          31.100    26877081.515   105471441.536          29.500  
E16  26197129.068                3         27.090    26197127.370   105484974.079          27.350    26197128.282                3         22.890  
E11  25036216.806   131566205.199          27.010    25036211.090                3         23.440    25036218.434    98247499.755          28.080  
E10  24886674.053   130780349.422          30.330    24886674.080   100208333.265          33.880    24886677.600    97660671.536          32.600  
E12  23728610.898   124694693.560          34.820    23728604.715    95545268.328          35.310    23728608.724    93116158.358          33.660  
E31  28148359.384   147920599.337          28.880    28148361.969   113341787.581          27.510    28148366.293                3         24.750  
> 2026 07 08 14 55 12.0000000  0 37                     
G05  20925161.386   109962461.842          28.530                                                    20925168.517                3         18.350                                                  
G06  23875903.884   125468706.469          50.720    23875904.901    97767817.757          49.930    23875904.591    97767820.812          48.180    23875906.271    93694161.170          53.050  
G09  24163794.572   126981598.032          49.130    24163794.480    98946692.927          49.180    24163794.051    98946703.910          47.980    24163795.501    94823911.728          53.340  
G11  21116138.520   110966055.847          47.600    21116135.245    86467040.137          42.290    21116135.095    86467051.138          45.610    21116139.139    82864264.205          49.240  
G20  23054561.278   121152573.494          37.040                                                    23054561.132    94404615.904          33.540    23054563.825    90471117.143          36.870  
G21  20313812.128   106749796.270          41.230    20313809.119    83181675.173          36.030    20313808.380    83181644.183          41.220    20313813.717    79715761.522          45.180  
G29  22626305.028   118902018.980          37.900    22626301.689    92650920.742          32.830    22626302.151    92650925.787          25.120                                                  
G25  24135310.323   126831895.999          29.860                                                    24135337.630                3         16.860    24135315.107    94712162.003          25.150  
G12  24701351.382                3         23.090                                                    24701354.597                3         23.460                                                  
G15  25204103.519   132448457.903          34.450                                                                                                                                                  
R10  24127042.343   128610704.789          32.530                                                  
R02  22688822.407   121071900.127          49.530    22688823.390    94167004.862          51.890  
R18  19626426.165   104767185.203          48.750    19626425.688    81485596.379          44.720  
R17  22123885.603   118389368.354          49.870    22123886.564    92080607.078          48.710  
R03  19518472.049   104483908.584          46.010    19518471.784    81265262.346          42.730  
R04  20980962.553   112352112.259          37.970    20980963.031    87384946.049          31.830  
R19  20971171.063   112181552.045          41.500    20971167.373    87252347.533          38.790  
R09                                                  24098189.303   100086765.237          31.650  
C12  21810096.298   113570897.118          42.290  
C20  22060364.619   114874109.345          46.400  
C29  21502070.835   111966936.170          41.880  
C30  24198167.084   126006192.398          48.250  
C32  25050502.833   130444531.677          48.880  
C11  22623518.482   117806591.759          48.450  
C35  23842501.701   124154180.083          37.240  
C19  23622601.383   123009048.100          39.030  
E19  24094155.471   126615659.511          43.150    24094152.256    97017183.505          43.100    24094155.521    94550659.070          40.300  
E04  27776986.978   145969064.701          37.330    27776987.914   111846428.330          33.020    27776991.474   109002899.988          32.120  
E28  26213249.013   137751588.062          41.960    26213247.925   105549919.641          41.970    26213251.466   102866469.656          39.600  
E29  25792523.010   135540619.842          49.940    25792520.947   103855793.648          52.960    25792524.180   101215408.825          49.740  
E33  25214972.845   132505571.452          49.410    25214969.283   101530224.453          52.730    25214972.804    98948963.024          50.000  
E25  26877044.595   141239806.115          33.160    26877042.842   108222715.879          31.210    26877046.605   105471304.521          29.580  
E16  26197504.777                3         28.150    26197503.080   105486486.934          27.540    26197503.997                3         22.910  
E11  25035825.727   131564150.445          26.680    25035820.190                3         23.770    25035827.449    98245965.337          28.350  
E10  24886405.852   130778941.853          30.920    24886406.220   100207254.734          33.770    24886409.760    97659620.469          32.690  
E12  23728515.548   124694192.646          35.000    23728509.392    95544884.501          35.270    23728513.397    93115784.333          33.630  
E31  28148917.801   147923533.844          28.810    28148920.393   113344035.991          27.560    28148924.715                3         24.720  
> 2026 07 08 14 55 13.0000000  0 37                     
G05  20924878.396   109960974.825          27.970                                                    20924884.271                3         16.680                                                  
G06  23876404.591   125471337.487          50.970    23876405.578    97769867.921          50.750    23876405.261    97769870.924          48.740    23876406.943    93696125.898          53.270  
G09  24164359.139   126984564.788          49.880    24164359.039    98949004.772          49.520    24164358.607    98949015.818          45.410    24164360.078    94826127.193          53.530  
G11  21116367.800   110967260.729          47.670    21116364.525    86467979.005          42.150    21116364.371    86467990.012          45.580    21116368.416    82865163.950          49.280  
G20  23053899.323   121149094.925          37.200                                                    23053899.183    94401905.350          33.150    23053901.870    90468519.555          37.020  
G21  20313953.595   106750539.681          41.280    20313950.585    83182254.442          35.800    20313949.850    83182223.464          41.260    20313955.183    79716316.664          45.260  
G29  22625788.029   118899302.184          37.880    22625784.675    92648803.727          32.150    22625785.150    92648808.722          26.020                                                  
G25  24135744.917   126834179.261          29.780                                                    24135734.423                3         16.180    24135749.518    94713866.993          25.270  
G12  24701957.053                3         23.110                                                    24701965.456                3         24.020                                                  
G15  25203335.054   132444419.503          33.940                                                                                                                                                  
R10  24127113.937   128611086.428          32.610                                                  
R02  22689544.487   121075753.308          49.720    22689545.479    94170001.740          51.880  
R18  19626511.091   104767638.525          48.650    19626510.611    81485948.943          44.770  
R17  22124441.748   118392344.407          50.150    22124442.710    92082921.792          48.630  
R03  19518530.507   104484221.503          45.960    19518530.240    81265505.744          42.710  
R04  20980301.870   112348574.301          37.750    20980302.344    87382194.335          32.010  
R19  20970643.953   112178732.381          41.480    20970640.278    87250154.486          38.740  
R09                                                  24098688.207   100088837.321          31.530  
C12  21809851.695   113569623.336          42.210  
C20  22060362.752   114874099.607          46.480  
C29  21502137.451   111967283.050          42.030  
C30  24198685.412   126008891.504          48.250  
C32  25051052.430   130447393.832          48.950  
C11  22623818.587   117808154.497          48.520  
C35  23842030.738   124151727.664          37.310  
C19  23622088.115   123006375.464          39.280  
E19  24093789.161   126613734.547          43.120    24093785.948    97015708.524          42.980    24093789.210    94549221.600          40.240  
E04  27776382.076   145965885.981          37.340    27776383.017   111843992.711          32.910    27776386.591   109000526.239          32.350  
E28  26212704.855   137748728.506          41.790    26212703.767   105547728.539          41.770    26212707.306   102864334.271          39.590  
E29  25792643.424   135541252.619          49.840    25792641.358   103856278.481          52.780    25792644.593   101215881.331          49.680  
E33  25215263.810   132507100.481          49.270    25215260.251   101531396.042          52.550    25215263.768    98950104.822          49.900  
E25  26877009.829   141239623.421          32.990    26877008.087   108222575.937          31.320    26877011.833   105471168.160          29.770  
E16  26197880.634                3         27.760    26197878.937   105488000.369          28.070    26197879.852                3         23.000  
E11  25035434.553                3         26.360    25035429.609                3         22.410    25035436.469    98244431.295          28.070  
E10  24886138.142   130777534.759          30.800    24886138.449   100206176.547          33.560    24886142.007    97658569.750          32.740  
E12  23728420.285   124693692.187          34.840    23728414.157    95544501.105          35.070    23728418.157    93115410.591          33.320  
E31  28149476.253   147926468.537          28.950    28149478.856   113346284.697          27.480    28149483.189                3         24.840  
> 2026 07 08 14 55 14.0000000  0 37                     
G05  20924595.481   109959488.224          28.260                                                    20924602.962                3         16.460                                                  
G06  23876905.337   125473968.714          51.230    23876906.297    97771918.222          51.030    23876905.972    97771921.211          48.860    23876907.656    93698090.781          53.280  
G09  24164923.802   126987532.061          48.380    24164923.703    98951316.899          48.440    24164923.266    98951327.881          47.260    24164924.751    94828342.967          52.940  
G11  21116597.150   110968465.976          47.730    21116593.875    86468918.165          42.130    21116593.716    86468929.161          45.360    21116597.762    82866063.967          49.210  
G20  23053237.417   121145616.604          37.210                                                    23053237.281    94399194.998          33.190    23053239.960    90465922.099          36.910  
G21  20314095.150   106751283.560          41.280    20314092.144    83182834.108          35.950    20314091.408    83182803.098          41.140    20314096.736    79716872.165          45.240  
G29  22625271.111   118896585.819          37.880    22625267.743    92646687.079          32.030    22625268.229    92646692.072          23.280                                                  
G25  24136179.550   126836462.887          30.040                                                    24136184.264                3         17.220    24136184.028    94715572.264          25.170  
G12  24702557.160                3         22.970                                                    24702572.697                3         24.430                                                  
G15  25202566.562   132440380.971          34.410                                                                                                                                                  
R10  24127185.699   128611468.963          32.440                                                  
R02  22690266.621   121079606.777          49.210    22690267.623    94172998.886          51.730  
R18  19626596.116   104768092.371          48.710    19626595.632    81486301.950          44.690  
R17  22124997.959   118395320.805          49.970    22124998.920    92085236.785          48.570  
R03  19518589.134   104484535.328          46.080    19518588.867    81265749.812          42.980  
R04  20979641.291   112345036.907          37.910    20979641.764    87379443.090          31.940  
R19  20970116.890   112175912.960          41.300    20970113.228    87247961.559          38.490  
R09                                                  24099187.204   100090909.787          31.360  
C12  21809607.186   113568350.098          42.220  
C20  22060360.993   114874090.441          46.570  
C29  21502204.150   111967630.366          42.040  
C30  24199203.794   126011590.878          48.320  
C32  25051602.070   130450256.187          49.210  
C11  22624118.768   117809717.632          48.590  
C35  23841559.822   124149275.513          37.430  
C19  23621574.941   123003703.184          39.340  
E19  24093422.927   126611809.974          43.100    24093419.715    97014233.837          42.770    24093422.974    94547784.389          40.280  
E04  27775777.169   145962707.237          37.100    27775778.113   111841557.021          32.440    27775781.701   108998152.498          32.310  
E28  26212160.726   137745869.099          41.740    26212159.638   105545537.597          41.720    26212163.173   102862199.039          39.450  
E29  25792763.932   135541885.890          49.740    25792761.863   103856763.715          52.620    25792765.100   101216354.227          49.630  
E33  25215554.801   132508629.645          49.140    25215551.244   101532567.745          52.420    25215554.757    98951246.741          49.890  
E25  26876975.156   141239441.235          32.870    26876973.427   108222436.417          30.910    26876977.162   105471032.186          29.650  
E16  26198256.544                3         27.690    26198254.837   105489513.993          27.790    26198255.743                3         22.730  
E11  25035043.889                3         26.710    25035039.018                3         23.180    25035045.420    98242897.079          27.830  
E10  24885870.461   130776127.800          30.530    24885870.704   100205098.454          33.340    24885874.279    97657519.014          32.560  
E12  23728325.073   124693191.982          34.540    23728318.972    95544117.769          34.910    23728322.965    93115037.077          33.220  
E31  28150034.698                3         28.480    28150037.307   113348533.321          27.190    28150041.636                3         24.380  
> 2026 07 08 14 55 15.0000000  0 37                     
G05  20924312.540   109958001.498          27.870                                                    20924367.760                3         15.390                                                  
G06  23877406.004   125476599.525          51.320    23877406.935    97773968.217          51.320    23877406.603    97773971.217          48.510    23877408.289    93700055.335          53.300  
G09  24165488.411   126990499.080          47.230    24165488.327    98953628.826          47.400    24165487.879    98953639.794          48.460    24165489.370    94830558.596          52.690  
G11  21116826.444   110969670.930          47.600    21116823.168    86469857.114          42.180    21116823.005    86469868.085          45.320    21116827.054    82866963.771          49.380  
G20  23052575.443   121142137.916          37.230                                                    23052575.309    94396484.266          33.120    23052577.980    90463324.349          37.110  
G21  20314236.673   106752027.272          41.220    20314233.671    83183413.651          35.820    20314232.936    83183382.636          41.210    20314238.257    79717427.533          45.340  
G29  22624754.155   118893869.275          37.780    22624750.778    92644570.326          31.940    22624751.274    92644575.273          22.920                                                  
G25  24136614.149   126838746.235          29.730                                                    24136595.393                3         16.940    24136618.508    94717277.441          25.090  
G12  24703159.832                3         23.270                                                    24703167.680                3         24.270                                                  
G15  25201797.959   132436341.864          34.030                                                                                                                                                  
R10  24127257.478   128611851.599          32.650                                                  
R02  22690988.685   121083459.876          49.770    22690989.698    94175995.734          52.130  
R18  19626681.128   104768546.157          48.670    19626680.642    81486654.887          44.640  
R17  22125554.115   118398296.917          49.600    22125555.078    92087551.507          48.990  
R03  19518647.809   104484849.406          46.010    19518647.541    81265994.069          42.840  
R04  20978980.717   112341499.527          37.750    20978981.189    87376691.736          31.970  
R19  20969589.751   112173093.134          41.180    20969586.101    87245768.413          38.430  
R09                                                  24099686.162   100092982.089          31.340  
C12  21809362.667   113567076.746          42.090  
C20  22060359.227   114874081.214          46.560  
C29  21502270.820   111967977.524          42.000  
C30  24199722.102   126014289.874          48.520  
C32  25052151.645   130453118.175          49.410  
C11  22624418.908   117811280.549          48.460  
C35  23841088.833   124146822.907          37.490  
C19  23621061.704   123001030.685          39.310  
E19  24093056.649   126609885.168          43.120    24093053.438    97012758.993          42.750    24093056.693    94546347.046          40.380  
E04  27775172.151   145959527.908          37.150    27775173.098   111839120.931          32.320    27775176.701   108995778.358          32.190  
E28  26211616.522   137743009.290          41.790    26211615.431   105543346.296          41.690    26211618.965   102860063.429          39.680  
E29  25792884.416   135542519.030          49.860    25792882.344   103857248.841          52.670    25792885.582   101216827.029          49.850  
E33  25215845.700   132510158.332          49.150    25215842.146   101533739.074          52.420    25215845.656    98952388.292          50.080  
E25  26876940.481   141239259.027          33.050    26876938.764   108222296.718          30.900    26876942.486   105470896.058          29.800  
E16  26198632.836                3         27.420    26198630.066                3         27.390    26198630.348                3         22.850  
E11  25034652.833                3         26.120    25034647.507                3         22.600    25034654.256    98241362.563          27.980  
E10  24885602.665   130774720.241          30.820    24885602.844   100204019.979          33.330    24885606.435    97656467.977          32.820  
E12  23728229.766   124692691.252          34.770    23728223.685    95543734.156          35.040    23728227.676    93114663.154          33.550  
E31  28150593.011                3         29.240    28150595.627   113350781.421          27.350    28150599.962                3         24.410  
> 2026 07 08 14 55 16.0000000  0 37                     
G05  20924029.978   109956516.771          27.720                                                    20924052.807                3         14.980                                                  
G06  23877906.993   125479232.034          51.040    23877907.897    97776019.522          51.040    23877907.558    97776022.515          48.390    23877909.249    93702021.159          53.460  
G09  24166053.374   126993467.947          48.780    24166053.302    98955942.264          48.920    24166052.844    98955953.248          47.410    24166054.344    94832775.640          53.430  
G11  21117056.100   110970877.787          47.630    21117052.824    86470797.511          42.230    21117052.658    86470808.497          45.370    21117056.707    82867865.006          49.310  
G20  23051913.812   121138661.025          37.440                                                    23051913.682    94393775.033          33.120    23051916.342    90460727.981          36.910  
G21  20314378.577   106752772.990          41.170    20314375.580    83183994.706          36.080    20314374.845    83183963.717          40.990    20314380.161    79717984.410          45.250  
G29  22624237.570   118891154.688          37.540    22624234.185    92642455.017          31.730    22624234.689    92642460.048          25.130                                                  
G25  24137049.098   126841031.537          29.870                                                    24137025.066                3         17.390    24137053.352    94718983.936          25.340  
G12  24703762.089                3         22.990                                                    24703764.042                3         24.460                                                  
G15  25201029.639   132432304.239          33.890                                                                                                                                                  
R10  24127329.694   128612236.561          32.230                                                  
R02  22691711.129   121087315.015          49.180    22691712.155    94178994.158          51.880  
R18  19626766.537   104769002.064          48.520    19626766.049    81487009.503          44.610  
R17  22126110.628   118401274.947          49.780    22126111.595    92089867.758          49.030  
R03  19518706.942   104485165.938          46.020    19518706.673    81266240.280          42.770  
R04  20978320.533   112337964.262          37.610    20978321.007    87373942.118          31.970  
R19  20969062.960   112170275.178          41.230    20969059.321    87243576.652          38.650  
R09                                                  24100185.488   100095055.902          31.360  
C12  21809118.535   113565805.451          42.090  
C20  22060357.862   114874074.085          46.450  
C29  21502337.869   111968326.667          42.000  
C30  24200240.756   126016990.671          48.280  
C32  25052701.553   130455981.889          49.870  
C11  22624719.414   117812845.380          48.450  
C35  23840618.171   124144372.097          37.630  
C19  23620548.840   122998360.033          39.320  
E19  24092690.737   126607962.281          43.110    24092687.526    97011285.619          42.960    24092690.778    94544911.125          40.310  
E04  27774567.420   145956350.073          37.330    27774568.367   111836685.955          32.600    27774571.984   108993405.330          32.090  
E28  26211072.637   137740151.161          41.810    26211071.544   105541156.316          41.830    26211075.077   102857929.122          39.650  
E29  25793005.283   135543154.190          49.730    25793003.208   103857735.535          52.880    25793006.449   101217301.343          49.710  
E33  25216136.923   132511688.723          49.120    25216133.372   101534911.705          52.550    25216136.879    98953531.105          49.990  
E25  26876906.180   141239078.791          33.030    26876904.477   108222158.604          31.070    26876908.183   105470761.477          29.590  
E16  26199009.181                3         27.330    26199006.271                3         27.360    26199007.207                3         22.920  
E11  25034262.175   131555934.3751         26.390    25034256.657                3         23.520    25034263.578    98239829.183          27.720  
E10  24885335.193   130773314.387          30.580    24885335.309   100202942.794          33.580    24885338.916    97655418.174          32.680  
E12  23728134.797   124692192.283          34.890    23728128.734    95543351.810          35.220    23728132.719    93114290.509          33.480  
E31  28151151.610   147935299.6291         28.610    28151154.233   113353030.674          27.290    28151158.568                3         24.610  
> 2026 07 08 14 55 17.0000000  0 37                     
G05  20923747.402   109955031.983          27.520                                                    20923756.478                3         15.360                                                  
G06  23878407.916   125481864.198          51.290    23878408.793    97778070.560          51.200    23878408.448    97778073.583          48.480    23878410.140    93703986.767          53.210  
G09  24166618.330   126996436.804          46.990    24166618.266    98958255.632          47.640    24166617.804    98958266.648          46.260    24166619.318    94834992.594          53.430  
G11  21117285.728   110972084.499          47.450    21117282.452    86471737.797          42.330    21117282.282    86471748.783          45.320    21117286.334    82868766.122          49.240  
G20  23051252.127   121135183.852          37.110                                                    23051252.000    94391065.536          32.930    23051254.650    90458131.410          36.740  
G21  20314520.475   106753518.686          40.890    20314517.486    83184575.752          35.880    20314516.749    83184544.734          41.090    20314522.061    79718541.225          45.210  
G29  22623720.968   118888440.039          37.440    22623717.579    92640339.708          32.190    22623718.088    92640344.736          23.510                                                  
G25  24137484.018   126843316.625          29.420                                                    24137475.660                3         16.510    24137488.146    94720690.325          24.530  
G12  24704364.887                3         22.890                                                    24704371.303                3         23.550                                                  
G15  25200261.219   132428266.084          33.780                                                                                                                                                  
R10  24127401.984   128612621.908          32.530                                                  
R02  22692433.547   121091170.018          49.180    22692434.587    94181992.465          51.920  
R18  19626851.954   104769458.019          48.520    19626851.465    81487364.119          44.660  
R17  22126667.111   118404252.816          49.690    22126668.081    92092183.865          49.170  
R03  19518766.148   104485482.859          45.960    19518765.878    81266486.787          43.060  
R04  20977660.341   112334428.981          37.310    20977660.819    87371192.455          31.330  
R19  20968536.120   112167456.964          41.030    20968532.492    87241384.711          38.400  
R09                                                  24100684.821   100097129.759          31.380  
C12  21808874.407   113564534.185          41.920  
C20  22060356.509   114874067.011          46.420  
C29  21502404.917   111968675.749          41.900  
C30  24200759.366   126019691.234          48.200  
C32  25053251.423   130458845.409          49.680  
C11  22625019.905   117814410.119          48.300  
C35  23840147.462   124141920.981          37.430  
C19  23620035.945   122995689.277          39.250  
E19  24092324.814   126606039.332          43.330    24092321.601    97009812.198          43.180    24092324.850    94543475.151          40.420  
E04  27773962.597   145953171.747          37.410    27773963.544   111834250.614          32.700    27773967.175   108991031.909          32.180  
E28  26210528.689   137737292.702          41.850    26210527.594   105538966.042          41.940    26210531.126   102855794.587          39.590  
E29  25793126.154   135543789.365          49.820    25793124.076   103858222.226          52.970    25793127.318   101217775.665          49.780  
E33  25216428.074   132513218.731          49.380    25216424.525   101536084.059          52.690    25216428.029    98954673.652          49.990  
E25  26876871.881   141238898.568          33.370    26876870.191   108222020.430          31.220    26876873.885   105470626.893          29.990  
E16  26199385.609                3         27.740    26199381.998   105494055.9991         27.790    26199382.478                3         23.060  
E11  25033871.484                3         27.090    25033865.941                3         24.010    25033872.753    98238295.556          27.680  
E10  24885067.656   130771908.182          31.320    24885067.709   100201865.323          33.560    24885071.332    97654368.068          32.800  
E12  23728039.757   124691692.946          34.770    23728033.713    95542969.218          35.310    23728037.692    93113917.661          33.550  
E31  28151710.092   147938234.489          28.630    28151712.719   113355279.458          27.190    28151717.067                3         24.820  
> 2026 07 08 14 55 18.0000000  0 37                     
G05  20923464.886   109953547.540          27.260                                                    20923469.809                3         15.230                                                  
G06  23878908.852   125484496.435          50.980    23878909.706    97780121.653          51.380    23878909.353    97780124.644          48.790    23878911.047    93705952.370          53.440  
G09  24167183.320   126999405.870          46.770    24167183.273    98960569.195          47.630    24167182.804    98960580.197          47.100    24167184.328    94837209.758          52.810  
G11  21117515.386   110973291.374          47.440    21117512.110    86472678.234          42.430    21117511.937    86472689.229          45.390    21117515.991    82869667.358          49.290  
G20  23050590.464   121131706.791          37.070                                                    23050590.340    94388356.168          32.700    23050592.979    90455534.899          36.990  
G21  20314662.419   106754264.633          41.080    20314659.440    83185157.045          35.990    20314658.701    83185126.022          41.040    20314664.007    79719098.299          45.240  
G29  22623204.412   118885725.648          37.350    22623201.024    92638224.600          32.450    22623201.542    92638229.636          25.980                                                  
G25  24137918.946   126845602.012          29.550                                                    24137937.756                3         18.190    24137922.988    94722396.966          25.030  
G12  24704966.478                3         22.530                                                    24704972.003                3         24.100                                                  
G15  25199492.784   132424227.882          33.900                                                                                                                                                  
R10  24127474.374   128613007.789          32.280                                                  
R02  22693155.984   121095025.117          49.910    22693157.037    94184990.907          52.030  
R18  19626937.440   104769914.341          48.550    19626936.949    81487719.035          44.700  
R17  22127223.635   118407230.904          49.860    22127224.609    92094500.201          49.000  
R03  19518825.491   104485800.512          45.940    19518825.219    81266733.869          42.880  
R04  20977000.226   112330894.121          37.280    20977000.709    87368443.089          30.960  
R19  20968009.294   112164638.833          41.060    20968005.678    87239192.836          38.280  
R09                                                  24101184.183   100099203.737          31.230  
C12  21808630.349   113563263.258          41.860  
C20  22060355.234   114874060.330          46.360  
C29  21502472.013   111969025.141          41.900  
C30  24201277.997   126022391.868          48.360  
C32  25053801.309   130461708.931          50.080  
C11  22625320.438   117815975.097          48.190  
C35  23839676.778   124139469.954          37.690  
C19  23619523.109   122993018.722          39.230  
E19  24091958.930   126604116.582          43.370    24091955.715    97008338.927          43.380    24091958.960    94542039.350          40.550  
E04  27773357.751   145949993.305          37.600    27773358.700   111831815.188          32.590    27773362.344   108988658.358          32.490  
E28  26209984.743   137734434.256          41.950    26209983.647   105536775.843          42.210    26209987.177   102853660.036          39.620  
E29  25793247.088   135544424.877          49.880    25793245.008   103858709.169          53.220    25793248.251   101218250.223          49.800  
E33  25216719.224   132514748.734          49.340    25216715.677   101537256.390          52.860    25216719.178    98955816.181          50.040  
E25  26876837.649   141238718.682          33.210    26876835.966   108221882.620          31.550    26876839.653   105470492.513          29.990  
E16  26199761.717                3         26.950    26199758.390   105495570.873          27.950    26199760.753                3         23.030  
E11  25033480.665                3         27.030    25033475.152                3         23.340    25033481.935    98236761.802          27.420  
E10  24884800.113   130770501.948          31.190    24884800.104   100200787.739          34.000    24884803.746    97653317.934          32.870  
E12  23727944.732   124691193.681          34.840    23727938.707    95542586.649          35.620    23727942.679    93113544.828          33.670  
E31  28152268.535   147941169.206          28.600    28152271.164   113357528.095          27.770    28152275.530                3         24.870  
> 2026 07 08 14 55 19.0000000  0 37                     
G05  20923182.421   109952063.364          26.890                                                    20923187.269                3         16.160                                                  
G06  23879409.792   125487128.700          50.690    23879410.623    97782172.752          51.550    23879410.262    97782175.742          48.580    23879411.961    93707918.023          53.410  
G09  24167748.360   127002375.216          46.200    24167748.337    98962882.914          47.500    24167747.858    98962893.908          47.680    24167749.389    94839427.087          52.850  
G11  21117745.089   110974498.487          47.320    21117741.814    86473618.815          42.380    21117741.636    86473629.813          45.320    21117745.694    82870568.771          49.240  
G20  23049928.823   121128229.855          36.940                                                    23049928.701    94385646.863          32.650    23049931.331    90452938.457          36.940  
G21  20314804.429   106755010.929          40.830    20314801.463    83185738.547          36.230    20314800.718    83185707.560          41.200    20314806.020    79719655.580          45.190  
G29  22622687.916   118883011.571          37.020    22622684.533    92636109.724          32.390    22622685.056    92636114.761          25.890                                                  
G25  24138353.893   126847887.530          29.150                                                    24138333.657                3         17.690    24138357.870    94724103.780          24.840  
G12  24705571.544                3         22.040                                                    24705576.945                3         23.980                                                  
G15  25198724.309   132420189.442          33.680                                                                                                                                                  
R10  24127546.912   128613394.463          32.380                                                  
R02  22693878.462   121098880.429          50.350    22693879.528    94187989.517          51.830  
R18  19627023.004   104770371.079          48.640    19627022.511    81488074.289          44.430  
R17  22127780.223   118410209.347          49.480    22127781.205    92096816.671          49.590  
R03  19518884.972   104486118.910          45.880    19518884.699    81266981.526          42.960  
R04  20976340.192   112327359.710          37.260    20976340.680    87365694.133          30.900  
R19  20967482.506   112161820.900          41.060    20967478.903    87237001.079          38.310  
R09                                                  24101683.614   100101278.008          31.180  
C12  21808386.359   113561992.737          41.760  
C20  22060354.036   114874054.099          46.400  
C29  21502539.175   111969374.842          42.000  
C30  24201796.644   126025092.645          48.240  
C32  25054351.220   130464572.611          50.320  
C11  22625621.022   117817540.346          48.140  
C35  23839206.107   124137019.024          37.760  
C19  23619010.306   122990348.398          39.130  
E19  24091593.108   126602194.153          43.360    24091589.891    97006865.876          43.400    24091593.131    94540603.752          40.490  
E04  27772752.879   145946814.718          37.700    27772753.829   111829379.626          32.650    27772757.485   108986284.778          32.520  
E28  26209440.805   137731575.848          41.980    26209439.708   105534585.637          42.210    26209443.237   102851525.518          39.790  
E29  25793368.089   135545060.752          49.660    25793366.009   103859196.392          53.170    25793369.254   101218725.064          49.850  
E33  25217010.374   132516278.739          49.260    25217006.829   101538428.729          52.880    25217010.327    98956958.712          50.120  
E25  26876803.476   141238539.100          33.220    26876801.799   108221745.132          31.350    26876805.481   105470358.434          30.130  
E16  26200137.972                3         26.620    26200134.874   105497085.875          27.990    26200136.313                3         23.100  
E11  25033089.828                3         26.860    25033084.740                3         23.220    25033091.061    98235227.962          27.500  
E10  24884532.552   130769095.626          30.730    24884532.486   100199710.229          33.830    24884536.140    97652267.784          32.910  
E12  23727849.707   124690694.429          34.790    23727843.703    95542204.076          35.480    23727847.667    93113171.960          33.660  
E31  28152826.940   147944103.645          28.310    28152829.569   113359776.583          27.420    28152833.950                3         24.710  
> 2026 07 08 14 55 20.0000000  0 37                     
G05  20922900.083   109950579.837          26.760                                                    20922938.066                3         16.220                                                  
G06  23879910.797   125489761.304          50.710    23879911.601    97784224.160          50.940    23879911.234    97784227.139          48.390    23879912.938    93709883.951          53.400  
G09  24168313.482   127005344.976          47.330    24168313.478    98965197.079          48.040    24168312.992    98965208.090          47.240    24168314.529    94841644.874          52.740  
G11  21117974.891   110975706.132          46.990    21117971.619    86474559.844          42.350    21117971.437    86474570.821          45.400    21117975.498    82871470.577          49.310  
G20  23049267.261   121124753.323          36.400                                                    23049267.139    94382937.882          32.560    23049269.760    90450342.380          37.010  
G21  20314946.566   106755757.886          40.660    20314943.609    83186320.599          36.120    20314942.862    83186289.597          41.200    20314948.158    79720213.367          45.280  
G29  22622171.531   118880298.083          36.660    22622168.158    92633995.338          31.750    22622168.683    92634000.314          26.030                                                  
G25  24138788.972   126850173.607          29.120                                                    24138784.029                3         16.210    24138792.878    94725810.805          23.790  
G12  24706173.239                3         21.900                                                    24706180.037                3         22.730                                                  
G15  25197955.854   132416151.100          33.310                                                                                                                                                  
R10  24127619.640   128613782.151          31.880                                                  
R02  22694601.052   121102736.333          50.240    22694602.129    94190988.511          51.670  
R18  19627108.712   104770828.581          48.770    19627108.215    81488430.123          44.380  
R17  22128336.901   118413188.268          49.530    22128337.889    92099133.662          49.140  
R03  19518944.668   104486438.463          45.870    19518944.395    81267230.020          42.950  
R04  20975680.306   112323826.088          37.580    20975680.797    87362945.775          31.470  
R19  20966955.799   112159003.402          41.280    20966952.207    87234809.688          38.280  
R09  24102182.107   128704324.8331         25.480    24102183.155   100103352.729          31.000  
C12  21808142.512   113560722.912          41.690  
C20  22060352.984   114874048.589          46.230  
C29  21502606.464   111969725.193          41.850  
C30  24202315.377   126027793.865          48.370  
C32  25054901.213   130467436.716          50.180  
C11  22625921.716   117819106.156          48.070  
C35  23838735.510   124134568.473          37.780  
C19  23618497.605   122987678.635          39.110  
E19  24091227.389   126600272.258          43.270    24091224.167    97005393.270          43.390    24091227.404    94539168.596          40.340  
E04  27772148.041   145943636.303          37.520    27772148.989   111826944.234          32.750    27772152.659   108983911.278          32.120  
E28  26208896.938   137728717.816          42.000    26208895.840   105532395.705          42.120    26208899.368   102849391.269          39.620  
E29  25793489.217   135545697.278          49.820    25793487.135   103859684.141          53.120    25793490.381   101219200.405          49.700  
E33  25217301.582   132517809.052          49.220    25217298.039   101539601.310          52.860    25217301.535    98958101.481          49.970  
E25  26876769.445   141238360.242          33.020    26876767.770   108221607.996          31.000    26876771.445   105470224.894          29.950  
E16  26200514.489                3         27.100    26200511.189                3         27.480    26200513.157                3         23.320  
E11  25032699.089                3         26.970    25032694.033                3         23.070    25032700.226    98233694.304          27.140  
E10  24884265.065   130767689.698          31.050    24884264.939   100198632.917          33.790    24884268.606    97651217.915          32.780  
E12  23727754.737   124690195.466          34.880    23727748.755    95541821.809          35.360    23727752.709    93112799.448          33.430  
E31  28153385.364   147947038.237          28.660    28153387.991   113362025.146          27.420    28153392.389                3         24.440  
> 2026 07 08 14 55 21.0000000  0 37                     
G05  20922617.858   109949096.922          26.930                                                    20922615.513                3         15.620                                                  
G06  23880411.862   125492394.236          50.480    23880412.645    97786275.785          50.720    23880412.270    97786278.759          48.840    23880413.979    93711850.077          53.500  
G09  24168878.729   127008315.443          45.210    24168878.754    98967511.729          46.900    24168878.260    98967522.709          47.360    24168879.802    94843862.997          52.560  
G11  21118204.775   110976914.207          46.920    21118201.508    86475501.208          42.200    21118201.319    86475512.210          45.560    21118205.384    82872372.712          49.340  
G20  23048605.759   121121277.112          36.510                                                    23048605.636    94380229.164          32.490    23048608.250    90447746.530          37.030  
G21  20315088.801   106756505.364          40.530    20315085.852    83186903.057          36.050    20315085.105    83186872.064          41.110    20315090.396    79720771.567          45.210  
G29  22621655.248   118877585.134          36.480    22621651.884    92631881.402          32.000    22621652.412    92631886.375          26.360                                                  
G25  24139224.177   126852460.236          29.330                                                    24139216.242                3         15.750    24139228.007    94727518.397          25.040  
G12  24706775.943                3         22.630                                                    24706784.069                3         22.240                                                  
G15  25197187.435   132412112.918          33.270                                                                                                                                                  
R10  24127692.527   128614170.693          31.730                                                  
R02  22695323.722   121106592.673          50.140    22695324.812    94193987.883          51.870  
R18  19627194.538   104771286.720          48.600    19627194.039    81488786.457          44.470  
R17  22128893.651   118416167.575          50.010    22128894.647    92101450.922          49.420  
R03  19519004.542   104486758.967          45.640    19519004.268    81267479.305          42.890  
R04  20975020.546   112320293.139          37.610    20975021.037    87360197.916          30.880  
R19  20966429.168   112156186.296          41.590    20966425.585    87232618.630          38.190  
R09                                                  24102682.797   100105427.882          30.620  
C12  21807898.774   113559453.671          41.680  
C20  22060352.059   114874043.746          46.230  
C29  21502673.847   111970076.068          41.810  
C30  24202834.181   126030495.451          48.470  
C32  25055451.273   130470301.145          50.530  
C11  22626222.503   117820672.461          48.010  
C35  23838264.979   124132118.240          37.950  
C19  23617984.999   122985009.357          39.070  
E19  24090861.770   126598350.888          42.980    24090858.543    97003921.045          43.480    24090861.776    94537733.785          40.330  
E04  27771543.225   145940458.000          37.290    27771544.170   111824508.942          32.920    27771547.855   108981537.865          32.270  
E28  26208353.119   137725860.027          41.770    26208352.019   105530205.986          42.260    26208355.547   102847257.212          39.700  
E29  25793610.463   135546334.429          49.590    25793608.380   103860172.342          53.290    25793611.626   101219676.186          49.740  
E33  25217592.841   132519339.636          48.820    25217589.302   101540774.078          52.980    25217592.793    98959244.436          50.000  
E25  26876735.531   141238181.989          32.630    26876733.857   108221471.440          31.460    26876737.525   105470091.804          30.130  
E16  26200890.950                3         26.470    26200887.562                3         28.060    26200889.199                3         22.870  
E11  25032308.437                3         26.750    25032303.318                3         23.230    25032309.461    98232160.805          27.810  
E10  24883997.614   130766283.950          30.760    24883997.425   100197555.785          33.980    24884001.109    97650168.126          33.050  
E12  23727659.833   124689696.837          34.580    23727653.871    95541439.727          35.550    23727657.817    93112427.017          33.250  
E31  28153943.810   147949972.861          27.980    28153946.430   113364273.778          27.600    28153950.857                3         24.370  
> 2026 07 08 14 55 22.0000000  0 37                     
G05  20922335.562   109947613.566          26.750                                                    20922352.851                3         15.670                                                  
G06  23880912.799   125495026.499          50.490    23880913.561    97788326.898          50.780    23880913.179    97788329.875          48.870    23880914.892    93713815.746          53.580  
G09  24169443.881   127011285.420          45.830    24169443.939    98969825.954          47.150    24169443.435    98969836.967          48.200    24169444.980    94846080.852          52.530  
G11  21118434.574   110978121.838          46.870    21118431.311    86476442.210          42.160    21118431.117    86476453.205          45.550    21118435.186    82873274.506          49.420  
G20  23047944.162   121117800.399          36.680                                                    23047944.038    94377520.018          32.300    23047946.648    90445150.265          37.020  
G21  20315230.981   106757252.554          40.730    20315228.040    83187485.247          36.030    20315227.293    83187454.254          41.240    20315232.579    79721329.501          45.310  
G29  22621138.893   118874871.812          36.520    22621135.537    92629767.112          32.130    22621136.074    92629772.099          26.020                                                  
G25  24139659.298   126854746.375          29.460                                                    24139676.303                3         14.780    24139663.029    94729225.526          25.050  
G12  24707382.527                3         23.050                                                    24707388.095                3         23.400                                                  
G15  25196418.867   132408073.941          33.260                                                                                                                                                  
R10  24127765.409   128614559.214          31.860                                                  
R02  22696046.307   121110448.545          50.920    22696047.408    94196986.871          51.880  
R18  19627280.320   104771744.618          48.740    19627279.817    81489142.576          44.350  
R17  22129450.341   118419146.563          49.610    22129451.345    92103767.858          49.480  
R03  19519064.436   104487079.590          45.640    19519064.164    81267728.684          43.070  
R04  20974360.741   112316759.960          37.510    20974361.233    87357449.940          30.680  
R19  20965902.438   112153368.664          41.750    20965898.865    87230427.137          38.240  
R09                                                  24103182.358   100107502.703          31.000  
C12  21807654.981   113558184.187          41.640  
C20  22060351.089   114874038.667          46.250  
C29  21502741.173   111970426.630          41.900  
C30  24203352.881   126033196.453          48.410  
C32  25056001.233   130473165.017          50.650  
C11  22626523.214   117822238.360          47.900  
C35  23837794.345   124129667.422          38.060  
C19  23617472.312   122982339.622          39.010  
E19  24090496.068   126596429.085          43.110    24090492.838    97002448.508          43.340    24090496.067    94536298.668          40.340  
E04  27770938.265   145937278.931          37.440    27770939.205   111822073.000          32.700    27770942.905   108979163.869          32.220  
E28  26207809.186   137723001.628          41.750    26207808.081   105528015.787          42.230    26207811.609   102845122.667          39.600  
E29  25793731.650   135546971.263          49.510    25793729.565   103860660.302          53.170    25793732.810   101220151.751          49.720  
E33  25217883.965   132520869.513          48.910    25217880.429   101541946.336          52.890    25217883.918    98960386.899          49.930  
E25  26876701.550   141238003.404          32.570    26876699.881   108221334.611          31.280    26876703.544   105469958.472          30.050  
E16  26201267.018                3         26.170    26201263.930                3         27.740    26201264.961                3         22.680  
E11  25031917.633                3         26.880    25031911.740                3         23.140    25031918.554    98230626.675          27.500  
E10  24883730.037   130764877.521          31.270    24883729.784   100196478.103          33.710    24883733.479    97649117.889          32.850  
E12  23727564.798   124689197.522          34.940    23727558.856    95541057.138          35.360    23727562.796    93112054.192          33.580  
E31  28154502.073   147952906.623          28.460    28154504.686   113366521.671          27.150    28154509.132                3         24.310  
> 2026 07 08 14 55 25.0000000  0 37                     
G05  20921489.442   109943167.428          27.260                                                    20921480.817                3         17.130                                                  
G06  23882416.021   125502925.504          50.340    23882416.732    97794481.967          50.640    23882416.325    97794484.970          48.950    23882418.051    93719714.356          53.360  
G09  24171139.987   127020198.844          43.340    24171140.164    98976771.432          45.500    24171139.632    98976782.411          48.070    24171141.171    94852736.903          52.560  
G11  21119124.567   110981747.864          46.990    21119121.318    86479267.683          42.520    21119121.107    86479278.679          45.530    21119125.189    82875982.244          49.230  
G20  23045959.839   121107372.729          36.310                                                    23045959.715    94369394.593          32.340    23045962.317    90437363.373          36.650  
G21  20315658.225   106759497.811          40.600    20315655.308    83189234.808          35.830    20315654.558    83189203.789          41.340    20315659.829    79723006.153          45.180  
G29  22619590.519   118866735.481          36.590    22619587.211    92623427.123          32.440    22619587.765    92623432.107          26.410                                                  
G25  24140965.120   126861608.079          29.270                                                    24140963.064                3         17.420    24140968.694    94734349.507          24.610  
G12  24709191.647                3         23.790                                                    24709195.588                3         25.670                                                  
G15  25194113.306   132395957.905          33.080                                                                                                                                                  
R10  24127985.133   128615730.551          31.110                                                  
R02  22698214.670   121122019.379          51.220    22698215.794    94205986.440          51.350  
R18  19627538.489   104773122.720          48.590    19627537.974    81490214.430          44.320  
R17  22131120.995   118428086.622          49.980    22131122.020    92110721.231          49.500  
R03  19519245.316   104488047.904          45.460    19519245.053    81268481.813          42.920  
R04  20972382.162   112306164.889          38.110    20972382.653    87349209.320          31.050  
R19  20964322.782   112144918.571          41.820    20964319.225    87223854.824          38.670  
R09                                                  24104681.764   100113730.123          31.010  
C12  21806924.402   113554379.866          41.460  
C20  22060349.032   114874027.842          46.310  
C29  21502943.869   111971482.017          41.930  
C30  24204909.499   126041302.143          48.760  
C32  25057651.605   130481759.108          51.260  
C11  22627426.005   117826939.490          47.980  
C35  23836382.909   124122317.423          38.190  
C19  23615934.863   122974333.715          39.140  
E19  24089399.621   126590667.127          43.170    24089396.378    96998033.509          43.130    24089399.595    94531995.939          40.320  
E04  27769123.575   145927742.728          37.740    27769124.506   111814766.030          32.700    27769128.250   108972042.740          32.100  
E28  26206177.783   137714428.510          41.930    26206176.665   105521446.770          41.810    26206180.192   102838720.682          39.550  
E29  25794095.979   135548885.796          49.690    25794093.884   103862127.279          52.940    25794097.130   101221581.424          49.700  
E33  25218757.714   132525461.126          49.070    25218754.189   101545464.581          52.660    25218757.669    98963815.687          49.920  
E25  26876600.381   141237471.715          32.170    26876598.726   108220927.220          31.280    26876602.371   105469561.361          29.590  
E16  26202396.355                3         26.210    26202393.678   105506180.9161         27.730    26202392.996                3         22.910  
E11  25030745.414                3         27.000    25030739.031                3         23.430    25030746.038    98226025.388          27.020  
E10  24882927.640   130760659.962          31.350    24882927.189   100193246.475          33.500    24882930.921    97645968.376          33.000  
E12  23727280.128   124687701.799          34.850    23727274.229    95539911.049          35.120    23727278.151    93110937.220          33.220  
E31  28156176.693                3         28.010    28156179.382                3         26.940    28156184.315                3         24.170  
> 2026 07 08 14 55 26.0000000  0 37                     
G05  20921207.737   109941687.096          26.960                                                    20921154.904                3         16.760                                                  
G06  23882917.327   125505559.737          49.950    23882918.024    97796534.621          50.450    23882917.609    97796537.608          48.860    23882919.341    93721681.449          53.590  
G09  24171705.634   127023171.503          44.380    24171705.855    98979087.865          46.050    24171705.317    98979098.873          47.180    24171706.855    94854956.829          51.940  
G11  21119354.854   110982958.059          46.800    21119351.610    86480210.697          42.550    21119351.395    86480221.690          45.610    21119355.479    82876885.972          49.200  
G20  23045298.650   121103898.161          36.360                                                    23045298.524    94366687.120          32.350    23045301.126    90434768.738          36.780  
G21  20315800.967   106760247.952          40.570    20315798.059    83189819.353          35.910    20315797.306    83189788.353          41.330    20315802.575    79723566.343          45.170  
G29  22619074.713   118864025.052          36.640    22619071.427    92621315.113          32.650    22619071.984    92621320.093          26.940                                                  
G25  24141400.654   126863896.824          29.250                                                    24141417.436                3         17.820    24141404.204    94736058.702          24.270  
G12  24709796.613                3         23.490                                                    24709793.792                3         25.250                                                  
G15  25193344.921   132391919.991          33.020                                                                                                                                                  
R10  24128058.836   128616123.452          31.300                                                  
R02  22698937.751   121125877.884          51.110    22698938.881    94208987.440          51.160  
R18  19627624.908   104773584.023          48.230    19627624.386    81490573.223          44.220  
R17  22131678.191   118431068.311          50.120    22131679.225    92113040.322          49.490  
R03  19519306.096   104488373.284          45.410    19519305.838    81268734.873          42.840  
R04  20971723.004   112302635.169          38.180    20971723.493    87346463.939          30.520  
R19  20963796.499   112142103.307          41.680    20963792.948    87221665.187          38.580  
R09                                                  24105181.866   100115807.181          31.460  
C12  21806681.236   113553113.603          41.430  
C20  22060348.723   114874026.178          46.240  
C29  21503011.763   111971835.535          42.030  
C30  24205428.635   126044005.378          48.760  
C32  25058201.984   130484625.047          51.950  
C11  22627727.247   117828508.157          47.920  
C35  23835912.671   124119868.670          38.250  
C19  23615422.674   122971666.654          39.030  
E19  24089034.455   126588748.137          43.120    24089031.206    96996563.100          42.930    24089034.421    94530562.901          40.340  
E04  27768518.839   145924564.835          37.940    27768519.769   111812331.064          32.530    27768523.526   108969669.571          32.070  
E28  26205634.203   137711571.967          41.890    26205633.081   105519257.992          41.610    26205636.608   102836587.550          39.570  
E29  25794217.769   135549525.790          49.760    25794215.670   103862617.670          52.690    25794218.916   101222059.349          49.740  
E33  25219049.174   132526992.772          49.010    25219045.652   101546638.180          52.400    25219049.130    98964959.452          49.940  
E25  26876567.008   141237296.313          32.250    26876565.355   108220792.779          30.840    26876568.995   105469430.379          29.610  
E16  26202773.070                3         26.050    26202770.393   105507698.291          27.380    26202769.555                3         23.210  
E11  25030354.903   131535402.1751         27.030    25030348.263                3         23.470    25030355.348    98224492.273          27.090  
E10  24882660.361   130759255.094          31.260    24882659.842   100192170.147          33.430    24882663.591    97644919.370          33.020  
E12  23727185.455   124687204.354          34.700    23727179.566    95539529.899          34.780    23727183.484    93110565.809          33.520  
E31  28156734.893   147964641.3641         27.950    28156737.832   113375514.7311         26.680    28156742.789                3         24.340  
> 2026 07 08 14 55 27.0000000  0 37                     
G05  20920925.994   109940206.556          27.420                                                    20920886.079                3         16.930                                                  
G06  23883418.526   125508193.413          49.970    23883419.211    97798586.809          50.440    23883418.785    97798589.804          49.160    23883420.523    93723648.157          53.570  
G09  24172271.252   127026144.041          43.160    24172271.525    98981404.045          44.690    24172270.979    98981415.000          48.000    24172272.519    94857176.477          52.580  
G11  21119585.077   110984167.924          46.820    21119581.839    86481153.429          42.460    21119581.621    86481164.434          45.690    21119585.707    82877789.431          49.280  
G20  23044637.378   121100423.161          36.400                                                    23044637.249    94363979.374          32.140    23044639.852    90432173.737          36.860  
G21  20315943.668   106760997.873          40.600    20315940.768    83190403.710          36.050    20315940.014    83190372.704          41.450    20315945.278    79724126.360          45.210  
G29  22618558.858   118861314.361          36.620    22618555.590    92619202.824          31.830    22618556.154    92619207.842          26.470                                                  
G25  24141836.139   126866185.300          29.470                                                    24141829.922                3         17.260    24141839.668    94737767.549          25.050  
G12  24710398.517                3         23.860                                                    24710394.419                3         23.400                                                  
G15  25192576.403   132387881.389          33.050                                                                                                                                                  
R10  24128132.560   128616516.478          31.200                                                  
R02  22699660.749   121129735.946          50.880    22699661.885    94211988.200          51.430  
R18  19627711.297   104774045.167          48.180    19627710.767    81490931.894          44.230  
R17  22132235.317   118434049.620          50.120    22132236.358    92115359.130          49.500  
R03  19519366.906   104488698.830          45.450    19519366.653    81268988.092          42.880  
R04  20971063.826   112299105.328          38.590    20971064.317    87343718.457          31.070  
R19  20963270.127   112139287.566          41.580    20963266.582    87219475.144          38.770  
R09                                                  24105681.945   100117884.142          31.370  
C12  21806438.036   113551847.201          41.220  
C20  22060348.388   114874024.390          46.160  
C29  21503079.618   111972188.827          41.930  
C30  24205947.687   126046708.184          48.770  
C32  25058752.286   130487490.610          51.910  
C11  22628028.428   117830076.526          47.840  
C35  23835442.355   124117419.473          38.370  
C19  23614910.430   122968999.281          38.970  
E19  24088669.226   126586828.822          43.110    24088665.973    96995092.468          43.070    24088669.185    94529129.663          40.430  
E04  27767913.972   145921386.245          37.850    27767914.899   111809895.516          32.670    27767918.666   108967296.003          32.230  
E28  26205090.527   137708714.913          41.940    26205089.401   105517068.822          41.850    26205092.929   102834454.034          39.590  
E29  25794339.524   135550165.597          49.820    25794337.419   103863107.904          52.830    25794340.666   101222537.124          49.780  
E33  25219340.528   132528523.864          48.900    25219337.010   101547811.351          52.530    25219340.486    98966102.798          49.980  
E25  26876533.590   141237120.675          32.550    26876531.939   108220658.292          31.080    26876535.577   105469299.306          29.660  
E16  26203149.745                3         25.930    26203146.962   105509215.363          27.490    26203147.459                3         22.920  
E11  25029964.247   131533348.491          27.380    25029957.142                3         23.430    25029964.528    98222958.722          27.010  
E10  24882393.007   130757849.849          31.030    24882392.426   100191093.258          33.540    24882396.190    97643869.876          33.070  
E12  23727090.685   124686706.409          34.690    23727084.810    95539148.386          35.270    23727088.723    93110193.961          33.370  
E31  28157293.134   147967575.354          28.550    28157296.450   113377762.832          27.190    28157299.667                3         24.380  
> 2026 07 08 14 55 28.0000000  0 37                     
G05  20920644.121                3         27.320                                                    20920617.376                3         17.360                                                  
G06  23883919.787   125510827.421          49.710    23883920.459    97800639.301          49.780    23883920.025    97800642.288          48.880    23883921.767    93725615.128          53.230  
G09  24172836.944   127029116.965          44.930    24172837.264    98983720.633          46.410    24172836.713    98983731.647          46.780    24172838.260    94859396.546          52.720  
G11  21119815.391   110985378.262          46.850    21119812.159    86482096.558          42.460    21119811.938    86482107.556          45.570    21119816.025    82878693.260          49.190  
G20  23043976.173   121096948.515          36.140                                                    23043976.041    94361271.822          32.100    23043978.648    90429579.072          36.740  
G21  20316086.488   106761748.422          40.520    20316083.599    83190988.546          35.910    20316082.842    83190957.548          41.370    20316088.101    79724686.814          45.130  
G29  22618043.116   118858604.252          36.780    22618039.870    92617091.090          32.300    22618040.437    92617096.101          26.630                                                  
G25  24142271.723   126868474.250          29.440                                                    24142256.402                3         16.240    24142275.215    94739476.826          23.650  
G12  24711000.271                3         23.000                                                    24710998.812                3         25.130                                                  
G15  25191807.915   132383842.933          32.840                                                                                                                                                  
R10  24128206.459   128616910.439          31.430                                                  
R02  22700383.852   121133594.563          51.350    22700384.993    94214989.310          50.950  
R18  19627797.819   104774507.014          48.400    19627797.281    81491291.110          44.350  
R17  22132792.542   118437031.455          50.500    22132793.592    92117678.300          49.790  
R03  19519427.912   104489025.418          45.630    19519427.664    81269242.093          42.980  
R04  20970404.780   112295576.189          38.360    20970405.274    87340973.605          31.330  
R19  20962743.837   112136472.262          41.660    20962740.298    87217285.500          38.750  
R09                                                  24106182.130   100119961.531          31.090  
C12  21806194.954   113550581.451          41.250  
C20  22060348.187   114874023.315          46.110  
C29  21503147.580   111972542.707          41.950  
C30  24206466.812   126049411.375          48.800  
C32  25059302.659   130490356.549          51.540  
C11  22628329.714   117831645.419          47.840  
C35  23834972.097   124114970.672          38.290  
C19  23614398.282   122966332.410          38.910  
E19  24088304.102   126584910.057          43.010    24088300.845    96993622.254          43.380    24088304.055    94527696.803          40.400  
E04  27767309.132   145918207.794          38.030    27767310.056   111807460.075          32.880    27767313.833   108964922.441          32.240  
E28  26204546.912   137705858.176          41.960    26204545.782   105514879.907          42.130    26204549.309   102832320.774          39.570  
E29  25794461.398   135550806.027          49.730    25794459.287   103863598.629          53.140    25794462.535   101223015.375          49.690  
E33  25219631.936   132530055.236          48.970    25219628.422   101548984.749          52.810    25219631.896    98967246.364          49.900  
E25  26876500.303   141236945.734          32.400    26876498.655   108220524.231          31.160    26876502.292   105469168.632          29.760  
E16  26203526.972                3         25.970    26203523.740   105510732.782          28.490    26203524.475                3         22.780  
E11  25029573.689   131531295.039          27.820    25029567.010                3         23.430    25029573.746    98221425.321          27.410  
E10  24882125.662   130756444.678          31.350    24882125.027   100190016.625          33.890    24882128.804    97642820.620          33.080  
E12  23726995.981   124686208.808          34.900    23726990.121    95538767.069          35.510    23726994.031    93109822.366          33.300  
E31  28157851.235   147970509.350          28.040    28157855.073   113380010.986          27.590    28157857.894                3         24.310  
> 2026 07 08 14 55 29.0000000  0 37                     
G05  20920363.088                3         26.930                                                    20920371.108                3         18.020                                                  
G06  23884421.047   125513461.430          49.610    23884421.710    97802691.786          49.850    23884421.267    97802694.794          48.910    23884423.013    93727582.077          53.640  
G09  24173402.697   127032090.217          43.630    24173403.068    98986037.432          45.210    24173402.511    98986048.409          47.990    24173404.060    94861616.805          52.080  
G11  21120045.742   110986588.794          46.860    21120042.516    86483039.843          42.510    21120042.292    86483050.824          45.490    21120046.380    82879597.230          49.300  
G20  23043314.998   121093474.038          35.850                                                    23043314.864    94358564.448          31.740    23043317.475    90426984.472          36.810  
G21  20316229.364   106762499.263          40.580    20316226.484    83191573.624          36.320    20316225.725    83191542.611          41.370    20316230.979    79725247.506          45.130  
G29  22617527.432   118855894.424          36.850    22617524.203    92614979.550          32.660    22617524.771    92614984.549          25.970                                                  
G25  24142707.331   126870763.463          29.060                                                    24142712.468                3         17.950    24142710.818    94741186.307          23.640  
G12  24711605.518                3         23.730                                                    24711601.593                3         24.500                                                  
G15  25191039.395   132379804.298          32.940                                                                                                                                                  
R10  24128280.475   128617305.031          31.530                                                  
R02  22701106.990   121137453.366          51.290    22701108.135    94217990.623          51.210  
R18  19627884.418   104774969.282          48.210    19627883.874    81491650.643          44.380  
R17  22133349.804   118440013.485          50.490    22133350.861    92119997.671          49.610  
R03  19519489.054   104489352.747          45.520    19519488.812    81269496.669          42.900  
R04  20969745.814   112292047.477          38.240    20969746.313    87338229.101          31.190  
R19  20962217.569   112133657.076          41.490    20962214.035    87215095.859          38.880  
R09                                                  24106682.340   100122039.019          31.200  
C12  21805951.944   113549316.059          41.200  
C20  22060348.063   114874022.636          46.160  
C29  21503215.608   111972896.883          42.010  
C30  24206985.960   126052114.692          49.010  
C32  25059853.051   130493222.524          52.240  
C11  22628631.048   117833214.566          47.870  
C35  23834501.850   124112521.883          38.280  
C19  23613886.166   122963665.714          38.910  
E19  24087939.024   126582991.539          43.270    24087935.764    96992152.214          43.440    24087938.971    94526264.190          40.380  
E04  27766704.264   145915029.187          38.360    27766705.185   111805024.526          33.040    27766708.970   108962548.893          31.980  
E28  26204003.297   137703001.444          41.990    26204002.163   105512690.989          42.140    26204005.690   102830187.515          39.590  
E29  25794583.340   135551446.817          49.870    25794581.224   103864089.619          53.190    25794584.473   101223493.879          49.720  
E33  25219923.343   132531586.603          49.060    25219919.832   101550158.132          52.900    25219923.305    98968389.910          49.970  
E25  26876467.068   141236771.086          32.140    26876465.426   108220390.318          31.520    26876469.062   105469038.270          29.800  
E16  26203903.471                3         26.440    26203900.696   105512250.330          28.230    26203900.803                3         22.800  
E11  25029182.969   131529241.477          27.950    25029175.660                3         23.250    25029182.935    98219891.807          26.970  
E10  24881858.327   130755039.567          31.380    24881857.635   100188939.984          33.790    24881861.432    97641771.363          33.080  
E12  23726901.278   124685711.206          34.990    23726895.429    95538385.799          35.420    23726899.336    93109450.740          33.240  
E31  28158409.504   147973443.226          28.230    28158413.482   113382258.972          26.990    28158417.736                3         24.070  
> 2026 07 08 14 55 30.0000000  0 37                     
G05  20920081.127                3         26.990                                                    20920097.816                3         17.640                                                  
G06  23884922.314   125516095.491          49.140    23884922.970    97804744.256          49.380    23884922.518    97804747.247          49.010    23884924.268    93729549.045          53.660  
G09  24173968.477   127035063.612          44.150    24173968.902    98988354.344          45.770    24173968.337    98988365.355          48.280    24173969.880    94863837.212          51.490  
G11  21120276.126   110987799.492          46.830    21120272.904    86483983.215          42.400    21120272.678    86483994.226          45.740    21120276.767    82880501.308          49.390  
G20  23042653.821   121089999.550          35.960                                                    23042653.682    94355857.007          31.770    23042656.300    90424389.907          36.970  
G21  20316372.289   106763250.357          40.390    20316369.419    83192158.868          36.100    20316368.659    83192127.896          41.460    20316373.906    79725808.395          45.240  
G29  22617011.787   118853184.799          36.940    22617008.576    92612868.146          31.770    22617009.139    92612873.134          26.310                                                  
G25  24143142.974   126873052.805          29.530                                                    24143139.014                3         17.420    24143146.460    94742895.870          23.660  
G12  24712210.371                3         24.240                                                    24712207.961                3         23.310                                                  
G15  25190270.846   132375765.513          32.780                                                                                                                                                  
R10  24128354.609   128617700.238          31.360                                                  
R02  22701830.164   121141312.361          51.010    22701831.313    94220992.023          51.010  
R18  19627971.079   104775431.881          48.130    19627970.528    81492010.466          44.300  
R17  22133907.093   118442995.655          50.590    22133908.157    92122317.159          49.630  
R03  19519550.327   104489680.771          45.660    19519550.091    81269751.816          42.880  
R04  20969086.926   112288519.171          37.980    20969087.428    87335484.809          31.000  
R19  20961691.305   112130841.915          41.500    20961687.778    87212906.321          38.680  
R09                                                  24107182.617   100124116.792          31.070  
C12  21805708.996   113548050.979          41.300  
C20  22060348.014   114874022.317          46.180  
C29  21503283.683   111973251.324          42.050  
C30  24207505.119   126054818.036          49.050  
C32  25060403.454   130496088.566          52.360  
C11  22628932.422   117834783.906          47.940  
C35  23834031.608   124110073.161          38.360  
C19  23613374.090   122960999.209          38.920  
E19  24087573.986   126581073.229          43.190    24087570.722    96990682.331          43.360    24087573.927    94524831.651          40.560  
E04  27766099.372   145911850.445          38.440    27766100.287   111802588.830          33.070    27766104.083   108960175.118          32.240  
E28  26203459.680   137700144.694          42.170    26203458.541   105510502.039          42.110    26203462.069   102828054.202          39.760  
E29  25794705.337   135552087.893          49.980    25794703.215   103864580.830          53.160    25794706.465   101223972.602          49.810  
E33  25220214.740   132533117.920          49.070    25220211.233   101551331.462          52.870    25220214.704    98969533.410          50.060  
E25  26876433.888   141236596.743          32.330    26876432.257   108220256.806          31.410    26876435.892   105468908.049          30.220  
E16  26204280.104                3         26.960    26204277.456   105513767.994          28.390    26204277.923                3         23.050  
E11  25028792.270   131527187.789          27.990    25028784.996                3         23.290    25028792.099    98218358.163          27.190  
E10  24881590.980   130753634.404          31.400    24881590.236   100187863.245          33.550    24881594.048    97640722.032          33.330  
E12  23726806.576   124685213.595          35.050    23726800.737    95538004.447          35.540    23726804.639    93109079.190          33.600  
E31  28158967.606   147976376.785          28.090    28158971.555   113384506.756          27.240    28158976.189                3         24.030  
> 2026 07 08 14 55 31.0000000  0 37                     
G05  20919799.674                3         27.690                                                    20919801.278                3         16.680                                                  
G06  23885423.455   125518728.901          49.250    23885424.106    97806796.286          48.740    23885423.647    97806799.296          49.060    23885425.400    93731515.590          53.720  
G09  24174534.180   127038036.610          42.980    24174534.660    98990671.029          44.940    24174534.088    98990682.001          47.930    24174535.623    94866057.339          51.230  
G11  21120506.431   110989009.776          46.960    21120503.212    86484926.293          42.650    21120502.985    86484937.311          45.610    21120507.075    82881405.097          49.290  
G20  23041992.547   121086524.567          35.840                                                    23041992.406    94353149.263          31.440    23041995.031    90421794.940          36.940  
G21  20316515.158   106764001.161          40.540    20316512.298    83192743.923          36.010    20316511.537    83192712.919          41.470    20316516.776    79726369.062          45.220  
G29  22616496.091   118850474.889          36.960    22616492.897    92610756.532          32.120    22616493.455    92610761.501          26.090                                                  
G25  24143578.533   126875341.720          29.440                                                    24143573.077                3         17.060    24143582.027    94744605.140          23.750  
G12  24712814.917                3         24.250                                                    24712812.004                3         23.110                                                  
G15  25189502.137   132371725.872          32.860                                                                                                                                                  
R10  24128428.757   128618095.511          31.100                                                  
R02  22702553.255   121145170.914          51.580    22702554.407    94223993.152          50.710  
R18  19628057.700   104775894.267          48.290    19628057.143    81492370.107          44.360  
R17  22134464.313   118445977.448          51.040    22134465.384    92124636.296          50.050  
R03  19519611.627   104490008.938          45.620    19519611.395    81270007.046          42.930  
R04  20968427.998   112284990.658          38.100    20968428.504    87332740.379          31.030  
R19  20961164.946   112128026.248          41.440    20961161.426    87210716.352          38.740  
R09                                                  24107682.824   100126194.286          31.070  
C12  21805466.003   113546785.683          41.250  
C20  22060347.929   114874021.822          46.190  
C29  21503351.706   111973605.456          41.990  
C30  24208024.189   126057520.921          48.930  
C32  25060953.766   130498954.115          52.620  
C11  22629233.727   117836352.909          47.930  
C35  23833561.276   124107623.882          38.400  
C19  23612861.945   122958332.366          38.900  
E19  24087208.876   126579154.547          43.130    24087205.609    96989212.176          43.330    24087208.812    94523398.879          40.370  
E04  27765494.331   145908670.913          38.500    27765495.240   111800152.609          32.790    27765499.044   108957800.810          31.850  
E28  26202915.957   137697287.386          42.190    26202914.812   105508312.664          42.070    26202918.341   102825920.500          39.650  
E29  25794827.284   135552728.709          49.750    25794825.157   103865071.857          53.140    25794828.407   101224451.145          49.730  
E33  25220506.020   132534648.619          48.960    25220502.516   101552504.341          52.850    25220505.985    98970676.468          49.960  
E25  26876400.661   141236422.149          32.210    26876399.038   108220123.027          31.250    26876402.674   105468777.625          30.050  
E16  26204656.621                3         27.010    26204653.943   105515285.340          28.320    26204655.836                3         22.920  
E11  25028401.390                3         27.410    25028393.976                3         23.310    25028401.133    98216824.034          26.750  
E10  24881323.500   130752228.559          31.240    24881322.705   100186786.077          33.840    24881326.534    97639672.237          33.130  
E12  23726711.747   124684715.306          34.830    23726705.917    95537622.725          35.630    23726709.816    93108707.130          33.660  
E31  28159525.744   147979309.552          27.400    28159529.729   113386753.973          27.040    28159533.258                3         24.060  
> 2026 07 08 14 55 32.0000000  0 37                     
G05  20919518.567   109932811.0651         27.300                                                    20919519.986                3         17.300                                                  
G06  23885924.922   125521364.022          49.500    23885925.566    97808849.614          49.720    23885925.100    97808852.603          49.340    23885926.856    93733483.346          53.460  
G09  24175100.259   127041011.611          41.960    24175100.800    98992989.094          44.290    24175100.220    98993000.094          48.140    24175101.745    94868278.838          50.790  
G11  21120737.079   110990221.852          47.240    21120733.863    86485870.776          42.590    21120733.633    86485881.768          45.610    21120737.725    82882310.213          49.240  
G20  23041331.599   121083051.302          35.920                                                    23041331.458    94350442.796          31.110    23041334.089    90419201.281          36.880  
G21  20316658.387   106764753.859          40.850    20316655.627    83193330.454          36.200    20316654.775    83193299.474          41.330    20316660.008    79726931.152          45.140  
G29  22615980.749   118847766.838          37.260    22615977.575    92608646.355          32.710    22615978.122    92608651.334          25.970                                                  
G25  24144014.445   126877632.498          29.720                                                    24144038.648                3         16.540    24144017.952    94746315.819          24.150  
G12  24713416.637                3         24.450                                                    24713415.132                3         24.230                                                  
G15  25188733.697   132367687.657          32.940                                                                                                                                                  
R10  24128503.327   128618493.027          31.240                                                  
R02  22703276.682   121149031.256          51.640    22703277.836    94226995.640          50.570  
R18  19628144.697   104776358.662          48.270    19628144.133    81492731.292          44.170  
R17  22135021.886   118448961.134          50.760    22135022.964    92126956.930          49.950  
R03  19519673.374   104490339.492          45.790    19519673.146    81270264.178          43.010  
R04  20967769.445   112281464.152          37.850    20967769.957    87329997.610          31.120  
R19  20960638.902   112125212.271          41.370    20960635.391    87208527.694          39.110  
R09                                                  24108183.382   100128273.237          31.090  
C12  21805223.376   113545522.349          41.150  
C20  22060348.223   114874023.314          46.050  
C29  21503420.086   111973961.502          42.030  
C30  24208543.583   126060225.491          49.020  
C32  25061504.398   130501821.286          52.460  
C11  22629535.382   117837923.729          47.820  
C35  23833091.259   124105176.323          38.280  
C19  23612350.134   122955667.291          38.780  
E19  24086844.119   126577237.731          43.190    24086840.851    96987743.445          43.170    24086844.053    94521967.472          40.520  
E04  27764889.568   145905492.827          38.770    27764890.471   111797717.488          32.570    27764894.277   108955427.574          31.910  
E28  26202372.538   137694431.679          42.270    26202371.388   105506124.533          41.910    26202374.916   102823787.991          39.720  
E29  25794949.606   135553371.493          50.130    25794947.473   103865564.368          52.950    25794950.725   101224931.135          49.830  
E33  25220797.601   132536180.901          49.130    25220794.099   101553678.430          52.670    25220797.568    98971820.704          50.050  
E25  26876367.808   141236249.516          32.430    26876366.191   108219990.697          30.920    26876369.831   105468648.715          29.920  
E16  26205033.941                3         27.690    26205030.892   105516804.068          27.810    26205032.335                3         23.030  
E11  25028010.807                3         27.900    25028003.300                3         23.300    25028010.447    98215291.018          27.230  
E10  24881056.307   130750824.228          31.300    24881055.463   100185710.066          33.550    24881059.307    97638623.565          33.430  
E12  23726617.245   124684218.730          35.100    23726611.422    95537242.202          35.440    23726615.316    93108336.247          33.710  
E31  28160084.078   147982243.672          27.710    28160087.994   113389002.167          27.440    28160092.337                3         23.920  
> 2026 07 08 14 55 33.0000000  0 37                     
G05  20919237.119   109931333.182          27.340                                                    20919266.432                3         16.640                                                  
G06  23886426.313   125523998.750          49.270    23886426.952    97810902.656          49.780    23886426.479    97810905.650          49.000    23886428.237    93735450.848          53.630  
G09  24175666.286   127043986.307          44.360    24175666.884    98995307.099          46.030    24175666.295    98995318.089          49.030    24175667.802    94870500.283          50.130  
G11  21120967.695   110991433.756          47.230    21120964.480    86486815.106          42.300    21120964.249    86486826.108          45.680    21120968.342    82883215.215          49.350  
G20  23040670.594   121079577.739          35.900                                                    23040670.455    94347736.118          31.250    23040673.089    90416607.390          37.030  
G21  20316801.609   106765506.514          40.730    20316798.859    83193916.920          36.080    20316798.005    83193885.931          41.380    20316803.232    79727493.190          45.220  
G29  22615465.384   118845058.661          37.240    22615462.225    92606536.113          32.140    22615462.768    92606541.076          25.860                                                  
G25  24144450.331   126879923.074          29.920                                                    24144461.245                3         16.060    24144453.830    94748026.320          23.910  
G12  24714019.514                3         24.730                                                    24714012.526                3         23.660                                                  
G15  25187965.168   132363648.976          32.750                                                                                                                                                  
R10  24128577.952   128618890.839          31.200                                                  
R02  22704000.073   121152891.404          51.720    22704001.228    94229998.011          50.300  
R18  19628231.702   104776823.098          48.360    19628231.131    81493092.515          44.440  
R17  22135579.418   118451944.598          50.690    22135580.503    92129277.411          49.820  
R03  19519735.189   104490670.408          45.660    19519734.965    81270521.563          42.840  
R04  20967110.898   112277937.679          37.910    20967111.412    87327254.725          30.590  
R19  20960112.803   112122397.986          41.300    20960109.299    87206338.813          39.140  
R09                                                  24108683.927   100130352.130          31.310  
C12  21804980.762   113544259.008          40.950  
C20  22060348.523   114874024.844          45.970  
C29  21503488.450   111974317.458          41.890  
C30  24209062.921   126062929.791          49.010  
C32  25062054.973   130504688.226          52.670  
C11  22629837.014   117839494.417          47.780  
C35  23832621.181   124102728.399          38.050  
C19  23611838.300   122953002.062          38.530  
E19  24086479.335   126575320.766          43.260    24086476.065    96986274.590          43.320    24086479.265    94520535.987          40.410  
E04  27764284.710   145902314.243          38.850    27764285.606   111795281.935          32.560    27764289.415   108953053.979          31.780  
E28  26201829.045   137691575.580          42.300    26201827.890   105503936.116          42.020    26201831.417   102821655.201          39.710  
E29  25795071.914   135554014.210          49.960    25795069.776   103866056.852          53.040    25795073.029   101225411.099          49.760  
E33  25221089.108   132537712.802          49.180    25221085.611   101554852.220          52.750    25221089.079    98972964.653          50.020  
E25  26876334.950   141236076.862          32.400    26876333.340   108219858.466          30.890    26876336.982   105468519.757          30.180  
E16  26205411.114                3         27.130    26205407.915   105518322.650          28.090    26205410.899                3         23.150  
E11  25027620.051   131521033.0621         28.180    25027612.603                3         23.220    25027619.677    98213757.638          27.290  
E10  24880789.054   130749419.582          31.050    24880788.160   100184633.775          33.930    24880792.022    97637574.621          33.410  
E12  23726522.665   124683721.734          35.130    23726516.849    95536861.416          35.190    23726520.738    93107965.165          33.500  
E31  28160642.153   147985177.233          28.240    28160646.296   113391249.936          27.540    28160651.387                3         23.970  
> 2026 07 08 14 55 34.0000000  0 37                     
G05  20918956.232   109929855.212          26.780                                                    20918943.619                3         15.110                                                  
G06  23886927.644   125526633.173          48.800    23886928.279    97812955.487          49.870    23886927.799    97812958.443          48.920    23886929.560    93737418.094          53.520  
G09  24176232.301   127046960.951          42.840    24176232.962    98997624.983          45.240    24176232.361    98997635.963          49.060    24176233.850    94872721.583          50.810  
G11  21121198.279   110992645.494          47.200    21121195.066    86487759.345          42.600    21121194.833    86487770.330          45.640    21121198.927    82884120.073          49.310  
G20  23040009.539   121076103.906          35.690                                                    23040009.403    94345029.300          31.470    23040012.037    90414013.296          36.820  
G21  20316944.816   106766259.086          40.660    20316942.074    83194503.375          36.160    20316941.220    83194472.343          41.540    20316946.440    79728055.166          45.210  
G29  22614950.014   118842350.441          37.180    22614946.867    92604425.783          32.090    22614947.404    92604430.783          26.400                                                  
G25  24144886.191   126882213.529          30.080                                                    24144870.273                3         16.430    24144889.695    94749736.688          24.020  
G12  24714620.958                3         25.030                                                    24714616.729                3         22.830                                                  
G15  25187196.540   132359609.769          32.690                                                                                                                                                  
R10  24128652.619   128619288.878          30.780                                                  
R02  22704723.439   121156751.423          51.370    22704724.596    94233000.250          50.290  
R18  19628318.717   104777287.582          48.480    19628318.139    81493453.775          44.400  
R17  22136136.922   118454927.913          50.690    22136138.015    92131597.748          49.820  
R03  19519797.074   104491001.698          45.630    19519796.853    81270779.225          42.660  
R04  20966452.349   112274411.194          38.000    20966452.864    87324511.968          30.540  
R19  20959586.645   112119583.390          41.300    20959583.148    87204149.725          39.040  
R09                                                  24109184.450   100132430.926          31.120  
C12  21804738.139   113542995.650          41.030  
C20  22060348.833   114874026.438          45.870  
C29  21503556.812   111974673.370          41.900  
C30  24209582.216   126065633.834          49.050  
C32  25062605.500   130507554.880          52.650  
C11  22630138.624   117841065.020          47.700  
C35  23832151.051   124100280.217          37.990  
C19  23611326.424   122950336.687          38.370  
E19  24086114.526   126573403.676          43.350    24086111.256    96984805.645          43.440    24086114.454    94519104.382          40.580  
E04  27763679.760   145899135.163          39.030    27763680.645   111792846.040          32.510    27763684.460   108950679.964          31.960  
E28  26201285.498   137688719.202          42.370    26201284.338   105501747.433          42.060    26201287.865   102819522.191          39.790  
E29  25795194.226   135554656.938          50.140    25795192.081   103866549.318          53.150    25795195.335   101225891.048          49.910  
E33  25221380.544   132539244.323          49.300    25221377.049   101556025.719          52.820    25221380.517    98974108.326          50.120  
E25  26876302.074   141235904.115          32.560    26876300.473   108219726.084          31.150    26876304.113   105468390.810          30.430  
E16  26205788.199                3         27.580    26205785.092   105519841.077          28.070    26205787.178                3         22.920  
E11  25027229.180   131518979.230          27.820    25027221.910                3         23.240    25027228.825    98212223.917          26.990  
E10  24880521.725   130748014.538          31.640    24880520.781   100183557.165          33.810    24880524.662    97636525.376          33.420  
E12  23726428.027   124683224.423          35.320    23726422.215    95536480.356          35.180    23726426.100    93107593.772          33.470  
E31  28161200.457   147988110.244          28.560    28161204.589   113393497.309          27.200    28161208.412                3         24.340  
> 2026 07 08 14 55 35.0000000  0 37                     
G05  20918675.532   109928378.092          27.160                                                    20918695.645                3         15.480                                                  
G06  23887429.068   125529268.100          48.520    23887429.703    97815008.649          49.710    23887429.216    97815011.646          49.090    23887430.976    93739385.742          53.400  
G09  24176798.471   127049936.395          42.430    24176799.185    98999943.454          45.250    24176798.577    98999954.428          47.530    24176800.053    94874943.411          51.580  
G11  21121428.990   110993857.893          47.380    21121425.778    86488704.061          42.820    21121425.543    86488715.052          45.660    21121429.638    82885025.457          49.280  
G20  23039348.594   121072630.658          35.880                                                    23039348.461    94342322.863          31.150    23039351.097    90411419.654          36.830  
G21  20317088.175   106767012.459          40.850    20317085.436    83195090.386          36.370    20317084.587    83195059.379          41.400    20317089.800    79728617.755          45.190  
G29  22614434.788   118839642.974          37.450    22614431.656    92602316.071          32.680    22614432.183    92602321.086          25.700                                                  
G25  24145322.182   126884504.647          29.880                                                    24145322.028                3         16.730    24145325.692    94751447.516          24.340  
G12  24715222.058                3         25.080                                                    24715225.409                3         22.710                                                  
G15  25186427.961   132355570.832          32.710                                                                                                                                                  
R10  24128727.506   128619688.084          30.900                                                  
R02  22705446.938   121160612.149          51.270    22705448.096    94236002.989          50.020  
R18  19628405.899   104777752.957          48.550    19628405.313    81493815.739          44.440  
R17  22136694.557   118457911.919          51.050    22136695.656    92133918.667          49.810  
R03  19519859.192   104491334.235          45.760    19519858.975    81271037.858          42.670  
R04  20965793.990   112270885.725          38.150    20965794.505    87321769.972          30.560  
R19  20959060.593   112116769.358          41.220    20959058.298    87201961.019          39.310  
R09                                                  24109685.123   100134510.348          31.390  
C12  21804495.680   113541733.155          40.960  
C20  22060349.312   114874028.900          45.960  
C29  21503625.318   111975030.043          41.950  
C30  24210101.623   126068338.478          49.060  
C32  25063156.139   130510422.095          52.760  
C11  22630440.370   117842636.317          47.740  
C35  23831681.020   124097832.570          38.020  
C19  23610814.695   122947672.048          38.450  
E19  24085749.860   126571487.341          43.450    24085746.590    96983337.295          43.310    24085749.786    94517673.360          40.670  
E04  27763074.868   145895956.386          39.180    27763075.741   111790410.405          32.310    27763079.562   108948306.194          31.810  
E28  26200741.993   137685863.286          42.440    26200740.612   105499559.164          41.980    26200744.168   102817389.540          39.820  
E29  25795316.644   135555300.482          50.300    25795314.405   103867042.424          53.060    25795317.759   101226371.614          49.960  
E33  25221671.969   132540776.327          49.430    25221668.704   101557199.579          52.760    25221672.054    98975252.341          50.200  
E25  26876269.356   141235732.219          32.280    26876267.768   108219594.417          30.940    26876271.402   105468262.448          30.080  
E16  26206165.366                3         27.400    26206162.376   105521359.969          28.290    26206163.818                3         23.300  
E11  25026838.357   131516925.746          27.930    25026831.164                3         23.380    25026838.036    98210690.494          26.870  
E10  24880254.474   130746609.921          31.230    24880253.485   100182480.902          33.570    24880257.383    97635476.451          33.790  
E12  23726333.490   124682727.632          35.520    23726327.680    95536099.677          35.180    23726331.562    93107222.798          33.410  
E31  28161758.649   147991043.484          29.270    28161762.857   113395744.826          27.050    28161766.581                3         24.060  
> 2026 07 08 14 55 36.0000000  0 37                     
G05  20918394.503   109926901.612          26.590                                                    20918420.667                3         15.640                                                  
G06  23887930.559   125531903.391          48.380    23887931.195    97817062.114          48.780    23887930.701    97817065.109          48.780    23887932.463    93741353.642          53.540  
G09  24177364.740   127052912.324          43.590    24177365.500    99002262.374          45.880    24177364.886    99002273.355          48.020    24177366.348    94877165.720          50.840  
G11  21121659.812   110995070.870          47.300    21121656.600    86489649.236          42.730    21121656.363    86489660.218          45.810    21121660.459    82885931.231          49.240  
G20  23038687.733   121069157.865          35.230                                                    23038687.604    94339616.803          31.270    23038690.244    90408826.326          36.840  
G21  20317231.662   106767766.503          40.580    20317228.923    83195677.939          35.990    20317228.082    83195646.958          41.410    20317233.288    79729180.826          45.070  
G29  22613919.685   118836936.141          37.370    22613916.568    92600206.839          31.850    22613917.085    92600211.815          25.660                                                  
G25  24145758.291   126886796.374          29.950                                                    24145733.630                3         15.700    24145761.798    94753158.883          23.530  
G12  24715826.660                3         24.750                                                    24715827.199                3         24.380                                                  
G15  25185659.408   132351532.057          32.950                                                                                                                                                  
R10  24128802.571   128620088.242          31.410                                                  
R02  22706170.538   121164473.408          51.390    22706171.695    94239006.193          49.860  
R18  19628493.220   104778219.067          48.540    19628492.625    81494178.268          44.480  
R17  22137252.308   118460896.550          51.470    22137253.413    92136240.061          49.380  
R03  19519921.514   104491667.863          45.730    19519921.299    81271297.367          42.760  
R04  20965135.785   112267361.078          37.930    20965136.298    87319028.477          30.290  
R19  20958534.621   112113955.758          41.200    20958532.336    87199772.658          39.390  
R09                                                  24110185.924   100136590.312          31.350  
C12  21804253.668   113540471.363          40.990  
C20  22060350.098   114874032.135          45.970  
C29  21503694.035   111975387.394          42.010  
C30  24210621.300   126071043.578          49.250  
C32  25063706.670   130513289.735          52.910  
C11  22630742.172   117844208.220          47.740  
C35  23831211.074   124095385.371          38.080  
C19  23610303.068   122945007.951          38.220  
E19  24085385.242   126569571.579          43.260    24085382.084    96981869.400          43.230    24085385.175    94516242.774          40.580  
E04  27762470.023   145892777.847          38.970    27762470.883   111787974.885          32.400    27762474.707   108945932.617          31.870  
E28  26200198.617   137683007.779          42.060    26200197.230   105497371.179          41.810    26200200.784   102815257.169          39.750  
E29  25795439.242   135555944.697          50.030    25795436.994   103867536.063          52.970    25795440.348   101226852.699          50.000  
E33  25221963.556   132542308.642          49.200    25221960.291   101558373.710          52.640    25221963.643    98976396.620          50.190  
E25  26876236.780   141235561.077          32.000    26876235.207   108219463.245          30.740    26876238.835   105468134.651          30.230  
E16  26206542.775                3         27.400    26206539.818   105522879.309          27.490    26206541.240                3         23.450  
E11  25026447.606   131514872.557          27.740    25026440.615                3         23.620    25026447.296    98209157.216          27.510  
E10  24879987.280   130745205.598          31.150    24879986.245   100181404.852          33.670    24879990.158    97634427.784          33.620  
E12  23726239.026   124682231.212          35.130    23726233.215    95535719.256          35.160    23726237.093    93106852.091          33.640  
E31  28162316.818   147993976.872          28.780    28162321.133   113397992.460          27.580    28162324.250                3         24.110  
> 2026 07 08 14 55 37.0000000  0 37                     
G05  20918113.645   109925425.375          25.940                                                    20918125.772                3         15.970                                                  
G06  23888432.046   125534538.677          47.850    23888432.685    97819115.593          48.250    23888432.185    97819118.573          48.750    23888433.948    93743321.560          53.430  
G09  24177931.027   127055888.304          45.990    24177931.825    99004581.411          47.000    24177931.205    99004592.413          48.020    24177932.654    94879388.168          51.150  
G11  21121890.662   110996283.995          47.120    21121887.450    86490594.522          42.200    21121887.211    86490605.501          45.670    21121891.309    82886837.137          49.220  
G20  23038026.880   121065685.114          35.430                                                    23038026.754    94336910.743          30.900    23038029.400    90406233.040          36.860  
G21  20317375.196   106768520.792          40.280    20317372.456    83196265.703          35.440    20317371.622    83196234.713          41.300    20317376.822    79729744.106          45.090  
G29  22613404.625   118834229.533          37.230    22613401.524    92598097.786          31.880    22613402.025    92598102.791          25.680                                                  
G25  24146194.415   126889088.220          29.580                                                    24146160.315                3         14.850    24146197.930    94754870.413          23.960  
G12  24716429.427                3         24.010                                                    24716429.231                3         25.120                                                  
G15  25184890.831   132347493.165          32.390                                                                                                                                                  
R10  24128877.754   128620489.015          31.330                                                  
R02  22706894.166   121168334.825          51.060    22706895.323    94242009.496          49.540  
R18  19628580.603   104778685.513          48.440    19628580.001    81494541.067          44.570  
R17  22137810.104   118463881.410          51.270    22137811.213    92138561.605          49.350  
R03  19519983.965   104492002.177          45.760    19519983.754    81271557.353          42.800  
R04  20964477.633   112263836.710          38.060    20964478.142    87316287.393          30.000  
R19  20958008.650   112111142.177          40.950    20958006.379    87197584.346          39.460  
R09                                                  24110686.742   100138670.354          31.430  
C12  21804011.390   113539209.925          40.930  
C20  22060350.796   114874035.755          45.830  
C29  21503762.723   111975744.974          42.000  
C30  24211140.810   126073748.730          49.090  
C32  25064257.427   130516157.433          53.060  
C11  22631044.071   117845780.328          47.670  
C35  23830741.127   124092938.198          38.180  
C19  23609791.468   122942344.027          38.230  
E19  24085020.726   126567656.035          42.800    24085017.567    96980401.641          43.010    24085020.660    94514812.322          40.420  
E04  27761865.141   145889599.104          38.650    27761865.985   111785539.194          32.340    27761869.812   108943558.897          31.280  
E28  26199655.238   137680152.253          41.730    26199653.844   105495183.158          41.630    26199657.395   102813124.805          39.640  
E29  25795561.904   135556589.260          49.450    25795559.649   103868029.932          52.780    25795563.003   101227334.017          49.780  
E33  25222255.138   132543840.934          48.770    25222251.873   101559547.798          52.470    25222255.228    98977540.854          50.020  
E25  26876204.243   141235390.157          31.450    26876202.689   108219332.335          30.780    26876206.313   105468007.056          30.220  
E16  26206920.032                3         27.100    26206917.236   105524398.775          27.530    26206918.459                3         23.290  
E11  25026056.863   131512819.174          27.910    25026050.002                3         23.390    25026056.553    98207623.925          27.090  
E10  24879720.073   130743801.225          30.790    24879718.998   100180328.744          33.450    24879722.924    97633379.142          33.590  
E12  23726144.555   124681734.744          34.640    23726138.742    95535338.861          35.150    23726142.615    93106481.321          33.530  
E31  28162875.014   147996909.998          28.110    28162879.362   113400239.983          27.370    28162883.450                3         23.800  
> 2026 07 08 14 55 38.0000000  0 37                     
G05  20917832.102   109923949.509          25.770                                                    20917848.378                3         15.610                                                  
G06  23888933.552   125537174.075          47.320    23888934.197    97821169.126          48.360    23888933.690    97821172.108          48.780    23888935.455    93745289.536          53.570  
G09  24178497.433   127058864.964          42.030    24178498.278    99006900.765          44.620    24178497.650    99006911.756          47.780    24178499.088    94881610.854          50.500  
G11  21122121.559   110997497.360          47.070    21122118.347    86491539.988          42.250    21122118.105    86491550.993          45.780    21122122.204    82887743.218          49.400  
G20  23037366.066   121062212.559          34.440                                                    23037365.942    94334204.865          30.920    23037368.594    90403639.883          36.780  
G21  20317518.800   106769275.446          40.290    20317516.060    83196853.743          35.580    20317515.233    83196822.756          41.320    20317520.426    79730307.649          45.270  
G29  22612889.634   118831523.284          37.090    22612886.545    92595989.024          31.480    22612887.034    92595993.994          26.040                                                  
G25  24146630.604   126891380.363          29.900                                                    24146586.171                3         15.820    24146634.115    94756582.059          24.020  
G12  24717032.949                3         23.510                                                    24717030.617                3         26.090                                                  
G15  25184122.219   132343454.090          32.160                                                                                                                                                  
R10  24128953.088   128620890.593          31.420                                                  
R02  22707617.824   121172196.401          51.470    22707618.980    94245012.998          49.750  
R18  19628668.076   104779152.441          48.400    19628667.468    81494904.218          44.450  
R17  22138367.942   118466866.506          51.000    22138369.056    92140883.314          49.180  
R03  19520046.564   104492337.287          45.820    19520046.356    81271818.026          42.740  
R04  20963819.593   112260312.932          38.380    20963820.094    87313546.524          30.330  
R19  20957482.710   112108328.748          40.890    20957480.449    87195396.074          39.580  
R09                                                  24111187.640   100140750.724          31.230  
C12  21803769.202   113537948.897          40.860  
C20  22060351.584   114874039.818          45.820  
C29  21503831.481   111976102.928          41.880  
C30  24211660.357   126076454.046          49.270  
C32  25064808.212   130519025.275          52.960  
C11  22631346.029   117847352.721          47.600  
C35  23830271.208   124090491.129          38.050  
C19  23609279.929   122939680.385          38.170  
E19  24084656.262   126565740.769          42.760    24084653.104    96978934.102          43.050    24084656.199    94513382.099          40.640  
E04  27761260.246   145886420.285          38.680    27761261.071   111783103.458          32.090    27761264.900   108941185.102          31.320  
E28  26199111.868   137677296.770          41.790    26199110.467   105492995.211          41.680    26199114.013   102810992.476          39.730  
E29  25795684.636   135557234.185          49.640    25795682.374   103868524.105          52.800    25795685.727   101227815.625          49.910  
E33  25222546.725   132545373.261          48.800    25222543.462   101560721.918          52.510    25222546.820    98978685.124          50.200  
E25  26876171.857   141235219.711          31.140    26876170.259   108219201.679          31.020    26876173.881   105467879.727          30.060  
E16  26207297.268                3         26.550    26207294.660                3         27.400    26207297.057                3         23.140  
E11  25025666.080   131510765.739          28.110    25025659.275                3         23.620    25025665.770    98206090.481          27.180  
E10  24879452.865   130742396.850          30.760    24879451.754   100179252.715          33.410    24879455.691    97632330.366          33.730  
E12  23726050.099   124681238.350          34.790    23726044.282    95534958.525          35.020    23726048.152    93106110.624          33.510  
E31  28163433.239   147999842.991          28.350    28163437.550   113402487.282          27.460    28163441.512                3         23.840  
> 2026 07 08 14 55 39.0000000  0 37                     
G05  20917551.164   109922474.174          26.180                                                    20917594.046                3         15.980                                                  
G06  23889435.092   125539809.660          47.490    23889435.744    97823222.849          48.140    23889435.230    97823225.820          48.680    23889436.998    93747257.683          53.620  
G09  24179063.874   127061841.762          45.750    24179064.760    99009220.416          46.830    24179064.124    99009231.388          48.850    24179065.538    94883833.911          49.570  
G11  21122352.534   110998711.137          47.350    21122349.322    86492485.815          42.220    21122349.080    86492496.795          45.670    21122353.178    82888649.609          49.390  
G20  23036705.305   121058740.280          35.890                                                    23036705.182    94331499.160          30.770    23036707.840    90401046.964          37.140  
G21  20317662.502   106770030.616          40.600    20317659.762    83197442.223          35.800    20317658.940    83197411.178          41.320    20317664.128    79730871.572          45.260  
G29  22612374.727   118828817.484          37.250    22612371.654    92593880.690          31.920    22612372.122    92593885.635          25.290                                                  
G25  24147066.892   126893672.927          30.020                                                    24147015.257                3         15.690    24147070.382    94758294.038          23.900  
G12  24717635.430                3         23.610                                                    24717635.521                3         25.540                                                  
G15  25183353.621   132339415.071          32.190                                                                                                                                                  
R10  24129028.558   128621292.884          31.230                                                  
R02  22708341.569   121176058.437          51.500    22708342.724    94248016.778          49.980  
R18  19628755.666   104779619.988          48.440    19628755.051    81495267.859          44.670  
R17  22138925.850   118469851.967          51.300    22138926.968    92143205.350          49.530  
R03  19520109.345   104492673.366          45.900    19520109.140    81272079.404          42.810  
R04  20963161.662   112256789.736          38.440                                                  
R19  20956956.807   112105515.528          40.710    20956954.559    87193208.031          39.490  
R09                                                  24111688.614   100142831.416          31.850  
C12  21803527.122   113536688.451          41.030  
C20  22060352.489   114874044.504          45.990  
C29  21503900.334   111976461.383          42.150  
C30  24212179.962   126079159.693          49.300  
C32  25065359.052   130521893.422          53.030  
C11  22631648.071   117848925.584          47.820  
C35  23829801.339   124088044.373          38.230  
C19  23608768.480   122937017.166          38.450  
E19  24084291.886   126563825.973          43.040    24084288.730    96977466.914          43.050    24084291.826    94511952.228          40.730  
E04  27760655.358   145883241.504          38.830    27760656.166   111780667.782          31.710    27760659.996   108938811.280          31.380  
E28  26198568.545   137674441.540          42.080    26198567.138   105490807.421          41.700    26198570.680   102808860.289          39.890  
E29  25795807.479   135557879.690          49.970    25795805.208   103869018.711          52.730    25795808.562   101228297.658          49.950  
E33  25222838.353   132546905.802          49.010    25222835.092   101561896.191          52.430    25222838.452    98979829.540          50.210  
E25  26876139.489   141235049.780          31.730    26876138.256   108219071.487          30.870    26876141.382   105467752.832          29.930  
E16  26207674.507                3         27.080    26207672.181                3         27.290    26207674.961                3         23.190  
E11  25025275.309   131508712.440          27.990    25025268.601                3         23.620    25025275.016    98204557.131          27.480  
E10  24879185.708   130740992.752          31.060    24879184.559   100178176.752          33.500    24879188.511    97631281.819          33.740  
E12  23725955.687   124680742.182          35.090    23725949.866    95534578.349          34.860    23725953.732    93105740.169          33.520  
E31  28163991.387   148002775.984          29.010    28163995.617   113404734.605          27.160    28163999.227                3         23.980  
> 2026 07 08 14 55 40.0000000  0 37                     
G05  20917270.201   109920998.951          26.080                                                    20917309.581                3         16.930                                                  
G06  23889937.817   125542445.180          46.960    23889937.598    97825276.465          47.580    23889936.758    97825279.464          49.020    23889938.756    93749225.754          53.440  
G09  24179630.261   127064818.873          43.400    24179631.353    99011540.130          45.400    24179630.655    99011551.152          47.060    24179632.975    94886056.904          51.820  
G11  21122583.463   110999924.958          47.480    21122580.265    86493431.615          42.720    21122580.064    86493442.640          45.970    21122583.975    82889556.043          49.260  
G20  23036044.297   121055267.935          35.950                                                    23036044.410    94328793.421          31.050    23036047.076    90398453.987          37.150  
G21  20317806.080   106770785.962          40.660    20317803.501    83198030.740          36.060    20317802.681    83197999.770          41.420    20317807.863    79731435.615          45.180  
G29  22611859.853   118826111.846          37.390    22611856.794    92591772.309          32.290    22611857.240    92591777.298          25.820                                                  
G25  24147503.208   126895965.603          30.310                                                    24147529.226                3         15.630    24147506.671    94760006.003          24.430  
G12  24718239.227                3         23.710                                                    24718240.788                3         23.590                                                  
G15  25182584.968   132335375.767          32.140                                                                                                                                                  
R10  24129104.142   128621695.783          31.500                                                  
R02  22709065.335   121179920.587          51.440    22709066.488    94251020.618          49.830  
R18  19628843.301   104780087.780          48.440    19628842.680    81495631.704          44.840  
R17  22139483.770   118472837.494          51.230    22139484.892    92145527.425          49.370  
R03  19520172.240   104493010.049          45.960    19520172.035    81272341.239          42.860  
R04  20962503.782   112253266.809          38.310    20962504.260    87308076.2961         30.330  
R19  20956430.893   112102702.255          40.460    20956428.655    87191019.927          39.440  
R09                                                  24112189.632   100144912.289          31.340  
C12  21803285.078   113535428.216          41.050  
C20  22060353.445   114874049.447          46.000  
C29  21503969.224   111976819.994          42.080  
C30  24212699.559   126081865.267          49.330  
C32  25065909.893   130524761.510          52.880  
C11  22631950.134   117850498.528          47.910  
C35  23829331.461   124085597.522          38.260  
C19  23608257.027   122934354.023          38.440  
E19  24083927.530   126561911.286          43.120    24083924.377    96975999.831          43.100    24083927.474    94510522.436          40.620  
E04  27760050.416   145880062.436          38.860    27760051.206   111778231.885          31.970    27760055.036   108936437.363          31.260  
E28  26198025.198   137671586.175          42.060    26198023.782   105488619.562          41.790    26198027.322   102806728.065          39.730  
E29  25795930.356   135558525.370          50.080    25795928.077   103869513.454          52.820    25795931.430   101228779.819          49.870  
E33  25223129.948   132548438.168          49.210    25223126.689   101563070.341          52.510    25223130.052    98980973.844          50.140  
E25  26876107.155   141234880.065          31.450    26876105.969   108218941.506          30.680    26876109.098   105467626.071          30.350  
E16  26208051.716   137724243.1481         27.250    26208049.644                3         27.430    26208049.445                3         23.600  
E11  25024884.516   131506658.863          28.420    25024877.744                3         23.450    25024884.232    98203023.640          27.300  
E10  24878918.490   130739588.349          31.180    24878917.308   100177100.699          33.600    24878921.275    97630233.064          33.520  
E12  23725861.255   124680245.899          35.180    23725855.427    95534198.059          34.940    23725859.288    93105369.524          33.260  
E31  28164549.386   148005708.550          28.960    28164553.637   113406981.672          27.190    28164557.695                3         24.010  
> 2026 07 08 14 55 41.0000000  0 37                     
G05  20916989.308                3         26.030                                                    20917011.034                3         14.690                                                  
G06  23890439.438   125545081.370          46.610    23890439.263    97827330.668          48.130    23890438.414    97827333.655          48.740    23890440.413    93751194.338          53.340  
G09  24180196.879   127067796.674          45.470    24180198.022    99013860.627          47.230    24180197.316    99013871.618          46.780    24180199.600    94888280.674          50.410  
G11  21122814.612   111001139.618          47.560    21122811.413    86494378.149          42.680    21122811.207    86494389.129          46.000    21122815.121    82890463.095          49.270  
G20  23035383.669   121051796.356          36.250                                                    23035383.783    94326088.333          31.060    23035386.457    90395861.556          37.040  
G21  20317949.995   106771542.237          40.640    20317947.417    83198620.097          36.330    20317946.598    83198589.103          41.550    20317951.775    79732000.375          45.100  
G29  22611345.159   118823407.155          37.430    22611342.108    92589664.783          32.250    22611342.541    92589669.797          25.460                                                  
G25  24147939.679   126898259.083          30.370                                                    24147930.750                3         15.540    24147943.105    94761718.730          24.100  
G12  24718840.879                3         23.440                                                    24718841.077                3         24.860                                                  
G15  25181816.408   132331336.941          32.390                                                                                                                                                  
R10  24129179.961   128622099.939          31.360                                                  
R02  22709789.247   121183783.507          51.940    22709790.396    94254025.176          49.370  
R18  19628931.134   104780556.631          48.400    19628930.508    81495996.372          44.640  
R17  22140041.860   118475823.924          51.470    22140042.985    92147850.229          49.310  
R03  19520235.392   104493348.110          45.860    19520235.189    81272604.187          42.960  
R04  20961846.103   112249744.960          38.270    20961846.562    87305337.105          30.670  
R19  20955905.119   112099889.730          40.750    20955902.892    87188832.412          39.350  
R09                                                  24112690.828   100146993.895          31.490  
C12  21803043.238   113534168.988          41.120  
C20  22060354.600   114874055.458          45.940  
C29  21504038.288   111977179.573          42.120  
C30  24213219.301   126084571.595          49.540  
C32  25066460.856   130527630.290          53.220  
C11  22632252.370   117852072.375          47.860  
C35  23828862.251   124083151.408          38.240  
C19  23607745.741   122931691.757          38.510  
E19  24083563.346   126559997.504          42.930    24083560.197    96974533.420          43.390    24083563.294    94509093.310          40.630  
E04  27759445.571   145876883.885          38.780    27759446.340   111775796.336          32.060    27759450.174   108934063.781          31.600  
E28  26197481.977   137668731.477          41.990    26197480.554   105486432.209          42.100    26197484.089   102804596.323          39.810  
E29  25796053.426   135559172.065          49.960    25796051.139   103870008.973          53.140    25796054.491   101229262.737          49.940  
E33  25223421.663   132549971.164          49.040    25223418.405   101564244.985          52.820    25223421.772    98982118.626          50.230  
E25  26876075.011   141234711.365          31.280    26876073.872   108218812.134          30.930    26876077.002   105467500.048          30.520  
E16  26208429.773   137726227.651          26.600    26208427.315   105530475.9351         27.740    26208429.645                3         23.480  
E11  25024493.525   131504605.843          28.630    25024486.926                3         23.540    25024493.308                3         27.220  
E10  24878651.397   130738184.605          31.040    24878650.182   100176025.099          33.630    24878654.164    97629184.865          33.780  
E12  23725766.942   124679750.248          35.090    23725761.109    95533818.327          35.500    23725764.963    93104999.455          33.540  
E31  28165107.603   148008641.608          28.360    28165111.746   113409229.120          27.530    28165115.873                3         24.300  
> 2026 07 08 14 55 42.0000000  0 37                     
G05  20916708.998                3         25.910                                                    20916740.661                3         14.200                                                  
G06  23890941.101   125547717.807          46.630    23890940.975    97829385.040          47.760    23890940.116    97829388.063          48.500    23890942.117    93753163.128          53.360  
G09  24180763.620   127070775.081          45.660    24180764.819    99016181.390          47.230    24180764.096    99016192.385          49.110    24180766.332    94890504.810          49.400  
G11  21123045.855   111002354.759          47.630    21123042.650    86495324.998          42.680    21123042.442    86495335.989          45.980    21123046.359    82891370.511          49.250  
G20  23034723.109   121048325.133          36.100                                                    23034723.223    94323383.504          30.520    23034725.905    90393269.438          36.930  
G21  20318094.018   106772299.087          40.540    20318091.445    83199209.838          36.380    20318090.625    83199178.833          41.390    20318095.796    79732565.563          44.990  
G29  22610830.554   118820702.943          37.400    22610827.340    92587557.666          32.090    22610827.936    92587562.651          23.570                                                  
G25  24148376.230   126900553.038          30.150                                                    24148362.721                3         13.570    24148379.635    94763431.795          23.560  
G12  24719442.613                3         22.890                                                    24719447.943                3         23.600                                                  
G15  25181047.862   132327298.182          32.580                                                                                                                                                  
R10  24129255.957   128622505.032          31.360                                                  
R02  22710513.249   121187646.911          51.270    22710514.394    94257030.028          49.400  
R18  19629019.092   104781026.146          48.410    19629018.460    81496361.528          44.730  
R17  22140600.041   118478810.844          51.300    22140601.169    92150173.364          49.470  
R03  19520298.737   104493687.202          45.800    19520298.535    81272867.946          42.800  
R04  20961188.554   112246223.812          38.370    20961188.995    87302598.451          29.920  
R19  20955379.410   112097077.558          40.880    20955377.196    87186645.227          39.410  
R09                                                  24113192.122   100149075.903          31.500  
C12  21802801.518   113532910.421          41.030  
C20  22060355.881   114874062.130          45.840  
C29  21504107.461   111977539.686          42.040  
C30  24213739.113   126087278.313          49.420  
C32  25067011.895   130530499.454          53.120  
C11  22632554.705   117853646.731          47.850  
C35  23828392.567   124080705.619          38.460  
C19  23607234.554   122929029.968          38.490  
E19  24083199.258   126558084.234          43.000    24083196.114    96973067.406          43.350    24083199.213    94507664.570          40.720  
E04  27758840.412   145873705.444          38.690    27758841.325   111773360.863          31.820    27758845.521   108931690.256          30.980  
E28  26196938.809   137665877.060          42.000    26196937.379   105484245.052          41.910    26196940.911   102802464.781          39.810  
E29  25796176.607   135559819.346          49.860    25796174.313   103870504.948          53.080    25796177.664   101229746.113          49.930  
E33  25223713.428   132551504.423          49.050    25223710.171   101565419.818          52.750    25223713.542    98983263.589          50.160  
E25  26876042.982   141234543.264          31.220    26876041.885   108218683.359          30.800    26876045.018   105467374.568          30.340  
E16  26208807.432   137728212.656          26.960    26208804.687   105531996.931          27.580    26208805.594                3         23.340  
E11  25024103.267   131502553.046          27.560    25024095.250                3         23.510    25024102.678                3         27.350  
E10  24878384.354   130736781.130          30.890    24878383.107   100174949.739          33.650    24878387.102    97628136.773          34.040  
E12  23725672.690   124679254.921          35.050    23725666.853    95533438.761          35.580    23725670.700    93104629.520          33.570  
E31  28165665.824   148011574.738          29.130    28165669.885   113411476.518          27.750    28165673.749                3         24.280  
> 2026 07 08 14 55 45.0000000  0 37                     
G05  20915866.488   109913619.7321         25.490                                                    20915884.639                3         14.970                                                  
G06  23892445.910   125555626.468          45.540    23892445.975    97835547.574          47.630    23892445.095    97835550.563          48.500    23892447.102    93759068.888          53.330  
G09  24182463.943   127079710.690          45.330    24182465.288    99023144.178          47.040    24182464.511    99023155.167          47.670    24182466.586    94897177.461          50.280  
G11  21123739.607   111006000.293          47.890    21123736.386    86498165.656          42.800    21123736.167    86498176.658          46.010    21123740.092    82894092.820          49.420  
G20  23032741.346   121037911.021          36.040                                                    23032741.451    94315268.579          30.690    23032744.167    90385492.658          37.410  
G21  20318526.239   106774570.448          40.910    20318523.680    83200979.732          36.200    20318522.860    83200948.738          41.600    20318528.016    79734261.710          45.230  
G29  22609286.883   118812591.079          37.470    22609283.695    92581236.693          32.310    22609284.263    92581241.693          23.240                                                  
G25  24149685.919   126907435.140          30.700                                                    24149688.597                3         14.670    24149689.290    94768571.019          24.570  
G12  24721252.494                3         22.840                                                    24721256.167                3         23.410                                                  
G15  25178741.853   132315179.972          32.670                                                                                                                                                  
R10  24129484.483   128623723.232          30.920                                                  
R02  22712685.293   121199237.345          50.400    22712686.421    94266044.795          48.710  
R18  19629283.231   104782436.109          48.480    19629282.588    81497458.184          44.810  
R17  22142274.648   118487771.920          51.620    22142275.778    92157143.059          49.290  
R03  19520489.415   104494707.935          45.860    19520489.218    81273661.851          42.810  
R04  20959216.158   112235661.691          38.430    20959216.515    87294383.494          28.920  
R19  20953802.177   112088640.500          41.010    20953799.998    87180083.050          39.220  
R09                                                  24114696.111   100155322.374          31.420  
C12  21802076.578   113529135.861          41.010  
C20  22060359.993   114874083.581          45.850  
C29  21504315.123   111978620.858          41.940  
C30  24215298.474   126095398.070          49.620  
C32  25068664.905   130539106.378          53.060  
C11  22633461.786   117858370.224          47.880  
C35  23826983.394   124073367.658          38.450  
C19  23605701.061   122921044.901          38.910  
E19  24082107.068   126552344.816          43.270    24082103.942    96968669.663          43.150    24082107.046    94503378.635          40.770  
E04  27757025.619   145864168.201          38.770    27757026.422   111766053.201          31.600    27757030.610   108924568.283          31.230  
E28  26195309.134   137657312.938          42.160    26195307.685   105477682.945          41.660    26195311.213   102796069.494          39.890  
E29  25796546.356   135561762.268          50.070    25796544.038   103871993.665          52.870    25796547.391   101231196.975          50.030  
E33  25224588.514   132556103.082          49.200    25224585.259   101568943.466          52.560    25224588.638    98986697.652          50.300  
E25  26875947.061   141234039.836          31.590    26875946.081   108218297.581          30.420    26875949.240   105466998.657          30.140  
E16  26209940.532                3         26.880    26209938.160   105536558.7281         27.760    26209942.267                3         23.300  
E11  25022931.617   131496392.780          28.480    25022922.819                3         23.590    25022930.481    98195353.4581         26.970  
E10  24877582.962   130732569.339          31.320    24877581.626   100171722.555          33.520    24877585.656    97624991.647          33.900  
E12  23725389.761   124677768.013          35.080    23725383.906    95532299.434          35.130    23725387.736    93103519.211          33.620  
E31  28167340.109   148020371.744          29.420    28167343.822   113418217.105          26.980    28167348.404                3         24.710  
> 2026 07 08 14 55 48.0000000  0 37                     
G05  20915025.232                3         25.200                                                    20915006.216                3         12.570                                                  
G06  23893950.693   125563535.374          43.910    23893951.007    97841710.320          45.960    23893950.122    97841713.319          48.770    23893952.121    93764974.860          53.320  
G09  24184164.723   127088648.488          44.890    24184166.155    99030108.655          46.280    24184165.340    99030119.647          48.800    24184167.256    94903851.811          49.140  
G11  21124433.709   111009647.640          47.940    21124430.468    86501007.728          42.830    21124430.241    86501018.749          46.350    21124434.167    82896816.488          49.480  
G20  23030759.774   121027497.820          36.520                                                    23030759.853    94307154.457          30.960    23030762.604    90377716.575          37.600  
G21  20318959.001   106776844.630          40.740    20318956.447    83202751.798          35.900    20318955.633    83202720.817          41.880    20318960.772    79735959.960          45.280  
G29  22607743.686   118804481.731          37.580    22607740.516    92574917.698          31.750    22607741.060    92574922.820          22.150                                                  
G25  24150995.974   126914319.254          30.710                                                    24151010.617                3         16.920    24150999.313    94773711.697          24.170  
G12  24723063.980                3         21.510                                                    24723066.775                3         23.640                                                  
G15  25176435.561   132303060.278          32.680                                                                                                                                                  
R10  24129714.099   128624947.210          30.410                                                  
R02  22714857.651   121210829.464          50.080    22714858.757    94275060.903          48.870  
R18  19629548.029   104783849.594          48.520    19629547.377    81498557.562          44.840  
R17  22143949.616   118496734.909          51.230    22143950.741    92164114.318          48.880  
R03  19520681.343   104495735.359          45.810    19520681.148    81274460.951          42.770  
R04  20957244.499   112225103.495          38.760    20957234.308    87286171.529          27.890  
R19  20952225.132   112080204.444          41.780    20952222.991    87173521.691          38.830  
R09                                                  24116200.544   100161570.704          31.320  
C12  21801352.299   113525364.624          40.760  
C20  22060364.815   114874108.788          45.540  
C29  21504523.304   111979704.766          41.580  
C30  24216858.026   126103518.814          49.320  
C32  25070318.070   130547714.147          52.780  
C11  22634369.304   117863095.951          47.670  
C35  23825574.349   124066030.427          38.020  
C19  23604167.955   122913061.822          39.020  
E19  24081015.314   126546607.653          43.240    24081012.195    96964273.668          43.690    24081015.312    94499094.407          40.890  
E04  27755210.576   145854629.700          38.300    27755211.281   111758744.463          32.130    27755215.456   108917445.369          31.500  
E28  26193679.496   137648749.035          42.060    26193678.033   105471121.007          42.260    26193681.553   102789674.388          40.000  
E29  25796916.699   135563708.309          49.930    25796914.356   103873484.782          53.430    25796917.709   101232650.189          50.140  
E33  25225463.603   132560701.730          49.180    25225460.345   101572467.090          53.080    25225463.733    98990131.690          50.440  
E25  26875851.760   141233539.637          31.960    26875850.879   108217914.369          31.540    26875854.072   105466625.115          30.290  
E16  26211074.634                3         27.120    26211071.564   105541122.955          28.550    26211073.160                3         22.720  
E11  25021759.363   131490231.678          28.080    25021751.302                3         24.180    25021758.248    98190752.594          27.300  
E10  24876781.510   130728357.362          31.000    24876780.111   100168495.194          33.940    24876784.174    97621846.366          34.330  
E12  23725106.866   124676281.261          35.280    23725100.986    95531160.271          35.870    23725104.805    93102408.965          33.590  
E31  28169013.930   148029166.796          29.160    28169017.332   113424956.122          28.130    28169022.079                3         24.810  
> 2026 07 08 14 55 49.0000000  0 37                     
G05  20914744.820                3         24.830                                                    20914746.213                3         12.010                                                  
G06  23894452.386   125566172.239          44.140    23894452.790    97843765.051          45.840    23894451.903    97843768.073          48.550    23894453.898    93766943.986          53.260  
G09  24184731.844   127091628.732          47.710    24184733.302    99032430.955          48.370    24184732.470    99032441.965          49.170    24184734.322    94906077.345          48.910  
G11  21124665.257   111010864.369          48.030    21124662.009    86501955.848          42.830    21124661.778    86501966.849          46.400    21124665.706    82897725.089          49.520  
G20  23030099.403   121024027.531          36.540                                                    23030099.467    94304450.308          30.820    23030102.232    90375125.144          37.710  
G21  20319103.472   106777603.841          40.810    20319100.923    83203343.430          36.250    20319100.111    83203312.432          41.830    20319105.243    79736526.917          45.330  
G29  22607229.504   118801779.745          37.770    22607226.337    92572812.252          31.790    22607226.874    92572817.300          22.250                                                  
G25  24151432.840   126916614.921          30.340                                                    24151432.425                3         16.000    24151436.169    94775426.017          24.140  
G12  24723663.128                3         21.270                                                    24723665.891                3         24.470                                                  
G15  25175666.838   132299020.591          32.640                                                                                                                                                  
R10  24129790.980   128625357.023          30.290                                                  
R02  22715581.957   121214694.504          49.990    22715583.056    94278067.060          48.550  
R18  19629636.559   104784322.165          48.510    19629635.905    81498925.124          44.850  
R17  22144508.120   118499723.551          51.250    22144509.243    92166438.785          48.820  
R03  19520745.708   104496079.914          45.850    19520745.513    81274728.942          42.700  
R04  20956587.543   112221585.510          38.760    20956576.931    87283435.306          28.070  
R19  20951699.607   112077393.248          41.990    20951697.472    87171335.253          38.740  
R09                                                  24116702.250   100163654.419          31.340  
C12  21801111.128   113524108.846          40.690  
C20  22060366.685   114874118.562          45.590  
C29  21504592.917   111980067.247          41.500  
C30  24217378.027   126106226.525          49.340  
C32  25070869.260   130550584.093          52.830  
C11  22634672.014   117864672.256          47.660  
C35  23825104.807   124063585.374          38.030  
C19  23603657.124   122910401.777          39.120  
E19  24080651.597   126544696.314          43.150    24080648.478    96962809.145          43.710    24080651.601    94497667.091          40.920  
E04  27754605.608   145851450.462          38.040    27754606.283   111756308.433          32.130    27754610.456   108915071.306          31.510  
E28  26193136.406   137645895.052          42.010    26193134.938   105468934.179          42.180    26193138.458   102787543.132          39.950  
E29  25797040.384   135564358.240          49.840    25797038.034   103873982.791          53.470    25797041.386   101233135.529          50.180  
E33  25225755.399   132562235.136          49.120    25225752.140   101573642.043          53.120    25225755.531    98991276.771          50.450  
E25  26875820.234   141233374.135          31.650    26875819.376   108217787.602          31.730    26875822.580   105466501.583          30.420  
E16  26211452.770                3         27.380    26211449.544   105542645.035          28.530    26211451.558                3         22.820  
E11  25021368.654   131488178.322          27.770    25021360.592                3         24.190    25021367.555    98189219.275          27.400  
E10  24876514.454   130726953.866          31.080    24876513.034   100167419.817          33.940    24876517.108    97620798.304          34.120  
E12  23725012.684   124675786.291          35.000    23725006.797    95530780.957          35.770    23725010.611    93102039.335          33.790  
E31  28169571.876   148032098.664          29.020    28169575.220   113427202.618          27.800    28169579.983                3         25.010  
> 2026 07 08 14 55 50.0000000  0 37                     
G05  20914464.438   109906253.7241         25.280                                                    20914480.221                3         12.460                                                  
G06  23894954.053   125568809.014          43.450    23894954.555    97845819.640          45.120    23894953.668    97845822.613          48.630    23894955.659    93768912.928          53.380  
G09  24185298.974   127094609.032          46.380    24185300.465    99034753.221          47.180    24185299.612    99034764.212          49.480    24185301.399    94908302.884          49.150  
G11  21124896.792   111012081.020          48.030    21124893.535    86502903.895          42.730    21124893.302    86502914.895          46.380    21124897.230    82898633.625          49.530  
G20  23029438.995   121020557.046          36.760                                                    23029439.045    94301746.051          31.120    23029441.822    90372533.539          37.840  
G21  20319247.950   106778363.089          40.720    20319245.405    83203935.032          36.270    20319244.595    83203904.056          41.860    20319249.722    79737093.887          45.340  
G29  22606715.321   118799077.763          37.780    22606712.155    92570706.839          32.290    22606712.689    92570711.776          25.130                                                  
G25  24151869.686   126918910.501          30.340                                                    24151881.135                3         15.110    24151873.005    94777140.181          23.320  
G12  24724264.981                3         21.070                                                    24724270.747                3         25.270                                                  
G15  25174898.040   132294980.507          33.010                                                                                                                                                  
R10  24129867.940   128625767.266          29.870                                                  
R02  22716306.244   121218559.450          50.070    22716307.336    94281073.149          48.100  
R18  19629725.113   104784794.863          48.460    19629724.456    81499292.760          44.820  
R17  22145066.614   118502712.132          51.250    22145067.734    92168763.252          48.540  
R03  19520810.153   104496424.901          45.930    19520809.958    81274997.257          42.690  
R04  20955930.624   112218067.717          38.870    20955919.810    87280699.263          28.160  
R19  20951174.058   112074581.920          42.100    20951171.926    87169148.586          38.550  
R09                                                  24117203.944   100165738.081          31.390  
C12  21800869.969   113522853.166          40.860  
C20  22060368.579   114874128.466          45.600  
C29  21504662.538   111980429.757          41.550  
C30  24217897.991   126108934.033          49.390  
C32  25071420.427   130553453.918          52.540  
C11  22634974.716   117866248.522          47.680  
C35  23824635.214   124061140.126          38.130  
C19  23603146.275   122907741.698          39.270  
E19  24080287.879   126542784.975          43.280    24080284.761    96961344.591          43.740    24080287.889    94496239.812          40.890  
E04  27754000.559   145848270.814          38.190    27754001.209   111753872.107          32.100    27754005.379   108912696.895          31.810  
E28  26192593.261   137643040.779          42.270    26192591.788   105466747.136          42.270    26192595.309   102785411.723          40.030  
E29  25797164.077   135565008.215          50.030    25797161.719   103874480.837          53.510    25797165.072   101233620.912          50.190  
E33  25226047.146   132563768.278          49.200    25226043.885   101574816.776          53.150    25226047.278    98992421.636          50.480  
E25  26875788.723   141233208.695          31.800    26875787.884   108217660.763          31.540    26875791.097   105466378.069          30.420  
E16  26211830.868                3         27.340    26211827.564   105544167.093          28.240    26211828.929                3         22.700  
E11  25020977.884   131486124.614          28.100    25020970.556                3         24.280    25020976.670    98187685.690          27.230  
E10  24876247.337   130725550.059          31.230    24876245.896   100166344.148          34.080    24876249.982    97619749.973          34.110  
E12  23724918.453   124675291.077          35.120    23724912.562    95530401.523          35.780    23724916.368    93101669.520          33.820  
E31  28170129.731   148035030.031          29.150    28170133.021   113429448.727          28.160    28170138.195                3         25.100  
> 2026 07 08 14 55 51.0000000  0 37                     
G05  20914183.578   109904782.650          25.400                                                    20914204.610                3         14.950                                                  
G06  23895455.668   125571445.526          43.530    23895456.268    97847874.071          45.610    23895455.383    97847877.054          48.440    23895457.366    93770881.769          53.080  
G09  24185866.116   127097589.367          47.840    24185867.629    99037075.556          48.820    24185866.759    99037086.570          48.430    24185868.484    94910528.489          49.130  
G11  21125128.336   111013297.722          47.920    21125125.069    86503851.962          42.890    21125124.835    86503862.967          46.640    21125128.763    82899542.194          49.450  
G20  23028778.576   121017086.507          36.730                                                    23028778.611    94299041.719          31.080    23028781.403    90369941.892          37.780  
G21  20319392.458   106779122.499          40.560    20319389.921    83204526.778          36.430    20319389.111    83204495.772          42.080    20319394.231    79737660.979          45.280  
G29  22606201.162   118796375.897          37.820    22606197.996    92568601.467          31.980    22606198.533    92568606.463          25.780                                                  
G25  24152306.542   126921206.120          30.260                                                    24152319.394                3         17.080    24152309.845    94778854.548          23.780  
G12  24724867.732                3         21.550                                                    24724870.799                3         25.360                                                  
G15  25174129.176   132290940.095          32.740                                                                                                                                                  
R10  24129944.998   128626178.033          30.420                                                  
R02  22717030.534   121222424.414          49.520    22717031.619    94284079.214          48.210  
R18  19629813.709   104785267.790          48.720    19629813.050    81499660.595          44.810  
R17  22145625.126   118505700.811          51.080    22145626.241    92171087.780          48.250  
R03  19520874.708   104496770.471          45.840    19520874.512    81275266.034          42.460  
R04  20955273.748   112214550.152          38.800                                                  
R19  20950648.495   112071770.516          42.220    20950646.367    87166961.943          38.320  
R09                                                  24117705.672   100167821.895          31.530  
C12  21800628.858   113521597.674          40.750  
C20  22060370.521   114874138.639          45.570  
C29  21504732.185   111980792.399          41.560  
C30  24218417.947   126111641.491          49.170  
C32  25071971.565   130556323.645          52.350  
C11  22635277.435   117867824.872          47.650  
C35  23824165.622   124058694.836          38.130  
C19  23602635.444   122905081.680          39.350  
E19  24079924.178   126540873.714          43.290    24079921.060    96959880.137          43.820    24079924.192    94494812.585          40.820  
E04  27753395.452   145845090.860          37.970    27753396.077   111751435.424          31.750    27753400.244   108910322.234          31.690  
E28  26192050.093   137640186.387          42.180    26192048.616   105464560.004          42.270    26192052.137   102783280.184          39.990  
E29  25797287.810   135565658.405          49.990    25797285.445   103874979.028          53.550    25797288.798   101234106.435          50.110  
E33  25226338.852   132565301.208          49.250    25226335.589   101575991.378          53.160    25226338.985    98993566.375          50.390  
E25  26875757.262   141233043.511          31.630    26875756.439   108217534.280          31.370    26875759.661   105466254.580          30.540  
E16  26212209.126   137746086.5211         27.420    26212205.380   105545689.100          28.370    26212209.197                3         22.940  
E11  25020587.058   131484070.659          28.030    25020580.230                3         24.480    25020585.773    98186151.849          27.270  
E10  24875980.184   130724146.078          31.170    24875978.725   100165268.333          34.120    24875982.823    97618701.540          34.290  
E12  23724824.197   124674795.728          35.240    23724818.301    95530021.953          36.000    23724822.102    93101299.566          33.830  
E31  28170687.496   148037961.010          28.940    28170690.735   113431694.518          27.700    28170695.572                3         25.040  
> 2026 07 08 14 55 52.0000000  0 37                     
G05  20913904.670   109903312.501          25.270                                                    20913874.685                3         14.930                                                  
G06  23895957.416   125574082.766          42.690    23895958.118    97849929.113          45.180    23895957.235    97849932.091          48.500    23895959.213    93772851.168          52.840  
G09  24186433.444   127100570.648          47.520    24186434.969    99039398.638          48.600    24186434.086    99039409.649          47.740    24186435.769    94912754.709          50.690  
G11  21125360.050   111014515.317          47.880    21125356.774    86504800.767          42.950    21125356.539    86504811.729          46.740    21125360.466    82900451.435          49.280  
G20  23028118.314   121013616.778          37.100                                                    23028118.333    94296338.046          31.270    23028121.002    90367350.881          37.650  
G21  20319537.158   106779882.921          40.550    20319534.631    83205119.325          36.580    20319533.818    83205088.307          42.120    20319538.837    79738228.816          45.060  
G29  22605687.192   118793675.022          37.700    22605684.021    92566496.913          31.530    22605684.565    92566501.824          25.120                                                  
G25  24152743.588   126923502.757          30.290                                                    24152772.870                3         18.190    24152746.872    94780569.484          23.760  
G12  24725468.582                3         21.040                                                    24725476.704                3         24.690                                                  
G15  25173360.412   132286900.197          32.500                                                                                                                                                  
R10  24130022.291   128626590.065          30.240                                                  
R02  22717755.000   121226290.323          49.180    22717756.079    94287085.983          48.300  
R18  19629902.516   104785741.835          48.670    19629901.852    81500029.294          44.650  
R17  22146183.800   118508690.353          51.200    22146184.910    92173412.993          48.620  
R03  19520939.533   104497117.492          45.900    19520939.336    81275535.954          42.650  
R04  20954617.088   112211033.739          38.470    20954606.120    87275194.3501         27.390  
R19  20950123.097   112068959.990          42.220    20950120.968    87164775.988          38.240  
R09                                                  24118207.554   100169906.352          31.220  
C12  21800387.946   113520343.275          40.720  
C20  22060372.679   114874149.897          45.590  
C29  21504802.023   111981156.031          41.520  
C30  24218938.057   126114349.762          49.010  
C32  25072522.850   130559194.159          52.290  
C11  22635580.332   117869402.150          47.620  
C35  23823696.171   124056250.237          38.340  
C19  23602124.782   122902422.583          39.410  
E19  24079560.657   126538963.406          43.330    24079557.540    96958416.391          43.780    24079560.677    94493386.032          40.980  
E04  27752790.452   145841911.467          37.960    27752791.050   111748999.325          32.160    27752795.217   108907948.017          31.430  
E28  26191507.058   137637332.687          42.240    26191505.574   105462373.398          42.340    26191509.097   102781149.173          40.110  
E29  25797411.738   135566309.626          50.030    25797409.368   103875478.021          53.540    25797412.721   101234592.748          50.160  
E33  25226630.698   132566834.866          49.270    25226627.432   101577166.505          53.210    25226630.831    98994711.628          50.420  
E25  26875725.997   141232879.345          31.310    26875725.189   108217408.443          31.150    26875728.421   105466132.008          30.630  
E16  26212587.386   137748073.795          27.840    26212583.801   105547211.854          28.300    26212585.926                3         23.310  
E11  25020196.285   131482017.231          27.790    25020189.296                3         24.310    25020194.980    98184618.457          26.960  
E10  24875713.157   130722742.756          31.160    24875711.678   100164193.071          34.170    24875715.787    97617653.652          34.250  
E12  23724730.074   124674301.072          35.060    23724724.172    95529642.941          35.760    23724727.968    93100930.190          33.850  
E31  28171245.363   148040892.502          29.330    28171248.546   113433940.677          27.740    28171253.522                3         25.220  
