<?xml version="1.0" encoding="UTF-8"?>
<kml xmlns="http://www.opengis.net/kml/2.2" xmlns:gx="http://www.google.com/kml/ext/2.2">
    <Document id="1">
        <Style id="17">
            <LineStyle id="18">
                <color>ffffffff</color>
                <colorMode>normal</colorMode>
                <width>4</width>
            </LineStyle>
        </Style>
        <Placemark id="12">
            <name>USGS Marconi GNSS station</name>
            <Point id="11">
                <coordinates>-69.9633227139,41.8928243333,0.0</coordinates>
            </Point>
        </Placemark>
        <Placemark id="14">
            <name>Reference shoreline point 83.06 deg / 71.78 m</name>
            <Point id="13">
                <coordinates>-69.96246187627813,41.89290233298396,0.0</coordinates>
            </Point>
        </Placemark>
        <Placemark id="16">
            <name>Confirmed station-to-water reference</name>
            <styleUrl>#17</styleUrl>
            <LineString id="15">
                <coordinates>-69.9633227139,41.8928243333,0.0 -69.96246187627813,41.89290233298396,0.0</coordinates>
            </LineString>
        </Placemark>
        <Folder id="19">
            <Style id="8">
                <LineStyle id="9">
                    <color>ff0000ff</color>
                    <colorMode>normal</colorMode>
                    <width>2</width>
                </LineStyle>
                <PolyStyle id="10">
                    <color>230000ff</color>
                    <colorMode>normal</colorMode>
                    <fill>1</fill>
                    <outline>1</outline>
                </PolyStyle>
            </Style>
            <name>DOY 204 SAT 1 F1</name>
            <Placemark id="21">
                <name>EL 5 LAND_LIKELY 0.00</name>
                <styleUrl>#8</styleUrl>
                <Polygon id="20">
                    <outerBoundaryIs>
                        <LinearRing id="24">
                            <coordinates>-69.96320955271042,41.89237894639598,0.0 -69.96320514592792,41.89238675202273,0.0 -69.96320456448353,41.89240789981948,0.0 -69.96320784800515,41.89244094859889,0.0 -69.96321477273351,41.892483646140924,0.0 -69.9632248667691,41.89253308267809,0.0 -69.96323744222883,41.89258588919132,0.0 -69.96325164212178,41.892638467003366,0.0 -69.96326649875013,41.8926872330228,0.0 -69.96328099965585,41.892728863925925,0.0 -69.96329415661883,41.89276052263584,0.0 -69.96330507300453,41.89278005166435,0.0 -69.96331300487054,41.892786120141174,0.0 -69.96331741166743,41.892778314510295,0.0 -69.96331799307781,41.892757166712975,0.0 -69.96331470948296,41.8927241179367,0.0 -69.96330778466171,41.892681420400656,0.0 -69.96329769053851,41.89263198387078,0.0 -69.9632851150199,41.89257917736412,0.0 -69.96327091511259,41.892526599556184,0.0 -69.96325605851821,41.89247783353732,0.0 -69.96324155768575,41.892436202631046,0.0 -69.96322840081562,41.892404543915134,0.0 -69.96321748451754,41.89238501487937,0.0 -69.96320955271042,41.89237894639598,0.0</coordinates>
                        </LinearRing>
                    </outerBoundaryIs>
                </Polygon>
            </Placemark>
            <Placemark id="27">
                <name>EL 10 LAND_LIKELY 0.00</name>
                <styleUrl>#8</styleUrl>
                <Polygon id="26">
                    <outerBoundaryIs>
                        <LinearRing id="30">
                            <coordinates>-69.96328215883398,41.892664714855655,0.0 -69.96327870076416,41.89266756153497,0.0 -69.96327663608201,41.8926747708611,0.0 -69.9632761054923,41.89268585153045,0.0 -69.96327714515454,41.892700048413765,0.0 -69.96327968421858,41.89271639401684,0.0 -69.96328354965266,41.892733774413756,0.0 -69.96328847803487,41.89275100515907,0.0 -69.96329413350465,41.89276691200587,0.0 -69.96330013065096,41.89278041092873,0.0 -69.96330606077753,41.892790581998334,0.0 -69.96331151975487,41.8927967320732,0.0 -69.96331613556147,41.89279844203591,0.0 -69.9633195936367,41.89279559535547,0.0 -69.96332165831791,41.89278838602857,0.0 -69.96332218890058,41.892777305359004,0.0 -69.96332114922707,41.8927631084761,0.0 -69.96331861015057,41.89274676287394,0.0 -69.96331474470615,41.892729382478194,0.0 -69.96330981631853,41.892712151733996,0.0 -69.96330416084969,41.892696244887986,0.0 -69.96329816371042,41.89268274596534,0.0 -69.96329223359513,41.8926725748953,0.0 -69.96328677463025,41.892666424819545,0.0 -69.96328215883398,41.892664714855655,0.0</coordinates>
                        </LinearRing>
                    </outerBoundaryIs>
                </Polygon>
            </Placemark>
            <Placemark id="33">
                <name>EL 15 LAND_LIKELY 0.00</name>
                <styleUrl>#8</styleUrl>
                <Polygon id="32">
                    <outerBoundaryIs>
                        <LinearRing id="36">
                            <coordinates>-69.96329964907993,41.89273355384823,0.0 -69.96329674711474,41.89273522169701,0.0 -69.96329466071823,41.89273920746945,0.0 -69.96329353207484,41.89274523954178,0.0 -69.96329343809992,41.892752906838304,0.0 -69.96329438519808,41.89276168684541,0.0 -69.96329630882659,41.89277098122008,0.0 -69.96329907789372,41.892780156566054,0.0 -69.96330250369242,41.89278858759855,0.0 -69.96330635276018,41.89279569975664,0.0 -69.96331036278926,41.89280100835845,0.0 -69.9633142605024,41.892804151631545,0.0 -69.96331778027647,41.89280491536706,0.0 -69.96332068224429,41.89280324751776,0.0 -69.96332276864126,41.89279926174484,0.0 -69.96332389728285,41.89279322967222,0.0 -69.96332399125416,41.89278556237568,0.0 -69.96332304415158,41.89277678236882,0.0 -69.96332112051901,41.89276748799458,0.0 -69.96331835144926,41.89275831264915,0.0 -69.9633149256501,41.892749881617114,0.0 -69.96331107658413,41.89274276945932,0.0 -69.96330706655866,41.89273746085753,0.0 -69.96330316884993,41.89273431758419,0.0 -69.96329964907993,41.89273355384823,0.0</coordinates>
                        </LinearRing>
                    </outerBoundaryIs>
                </Polygon>
            </Placemark>
        </Folder>
        <Folder id="38">
            <name>DOY 204 SAT 14 F1</name>
            <Placemark id="40">
                <name>EL 5 LAND_LIKELY 0.00</name>
                <styleUrl>#8</styleUrl>
                <Polygon id="39">
                    <outerBoundaryIs>
                        <LinearRing id="43">
                            <coordinates>-69.96317805227176,41.89236843318178,0.0 -69.96317402132274,41.89237658201212,0.0 -69.96317473714821,41.8923982693222,0.0 -69.96318015097097,41.892432017157596,0.0 -69.96318989385766,41.89247552565845,0.0 -69.96320330185831,41.892525829791374,0.0 -69.96321946125039,41.892579501411745,0.0 -69.9632372708046,41.89263288288641,0.0 -69.96325551683006,41.8926823363556,0.0 -69.96327295588519,41.89272449164724,0.0 -69.9632883995175,41.89275647594846,0.0 -69.96330079525727,41.892776109583,0.0 -69.96330929834478,41.89278205455219,0.0 -69.96331332930214,41.89277390571712,0.0 -69.96331261342539,41.89275221840791,0.0 -69.96330719950551,41.89271847057874,0.0 -69.96329745650186,41.892674962087774,0.0 -69.96328404839575,41.89262465796581,0.0 -69.96326788893798,41.892570986354514,0.0 -69.96325007937544,41.89251760488457,0.0 -69.96323183340124,41.89246815141451,0.0 -69.96321439444324,41.89242599611667,0.0 -69.9631989509279,41.892394011805514,0.0 -69.96318655529359,41.89237437816002,0.0 -69.96317805227176,41.89236843318178,0.0</coordinates>
                        </LinearRing>
                    </outerBoundaryIs>
                </Polygon>
            </Placemark>
            <Placemark id="46">
                <name>EL 10 LAND_LIKELY 0.00</name>
                <styleUrl>#8</styleUrl>
                <Polygon id="45">
                    <outerBoundaryIs>
                        <LinearRing id="49">
                            <coordinates>-69.96327040793805,41.89265949219577,0.0 -69.9632670272019,41.89266254050932,0.0 -69.96326535184552,41.892670029492685,0.0 -69.96326549604201,41.89268144878407,0.0 -69.96326744996557,41.892696020177624,0.0 -69.96327108046094,41.8927127506569,0.0 -69.96327614011733,41.89273050006722,0.0 -69.96328228412862,41.892748058815464,0.0 -69.9632890937911,41.89276423030178,0.0 -69.96329610503723,41.89277791246607,0.0 -69.96330284006119,41.89278817289142,0.0 -69.96330883988084,41.89279431234691,0.0 -69.96331369561692,41.89279591243891,0.0 -69.96331707635791,41.89279286412398,0.0 -69.96331875171144,41.89278537513987,0.0 -69.9633186075052,41.89277395584856,0.0 -69.96331665356759,41.89275938445586,0.0 -69.96331302305762,41.89274265397802,0.0 -69.96330796339002,41.89272490456931,0.0 -69.9633018193739,41.89270734582246,0.0 -69.96329500971426,41.892691174336875,0.0 -69.9632879984779,41.892677492172524,0.0 -69.96328126346798,41.89266723174631,0.0 -69.96327526366292,41.892661092289394,0.0 -69.96327040793805,41.89265949219577,0.0</coordinates>
                        </LinearRing>
                    </outerBoundaryIs>
                </Polygon>
            </Placemark>
            <Placemark id="52">
                <name>EL 15 LAND_LIKELY 0.00</name>
                <styleUrl>#8</styleUrl>
                <Polygon id="51">
                    <outerBoundaryIs>
                        <LinearRing id="55">
                            <coordinates>-69.96329283314728,41.892730164863174,0.0 -69.9632899461747,41.89273198422635,0.0 -69.9632880444165,41.89273616445706,0.0 -69.96328725747438,41.892742420679525,0.0 -69.96328763897736,41.89275032654258,0.0 -69.96328916292714,41.89275934327468,0.0 -69.96329172546953,41.89276885640041,0.0 -69.96329515197196,41.892778217615884,0.0 -69.96329920892418,41.8927867889697,0.0 -69.96330361985162,41.8927939863382,0.0 -69.96330808415657,41.89279931923259,0.0 -69.9633122976036,41.89280242422494,0.0 -69.96331597305274,41.8928030897152,0.0 -69.96331886002778,41.89280127035138,0.0 -69.96332076178591,41.89279709012015,0.0 -69.96332154872543,41.89279083389744,0.0 -69.96332116721798,41.892782928034514,0.0 -69.96331964326313,41.89277391130284,0.0 -69.96331708071638,41.89276439817773,0.0 -69.96331365421149,41.89275503696291,0.0 -69.96330959725934,41.892746465609605,0.0 -69.96330518633452,41.89273926824132,0.0 -69.963300722034,41.89273393534683,0.0 -69.96329650859205,41.892730830354054,0.0 -69.96329283314728,41.892730164863174,0.0</coordinates>
                        </LinearRing>
                    </outerBoundaryIs>
                </Polygon>
            </Placemark>
        </Folder>
        <Folder id="57">
            <name>DOY 204 SAT 23 F1</name>
            <Placemark id="59">
                <name>EL 5 LAND_LIKELY 0.00</name>
                <styleUrl>#8</styleUrl>
                <Polygon id="58">
                    <outerBoundaryIs>
                        <LinearRing id="62">
                            <coordinates>-69.96307778602369,41.89233381512742,0.0 -69.963074908407,41.892343009158026,0.0 -69.9630795953123,41.89236633351095,0.0 -69.9630915273455,41.89240219866923,0.0 -69.96310989137574,41.8924481604795,0.0 -69.96313343594414,41.89250108671766,0.0 -69.9631605565435,41.89255737054542,0.0 -69.9631894049584,41.89261317631107,0.0 -69.96321801521583,41.89266470094339,0.0 -69.96324443756322,41.89270843312471,0.0 -69.9632668713438,41.892741392581215,0.0 -69.96328378771307,41.89276133318312,0.0 -69.96329403383218,41.892766896013995,0.0 -69.96329691143642,41.89275770197793,0.0 -69.96329222442306,41.89273437763384,0.0 -69.9632802922151,41.892698512496345,0.0 -69.96326192799027,41.8926525507132,0.0 -69.96323838325957,41.892599624501294,0.0 -69.9632112625737,41.89254334069186,0.0 -69.96318241417123,41.89248753493167,0.0 -69.96315380402187,41.89243601029052,0.0 -69.96312738184923,41.89239227808842,0.0 -69.96310494826324,41.89235931860477,0.0 -69.96308803205628,41.89233937797661,0.0 -69.96307778602369,41.89233381512742,0.0</coordinates>
                        </LinearRing>
                    </outerBoundaryIs>
                </Polygon>
            </Placemark>
            <Placemark id="65">
                <name>EL 10 LAND_LIKELY 0.00</name>
                <styleUrl>#8</styleUrl>
                <Polygon id="64">
                    <outerBoundaryIs>
                        <LinearRing id="68">
                            <coordinates>-69.96323169692053,41.89264205412138,0.0 -69.96322856164498,41.89264572575868,0.0 -69.96322810046067,41.89265407467939,0.0 -69.96323034479748,41.892666531918394,0.0 -69.96323514170946,41.892682248535316,0.0 -69.96324216429731,41.892700153468375,0.0 -69.96325093398539,41.8927190265256,0.0 -69.96326085313537,41.892737581539016,0.0 -69.9632712457738,41.89275455401495,0.0 -69.96328140365863,41.89276878730715,0.0 -69.9632906345449,41.89277931144044,0.0 -69.96329830936064,41.892785409212806,0.0 -69.96330390507771,41.89278666507151,0.0 -69.96330704035584,41.892782993432164,0.0 -69.96330750153078,41.89277464451114,0.0 -69.96330525717511,41.89276218727363,0.0 -69.96330046023988,41.892746470659645,0.0 -69.9632934376306,41.892728565730145,0.0 -69.96328466792865,41.892709692676156,0.0 -69.96327474877609,41.89269113766478,0.0 -69.96326435614704,41.89267416518916,0.0 -69.96325419828105,41.892659931895444,0.0 -69.96324496741804,41.89264940775925,0.0 -69.96323729262373,41.89264330998332,0.0 -69.96323169692053,41.89264205412138,0.0</coordinates>
                        </LinearRing>
                    </outerBoundaryIs>
                </Polygon>
            </Placemark>
            <Placemark id="71">
                <name>EL 15 LAND_LIKELY 0.00</name>
                <styleUrl>#8</styleUrl>
                <Polygon id="70">
                    <outerBoundaryIs>
                        <LinearRing id="74">
                            <coordinates>-69.96327001173658,41.89271878711755,0.0 -69.9632671771861,41.89272107781128,0.0 -69.96326585756654,41.8927258594829,0.0 -69.963266142808,41.892732806269485,0.0 -69.96326801347229,41.892741444758954,0.0 -69.96327134207743,41.8927511862525,0.0 -69.96327590178522,41.892761366883285,0.0 -69.96328138185963,41.89277129285802,0.0 -69.96328740884282,41.892780287737864,0.0 -69.96329357200564,41.89278773853654,0.0 -69.96329945133822,41.89279313749444,0.0 -69.96330464617301,41.89279611668159,0.0 -69.9633088024899,41.89279647307143,0.0 -69.96331163704224,41.892794182376676,0.0 -69.96331295665978,41.89278940070454,0.0 -69.96331267141296,41.89278245391806,0.0 -69.96331080074145,41.892773815429294,0.0 -69.9633074721291,41.89276407393692,0.0 -69.96330291241608,41.89275389330738,0.0 -69.96329743233983,41.89274396733366,0.0 -69.96329140535866,41.892734972454335,0.0 -69.96328524220118,41.89272752165556,0.0 -69.96327936287584,41.892722122696924,0.0 -69.96327416804824,41.892719143508636,0.0 -69.96327001173658,41.89271878711755,0.0</coordinates>
                        </LinearRing>
                    </outerBoundaryIs>
                </Polygon>
            </Placemark>
        </Folder>
        <Folder id="76">
            <name>DOY 204 SAT 29 F1</name>
            <Placemark id="78">
                <name>EL 5 LAND_LIKELY 0.00</name>
                <styleUrl>#8</styleUrl>
                <Polygon id="77">
                    <outerBoundaryIs>
                        <LinearRing id="81">
                            <coordinates>-69.96265222557184,41.892612163262505,0.0 -69.96265940598909,41.8926202497012,0.0 -69.96268608219246,41.8926341092464,0.0 -69.96273043626114,41.89265279738041,0.0 -69.96278944556101,41.8926750405195,0.0 -69.9628590887263,41.89269932281156,0.0 -69.96293461970349,41.892723989443866,0.0 -69.96301089118344,41.89274735941983,0.0 -69.96308270538154,41.892767840117806,0.0 -69.96314516826054,41.89278403582469,0.0 -69.96319402305606,41.89279484284806,0.0 -69.96322594037404,41.892799524726115,0.0 -69.96323874508894,41.89279776241123,0.0 -69.96323156457841,41.89278967600862,0.0 -69.96320488819168,41.892775816589655,0.0 -69.96316053389877,41.89275712863822,0.0 -69.96310152439384,41.89273488568908,0.0 -69.9630318810976,41.89271060354351,0.0 -69.9629563500987,41.89268593697493,0.0 -69.96288007871203,41.892662566962876,0.0 -69.96280826469727,41.892642086138665,0.0 -69.96274580204252,41.89262589024922,0.0 -69.96269694745205,41.89261508303587,0.0 -69.962665030265,41.89261040101134,0.0 -69.96265222557184,41.892612163262505,0.0</coordinates>
                        </LinearRing>
                    </outerBoundaryIs>
                </Polygon>
            </Placemark>
            <Placemark id="84">
                <name>EL 10 LAND_LIKELY 0.00</name>
                <styleUrl>#8</styleUrl>
                <Polygon id="83">
                    <outerBoundaryIs>
                        <LinearRing id="87">
                            <coordinates>-69.96307153073337,41.892744849254385,0.0 -69.9630730015845,41.8927491961244,0.0 -69.96308106850024,41.89275536573944,0.0 -69.96309518173605,41.892762937649145,0.0 -69.96311437950087,41.89277139583838,0.0 -69.963137353501,41.89278016389335,0.0 -69.96316253809754,41.892788644283875,0.0 -69.96318821700169,41.89279625908446,0.0 -69.96321264023712,41.892802489359326,0.0 -69.96323414339832,41.89280691052678,0.0 -69.9632512610777,41.892809221293604,0.0 -69.96326282673145,41.892809264186965,0.0 -69.96326805217818,41.89280703628557,0.0 -69.96326658131245,41.89280268941804,0.0 -69.96325851437281,41.892796519816,0.0 -69.96324440111023,41.892788947926284,0.0 -69.96322520332292,41.89278048975871,0.0 -69.96320222931061,41.89277172172123,0.0 -69.96317704471548,41.89276324133938,0.0 -69.96315136582592,41.89275562653631,0.0 -69.96312694261438,41.89274939624847,0.0 -69.96310543947997,41.89274497506102,0.0 -69.96308832182308,41.892742664272554,0.0 -69.96307675618151,41.892742621361656,0.0 -69.96307153073337,41.892744849254385,0.0</coordinates>
                        </LinearRing>
                    </outerBoundaryIs>
                </Polygon>
            </Placemark>
            <Placemark id="90">
                <name>EL 15 LAND_LIKELY 0.00</name>
                <styleUrl>#8</styleUrl>
                <Polygon id="89">
                    <outerBoundaryIs>
                        <LinearRing id="93">
                            <coordinates>-69.96317669744522,41.892778128150454,0.0 -69.9631769933528,41.892781333822384,0.0 -69.9631808712458,41.89278546089328,0.0 -69.96318806685298,41.89279022810975,0.0 -69.96319808980645,41.89279531059331,0.0 -69.96321025705913,41.89280036198045,0.0 -69.96322373943315,41.89280503802698,0.0 -69.96323761812685,41.89280902006775,0.0 -69.96325094732967,41.892812036733275,0.0 -69.96326281867763,41.89281388244315,0.0 -69.96327242315719,41.89281443141585,0.0 -69.96327910623829,41.89281364624041,0.0 -69.9632824124797,41.8928115804258,0.0 -69.96328211656667,41.89280837475415,0.0 -69.96327823866575,41.89280424768666,0.0 -69.96327104305026,41.89279948047583,0.0 -69.96326102009033,41.892794397998614,0.0 -69.96324885283477,41.89278934661683,0.0 -69.96323537046221,41.892784670573235,0.0 -69.96322149177395,41.8927806885322,0.0 -69.96320816257906,41.892777671863264,0.0 -69.96319629123941,41.89277582614776,0.0 -69.9631866867663,41.89277527716871,0.0 -69.9631800036881,41.89277606233878,0.0 -69.96317669744522,41.892778128150454,0.0</coordinates>
                        </LinearRing>
                    </outerBoundaryIs>
                </Polygon>
            </Placemark>
        </Folder>
        <Folder id="95">
            <name>DOY 204 SAT 102 F101</name>
            <Placemark id="97">
                <name>EL 5 INVALID nan</name>
                <Polygon id="96">
                    <outerBoundaryIs>
                        <LinearRing id="100">
                            <coordinates>0.0, 0.0, 0.0</coordinates>
                        </LinearRing>
                    </outerBoundaryIs>
                </Polygon>
            </Placemark>
            <Placemark id="103">
                <name>EL 10 INVALID nan</name>
                <Polygon id="102">
                    <outerBoundaryIs>
                        <LinearRing id="106">
                            <coordinates>0.0, 0.0, 0.0</coordinates>
                        </LinearRing>
                    </outerBoundaryIs>
                </Polygon>
            </Placemark>
            <Placemark id="109">
                <name>EL 15 INVALID nan</name>
                <Polygon id="108">
                    <outerBoundaryIs>
                        <LinearRing id="112">
                            <coordinates>0.0, 0.0, 0.0</coordinates>
                        </LinearRing>
                    </outerBoundaryIs>
                </Polygon>
            </Placemark>
        </Folder>
        <Folder id="114">
            <name>DOY 204 SAT 105 F101</name>
            <Placemark id="116">
                <name>EL 5 INVALID nan</name>
                <Polygon id="115">
                    <outerBoundaryIs>
                        <LinearRing id="119">
                            <coordinates>0.0, 0.0, 0.0</coordinates>
                        </LinearRing>
                    </outerBoundaryIs>
                </Polygon>
            </Placemark>
            <Placemark id="122">
                <name>EL 10 INVALID nan</name>
                <Polygon id="121">
                    <outerBoundaryIs>
                        <LinearRing id="125">
                            <coordinates>0.0, 0.0, 0.0</coordinates>
                        </LinearRing>
                    </outerBoundaryIs>
                </Polygon>
            </Placemark>
            <Placemark id="128">
                <name>EL 15 INVALID nan</name>
                <Polygon id="127">
                    <outerBoundaryIs>
                        <LinearRing id="131">
                            <coordinates>0.0, 0.0, 0.0</coordinates>
                        </LinearRing>
                    </outerBoundaryIs>
                </Polygon>
            </Placemark>
        </Folder>
        <Folder id="133">
            <name>DOY 204 SAT 108 F101</name>
            <Placemark id="135">
                <name>EL 5 INVALID nan</name>
                <Polygon id="134">
                    <outerBoundaryIs>
                        <LinearRing id="138">
                            <coordinates>0.0, 0.0, 0.0</coordinates>
                        </LinearRing>
                    </outerBoundaryIs>
                </Polygon>
            </Placemark>
            <Placemark id="141">
                <name>EL 10 INVALID nan</name>
                <Polygon id="140">
                    <outerBoundaryIs>
                        <LinearRing id="144">
                            <coordinates>0.0, 0.0, 0.0</coordinates>
                        </LinearRing>
                    </outerBoundaryIs>
                </Polygon>
            </Placemark>
            <Placemark id="147">
                <name>EL 15 INVALID nan</name>
                <Polygon id="146">
                    <outerBoundaryIs>
                        <LinearRing id="150">
                            <coordinates>0.0, 0.0, 0.0</coordinates>
                        </LinearRing>
                    </outerBoundaryIs>
                </Polygon>
            </Placemark>
        </Folder>
        <Folder id="152">
            <name>DOY 204 SAT 115 F101</name>
            <Placemark id="154">
                <name>EL 5 INVALID nan</name>
                <Polygon id="153">
                    <outerBoundaryIs>
                        <LinearRing id="157">
                            <coordinates>0.0, 0.0, 0.0</coordinates>
                        </LinearRing>
                    </outerBoundaryIs>
                </Polygon>
            </Placemark>
            <Placemark id="160">
                <name>EL 10 INVALID nan</name>
                <Polygon id="159">
                    <outerBoundaryIs>
                        <LinearRing id="163">
                            <coordinates>0.0, 0.0, 0.0</coordinates>
                        </LinearRing>
                    </outerBoundaryIs>
                </Polygon>
            </Placemark>
            <Placemark id="166">
                <name>EL 15 INVALID nan</name>
                <Polygon id="165">
                    <outerBoundaryIs>
                        <LinearRing id="169">
                            <coordinates>0.0, 0.0, 0.0</coordinates>
                        </LinearRing>
                    </outerBoundaryIs>
                </Polygon>
            </Placemark>
        </Folder>
        <Folder id="171">
            <name>DOY 204 SAT 116 F101</name>
            <Placemark id="173">
                <name>EL 5 INVALID nan</name>
                <Polygon id="172">
                    <outerBoundaryIs>
                        <LinearRing id="176">
                            <coordinates>0.0, 0.0, 0.0</coordinates>
                        </LinearRing>
                    </outerBoundaryIs>
                </Polygon>
            </Placemark>
            <Placemark id="179">
                <name>EL 10 INVALID nan</name>
                <Polygon id="178">
                    <outerBoundaryIs>
                        <LinearRing id="182">
                            <coordinates>0.0, 0.0, 0.0</coordinates>
                        </LinearRing>
                    </outerBoundaryIs>
                </Polygon>
            </Placemark>
            <Placemark id="185">
                <name>EL 15 INVALID nan</name>
                <Polygon id="184">
                    <outerBoundaryIs>
                        <LinearRing id="188">
                            <coordinates>0.0, 0.0, 0.0</coordinates>
                        </LinearRing>
                    </outerBoundaryIs>
                </Polygon>
            </Placemark>
        </Folder>
        <Folder id="190">
            <name>DOY 204 SAT 121 F101</name>
            <Placemark id="192">
                <name>EL 5 INVALID nan</name>
                <Polygon id="191">
                    <outerBoundaryIs>
                        <LinearRing id="195">
                            <coordinates>0.0, 0.0, 0.0</coordinates>
                        </LinearRing>
                    </outerBoundaryIs>
                </Polygon>
            </Placemark>
            <Placemark id="198">
                <name>EL 10 INVALID nan</name>
                <Polygon id="197">
                    <outerBoundaryIs>
                        <LinearRing id="201">
                            <coordinates>0.0, 0.0, 0.0</coordinates>
                        </LinearRing>
                    </outerBoundaryIs>
                </Polygon>
            </Placemark>
            <Placemark id="204">
                <name>EL 15 INVALID nan</name>
                <Polygon id="203">
                    <outerBoundaryIs>
                        <LinearRing id="207">
                            <coordinates>0.0, 0.0, 0.0</coordinates>
                        </LinearRing>
                    </outerBoundaryIs>
                </Polygon>
            </Placemark>
        </Folder>
        <Folder id="209">
            <name>DOY 204 SAT 206 F201</name>
            <Placemark id="211">
                <name>EL 5 LAND_LIKELY 0.00</name>
                <styleUrl>#8</styleUrl>
                <Polygon id="210">
                    <outerBoundaryIs>
                        <LinearRing id="214">
                            <coordinates>-69.9630905414599,41.89236647034619,0.0 -69.96308786435885,41.89237522398085,0.0 -69.96309247232864,41.892397388140374,0.0 -69.96310405135367,41.892431452373074,0.0 -69.96312181235851,41.8924750952559,0.0 -69.96314454497781,41.89252534259592,0.0 -69.96317070003592,41.89257877011757,0.0 -69.96319849511667,41.89263173682185,0.0 -69.96322603603005,41.8926806331149,0.0 -69.9632514458984,41.89272212679598,0.0 -69.96327299306519,41.892753390141266,0.0 -69.96328920910884,41.892772292607916,0.0 -69.963298988918,41.89277754602653,0.0 -69.96330166600698,41.89276879238696,0.0 -69.96329705793781,41.89274662823582,0.0 -69.96328547875271,41.89271256402248,0.0 -69.96326771757,41.89266892116489,0.0 -69.96324498480271,41.89261867384915,0.0 -69.96321882966615,41.892565246344354,0.0 -69.96319103459746,41.89251227964498,0.0 -69.96316349378345,41.892463383343575,0.0 -69.96313808407517,41.89242188964309,0.0 -69.96311653708625,41.8923906262726,0.0 -69.96310032119058,41.89237172378165,0.0 -69.9630905414599,41.89236647034619,0.0</coordinates>
                        </LinearRing>
                    </outerBoundaryIs>
                </Polygon>
            </Placemark>
            <Placemark id="217">
                <name>EL 10 LAND_LIKELY 0.00</name>
                <styleUrl>#8</styleUrl>
                <Polygon id="216">
                    <outerBoundaryIs>
                        <LinearRing id="220">
                            <coordinates>-69.96323781682341,41.89265691016873,0.0 -69.96323488001228,41.892660388148606,0.0 -69.96323449815598,41.89266827298979,0.0 -69.96323669727826,41.8926800273534,0.0 -69.96324132751427,41.892694850198865,0.0 -69.96324807332316,41.89271173137348,0.0 -69.96325647499111,41.89272952045276,0.0 -69.96326595995959,41.892747005140066,0.0 -69.96327588184388,41.89276299388269,0.0 -69.96328556448313,41.892776397074186,0.0 -69.96329434801973,41.89278630130936,0.0 -69.96330163386813,41.89279203163121,0.0 -69.96330692550784,41.892793197528114,0.0 -69.96330986232115,41.89278971954641,0.0 -69.96331024416887,41.89278183470496,0.0 -69.96330804502955,41.89277008034274,0.0 -69.96330341477261,41.89275525749997,0.0 -69.96329666894451,41.89273837632859,0.0 -69.96328826726419,41.89272058725224,0.0 -69.96327878229353,41.89270310256676,0.0 -69.9632688604178,41.8926871138244,0.0 -69.9632591777956,41.8926737106315,0.0 -69.96325039427994,41.89266380639365,0.0 -69.96324310845077,41.89265807606856,0.0 -69.96323781682341,41.89265691016873,0.0</coordinates>
                        </LinearRing>
                    </outerBoundaryIs>
                </Polygon>
            </Placemark>
            <Placemark id="223">
                <name>EL 15 LAND_LIKELY 0.00</name>
                <styleUrl>#8</styleUrl>
                <Polygon id="222">
                    <outerBoundaryIs>
                        <LinearRing id="226">
                            <coordinates>-69.96327394277677,41.892728153257764,0.0 -69.96327128858678,41.89273032010299,0.0 -69.96327007671894,41.8927348269399,0.0 -69.9632703897602,41.892741366635036,0.0 -69.96327220637781,41.89274949351896,0.0 -69.96327540277291,41.89275865375794,0.0 -69.96327976111712,41.89276822309667,0.0 -69.96328498439694,41.89277754940045,0.0 -69.96329071665463,41.89278599709699,0.0 -69.96329656724612,41.892792990489696,0.0 -69.96330213746279,41.892798052990415,0.0 -69.96330704770294,41.89280083959814,0.0 -69.96331096334117,41.89280116041029,0.0 -69.96331361753275,41.89279899356415,0.0 -69.96331482939874,41.89279448672679,0.0 -69.96331451635267,41.89278794703178,0.0 -69.96331269972859,41.892779820148505,0.0 -69.96330950332707,41.892770659910575,0.0 -69.96330514497825,41.89276109057296,0.0 -69.96329992169683,41.892751764270095,0.0 -69.963294189441,41.892743316574006,0.0 -69.96328833885431,41.89273632318118,0.0 -69.9632827686441,41.89273126067981,0.0 -69.96327785841036,41.89272847407104,0.0 -69.96327394277677,41.892728153257764,0.0</coordinates>
                        </LinearRing>
                    </outerBoundaryIs>
                </Polygon>
            </Placemark>
        </Folder>
        <Folder id="228">
            <name>DOY 204 SAT 8 F20</name>
            <Placemark id="230">
                <name>EL 5 LAND_LIKELY 0.00</name>
                <styleUrl>#8</styleUrl>
                <Polygon id="229">
                    <outerBoundaryIs>
                        <LinearRing id="233">
                            <coordinates>-69.96256037888168,41.892891295363015,0.0 -69.96257323186708,41.892896123239055,0.0 -69.96260905240287,41.89289852781145,0.0 -69.96266539937702,41.89289834519275,0.0 -69.96273843282952,41.89289558780143,0.0 -69.96282317564116,41.89289044352284,0.0 -69.9629138527187,41.89288326291198,0.0 -69.96300428456074,41.8928745353091,0.0 -69.96308830838284,41.89286485549353,0.0 -69.96316019810212,41.89285488314853,0.0 -69.96321505455981,41.89284529789961,0.0 -69.96324913938913,41.89283675299201,0.0 -69.96326012977595,41.89282983076608,0.0 -69.96324727675196,41.89282500296664,0.0 -69.96321145623337,41.892822598592566,0.0 -69.9631551093276,41.8928227814782,0.0 -69.96308207597635,41.892825539133504,0.0 -69.96299733327166,41.892830683602455,0.0 -69.96290665627816,41.89283786427897,0.0 -69.96281622447471,41.89284659180529,0.0 -69.96273220063539,41.8928562714225,0.0 -69.96266031084774,41.89286624350057,0.0 -69.96260545428879,41.89287582848549,0.0 -69.96257136935252,41.892884373202754,0.0 -69.96256037888168,41.892891295363015,0.0</coordinates>
                        </LinearRing>
                    </outerBoundaryIs>
                </Polygon>
            </Placemark>
            <Placemark id="236">
                <name>EL 10 LAND_LIKELY 0.00</name>
                <styleUrl>#8</styleUrl>
                <Polygon id="235">
                    <outerBoundaryIs>
                        <LinearRing id="239">
                            <coordinates>-69.96305086118137,41.89284821292201,0.0 -69.96305537507568,41.8928517048907,0.0 -69.96306739328433,41.892854272693974,0.0 -69.96308609678655,41.89285574133805,0.0 -69.96311021096899,41.89285601073443,0.0 -69.96313809248869,41.892855062521384,0.0 -69.96316784126451,41.89285296131604,0.0 -69.96319742996498,41.89284985031143,0.0 -69.963224842168,41.89284594151826,0.0 -69.96324820977698,41.892841501316504,0.0 -69.96326594032854,41.89283683230142,0.0 -69.96327682551617,41.892832252661535,0.0 -69.96328012353398,41.89282807449369,0.0 -69.96327560962905,41.89282458253379,0.0 -69.96326359141761,41.892822014752234,0.0 -69.96324488792118,41.892820546136946,0.0 -69.96322077375156,41.892820276768745,0.0 -69.96319289224829,41.892821225001796,0.0 -69.96316314348807,41.89282332621361,0.0 -69.96313355479822,41.892826437209415,0.0 -69.96310614259797,41.89283034598086,0.0 -69.9630827749832,41.892834786153834,0.0 -69.96306504441883,41.892839455140724,0.0 -69.96305415921478,41.89284403476062,0.0 -69.96305086118137,41.89284821292201,0.0</coordinates>
                        </LinearRing>
                    </outerBoundaryIs>
                </Polygon>
            </Placemark>
            <Placemark id="242">
                <name>EL 15 LAND_LIKELY 0.00</name>
                <styleUrl>#8</styleUrl>
                <Polygon id="241">
                    <outerBoundaryIs>
                        <LinearRing id="245">
                            <coordinates>-69.9631684921767,41.892837880261986,0.0 -69.96317105750427,41.892840744608236,0.0 -69.96317761255874,41.89284304793919,0.0 -69.9631877106242,41.892844633286,0.0 -69.96320066353405,41.892845392609104,0.0 -69.96321558856846,41.89284527416106,0.0 -69.9632314686104,41.892844286013386,0.0 -69.96324722146063,41.892842495506514,0.0 -69.96326177358794,41.89284002466082,0.0 -69.96327413328873,41.89283704186098,0.0 -69.96328345826991,41.89283375038067,0.0 -69.96328911304985,41.89283037452966,0.0 -69.96329071226528,41.89282714436713,0.0 -69.96328814693288,41.892824280023554,0.0 -69.96328159187635,41.89282197669888,0.0 -69.96327149381214,41.89282039136029,0.0 -69.96325854090652,41.892819632045146,0.0 -69.96324361587818,41.89281975049875,0.0 -69.96322773584254,41.892820738648105,0.0 -69.96321198299712,41.892822529152305,0.0 -69.96319743087186,41.89282499999173,0.0 -69.96318507116983,41.89282798278335,0.0 -69.96317574618442,41.8928312742557,0.0 -69.96317009139841,41.89283465010114,0.0 -69.9631684921767,41.892837880261986,0.0</coordinates>
                        </LinearRing>
                    </outerBoundaryIs>
                </Polygon>
            </Placemark>
        </Folder>
        <Folder id="247">
            <name>DOY 204 SAT 320 F302</name>
            <Placemark id="249">
                <name>EL 5 LAND_LIKELY 0.00</name>
                <styleUrl>#8</styleUrl>
                <Polygon id="248">
                    <outerBoundaryIs>
                        <LinearRing id="252">
                            <coordinates>-69.96266249486087,41.89264224028626,0.0 -69.96267000452679,41.89264988824043,0.0 -69.96269690312656,41.892662503817824,0.0 -69.96274135758135,41.89267922727508,0.0 -69.96280033841307,41.892698918918036,0.0 -69.96286982619306,41.89272023677504,0.0 -69.96294508545475,41.89274172805497,0.0 -69.96302098740507,41.89276192815645,0.0 -69.96309235944285,41.892779460479716,0.0 -69.96315433766536,41.89279313023855,0.0 -69.96320269833963,41.89280200587962,0.0 -69.96323414574809,41.89280548256142,0.0 -69.963246536791,41.89280332336824,0.0 -69.96323902703801,41.89279567545163,0.0 -69.96321212827509,41.89278306000074,0.0 -69.96316767362477,41.89276633672505,0.0 -69.96310869261755,41.89274664527004,0.0 -69.96303920472911,41.89272532755704,0.0 -69.96296394545509,41.89270383633856,0.0 -69.96288804359183,41.892683636199514,0.0 -69.9628166717172,41.89266610374973,0.0 -69.96275469369021,41.892652433809346,0.0 -69.96270633319143,41.89264355798032,0.0 -69.96267488589143,41.89264008115451,0.0 -69.96266249486087,41.89264224028626,0.0</coordinates>
                        </LinearRing>
                    </outerBoundaryIs>
                </Polygon>
            </Placemark>
            <Placemark id="255">
                <name>EL 10 LAND_LIKELY 0.00</name>
                <styleUrl>#8</styleUrl>
                <Polygon id="254">
                    <outerBoundaryIs>
                        <LinearRing id="258">
                            <coordinates>-69.96307780489127,41.89275678625034,0.0 -69.9630795024246,41.892760961697185,0.0 -69.96308772432114,41.892766683958556,0.0 -69.96310191027435,41.89277356307046,0.0 -69.96312109353728,41.89278113023082,0.0 -69.9631439668042,41.89278886974806,0.0 -69.96316897130066,41.892796254185164,0.0 -69.96319440301131,41.892802780304116,0.0 -69.96321852880571,41.892808003361,0.0 -69.96323970454867,41.89281156741442,0.0 -69.96325648714597,41.89281322958201,0.0 -69.96326773288948,41.8928128765919,0.0 -69.9632726753994,41.892810532501485,0.0 -69.9632709778521,41.892806357057474,0.0 -69.96326275593405,41.89280063480918,0.0 -69.96324856995751,41.892793755717065,0.0 -69.96322938667568,41.892786188577915,0.0 -69.96320651339937,41.89277844907763,0.0 -69.96318150890554,41.892771064648684,0.0 -69.96315607720884,41.89276453852687,0.0 -69.96313195143597,41.892759315456914,0.0 -69.96311077571634,41.8927557513837,0.0 -69.96309399313793,41.89275408919491,0.0 -69.96308274740382,41.89275444216807,0.0 -69.96307780489127,41.89275678625034,0.0</coordinates>
                        </LinearRing>
                    </outerBoundaryIs>
                </Polygon>
            </Placemark>
            <Placemark id="261">
                <name>EL 15 LAND_LIKELY 0.00</name>
                <styleUrl>#8</styleUrl>
                <Polygon id="260">
                    <outerBoundaryIs>
                        <LinearRing id="264">
                            <coordinates>-69.96318102458437,41.89278525480515,0.0 -69.96318150886236,41.89278835586262,0.0 -69.96318552614694,41.89279222911076,0.0 -69.96319280266754,41.89279661059374,0.0 -69.963202842542,41.8928012017202,0.0 -69.96321496157005,41.89280568961181,0.0 -69.96322833386012,41.89280976842569,0.0 -69.96324204811256,41.89281316019712,0.0 -69.96325516972321,41.89281563378255,0.0 -69.96326680447527,41.89281702061153,0.0 -69.96327615947888,41.89281722617456,0.0 -69.96328259720548,41.89281623646346,0.0 -69.96328567893444,41.892814118925905,0.0 -69.96328519465119,41.89281101786886,0.0 -69.96328117735938,41.8928071446242,0.0 -69.96327390083152,41.89280276314678,0.0 -69.9632638609517,41.89279817202654,0.0 -69.96325174192165,41.89279368414007,0.0 -69.96323836963346,41.8927896053289,0.0 -69.96322465538627,41.892786213557024,0.0 -69.96321153378284,41.892783739968124,0.0 -69.96319989903805,41.89278235313355,0.0 -69.96319054403978,41.89278214756433,0.0 -69.9631841063152,41.89278313727031,0.0 -69.96318102458437,41.89278525480515,0.0</coordinates>
                        </LinearRing>
                    </outerBoundaryIs>
                </Polygon>
            </Placemark>
        </Folder>
        <Folder id="266">
            <name>DOY 204 SAT 321 F302</name>
            <Placemark id="268">
                <name>EL 5 LAND_LIKELY 0.00</name>
                <styleUrl>#8</styleUrl>
                <Polygon id="267">
                    <outerBoundaryIs>
                        <LinearRing id="271">
                            <coordinates>-69.96308541215348,41.89235136439617,0.0 -69.96308262315014,41.892360339075054,0.0 -69.96308724459116,41.89238309327625,0.0 -69.9630989615433,41.892418076337705,0.0 -69.96311697553232,41.8924629042196,0.0 -69.9631400589532,41.89251452197326,0.0 -69.96316663872445,41.89256941193157,0.0 -69.96319490348681,41.89262383343281,0.0 -69.96322292704222,41.8926740777411,0.0 -69.96324879962138,41.892716720790716,0.0 -69.96327075803407,41.89274885653029,0.0 -69.96328730583218,41.892768294964874,0.0 -69.96329731529514,41.892773711399805,0.0 -69.96330010428636,41.89276473671573,0.0 -69.9632954827419,41.89274198252308,0.0 -69.9632837656227,41.8927069994816,0.0 -69.96326575144779,41.892662171625766,0.0 -69.96324266787197,41.89261055389727,0.0 -69.96321608801827,41.8925556639565,0.0 -69.96318782326802,41.89250124246046,0.0 -69.96315979981604,41.89245099814363,0.0 -69.96313392740394,41.892408355074025,0.0 -69.96311196917715,41.892376219308396,0.0 -69.96309542153398,41.892356780848644,0.0 -69.96308541215348,41.89235136439617,0.0</coordinates>
                        </LinearRing>
                    </outerBoundaryIs>
                </Polygon>
            </Placemark>
            <Placemark id="274">
                <name>EL 10 LAND_LIKELY 0.00</name>
                <styleUrl>#8</styleUrl>
                <Polygon id="273">
                    <outerBoundaryIs>
                        <LinearRing id="277">
                            <coordinates>-69.96323546795206,41.892650443245365,0.0 -69.96323243042305,41.89265401278686,0.0 -69.96323199962099,41.89266212197949,0.0 -69.96323420490523,41.89267421819524,0.0 -69.96323889599108,41.892689477096845,0.0 -69.96324575319099,41.892706858815096,0.0 -69.96325430920014,41.89272517881426,0.0 -69.96326398094195,41.8927431886164,0.0 -69.96327410930344,41.892759660883044,0.0 -69.96328400405262,41.89277347305643,0.0 -69.96329299087691,41.89278368385989,0.0 -69.96330045733687,41.89278959744434,0.0 -69.9633058946036,41.8927908108091,0.0 -69.963308932135,41.89278724126568,0.0 -69.96330936292814,41.89277913207275,0.0 -69.96330715762605,41.89276703585844,0.0 -69.9633024665182,41.892751776959614,0.0 -69.96329560929803,41.89273439524475,0.0 -69.9632870532758,41.892716075248636,0.0 -69.9632773815316,41.89269806544844,0.0 -69.96326725317903,41.892681593182076,0.0 -69.96325735844769,41.892667781007255,0.0 -69.96324837164542,41.892657570201024,0.0 -69.9632409052057,41.892651656613204,0.0 -69.96323546795206,41.892650443245365,0.0</coordinates>
                        </LinearRing>
                    </outerBoundaryIs>
                </Polygon>
            </Placemark>
            <Placemark id="280">
                <name>EL 15 LAND_LIKELY 0.00</name>
                <styleUrl>#8</styleUrl>
                <Polygon id="279">
                    <outerBoundaryIs>
                        <LinearRing id="283">
                            <coordinates>-69.96327245875447,41.89272416980339,0.0 -69.96326971556238,41.89272639366729,0.0 -69.96326844607475,41.892731030624695,0.0 -69.96326873680525,41.89273776467469,0.0 -69.96327056794159,41.8927461369029,0.0 -69.96327381469554,41.89275557675575,0.0 -69.96327825580686,41.8927654409227,0.0 -69.96328358862162,41.892775057177026,0.0 -69.96328944971751,41.89278377018675,0.0 -69.96329543967033,41.892790986174624,0.0 -69.96330115027419,41.89279621338301,0.0 -69.96330619236018,41.89279909558634,0.0 -69.96331022231782,41.89279943636737,0.0 -69.96331296551163,41.89279721250253,0.0 -69.96331423499736,41.89279257554462,0.0 -69.96331394426181,41.89278584149473,0.0 -69.96331211311865,41.8927774692672,0.0 -69.96330886635792,41.89276802941545,0.0 -69.9633044252417,41.89275816524966,0.0 -69.9632990924252,41.892748548996316,0.0 -69.96329323133124,41.89273983598708,0.0 -69.96328724138345,41.89273261999909,0.0 -69.96328153078643,41.89272739279003,0.0 -69.96327648870721,41.8927245105856,0.0 -69.96327245875447,41.89272416980339,0.0</coordinates>
                        </LinearRing>
                    </outerBoundaryIs>
                </Polygon>
            </Placemark>
        </Folder>
        <Folder id="285">
            <name>DOY 204 SAT 337 F302</name>
            <Placemark id="287">
                <name>EL 5 LAND_LIKELY 0.00</name>
                <styleUrl>#8</styleUrl>
                <Polygon id="286">
                    <outerBoundaryIs>
                        <LinearRing id="290">
                            <coordinates>-69.9626815896685,41.89263228421499,0.0 -69.96268871159525,41.89263997656967,0.0 -69.96271476460949,41.89265296097034,0.0 -69.96275797325792,41.89267035253963,0.0 -69.96281539296264,41.89269096605356,0.0 -69.96288311068389,41.89271339671735,0.0 -69.96295651158239,41.892736115904576,0.0 -69.96303059350987,41.8927575753342,0.0 -69.96310030789684,41.89277631258506,0.0 -69.96316090380645,41.89279105075643,0.0 -69.96320825170754,41.89280078548351,0.0 -69.96323912490067,41.892804853378614,0.0 -69.9632514194172,41.89280297723522,0.0 -69.96324429740451,41.89279528491533,0.0 -69.96321824422458,41.892782300634344,0.0 -69.9631750353751,41.8927649092376,0.0 -69.96311761548785,41.8927442959028,0.0 -69.96304989765147,41.89272186537678,0.0 -69.96297649673615,41.89269914624903,0.0 -69.9629024148946,41.89267768678463,0.0 -69.96283270067333,41.892658949414084,0.0 -69.96277210496477,41.892644211070184,0.0 -69.9627247572462,41.89263447616396,0.0 -69.9626938841682,41.89263040813107,0.0 -69.9626815896685,41.89263228421499,0.0</coordinates>
                        </LinearRing>
                    </outerBoundaryIs>
                </Polygon>
            </Placemark>
            <Placemark id="293">
                <name>EL 10 LAND_LIKELY 0.00</name>
                <styleUrl>#8</styleUrl>
                <Polygon id="292">
                    <outerBoundaryIs>
                        <LinearRing id="296">
                            <coordinates>-69.9630859309565,41.89275340540035,0.0 -69.96308744799121,41.89275754819678,0.0 -69.96309532769314,41.89276334557025,0.0 -69.96310903307578,41.89277040243806,0.0 -69.96312763014231,41.89277823788452,0.0 -69.96314985153538,41.89278631793485,0.0 -69.96317418290477,41.89279409194534,0.0 -69.9631989661077,41.892801030129284,0.0 -69.96322251220852,41.89280665966109,0.0 -69.9632432165772,41.892810596898755,0.0 -69.96325966824284,41.89281257352786,0.0 -69.96327074604969,41.89281245484644,0.0 -69.96327569506245,41.892810248944045,0.0 -69.96327417801427,41.892806106150076,0.0 -69.96326629829083,41.89280030878885,0.0 -69.9632525928844,41.89279325193972,0.0 -69.96323399579816,41.89278541651345,0.0 -69.96321177439478,41.892777336479334,0.0 -69.9631874430272,41.89276956247676,0.0 -69.96316265983772,41.89276262429036,0.0 -69.96313911375842,41.89275699474631,0.0 -69.96311840941353,41.892753057489955,0.0 -69.96310195776758,41.89275108084068,0.0 -69.96309087997106,41.89275119950588,0.0 -69.9630859309565,41.89275340540035,0.0</coordinates>
                        </LinearRing>
                    </outerBoundaryIs>
                </Polygon>
            </Placemark>
            <Placemark id="299">
                <name>EL 15 LAND_LIKELY 0.00</name>
                <styleUrl>#8</styleUrl>
                <Polygon id="298">
                    <outerBoundaryIs>
                        <LinearRing id="302">
                            <coordinates>-69.9631860197327,41.89278338688961,0.0 -69.96318638217055,41.89278644559106,0.0 -69.96319018984093,41.8927903352594,0.0 -69.9631971832581,41.89279479081988,0.0 -69.963206885833,41.892799508632876,0.0 -69.96321863635173,41.89280416718664,0.0 -69.96323163403609,41.89280844900795,0.0 -69.96324499311523,41.89281206229749,0.0 -69.96325780318945,41.892814760815554,0.0 -69.96326919127269,41.89281636066296,0.0 -69.96327838128512,41.892816752813246,0.0 -69.96328474694205,41.89281591054262,0.0 -69.96328785443424,41.89281389125092,0.0 -69.96328749199138,41.89281083254979,0.0 -69.96328368431385,41.89280694288466,0.0 -69.9632766908893,41.892802487329426,0.0 -69.9632669883088,41.8927977695223,0.0 -69.96325523778772,41.892793110973464,0.0 -69.9632422401049,41.89278882915482,0.0 -69.96322888103079,41.89278521586497,0.0 -69.9632160709637,41.89278251734367,0.0 -69.96320468288783,41.89278091749104,0.0 -69.963195492881,41.89278052533487,0.0 -69.96318912722641,41.89278136760056,0.0 -69.9631860197327,41.89278338688961,0.0</coordinates>
                        </LinearRing>
                    </outerBoundaryIs>
                </Polygon>
            </Placemark>
        </Folder>
        <Folder id="304">
            <name>DOY 204 SAT 338 F302</name>
            <Placemark id="306">
                <name>EL 5 LAND_LIKELY 0.00</name>
                <styleUrl>#8</styleUrl>
                <Polygon id="305">
                    <outerBoundaryIs>
                        <LinearRing id="309">
                            <coordinates>-69.96263146074665,41.89285012787124,0.0 -69.96264227135026,41.89285489380884,0.0 -69.96267327201875,41.89285855411521,0.0 -69.96272235010926,41.892860859331414,0.0 -69.96278616102953,41.8928616523403,0.0 -69.96286035616674,41.892860879079265,0.0 -69.9629398792394,41.89285859222993,0.0 -69.96301931087598,41.89285494763197,0.0 -69.9630932379377,41.89285019366442,0.0 -69.96315662241602,41.89284465431737,0.0 -69.96320514476497,41.89283870710864,0.0 -69.9632354982707,41.89283275735109,0.0 -69.96324561439751,41.89282721052564,0.0 -69.96323480375356,41.89282244464463,0.0 -69.96320380307041,41.89281878448928,0.0 -69.96315472499487,41.89281647947807,0.0 -69.96309091411514,41.892815686673195,0.0 -69.96301671903322,41.89281646008264,0.0 -69.96293719601577,41.892818746985014,0.0 -69.96285776441952,41.89282239152637,0.0 -69.96278383737246,41.89282714534289,0.0 -69.96272045287918,41.892832684484965,0.0 -69.96267193048969,41.89283863148965,0.0 -69.96264157692866,41.89284458109882,0.0 -69.96263146074665,41.89285012787124,0.0</coordinates>
                        </LinearRing>
                    </outerBoundaryIs>
                </Polygon>
            </Placemark>
            <Placemark id="312">
                <name>EL 10 LAND_LIKELY 0.00</name>
                <styleUrl>#8</styleUrl>
                <Polygon id="311">
                    <outerBoundaryIs>
                        <LinearRing id="315">
                            <coordinates>-69.96306732674563,41.89283386372682,0.0 -69.96307104222436,41.89283715546417,0.0 -69.96308147458963,41.89283996277532,0.0 -69.96309791289353,41.892842094344935,0.0 -69.96311923689278,41.89284340490781,0.0 -69.9631439933915,41.89284380514899,0.0 -69.96317049527418,41.892843267791065,0.0 -69.96319693648019,41.89284182945354,0.0 -69.96322151508406,41.892839588157386,0.0 -69.96324255609402,41.8928366966449,0.0 -69.96325862560003,41.89283335197017,0.0 -69.96326862849243,41.89282978206949,0.0 -69.96327188309161,41.89282623022734,0.0 -69.96326816760318,41.892822938496465,0.0 -69.96325773523249,41.89282013120223,0.0 -69.9632412969289,41.892817999655406,0.0 -69.96321997293562,41.89281668911511,0.0 -69.96319521644695,41.89281628889023,0.0 -69.96316871457566,41.89281682625383,0.0 -69.96314227337936,41.89281826458489,0.0 -69.96311769478092,41.89282050586415,0.0 -69.96309665377065,41.89282339735385,0.0 -69.96308058425865,41.892826742006015,0.0 -69.96307058135622,41.89283031189036,0.0 -69.96306732674563,41.89283386372682,0.0</coordinates>
                        </LinearRing>
                    </outerBoundaryIs>
                </Polygon>
            </Placemark>
            <Placemark id="318">
                <name>EL 15 LAND_LIKELY 0.00</name>
                <styleUrl>#8</styleUrl>
                <Polygon id="317">
                    <outerBoundaryIs>
                        <LinearRing id="321">
                            <coordinates>-69.96317525394052,41.89282983621606,0.0 -69.96317730859224,41.892832503499676,0.0 -69.96318296387024,41.89283484942091,0.0 -69.96319183437694,41.89283671410861,0.0 -69.96320331560202,41.89283797048674,0.0 -69.96321662511872,41.892838532934555,0.0 -69.96323085590508,41.892838363121705,0.0 -69.96324503815606,41.89283747262047,0.0 -69.96325820537425,41.892835922117264,0.0 -69.96326946023524,41.892833817276795,0.0 -69.96327803573881,41.89283130154113,0.0 -69.9632833474788,41.89282854635413,0.0 -69.96328503346929,41.8928257394777,0.0 -69.9632829788133,41.892823072195995,0.0 -69.96327732353267,41.892820726279666,0.0 -69.96326845302568,41.89281886159855,0.0 -69.96325697180275,41.89281760522689,0.0 -69.96324366229005,41.89281704278375,0.0 -69.96322943150848,41.892817212598196,0.0 -69.96321524926178,41.8928181030975,0.0 -69.96320208204622,41.89281965359579,0.0 -69.96319082718551,41.892821758429676,0.0 -69.96318225167978,41.89282427415887,0.0 -69.96317693993579,41.89282702934121,0.0 -69.96317525394052,41.89282983621606,0.0</coordinates>
                        </LinearRing>
                    </outerBoundaryIs>
                </Polygon>
            </Placemark>
        </Folder>
        <Folder id="323">
            <name>DOY 204 SAT 341 F302</name>
            <Placemark id="325">
                <name>EL 5 LAND_LIKELY 0.00</name>
                <styleUrl>#8</styleUrl>
                <Polygon id="324">
                    <outerBoundaryIs>
                        <LinearRing id="328">
                            <coordinates>-69.9628730495018,41.89313472679873,0.0 -69.96288435802458,41.89313334308267,0.0 -69.96290890993161,41.89312238014373,0.0 -69.96294503203436,41.89310258508033,0.0 -69.96299026264829,41.89307530688381,0.0 -69.96304151935875,41.89304240450949,0.0 -69.96309530908857,41.89300612019423,0.0 -69.96314796615007,41.89296892665318,0.0 -69.96319590205742,41.89293335856862,0.0 -69.96323585007434,41.89290183985449,0.0 -69.96326508783243,41.89287651846858,0.0 -69.96328162284988,41.892859120030174,0.0 -69.96328432830961,41.8928508302197,0.0 -69.9632730198455,41.892852213974976,0.0 -69.96324846810482,41.892863176991476,0.0 -69.9632123462315,41.89288297214997,0.0 -69.9631671158486,41.89291025043363,0.0 -69.9631158593089,41.89294315286379,0.0 -69.96306206964378,41.89297943718866,0.0 -69.96300941252359,41.89301663069047,0.0 -69.9629614764499,41.893052198697454,0.0 -69.96292152820355,41.89308371731649,0.0 -69.96289229021443,41.89310903861527,0.0 -69.96287575502623,41.89312643699782,0.0 -69.9628730495018,41.89313472679873,0.0</coordinates>
                        </LinearRing>
                    </outerBoundaryIs>
                </Polygon>
            </Placemark>
            <Placemark id="331">
                <name>EL 10 LAND_LIKELY 0.00</name>
                <styleUrl>#8</styleUrl>
                <Polygon id="330">
                    <outerBoundaryIs>
                        <LinearRing id="334">
                            <coordinates>-69.96316165498845,41.89293550929223,0.0 -69.9631667695765,41.89293618008763,0.0 -69.96317613691669,41.89293362898273,0.0 -69.96318911863844,41.89292802983018,0.0 -69.96320483005636,41.892919764201935,0.0 -69.96322220046072,41.89290939538601,0.0 -69.96324004608528,41.89289762999961,0.0 -69.96325715077944,41.892885269834444,0.0 -69.96327234888722,41.89287315721589,0.0 -69.96328460468447,41.89286211759986,0.0 -69.9632930829614,41.892852903318975,0.0 -69.96329720593998,41.89284614231211,0.0 -69.96329669264794,41.89284229533119,0.0 -69.96329157806603,41.89284162454157,0.0 -69.96328221074396,41.89284417565585,0.0 -69.96326922904741,41.89284977481887,0.0 -69.96325351765505,41.892858040455884,0.0 -69.96323614726974,41.89286840927653,0.0 -69.96321830165263,41.89288017466233,0.0 -69.9632011969523,41.89289253482175,0.0 -69.96318599882642,41.8929046474309,0.0 -69.96317374300396,41.892915687036464,0.0 -69.96316526470149,41.892924901308575,0.0 -69.96316114170386,41.89293166231072,0.0 -69.96316165498845,41.89293550929223,0.0</coordinates>
                        </LinearRing>
                    </outerBoundaryIs>
                </Polygon>
            </Placemark>
            <Placemark id="337">
                <name>EL 15 LAND_LIKELY 0.00</name>
                <styleUrl>#8</styleUrl>
                <Polygon id="336">
                    <outerBoundaryIs>
                        <LinearRing id="340">
                            <coordinates>-69.96323114170802,41.892887543968044,0.0 -69.96323460714696,41.8928884930527,0.0 -69.96324029155555,41.89288768272572,0.0 -69.96324780755026,41.892885168209276,0.0 -69.96325664292772,41.892881120863194,0.0 -69.96326619557077,41.892875816507214,0.0 -69.96327581448205,41.89286961662431,0.0 -69.96328484414839,41.89286294372633,0.0 -69.96329266921315,41.892856252560435,0.0 -69.9632987564116,41.89284999911885,0.0 -69.96330269091199,41.892844609563554,0.0 -69.96330420458536,41.892840451184085,0.0 -69.96330319427794,41.892837807367215,0.0 -69.96329972884075,41.89283685828462,0.0 -69.96329404443742,41.892837668614526,0.0 -69.96328652845013,41.892840183133984,0.0 -69.96327769308023,41.892844230482346,0.0 -69.96326814044285,41.89284953483931,0.0 -69.96325852153386,41.89285573472157,0.0 -69.96324949186578,41.89286240761749,0.0 -69.96324166679575,41.89286909878043,0.0 -69.96323557958988,41.892875352218994,0.0 -69.96323164508193,41.89288074177201,0.0 -69.9632301314029,41.89288490015054,0.0 -69.96323114170802,41.892887543968044,0.0</coordinates>
                        </LinearRing>
                    </outerBoundaryIs>
                </Polygon>
            </Placemark>
        </Folder>
        <Folder id="342">
            <name>DOY 204 SAT 1 F5</name>
            <Placemark id="344">
                <name>EL 5 LAND_LIKELY 0.10</name>
                <styleUrl>#8</styleUrl>
                <Polygon id="343">
                    <outerBoundaryIs>
                        <LinearRing id="347">
                            <coordinates>-69.96239419397943,41.893284418896144,0.0 -69.96241341280476,41.89328438286906,0.0 -69.9624580024023,41.89327112917505,0.0 -69.96252492402401,41.89324556100441,0.0 -69.96260961701327,41.8932094207516,0.0 -69.96270630962185,41.893165171283044,0.0 -69.96280841236126,41.893115828105486,0.0 -69.96290896707816,41.89306475386993,0.0 -69.96300112114652,41.89301542921383,0.0 -69.96307859445949,41.892971215558056,0.0 -69.96313610739749,41.89293512602431,0.0 -69.96316974060987,41.89290962008672,0.0 -69.96317720209575,41.89289643595421,0.0 -69.96315798338757,41.892896472108646,0.0 -69.96311339419684,41.89290972607343,0.0 -69.96304647316256,41.8929352945857,0.0 -69.96296178078396,41.892971435159495,0.0 -69.96286508864566,41.89301568484235,0.0 -69.9627629861101,41.89306502807012,0.0 -69.96266243127603,41.89311610217833,0.0 -69.96257027680088,41.89316542656364,0.0 -69.96249280290048,41.89320963987778,0.0 -69.96243528935182,41.89324572909056,0.0 -69.96240165566918,41.89327123481384,0.0 -69.96239419397943,41.893284418896144,0.0</coordinates>
                        </LinearRing>
                    </outerBoundaryIs>
                </Polygon>
            </Placemark>
            <Placemark id="350">
                <name>EL 10 LAND_LIKELY 0.00</name>
                <styleUrl>#8</styleUrl>
                <Polygon id="349">
                    <outerBoundaryIs>
                        <LinearRing id="353">
                            <coordinates>-69.96296511392148,41.89300152729081,0.0 -69.96297360124045,41.8930037252428,0.0 -69.96299054890612,41.893001294653594,0.0 -69.96301480195869,41.89299440116045,0.0 -69.96304470758596,41.89298351453951,0.0 -69.96307822776154,41.89296937669248,0.0 -69.96311307813501,41.892952951088176,0.0 -69.96314688370813,41.89293535710425,0.0 -69.96317734068785,41.892917793743536,0.0 -69.96320237348576,41.892901457923415,0.0 -69.96322027616479,41.892887462907055,0.0 -69.96322982869427,41.892876762435186,0.0 -69.96323038009093,41.89287008572942,0.0 -69.9632218927809,41.89286788779633,0.0 -69.9632049451594,41.89287031841954,0.0 -69.96318069217448,41.89287721195271,0.0 -69.96315078662016,41.892888098608935,0.0 -69.96311726650329,41.89290223647705,0.0 -69.96308241615857,41.89291866208262,0.0 -69.96304861057654,41.89293625604764,0.0 -69.96301815355261,41.89295381937434,0.0 -69.96299312068706,41.892970155154465,0.0 -69.96297521793508,41.892984150135554,0.0 -69.9629656653469,41.89299485058631,0.0 -69.96296511392148,41.89300152729081,0.0</coordinates>
                        </LinearRing>
                    </outerBoundaryIs>
                </Polygon>
            </Placemark>
            <Placemark id="356">
                <name>EL 15 LAND_LIKELY 0.00</name>
                <styleUrl>#8</styleUrl>
                <Polygon id="355">
                    <outerBoundaryIs>
                        <LinearRing id="359">
                            <coordinates>-69.96311207437891,41.892928707321744,0.0 -69.96311771070778,41.89293107041026,0.0 -69.96312784577421,41.892930852967055,0.0 -69.96314178888892,41.89292806980945,0.0 -69.96315858984968,41.89292291060386,0.0 -69.96317710369654,41.89291572694063,0.0 -69.96319606873956,41.892907008374046,0.0 -69.9632141925414,41.89289734906009,0.0 -69.96323023999507,41.892887407265746,0.0 -69.96324311749434,41.892877860508904,0.0 -69.96325194746093,41.89286935938647,0.0 -69.96325612814945,41.892862483236854,0.0 -69.96325537465475,41.8928577006588,0.0 -69.96324973832725,41.89285533757702,0.0 -69.96323960327322,41.89285555503094,0.0 -69.96322566017861,41.89285833820038,0.0 -69.96320885924025,41.892863497415746,0.0 -69.9631903454121,41.89287068108407,0.0 -69.96317138037908,41.89287939964971,0.0 -69.96315325657586,41.892889058956925,0.0 -69.9631372091098,41.89289900074057,0.0 -69.96312433159044,41.89290854748557,0.0 -69.96311550160144,41.892917048598235,0.0 -69.96311132089421,41.89292392474276,0.0 -69.96311207437891,41.892928707321744,0.0</coordinates>
                        </LinearRing>
                    </outerBoundaryIs>
                </Polygon>
            </Placemark>
        </Folder>
        <Folder id="361">
            <name>DOY 204 SAT 25 F5</name>
            <Placemark id="363">
                <name>EL 5 LAND_LIKELY 0.00</name>
                <styleUrl>#8</styleUrl>
                <Polygon id="362">
                    <outerBoundaryIs>
                        <LinearRing id="366">
                            <coordinates>-69.96300746876352,41.89224785632276,0.0 -69.96300441142195,41.892259189094354,0.0 -69.9630113258196,41.89228760366368,0.0 -69.96302774076948,41.8923311636231,0.0 -69.96305253764808,41.89238690042961,0.0 -69.96308402662007,41.89245101570722,0.0 -69.96312006178954,41.89251914010121,0.0 -69.96315818743241,41.89258663104367,0.0 -69.96319580534644,41.89264888913764,0.0 -69.96323035191516,41.89270167159861,0.0 -69.9632594728188,41.89274138139282,0.0 -69.96328118348495,41.892765312368184,0.0 -69.96329400434209,41.892771833672775,0.0 -69.96329706165682,41.8927605008935,0.0 -69.96329014708087,41.89273208634132,0.0 -69.963273731849,41.89268852641927,0.0 -69.96324893466029,41.89263278966034,0.0 -69.96321744543316,41.89256867442778,0.0 -69.96318141013187,41.892500550064234,0.0 -69.96314328451584,41.892433059129466,0.0 -69.96310566678011,41.89237080101835,0.0 -69.96307112049338,41.89231801852002,0.0 -69.96304199989986,41.89227830867821,0.0 -69.96302028948885,41.89225437765779,0.0 -69.96300746876352,41.89224785632276,0.0</coordinates>
                        </LinearRing>
                    </outerBoundaryIs>
                </Polygon>
            </Placemark>
            <Placemark id="369">
                <name>EL 10 LAND_LIKELY 0.00</name>
                <styleUrl>#8</styleUrl>
                <Polygon id="368">
                    <outerBoundaryIs>
                        <LinearRing id="372">
                            <coordinates>-69.96320896595415,41.89261632798987,0.0 -69.96320536259884,41.892620848735525,0.0 -69.96320522183493,41.892630944244445,0.0 -69.9632085532568,41.89264592652439,0.0 -69.96321512983657,41.89266477455745,0.0 -69.96322450339474,41.89268620388082,0.0 -69.96323603514207,41.89270875412094,0.0 -69.96324893921106,41.89273088851568,0.0 -69.96326233621095,41.892751098642314,0.0 -69.9632753131568,41.89276800721412,0.0 -69.9632869856882,41.89278046194014,0.0 -69.96329655833784,41.892787614051876,0.0 -69.96330337874224,41.89278897614533,0.0 -69.9633069821001,41.89278445539661,0.0 -69.96330712284826,41.89277435988757,0.0 -69.96330379139656,41.892759377610474,0.0 -69.9632972147809,41.89274052958247,0.0 -69.96328784119035,41.89271910026501,0.0 -69.96327630942287,41.89269655003008,0.0 -69.96326340535134,41.8926744156384,0.0 -69.96325000836718,41.89265420551188,0.0 -69.96323703145116,41.892637296937224,0.0 -69.96322535895567,41.89262484220615,0.0 -69.96321578633838,41.89261769008851,0.0 -69.96320896595415,41.89261632798987,0.0</coordinates>
                        </LinearRing>
                    </outerBoundaryIs>
                </Polygon>
            </Placemark>
            <Placemark id="375">
                <name>EL 15 LAND_LIKELY 0.00</name>
                <styleUrl>#8</styleUrl>
                <Polygon id="374">
                    <outerBoundaryIs>
                        <LinearRing id="378">
                            <coordinates>-69.96325780090652,41.892705630260586,0.0 -69.96325450950648,41.89270845982451,0.0 -69.96325316142222,41.89271424003433,0.0 -69.9632538485238,41.89272257697834,0.0 -69.96325652398724,41.89273290250756,0.0 -69.96326100548521,41.8927445129541,0.0 -69.9632669876121,41.89275661708504,0.0 -69.9632740626966,41.892768390023654,0.0 -69.9632817485836,41.89277902946348,0.0 -69.96328952149226,41.89278781034422,0.0 -69.96329685171085,41.892794134263376,0.0 -69.96330323969599,41.89279757025644,0.0 -69.96330825011597,41.89279788416637,0.0 -69.96331154151824,41.892795054600896,0.0 -69.96331288959892,41.8927892743904,0.0 -69.96331220248891,41.89278093744674,0.0 -69.96330952701446,41.89277061191882,0.0 -69.96330504550585,41.89275900147415,0.0 -69.96329906337151,41.89274689734519,0.0 -69.9632919882848,41.89273512440812,0.0 -69.96328430240136,41.89272448496897,0.0 -69.96327652950113,41.89271570408789,0.0 -69.96326919929355,41.892709380167446,0.0 -69.96326281131907,41.892705944172484,0.0 -69.96325780090652,41.892705630260586,0.0</coordinates>
                        </LinearRing>
                    </outerBoundaryIs>
                </Polygon>
            </Placemark>
        </Folder>
        <Folder id="380">
            <name>DOY 204 SAT 210 F205</name>
            <Placemark id="382">
                <name>EL 5 LAND_LIKELY 0.00</name>
                <styleUrl>#8</styleUrl>
                <Polygon id="381">
                    <outerBoundaryIs>
                        <LinearRing id="385">
                            <coordinates>-69.96283029756133,41.89324024788056,0.0 -69.96284399685449,41.89323749547749,0.0 -69.96287240849396,41.89322171556998,0.0 -69.96291359624726,41.89319398352271,0.0 -69.96296475320175,41.89315618921695,0.0 -69.96302239306064,41.893110908261505,0.0 -69.96308258773772,41.89306122647201,0.0 -69.96314123505655,41.89301052957954,0.0 -69.96319433830948,41.89296227249886,0.0 -69.96323827862379,41.89291974388016,0.0 -69.96327006157499,41.892885841990456,0.0 -69.96328752124232,41.89286287719822,0.0 -69.96328946780346,41.89285241452269,0.0 -69.96327576861209,41.892855166978705,0.0 -69.9632473572353,41.89287094698565,0.0 -69.96320616983523,41.892898679152175,0.0 -69.96315501322984,41.89293647356507,0.0 -69.96309737362238,41.892981754586835,0.0 -69.9630371790317,41.89303143638406,0.0 -69.96297853161107,41.89308213322357,0.0 -69.96292542809545,41.893130390204846,0.0 -69.96288148742791,41.89317291870429,0.0 -69.96284970412763,41.893206820486846,0.0 -69.96283224420885,41.893229785212775,0.0 -69.96283029756133,41.89324024788056,0.0</coordinates>
                        </LinearRing>
                    </outerBoundaryIs>
                </Polygon>
            </Placemark>
            <Placemark id="388">
                <name>EL 10 LAND_LIKELY 0.00</name>
                <styleUrl>#8</styleUrl>
                <Polygon id="387">
                    <outerBoundaryIs>
                        <LinearRing id="391">
                            <coordinates>-69.96315084815906,41.89296949884919,0.0 -69.96315717796345,41.89296984670998,0.0 -69.96316814710089,41.89296588793563,0.0 -69.96318300803992,41.89295789230889,0.0 -69.9632007480283,41.89294640471724,0.0 -69.9632201581114,41.89293220802001,0.0 -69.9632399155215,41.89291626969818,0.0 -69.9632586738229,41.89289967592221,0.0 -69.96327515466955,41.89288355753127,0.0 -69.96328823492182,41.89286901296828,0.0 -69.96329702318599,41.89285703342243,0.0 -69.96330092056009,41.89284843528101,0.0 -69.96329966144714,41.89284380449365,0.0 -69.96329333165446,41.89284345664068,0.0 -69.9632823625458,41.892847415426935,0.0 -69.9632675016449,41.892855411066485,0.0 -69.96324976169382,41.892866898668416,0.0 -69.96323035163714,41.892881095370626,0.0 -69.96321059423553,41.89289703369081,0.0 -69.96319183592242,41.89291362745897,0.0 -69.96317535504699,41.892929745837996,0.0 -69.96316227475657,41.89294429038818,0.0 -69.96315348645513,41.89295626992375,0.0 -69.96314958905461,41.89296486806019,0.0 -69.96315084815906,41.89296949884919,0.0</coordinates>
                        </LinearRing>
                    </outerBoundaryIs>
                </Polygon>
            </Placemark>
            <Placemark id="394">
                <name>EL 15 LAND_LIKELY 0.00</name>
                <styleUrl>#8</styleUrl>
                <Polygon id="393">
                    <outerBoundaryIs>
                        <LinearRing id="397">
                            <coordinates>-69.96322628505159,41.89290578156331,0.0 -69.96323063167542,41.89290661408022,0.0 -69.9632373729212,41.89290511706045,0.0 -69.96324604938333,41.89290139252305,0.0 -69.96325606977412,41.892895694288725,0.0 -69.96326675121944,41.89288841068248,0.0 -69.96327736579566,41.89288003806996,0.0 -69.96328719013674,41.892871147030995,0.0 -69.96329555473044,41.892862343475464,0.0 -69.96330188954437,41.892854227351506,0.0 -69.96330576287254,41.89284735175994,0.0 -69.96330691075512,41.89284218526118,0.0 -69.96330525496657,41.89283907994369,0.0 -69.96330090834637,41.892838247429594,0.0 -69.96329416710913,41.8928397444531,0.0 -69.96328549065818,41.892843468994116,0.0 -69.9632754702782,41.89284916723099,0.0 -69.96326478884045,41.892856450838046,0.0 -69.9632541742665,41.8928648234494,0.0 -69.9632443499218,41.89287371448556,0.0 -69.96323598531956,41.892882518037375,0.0 -69.96322965049444,41.8928906341577,0.0 -69.96322577715546,41.89289750974673,0.0 -69.96322462926531,41.89290267624467,0.0 -69.96322628505159,41.89290578156331,0.0</coordinates>
                        </LinearRing>
                    </outerBoundaryIs>
                </Polygon>
            </Placemark>
        </Folder>
        <Folder id="399">
            <name>DOY 204 SAT 228 F205</name>
            <Placemark id="401">
                <name>EL 5 LAND_LIKELY 0.00</name>
                <styleUrl>#8</styleUrl>
                <Polygon id="400">
                    <outerBoundaryIs>
                        <LinearRing id="404">
                            <coordinates>-69.9627082261482,41.89241992111191,0.0 -69.96271218988872,41.892430921800724,0.0 -69.96273499954985,41.892453753751525,0.0 -69.9627751007214,41.89248686099411,0.0 -69.96282976061582,41.89252798730836,0.0 -69.96289525429222,41.89257432998628,0.0 -69.962967118494,41.89262273083663,0.0 -69.96304045580465,41.89266989141426,0.0 -69.96311026839582,41.89271259780566,0.0 -69.96317179862432,41.892747939651336,0.0 -69.96322085326568,41.89277350847912,0.0 -69.96325408928662,41.89278756183334,0.0 -69.96326924167798,41.892789142015424,0.0 -69.96326527781929,41.89277814134576,0.0 -69.96324246785277,41.89275530949989,0.0 -69.96320236627044,41.892722202419904,0.0 -69.9631477059699,41.89268107628234,0.0 -69.9630822120009,41.892634733747855,0.0 -69.9630103476984,41.892586332969266,0.0 -69.96293701050591,41.89253917237248,0.0 -69.96286719822012,41.892496465876135,0.0 -69.96280566840242,41.89246112386788,0.0 -69.96275661416716,41.8924355548634,0.0 -69.96272337843885,41.89242150136575,0.0 -69.9627082261482,41.89241992111191,0.0</coordinates>
                        </LinearRing>
                    </outerBoundaryIs>
                </Polygon>
            </Placemark>
            <Placemark id="407">
                <name>EL 10 LAND_LIKELY 0.00</name>
                <styleUrl>#8</styleUrl>
                <Polygon id="406">
                    <outerBoundaryIs>
                        <LinearRing id="410">
                            <coordinates>-69.96310213911806,41.89267916761313,0.0 -69.96310161721493,41.892684319714775,0.0 -69.96310741401412,41.892693255809604,0.0 -69.96311913447676,41.892705366916616,0.0 -69.96313597987725,41.89271982768226,0.0 -69.96315680223387,41.892735652627266,0.0 -69.96318018254055,41.89275176330609,0.0 -69.96320452746909,41.89276706180152,0.0 -69.96322817795142,41.89278050554632,0.0 -69.96324952224282,41.89279117837237,0.0 -69.96326710576054,41.89279835294588,0.0 -69.96327973021246,41.89280154033346,0.0 -69.96328653525988,41.892800523321654,0.0 -69.96328705714906,41.892795371219194,0.0 -69.96328126031548,41.89278643513339,0.0 -69.96326953980723,41.89277432404286,0.0 -69.96325269436211,41.892759863296746,0.0 -69.96323187197385,41.89274403836906,0.0 -69.96320849165694,41.89272792770073,0.0 -69.96318414674238,41.89271262920612,0.0 -69.96316049629445,41.89269918545231,0.0 -69.96313915204867,41.89268851260976,0.0 -69.96312156857556,41.89268133801673,0.0 -69.96310894415528,41.89267815061182,0.0 -69.96310213911806,41.89267916761313,0.0</coordinates>
                        </LinearRing>
                    </outerBoundaryIs>
                </Polygon>
            </Placemark>
            <Placemark id="413">
                <name>EL 15 LAND_LIKELY 0.00</name>
                <styleUrl>#8</styleUrl>
                <Polygon id="412">
                    <outerBoundaryIs>
                        <LinearRing id="416">
                            <coordinates>-69.96319716538751,41.89274170686995,0.0 -69.96319592762644,41.89274526468523,0.0 -69.96319812819036,41.89275078737474,0.0 -69.96320361711547,41.892757898576114,0.0 -69.96321202034197,41.8927661136723,0.0 -69.96322276520516,41.89277487281752,0.0 -69.96323511946129,41.892783579089944,0.0 -69.9632482411885,41.89279163917112,0.0 -69.96326123616232,41.89279850377976,0.0 -69.96327321879573,41.89280370510428,0.0 -69.96328337249074,41.89280688868346,0.0 -69.96329100528847,41.892807837562195,0.0 -69.96329559702546,41.89280648707653,0.0 -69.96329683478216,41.89280292926016,0.0 -69.96329463420793,41.89279740657255,0.0 -69.96328914526927,41.89279029537551,0.0 -69.96328074202968,41.89278208028494,0.0 -69.96326999715733,41.89277332114512,0.0 -69.96325764289843,41.89276461487645,0.0 -69.96324452117558,41.89275655479633,0.0 -69.96323152621208,41.8927496901858,0.0 -69.96321954359219,41.89274448885696,0.0 -69.9632093899103,41.89274130527215,0.0 -69.96320175712174,41.892740356388,0.0 -69.96319716538751,41.89274170686995,0.0</coordinates>
                        </LinearRing>
                    </outerBoundaryIs>
                </Polygon>
            </Placemark>
        </Folder>
        <Folder id="418">
            <name>DOY 205 SAT 1 F1</name>
            <Placemark id="420">
                <name>EL 5 LAND_LIKELY 0.00</name>
                <styleUrl>#8</styleUrl>
                <Polygon id="419">
                    <outerBoundaryIs>
                        <LinearRing id="423">
                            <coordinates>-69.96320984490825,41.89238052067497,0.0 -69.96320545187183,41.89238830575737,0.0 -69.96320487694535,41.89240939642161,0.0 -69.9632081593125,41.892442355373845,0.0 -69.96321507529267,41.892484936515594,0.0 -69.96322515358246,41.89253423801186,0.0 -69.9632377073718,41.89258690004639,0.0 -69.96325188114655,41.89263933378793,0.0 -69.96326670898878,41.89268796596322,0.0 -69.9632811804022,41.89272948236983,0.0 -69.9632943091766,41.89276105373358,0.0 -69.96330520059847,41.892780528518784,0.0 -69.96331311242669,41.89278657955177,0.0 -69.96331750547739,41.892778794465244,0.0 -69.96331808037,41.89275770380045,0.0 -69.96331479792993,41.89272474485136,0.0 -69.96330788185732,41.89268216371559,0.0 -69.96329780348033,41.89263286222656,0.0 -69.9632852496324,41.89258020019857,0.0 -69.9632710758434,41.892527766461136,0.0 -69.96325624803501,41.892479134286404,0.0 -69.96324177669452,41.892437617876666,0.0 -69.96322864801256,41.89240604650694,0.0 -69.96321775667789,41.89238657171449,0.0 -69.96320984490825,41.89238052067497,0.0</coordinates>
                        </LinearRing>
                    </outerBoundaryIs>
                </Polygon>
            </Placemark>
            <Placemark id="426">
                <name>EL 10 LAND_LIKELY 0.00</name>
                <styleUrl>#8</styleUrl>
                <Polygon id="425">
                    <outerBoundaryIs>
                        <LinearRing id="429">
                            <coordinates>-69.96328230264432,41.89266543275739,0.0 -69.96327885620768,41.89266827085581,0.0 -69.96327679975897,41.892675457583664,0.0 -69.9632762734419,41.89268650317743,0.0 -69.96327731312478,41.89270065489816,0.0 -69.96327984795607,41.89271694832942,0.0 -69.96328370519244,41.892734273100714,0.0 -69.96328862197063,41.89275144855739,0.0 -69.96329426322089,41.89276730422035,0.0 -69.96330024450121,41.89278075955229,0.0 -69.96330615819654,41.892790897594544,0.0 -69.96331160129719,41.89279702745634,0.0 -69.96331620286362,41.892798731397804,0.0 -69.96331964930565,41.89279589329826,0.0 -69.96332170575339,41.89278870656964,0.0 -69.96332223206346,41.89277766097567,0.0 -69.96332119236936,41.89276350925535,0.0 -69.96331865752569,41.892747215825,0.0 -69.96331480027905,41.89272989105486,0.0 -69.96330988349547,41.892712715599316,0.0 -69.96330424224617,41.892696859937104,0.0 -69.96329826097286,41.8926834046054,0.0 -69.96329234728873,41.89267326656273,0.0 -69.96328690420047,41.89266713670003,0.0 -69.96328230264432,41.89266543275739,0.0</coordinates>
                        </LinearRing>
                    </outerBoundaryIs>
                </Polygon>
            </Placemark>
            <Placemark id="432">
                <name>EL 15 LAND_LIKELY 0.00</name>
                <styleUrl>#8</styleUrl>
                <Polygon id="431">
                    <outerBoundaryIs>
                        <LinearRing id="435">
                            <coordinates>-69.96329974209462,41.89273400627876,0.0 -69.96329685028154,41.89273566889256,0.0 -69.96329477183515,41.892739641526774,0.0 -69.96329364839814,41.892745653453,0.0 -69.96329355653101,41.89275329496843,0.0 -69.96329450249476,41.8927620453164,0.0 -69.96329642182393,41.892771308175156,0.0 -69.96329918371983,41.89278045229614,0.0 -69.96330259996405,41.89278885452255,0.0 -69.96330643774527,41.8927959422565,0.0 -69.96331043552486,41.89280123248061,0.0 -69.96331432086038,41.89280436467483,0.0 -69.9633178289722,41.89280512538535,0.0 -69.96332072078789,41.89280346277103,0.0 -69.96332279923473,41.89279949013635,0.0 -69.96332392266996,41.89279347820984,0.0 -69.9633240145335,41.8927858366944,0.0 -69.96332306856536,41.89277708634665,0.0 -69.96332114923214,41.89276782348834,0.0 -69.96331838733366,41.89275867936789,0.0 -69.96331497108896,41.89275027714194,0.0 -69.96331113330953,41.89274318940827,0.0 -69.96330713553353,41.89273789918419,0.0 -69.9633032502024,41.892734766989726,0.0 -69.96329974209462,41.89273400627876,0.0</coordinates>
                        </LinearRing>
                    </outerBoundaryIs>
                </Polygon>
            </Placemark>
        </Folder>
        <Folder id="437">
            <name>DOY 205 SAT 9 F1</name>
            <Placemark id="439">
                <name>EL 5 LAND_LIKELY 0.00</name>
                <styleUrl>#8</styleUrl>
                <Polygon id="438">
                    <outerBoundaryIs>
                        <LinearRing id="442">
                            <coordinates>-69.96276295549985,41.89253923651167,0.0 -69.96276760349619,41.89254775117486,0.0 -69.96278892791726,41.89256434063523,0.0 -69.96282547555852,41.89258787433984,0.0 -69.96287475578401,41.8926167484926,0.0 -69.96293341025233,41.892648995353845,0.0 -69.9629974417754,41.89268241734232,0.0 -69.96306248671577,41.89271473679948,0.0 -69.96312411235986,41.89274375120977,0.0 -69.96317811900241,41.8927674832977,0.0 -69.96322082615454,41.89278431577371,0.0 -69.96324932336991,41.892793101546204,0.0 -69.96326166859336,41.89279324189034,0.0 -69.96325702051331,41.892784727247054,0.0 -69.96323569589708,41.89276813787329,0.0 -69.96319914800154,41.892744604298755,0.0 -69.96314986753076,41.892715730284685,0.0 -69.96309121289188,41.89268348353356,0.0 -69.96302718131868,41.89265006159719,0.0 -69.96296213646204,41.89261774212009,0.0 -69.96290051101309,41.89258872762321,0.0 -69.96284650462484,41.89256499540521,0.0 -69.962803797718,41.89254816279053,0.0 -69.96277530067317,41.892539376907884,0.0 -69.96276295549985,41.89253923651167,0.0</coordinates>
                        </LinearRing>
                    </outerBoundaryIs>
                </Polygon>
            </Placemark>
            <Placemark id="445">
                <name>EL 10 LAND_LIKELY 0.00</name>
                <styleUrl>#8</styleUrl>
                <Polygon id="444">
                    <outerBoundaryIs>
                        <LinearRing id="448">
                            <coordinates>-69.96311645809844,41.89271928347171,0.0 -69.9631167338126,41.89272349848968,0.0 -69.9631226440396,41.892730305599834,0.0 -69.96313378600958,41.89273924090809,0.0 -69.96314940041863,41.892749695486536,0.0 -69.96316842317329,41.892760956871406,0.0 -69.96318955790605,41.892772257616556,0.0 -69.9632113643202,41.892782827594154,0.0 -69.96323235634354,41.89279194647773,0.0 -69.96325110340202,41.89279899283128,0.0 -69.96326632791164,41.892803486458774,0.0 -69.96327699234453,41.89280512112854,0.0 -69.96328236993543,41.89280378544184,0.0 -69.96328209420999,41.89279957042427,0.0 -69.96327618395958,41.89279276332229,0.0 -69.96326504196034,41.89278382802782,0.0 -69.96324942752403,41.89277337346502,0.0 -69.9632304047514,41.892762112093536,0.0 -69.96320927001476,41.89275081135587,0.0 -69.96318746361187,41.89274024137787,0.0 -69.96316647161194,41.8927311224861,0.0 -69.96314772458274,41.892724076118824,0.0 -69.96313250010037,41.892719582475635,0.0 -69.96312183568546,41.89271794779252,0.0 -69.96311645809844,41.89271928347171,0.0</coordinates>
                        </LinearRing>
                    </outerBoundaryIs>
                </Polygon>
            </Placemark>
            <Placemark id="451">
                <name>EL 15 LAND_LIKELY 0.00</name>
                <styleUrl>#8</styleUrl>
                <Polygon id="450">
                    <outerBoundaryIs>
                        <LinearRing id="454">
                            <coordinates>-69.96320377771522,41.89276375702675,0.0 -69.96320325445757,41.89276674825469,0.0 -69.96320579941258,41.892771080170654,0.0 -69.96321123914653,41.89277645756156,0.0 -69.96321920295141,41.89278251396672,0.0 -69.96322914810789,41.892788836651654,0.0 -69.96324039687048,41.89279499473544,0.0 -69.96325218265466,41.89280056855458,0.0 -69.96326370227834,41.89280517826244,0.0 -69.96327417069747,41.89280850971528,0.0 -69.96328287450571,41.892810335880455,0.0 -69.9632892205521,41.89281053230828,0.0 -69.96329277636356,41.89280908561294,0.0 -69.96329329961738,41.89280609438458,0.0 -69.96329075465503,41.89280176247053,0.0 -69.96328531491223,41.892796385083386,0.0 -69.96327735109935,41.89279032868281,0.0 -69.96326740593787,41.89278400600204,0.0 -69.96325615717463,41.89277784792088,0.0 -69.96324437139428,41.89277227410216,0.0 -69.96323285177793,41.892767664392345,0.0 -69.96322238336765,41.89276433293575,0.0 -69.96321367956742,41.89276250676601,0.0 -69.96320733352603,41.89276231033404,0.0 -69.96320377771522,41.89276375702675,0.0</coordinates>
                        </LinearRing>
                    </outerBoundaryIs>
                </Polygon>
            </Placemark>
        </Folder>
        <Folder id="456">
            <name>DOY 205 SAT 12 F1</name>
            <Placemark id="458">
                <name>EL 5 LAND_LIKELY 0.00</name>
                <styleUrl>#8</styleUrl>
                <Polygon id="457">
                    <outerBoundaryIs>
                        <LinearRing id="461">
                            <coordinates>-69.96300867249458,41.892604422403444,0.0 -69.96301064074468,41.89261064730479,0.0 -69.96302290999876,41.89262375534288,0.0 -69.96304464413696,41.892642853223485,0.0 -69.96307436202669,41.892666639452784,0.0 -69.96311003845577,41.8926934930333,0.0 -69.96314924214388,41.892721583933586,0.0 -69.9631893014278,41.89274899780302,0.0 -69.96322748632991,41.89277386643222,0.0 -69.9632611946027,41.892794495068316,0.0 -69.96328812907008,41.89280947790864,0.0 -69.9633064541797,41.892817793902665,0.0 -69.9633149210963,41.89281887633345,0.0 -69.96331295281013,41.8928126514373,0.0 -69.96330068346025,41.89279954343009,0.0 -69.96327894919217,41.892780445597765,0.0 -69.9632492311733,41.8927566594212,0.0 -69.96321355465042,41.89272980588377,0.0 -69.96317435092898,41.89270171500536,0.0 -69.96313429168113,41.89267430113073,0.0 -69.96309610687481,41.89264943247064,0.0 -69.9630623987319,41.89262880378628,0.0 -69.96303546439367,41.8926138208932,0.0 -69.96301713937784,41.89260550485609,0.0 -69.96300867249458,41.892604422403444,0.0</coordinates>
                        </LinearRing>
                    </outerBoundaryIs>
                </Polygon>
            </Placemark>
            <Placemark id="464">
                <name>EL 10 LAND_LIKELY 0.00</name>
                <styleUrl>#8</styleUrl>
                <Polygon id="463">
                    <outerBoundaryIs>
                        <LinearRing id="467">
                            <coordinates>-69.96322305975822,41.892754549664225,0.0 -69.96322267482608,41.89275723879115,0.0 -69.96322551345365,41.892761983616886,0.0 -69.96323138219405,41.89276846078917,0.0 -69.96323988110359,41.89277622889899,0.0 -69.96325043099685,41.89278475856199,0.0 -69.96326231291694,41.892793468495285,0.0 -69.96327471713094,41.89280176513103,0.0 -69.96328679831183,41.89280908306719,0.0 -69.96329773314613,41.89281492359871,0.0 -69.96330677644173,41.89281888870348,0.0 -69.96331331191175,41.89282070816663,0.0 -69.9633168941738,41.89282025799522,0.0 -69.96331727910234,41.892817568867976,0.0 -69.9633144404655,41.892812824044505,0.0 -69.96330857171259,41.892806346876455,0.0 -69.96330007279069,41.8927985787717,0.0 -69.96328952288852,41.892790049113245,0.0 -69.96327764096534,41.89278133918276,0.0 -69.96326523675494,41.89277304254732,0.0 -69.96325315558335,41.892765724608914,0.0 -69.96324222076153,41.89275988407314,0.0 -69.96323317747829,41.89275591896333,0.0 -69.96322664201719,41.89275409949563,0.0 -69.96322305975822,41.892754549664225,0.0</coordinates>
                        </LinearRing>
                    </outerBoundaryIs>
                </Polygon>
            </Placemark>
            <Placemark id="470">
                <name>EL 15 LAND_LIKELY 0.00</name>
                <styleUrl>#8</styleUrl>
                <Polygon id="469">
                    <outerBoundaryIs>
                        <LinearRing id="473">
                            <coordinates>-69.96326966881641,41.89278718807185,0.0 -69.96326896682369,41.89278897634753,0.0 -69.96326996566155,41.89279180027585,0.0 -69.96327259726111,41.89279546741067,0.0 -69.96327668228354,41.89279972784275,0.0 -69.96328194234165,41.892804291230505,0.0 -69.96328801897144,41.8928088465865,0.0 -69.96329449806069,41.892813083470664,0.0 -69.96330093807009,41.89281671314628,0.0 -69.96330690012337,41.892819488257025,0.0 -69.9633119779161,41.892821219683775,0.0 -69.96331582540478,41.892821789432794,0.0 -69.96331818038915,41.89282115867678,0.0 -69.96331888238085,41.89281937040077,0.0 -69.96331788354038,41.8928165464729,0.0 -69.96331525193736,41.89281287933911,0.0 -69.96331116691152,41.8928086189084,0.0 -69.96330590685096,41.892804055521964,0.0 -69.96329983022035,41.89279950016691,0.0 -69.96329335113212,41.892795263283055,0.0 -69.96328691112532,41.89279163360701,0.0 -69.96328094907551,41.892788858495244,0.0 -69.96327587128619,41.892787127067116,0.0 -69.96327202379996,41.892786557316754,0.0 -69.96326966881641,41.89278718807185,0.0</coordinates>
                        </LinearRing>
                    </outerBoundaryIs>
                </Polygon>
            </Placemark>
        </Folder>
        <Folder id="475">
            <name>DOY 205 SAT 23 F1</name>
            <Placemark id="477">
                <name>EL 5 LAND_LIKELY 0.00</name>
                <styleUrl>#8</styleUrl>
                <Polygon id="476">
                    <outerBoundaryIs>
                        <LinearRing id="480">
                            <coordinates>-69.96308148346827,41.892340961763445,0.0 -69.96307863515847,41.89235005497704,0.0 -69.96308326545096,41.89237312510714,0.0 -69.96309505880953,41.892408599961634,0.0 -69.96311321155335,41.89245406198579,0.0 -69.96313648662193,41.89250641301515,0.0 -69.96316329787369,41.892562085411,0.0 -69.96319181817456,41.892617285189786,0.0 -69.96322010391196,41.892668250577266,0.0 -69.96324622744909,41.892711508367384,0.0 -69.963268408493,41.892744110615226,0.0 -69.96328513542315,41.89276383553417,0.0 -69.96329526831107,41.89276933890612,0.0 -69.96329811660874,41.89276024568717,0.0 -69.96329348621059,41.892737175565706,0.0 -69.96328169268115,41.892701700731514,0.0 -69.96326353974703,41.8926562387339,0.0 -69.96324026451971,41.89260388773018,0.0 -69.96321345318333,41.892548215352235,0.0 -69.9631849328946,41.89249301557881,0.0 -69.96315664726285,41.89244205018267,0.0 -69.9631305238966,41.89239879237228,0.0 -69.963108343043,41.892366190097896,0.0 -69.96309161627157,41.89234646515331,0.0 -69.96308148346827,41.892340961763445,0.0</coordinates>
                        </LinearRing>
                    </outerBoundaryIs>
                </Polygon>
            </Placemark>
            <Placemark id="483">
                <name>EL 10 LAND_LIKELY 0.00</name>
                <styleUrl>#8</styleUrl>
                <Polygon id="482">
                    <outerBoundaryIs>
                        <LinearRing id="486">
                            <coordinates>-69.9632333787586,41.892645326678455,0.0 -69.9632302815053,41.892648952390935,0.0 -69.96322982410592,41.89265719773896,0.0 -69.96323203773238,41.89266950081567,0.0 -69.96323677153153,41.892685023186615,0.0 -69.96324370290503,41.89270270702753,0.0 -69.96325235949334,41.89272134721358,0.0 -69.96326215136563,41.892739673446556,0.0 -69.9632724112222,41.89275643682375,0.0 -69.96328243986991,41.89277049494874,0.0 -69.96329155387113,41.892780889783616,0.0 -69.96329913211949,41.892786912937865,0.0 -69.96330465816779,41.89278815394385,0.0 -69.96330775542361,41.89278452822934,0.0 -69.96330821281384,41.892776282881016,0.0 -69.96330599916901,41.89276397980577,0.0 -69.9633012653472,41.892748457437676,0.0 -69.96329433395279,41.8927307736002,0.0 -69.96328567735095,41.89271213341732,0.0 -69.96327588547614,41.89269380718635,0.0 -69.96326562562871,41.89267704380945,0.0 -69.96325559699937,41.89266298568301,0.0 -69.96324648302082,41.89265259084529,0.0 -69.96323890479337,41.892646567687564,0.0 -69.9632333787586,41.892645326678455,0.0</coordinates>
                        </LinearRing>
                    </outerBoundaryIs>
                </Polygon>
            </Placemark>
            <Placemark id="489">
                <name>EL 15 LAND_LIKELY 0.00</name>
                <styleUrl>#8</styleUrl>
                <Polygon id="488">
                    <outerBoundaryIs>
                        <LinearRing id="492">
                            <coordinates>-69.96327107229118,41.89272085578715,0.0 -69.96326827399945,41.892723116387074,0.0 -69.96326697040037,41.892727835829376,0.0 -69.96326725033227,41.892734692491935,0.0 -69.96326909471875,41.89274321910449,0.0 -69.96327237786865,41.89275283459243,0.0 -69.9632768760414,41.89276288367604,0.0 -69.9632822826945,41.89277268152675,0.0 -69.96328822937363,41.89278156043712,0.0 -69.96329431082226,41.89278891532405,0.0 -69.9633001125992,41.89279424496414,0.0 -69.96330523932221,41.8927971861513,0.0 -69.9633093416129,41.8927975384486,0.0 -69.96331213990644,41.89279527784769,0.0 -69.96331344350355,41.892790558404876,0.0 -69.96331316356645,41.89278370174243,0.0 -69.96331131917292,41.89277517513057,0.0 -69.96330803601602,41.89276555964373,0.0 -69.96330353783816,41.89275551056134,0.0 -69.96329813118327,41.89274571271163,0.0 -69.96329218450609,41.892736833801756,0.0 -69.96328610306266,41.89272947891473,0.0 -69.96328030129278,41.89272414927394,0.0 -69.96327517457678,41.89272120808567,0.0 -69.96327107229118,41.89272085578715,0.0</coordinates>
                        </LinearRing>
                    </outerBoundaryIs>
                </Polygon>
            </Placemark>
        </Folder>
        <Folder id="494">
            <name>DOY 205 SAT 29 F1</name>
            <Placemark id="496">
                <name>EL 5 LAND_LIKELY 0.00</name>
                <styleUrl>#8</styleUrl>
                <Polygon id="495">
                    <outerBoundaryIs>
                        <LinearRing id="499">
                            <coordinates>-69.96267101548628,41.89261930781463,0.0 -69.96267806406279,41.89262720974544,0.0 -69.96270420590206,41.892640731133675,0.0 -69.96274765949845,41.89265895050697,0.0 -69.96280546358254,41.89268062622764,0.0 -69.96287367892106,41.89270428111295,0.0 -69.96294765676387,41.89272830310751,0.0 -69.96302235564528,41.89275105514601,0.0 -69.96309268495104,41.89277098671808,0.0 -69.96315385183772,41.89278673953211,0.0 -69.96320168786168,41.892797240077385,0.0 -69.96323293305744,41.89280177277728,0.0 -69.96324545810405,41.89280002874983,0.0 -69.96323840943829,41.89279212685371,0.0 -69.96321226742397,41.89277860558662,0.0 -69.96316881361365,41.89276038638848,0.0 -69.96311100933407,41.89273871085002,0.0 -69.9630427938709,41.89271505610516,0.0 -69.96296881600765,41.89269103417166,0.0 -69.96289411721551,41.89266828209847,0.0 -69.96282378808479,41.89264835040525,0.0 -69.96276262141204,41.89263259741607,0.0 -69.96271478558356,41.89262209668858,0.0 -69.96268354051247,41.892617563848226,0.0 -69.96267101548628,41.89261930781463,0.0</coordinates>
                        </LinearRing>
                    </outerBoundaryIs>
                </Polygon>
            </Placemark>
            <Placemark id="502">
                <name>EL 10 LAND_LIKELY 0.00</name>
                <styleUrl>#8</styleUrl>
                <Polygon id="501">
                    <outerBoundaryIs>
                        <LinearRing id="505">
                            <coordinates>-69.96308018107463,41.89274803262403,0.0 -69.96308162825943,41.892752272042834,0.0 -69.96308951685975,41.892758280052945,0.0 -69.96310330928279,41.892765647217175,0.0 -69.96312206560025,41.89277387147352,0.0 -69.96314450760222,41.89278239235049,0.0 -69.9631691059045,41.8927906291627,0.0 -69.9631941841733,41.89279802058417,0.0 -69.96321803336467,41.892804062902016,0.0 -69.96323902819334,41.89280834434347,0.0 -69.9632557378939,41.8928105731373,0.0 -69.96326702372576,41.892810597396945,0.0 -69.96327211657696,41.89280841547082,0.0 -69.96327066937825,41.892804176054405,0.0 -69.96326278075522,41.89279816805667,0.0 -69.96324898830676,41.892790800911534,0.0 -69.96323023196798,41.89278257667582,0.0 -69.96320778995451,41.89277405581556,0.0 -69.96318319165363,41.8927658190116,0.0 -69.96315811339873,41.89275842758773,0.0 -69.96313426423008,41.89275238525751,0.0 -69.96311326942683,41.89274810379697,0.0 -69.96309655974757,41.89274587498248,0.0 -69.96308527392722,41.892745850706156,0.0 -69.96308018107463,41.89274803262403,0.0</coordinates>
                        </LinearRing>
                    </outerBoundaryIs>
                </Polygon>
            </Placemark>
            <Placemark id="508">
                <name>EL 15 LAND_LIKELY 0.00</name>
                <styleUrl>#8</styleUrl>
                <Polygon id="507">
                    <outerBoundaryIs>
                        <LinearRing id="511">
                            <coordinates>-69.96318217774483,41.89278012079741,0.0 -69.9631824749649,41.892783244995115,0.0 -69.96318626616146,41.89278726185958,0.0 -69.96319329297148,41.89279189764779,0.0 -69.96320307653026,41.89279683643789,0.0 -69.96321495010505,41.892801741658886,0.0 -69.96322810453162,41.892806279027596,0.0 -69.96324164335739,41.89281013932954,0.0 -69.96325464393324,41.89281305949156,0.0 -69.96326622029068,41.89281484050975,0.0 -69.96327558351926,41.892815361011216,0.0 -69.96328209552985,41.89281458552522,0.0 -69.9632853125394,41.89281256690039,0.0 -69.96328501531416,41.892809442702934,0.0 -69.96328122411008,41.89280542584173,0.0 -69.96327419729218,41.89280079005887,0.0 -69.9632644137273,41.89279585127481,0.0 -69.96325254014981,41.8927909460589,0.0 -69.96323938572466,41.89278640869298,0.0 -69.96322584690405,41.892782548390784,0.0 -69.96321284633572,41.892779628225504,0.0 -69.96320126998616,41.89277784720196,0.0 -69.96319190676368,41.89277732669446,0.0 -69.9631853947558,41.892778102175356,0.0 -69.96318217774483,41.89278012079741,0.0</coordinates>
                        </LinearRing>
                    </outerBoundaryIs>
                </Polygon>
            </Placemark>
        </Folder>
        <Folder id="513">
            <name>DOY 205 SAT 31 F1</name>
            <Placemark id="515">
                <name>EL 5 LAND_LIKELY 0.00</name>
                <styleUrl>#8</styleUrl>
                <Polygon id="514">
                    <outerBoundaryIs>
                        <LinearRing id="518">
                            <coordinates>-69.96271770992963,41.89248322924503,0.0 -69.9627221568889,41.89249265326879,0.0 -69.96274413898668,41.892511492408055,0.0 -69.96278215820271,41.89253846279725,0.0 -69.9628336236211,41.89257172643464,0.0 -69.96289502798865,41.89260901644303,0.0 -69.9629621867204,41.8926477915577,0.0 -69.96303052306644,41.892685409312755,0.0 -69.96309538000807,41.89271930612235,0.0 -69.96315233762854,41.89274717198432,0.0 -69.96319751432931,41.89276710790046,0.0 -69.96322783136284,41.89277775528634,0.0 -69.96324122265219,41.892778388552486,0.0 -69.96323677559644,41.89276896454876,0.0 -69.96321479326475,41.89275012550343,0.0 -69.96317677374005,41.89272315525693,0.0 -69.96312530802095,41.892689891772754,0.0 -69.96306390344121,41.892652601887036,0.0 -69.96299674464265,41.89261382683163,0.0 -69.9629284083931,41.89257620905654,0.0 -69.96286355168537,41.892542312153,0.0 -69.96280659437356,41.89251444614834,0.0 -69.96276141797351,41.892494510079,0.0 -69.96273110115217,41.89248386257043,0.0 -69.96271770992963,41.89248322924503,0.0</coordinates>
                        </LinearRing>
                    </outerBoundaryIs>
                </Polygon>
            </Placemark>
            <Placemark id="521">
                <name>EL 10 LAND_LIKELY 0.00</name>
                <styleUrl>#8</styleUrl>
                <Polygon id="520">
                    <outerBoundaryIs>
                        <LinearRing id="524">
                            <coordinates>-69.96309404226935,41.89269540797166,0.0 -69.963094045277,41.892700044069464,0.0 -69.9631000469618,41.89270774641345,0.0 -69.96311163832166,41.89271799010072,0.0 -69.96312802942816,41.89273007703941,0.0 -69.96314810325792,41.89274318352283,0.0 -69.96317049181495,41.892756416364286,0.0 -69.96319366935668,41.89276887376658,0.0 -69.9632160563707,41.89277970677838,0.0 -69.96323612721613,41.89278817714868,0.0 -69.96325251409446,41.89279370763729,0.0 -69.96326410026357,41.89279592135233,0.0 -69.96327009614284,41.89279466743428,0.0 -69.96327009312239,41.892790031336496,0.0 -69.96326409140936,41.89278232900135,0.0 -69.96325250001338,41.892772085329405,0.0 -69.96323610887254,41.89275999840842,0.0 -69.96321603501944,41.89274689194031,0.0 -69.96319364645632,41.89273365910772,0.0 -69.96317046892736,41.8927212017054,0.0 -69.96314808194158,41.89271036868477,0.0 -69.96312801113227,41.89270189829913,0.0 -69.96311162428827,41.892696367792816,0.0 -69.96310003814251,41.89269415406247,0.0 -69.96309404226935,41.89269540797166,0.0</coordinates>
                        </LinearRing>
                    </outerBoundaryIs>
                </Polygon>
            </Placemark>
            <Placemark id="527">
                <name>EL 15 LAND_LIKELY 0.00</name>
                <styleUrl>#8</styleUrl>
                <Polygon id="526">
                    <outerBoundaryIs>
                        <LinearRing id="530">
                            <coordinates>-69.96318921474244,41.892749066439784,0.0 -69.96318842465227,41.892752342010816,0.0 -69.96319091998059,41.89275721632387,0.0 -69.96319653067579,41.89276335720234,0.0 -69.96320487437934,41.892770346155125,0.0 -69.96321538248267,41.892777706896084,0.0 -69.96322733887656,41.89278493780243,0.0 -69.96323992875267,41.89279154609952,0.0 -69.96325229413134,41.892797081442765,0.0 -69.96326359233153,41.89280116660787,0.0 -69.9632730533985,41.892803523198,0.0 -69.96328003257513,41.89280399061595,0.0 -69.96328405424143,41.89280253700845,0.0 -69.96328484432732,41.892799261436764,0.0 -69.96328234899019,41.89279438712575,0.0 -69.96327673828402,41.89278824625145,0.0 -69.96326839457026,41.89278125730388,0.0 -69.96325788646024,41.89277389656774,0.0 -69.96324593006496,41.89276666566457,0.0 -69.96323334019311,41.892760057368136,0.0 -69.96322097482327,41.892754522022855,0.0 -69.96320967663405,41.892750436853575,0.0 -69.96320021557729,41.892748080258244,0.0 -69.96319323640735,41.89274761283545,0.0 -69.96318921474244,41.892749066439784,0.0</coordinates>
                        </LinearRing>
                    </outerBoundaryIs>
                </Polygon>
            </Placemark>
        </Folder>
        <Folder id="532">
            <name>DOY 205 SAT 103 F101</name>
            <Placemark id="534">
                <name>EL 5 INVALID nan</name>
                <Polygon id="533">
                    <outerBoundaryIs>
                        <LinearRing id="537">
                            <coordinates>0.0, 0.0, 0.0</coordinates>
                        </LinearRing>
                    </outerBoundaryIs>
                </Polygon>
            </Placemark>
            <Placemark id="540">
                <name>EL 10 INVALID nan</name>
                <Polygon id="539">
                    <outerBoundaryIs>
                        <LinearRing id="543">
                            <coordinates>0.0, 0.0, 0.0</coordinates>
                        </LinearRing>
                    </outerBoundaryIs>
                </Polygon>
            </Placemark>
            <Placemark id="546">
                <name>EL 15 INVALID nan</name>
                <Polygon id="545">
                    <outerBoundaryIs>
                        <LinearRing id="549">
                            <coordinates>0.0, 0.0, 0.0</coordinates>
                        </LinearRing>
                    </outerBoundaryIs>
                </Polygon>
            </Placemark>
        </Folder>
        <Folder id="551">
            <name>DOY 205 SAT 103 F101</name>
            <Placemark id="553">
                <name>EL 5 INVALID nan</name>
                <Polygon id="552">
                    <outerBoundaryIs>
                        <LinearRing id="556">
                            <coordinates>0.0, 0.0, 0.0</coordinates>
                        </LinearRing>
                    </outerBoundaryIs>
                </Polygon>
            </Placemark>
            <Placemark id="559">
                <name>EL 10 INVALID nan</name>
                <Polygon id="558">
                    <outerBoundaryIs>
                        <LinearRing id="562">
                            <coordinates>0.0, 0.0, 0.0</coordinates>
                        </LinearRing>
                    </outerBoundaryIs>
                </Polygon>
            </Placemark>
            <Placemark id="565">
                <name>EL 15 INVALID nan</name>
                <Polygon id="564">
                    <outerBoundaryIs>
                        <LinearRing id="568">
                            <coordinates>0.0, 0.0, 0.0</coordinates>
                        </LinearRing>
                    </outerBoundaryIs>
                </Polygon>
            </Placemark>
        </Folder>
        <Folder id="570">
            <name>DOY 205 SAT 109 F101</name>
            <Placemark id="572">
                <name>EL 5 INVALID nan</name>
                <Polygon id="571">
                    <outerBoundaryIs>
                        <LinearRing id="575">
                            <coordinates>0.0, 0.0, 0.0</coordinates>
                        </LinearRing>
                    </outerBoundaryIs>
                </Polygon>
            </Placemark>
            <Placemark id="578">
                <name>EL 10 INVALID nan</name>
                <Polygon id="577">
                    <outerBoundaryIs>
                        <LinearRing id="581">
                            <coordinates>0.0, 0.0, 0.0</coordinates>
                        </LinearRing>
                    </outerBoundaryIs>
                </Polygon>
            </Placemark>
            <Placemark id="584">
                <name>EL 15 INVALID nan</name>
                <Polygon id="583">
                    <outerBoundaryIs>
                        <LinearRing id="587">
                            <coordinates>0.0, 0.0, 0.0</coordinates>
                        </LinearRing>
                    </outerBoundaryIs>
                </Polygon>
            </Placemark>
        </Folder>
        <Folder id="589">
            <name>DOY 205 SAT 115 F101</name>
            <Placemark id="591">
                <name>EL 5 INVALID nan</name>
                <Polygon id="590">
                    <outerBoundaryIs>
                        <LinearRing id="594">
                            <coordinates>0.0, 0.0, 0.0</coordinates>
                        </LinearRing>
                    </outerBoundaryIs>
                </Polygon>
            </Placemark>
            <Placemark id="597">
                <name>EL 10 INVALID nan</name>
                <Polygon id="596">
                    <outerBoundaryIs>
                        <LinearRing id="600">
                            <coordinates>0.0, 0.0, 0.0</coordinates>
                        </LinearRing>
                    </outerBoundaryIs>
                </Polygon>
            </Placemark>
            <Placemark id="603">
                <name>EL 15 INVALID nan</name>
                <Polygon id="602">
                    <outerBoundaryIs>
                        <LinearRing id="606">
                            <coordinates>0.0, 0.0, 0.0</coordinates>
                        </LinearRing>
                    </outerBoundaryIs>
                </Polygon>
            </Placemark>
        </Folder>
        <Folder id="608">
            <name>DOY 205 SAT 115 F101</name>
            <Placemark id="610">
                <name>EL 5 INVALID nan</name>
                <Polygon id="609">
                    <outerBoundaryIs>
                        <LinearRing id="613">
                            <coordinates>0.0, 0.0, 0.0</coordinates>
                        </LinearRing>
                    </outerBoundaryIs>
                </Polygon>
            </Placemark>
            <Placemark id="616">
                <name>EL 10 INVALID nan</name>
                <Polygon id="615">
                    <outerBoundaryIs>
                        <LinearRing id="619">
                            <coordinates>0.0, 0.0, 0.0</coordinates>
                        </LinearRing>
                    </outerBoundaryIs>
                </Polygon>
            </Placemark>
            <Placemark id="622">
                <name>EL 15 INVALID nan</name>
                <Polygon id="621">
                    <outerBoundaryIs>
                        <LinearRing id="625">
                            <coordinates>0.0, 0.0, 0.0</coordinates>
                        </LinearRing>
                    </outerBoundaryIs>
                </Polygon>
            </Placemark>
        </Folder>
        <Folder id="627">
            <name>DOY 205 SAT 122 F101</name>
            <Placemark id="629">
                <name>EL 5 INVALID nan</name>
                <Polygon id="628">
                    <outerBoundaryIs>
                        <LinearRing id="632">
                            <coordinates>0.0, 0.0, 0.0</coordinates>
                        </LinearRing>
                    </outerBoundaryIs>
                </Polygon>
            </Placemark>
            <Placemark id="635">
                <name>EL 10 INVALID nan</name>
                <Polygon id="634">
                    <outerBoundaryIs>
                        <LinearRing id="638">
                            <coordinates>0.0, 0.0, 0.0</coordinates>
                        </LinearRing>
                    </outerBoundaryIs>
                </Polygon>
            </Placemark>
            <Placemark id="641">
                <name>EL 15 INVALID nan</name>
                <Polygon id="640">
                    <outerBoundaryIs>
                        <LinearRing id="644">
                            <coordinates>0.0, 0.0, 0.0</coordinates>
                        </LinearRing>
                    </outerBoundaryIs>
                </Polygon>
            </Placemark>
        </Folder>
        <Folder id="646">
            <name>DOY 205 SAT 202 F201</name>
            <Placemark id="648">
                <name>EL 5 LAND_LIKELY 0.00</name>
                <styleUrl>#8</styleUrl>
                <Polygon id="647">
                    <outerBoundaryIs>
                        <LinearRing id="651">
                            <coordinates>-69.96319087281785,41.89237758352883,0.0 -69.96318674666321,41.8923855372564,0.0 -69.96318700010565,41.89240683669781,0.0 -69.96319161587792,41.892440030331315,0.0 -69.96320027943145,41.89248285606516,0.0 -69.96321240037001,41.89253239539551,0.0 -69.96322715268138,41.892585272297964,0.0 -69.96324353102612,41.892637883298164,0.0 -69.96326041924817,41.89268664304298,0.0 -69.96327666643865,41.89272822863638,0.0 -69.9632911653697,41.8927598060894,0.0 -69.9633029279525,41.89277922345166,0.0 -69.96331115257676,41.892785157462896,0.0 -69.96331527874173,41.892777203730894,0.0 -69.96331502525503,41.89275590428976,0.0 -69.9633104093958,41.8927227106612,0.0 -69.9633017457359,41.89267988493563,0.0 -69.96328962470007,41.89263034561466,0.0 -69.96327487232656,41.89257746872022,0.0 -69.9632584939715,41.89252485772447,0.0 -69.9632416057937,41.89247609797938,0.0 -69.96322535869018,41.89243451238102,0.0 -69.96321085986551,41.89240293491972,0.0 -69.96319909737998,41.89238351754809,0.0 -69.96319087281785,41.89237758352883,0.0</coordinates>
                        </LinearRing>
                    </outerBoundaryIs>
                </Polygon>
            </Placemark>
            <Placemark id="654">
                <name>EL 10 LAND_LIKELY 0.00</name>
                <styleUrl>#8</styleUrl>
                <Polygon id="653">
                    <outerBoundaryIs>
                        <LinearRing id="657">
                            <coordinates>-69.96327534722312,41.892663829801435,0.0 -69.96327197532968,41.8926667746754,0.0 -69.96327018087217,41.89267408541944,0.0 -69.96327008614014,41.89268526381851,0.0 -69.96327169759026,41.89269954808322,0.0 -69.96327490540615,41.89271596476443,0.0 -69.96327949098182,41.892733395092336,0.0 -69.96328514181891,41.89275065121875,0.0 -69.96329147282273,41.89276655716707,0.0 -69.9632980525456,41.89278002897311,0.0 -69.96330443258944,41.89279014855556,0.0 -69.96331017816351,41.89279622628164,0.0 -69.96331489771508,41.89279784796451,0.0 -69.96331826961347,41.8927949030893,0.0 -69.96332006406885,41.892787592344504,0.0 -69.9633201587923,41.8927764139454,0.0 -69.9633185473294,41.89276212968137,0.0 -69.96331533949997,41.892745713001375,0.0 -69.96331075391363,41.89272828267489,0.0 -69.9633051030716,41.892711026549726,0.0 -69.96329877206989,41.89269512060216,0.0 -69.96329219235561,41.892681648796156,0.0 -69.96328581232456,41.89267152921304,0.0 -69.96328006676403,41.89266545148575,0.0 -69.96327534722312,41.892663829801435,0.0</coordinates>
                        </LinearRing>
                    </outerBoundaryIs>
                </Polygon>
            </Placemark>
            <Placemark id="660">
                <name>EL 15 LAND_LIKELY 0.00</name>
                <styleUrl>#8</styleUrl>
                <Polygon id="659">
                    <outerBoundaryIs>
                        <LinearRing id="663">
                            <coordinates>-69.96329574148453,41.89273293650933,0.0 -69.96329288180546,41.89273468201742,0.0 -69.96329093651477,41.892738746642785,0.0 -69.96329003818077,41.892744853387946,0.0 -69.96329024802368,41.89275258608838,0.0 -69.96329155174345,41.89276141777329,0.0 -69.9632938604942,41.89277074657793,0.0 -69.9632970169388,41.89277993675961,0.0 -69.96330080597102,41.89278836202259,0.0 -69.96330496937459,41.89279544819906,0.0 -69.9633092234202,41.89280071237779,0.0 -69.96331327820126,41.89280379581372,0.0 -69.9633168573907,41.89280448837579,0.0 -69.96331971707222,41.892802742867104,0.0 -69.96332166236303,41.89279867824127,0.0 -69.96332256069476,41.89279257149585,0.0 -69.96332235084782,41.892784838795485,0.0 -69.96332104712332,41.892776007110925,0.0 -69.9633187383684,41.89276667830684,0.0 -69.96331558192132,41.892757488125746,0.0 -69.96331179288899,41.89274906286325,0.0 -69.96330762948769,41.89274197668702,0.0 -69.96330337544613,41.89273671250822,0.0 -69.96329932066979,41.89273362907195,0.0 -69.96329574148453,41.89273293650933,0.0</coordinates>
                        </LinearRing>
                    </outerBoundaryIs>
                </Polygon>
            </Placemark>
        </Folder>
        <Folder id="665">
            <name>DOY 205 SAT 209 F201</name>
            <Placemark id="667">
                <name>EL 5 LAND_LIKELY 0.00</name>
                <styleUrl>#8</styleUrl>
                <Polygon id="666">
                    <outerBoundaryIs>
                        <LinearRing id="670">
                            <coordinates>-69.96273322718815,41.89301704715405,0.0 -69.96274492458494,41.89301855048766,0.0 -69.96277394997769,41.89301402598861,0.0 -69.96281832532264,41.89300378198201,0.0 -69.96287502649592,41.89298851656435,0.0 -69.96294018938728,41.8929692700336,0.0 -69.96300937323791,41.89294735399869,0.0 -69.96307786327492,41.892924261998274,0.0 -69.96314099201747,41.892901567719285,0.0 -69.9631944573573,41.892880817751376,0.0 -69.96323461573729,41.89286342618622,0.0 -69.96325873044923,41.892850578245195,0.0 -69.9632651581308,41.892843149504614,0.0 -69.96325346075389,41.8928416462238,0.0 -69.96322443547345,41.892846170843576,0.0 -69.96318006030312,41.89285641500652,0.0 -69.96312335932001,41.89287168057424,0.0 -69.9630581965834,41.892890927208526,0.0 -69.96298901281065,41.89291284327273,0.0 -69.96292052275376,41.89293593522036,0.0 -69.96285739389891,41.89295862937861,0.0 -69.96280392838445,41.89297937919018,0.0 -69.96276376981429,41.89299677060529,0.0 -69.9627396549476,41.89300961844277,0.0 -69.96273322718815,41.89301704715405,0.0</coordinates>
                        </LinearRing>
                    </outerBoundaryIs>
                </Polygon>
            </Placemark>
            <Placemark id="673">
                <name>EL 10 LAND_LIKELY 0.00</name>
                <styleUrl>#8</styleUrl>
                <Polygon id="672">
                    <outerBoundaryIs>
                        <LinearRing id="676">
                            <coordinates>-69.96310830141469,41.8928944290978,0.0 -69.96311303493805,41.892896392111105,0.0 -69.96312344046504,41.892896261603475,0.0 -69.96313880887517,41.89289404646742,0.0 -69.96315809283482,41.892889897659046,0.0 -69.9631799781718,41.892884097911185,0.0 -69.9632029734346,41.89287704246604,0.0 -69.9632255115329,41.892869212140354,0.0 -69.96324605653244,41.89286114055858,0.0 -69.9632632083265,41.89285337778707,0.0 -69.96327579805052,41.89284645284764,0.0 -69.96328296773783,41.892840837665034,0.0 -69.96328422878803,41.892836914905715,0.0 -69.96327949526382,41.892834951899445,0.0 -69.96326908974713,41.892835082421165,0.0 -69.96325372135571,41.89283729757459,0.0 -69.96323443741815,41.89284144639897,0.0 -69.96321255210073,41.89284724615717,0.0 -69.96318955684971,41.892854301604224,0.0 -69.96316701875227,41.892862131922875,0.0 -69.96314647374243,41.89287020349057,0.0 -69.96312932192966,41.8928779662447,0.0 -69.96311673218355,41.89288489116814,0.0 -69.96310956247669,41.89289050634041,0.0 -69.96310830141469,41.8928944290978,0.0</coordinates>
                        </LinearRing>
                    </outerBoundaryIs>
                </Polygon>
            </Placemark>
            <Placemark id="679">
                <name>EL 15 LAND_LIKELY 0.00</name>
                <styleUrl>#8</styleUrl>
                <Polygon id="678">
                    <outerBoundaryIs>
                        <LinearRing id="682">
                            <coordinates>-69.96319986334028,41.89286449571161,0.0 -69.96320285227726,41.89286631870417,0.0 -69.96320884559216,41.89286696868022,0.0 -69.9632174348502,41.892866401344584,0.0 -69.96322803470711,41.89286465535972,0.0 -69.9632399227995,41.89286184971119,0.0 -69.96325228897288,41.892858175598995,0.0 -69.96326429049252,41.892853883407824,0.0 -69.96327510947458,41.89284926564363,0.0 -69.96328400862359,41.89284463699987,0.0 -69.96329038147775,41.89284031291144,0.0 -69.96329379373826,41.89283658805827,0.0 -69.96329401286587,41.892833716283235,0.0 -69.96329102392781,41.89283189329305,0.0 -69.96328503061537,41.89283124332125,0.0 -69.96327644136265,41.89283181066194,0.0 -69.96326584151251,41.89283355665125,0.0 -69.96325395342653,41.89283636230247,0.0 -69.96324158725747,41.89284003641484,0.0 -69.96322958573892,41.89284432860365,0.0 -69.9632187667544,41.89284894636354,0.0 -69.96320986760006,41.89285357500227,0.0 -69.96320349473913,41.89285789908626,0.0 -69.9632000824722,41.892861623936746,0.0 -69.96319986334028,41.89286449571161,0.0</coordinates>
                        </LinearRing>
                    </outerBoundaryIs>
                </Polygon>
            </Placemark>
        </Folder>
        <Folder id="684">
            <name>DOY 205 SAT 226 F201</name>
            <Placemark id="686">
                <name>EL 5 LAND_LIKELY 0.00</name>
                <styleUrl>#8</styleUrl>
                <Polygon id="685">
                    <outerBoundaryIs>
                        <LinearRing id="689">
                            <coordinates>-69.96295919101613,41.89314184120257,0.0 -69.96296943577416,41.893139646574866,0.0 -69.96299051433515,41.89312752932482,0.0 -69.96302099021517,41.893106315217615,0.0 -69.96305878651351,41.8930774499531,0.0 -69.96310132745535,41.89304290064552,0.0 -69.96314571393177,41.89300502176956,0.0 -69.96318892107301,41.89296639470763,0.0 -69.96322800438963,41.892929651833086,0.0 -69.96326030043305,41.892897297117536,0.0 -69.9632836083011,41.89287153548784,0.0 -69.96329633962065,41.8928541225623,0.0 -69.96329762678735,41.89284624500659,0.0 -69.96328738208766,41.89284843966346,0.0 -69.9632663036751,41.892860556967776,0.0 -69.9632358279938,41.89288177113985,0.0 -69.96319803189125,41.892910636462425,0.0 -69.96315549108982,41.89294518580569,0.0 -69.96311110466078,41.89298306468542,0.0 -69.9630678974612,41.89302169171817,0.0 -69.96302881399615,41.89305843453843,0.0 -69.96299651775401,41.893090789189124,0.0 -69.96297320969016,41.89311655076075,0.0 -69.96296047823022,41.89313396365061,0.0 -69.96295919101613,41.89314184120257,0.0</coordinates>
                        </LinearRing>
                    </outerBoundaryIs>
                </Polygon>
            </Placemark>
            <Placemark id="692">
                <name>EL 10 LAND_LIKELY 0.00</name>
                <styleUrl>#8</styleUrl>
                <Polygon id="691">
                    <outerBoundaryIs>
                        <LinearRing id="695">
                            <coordinates>-69.96319553509775,41.892935414209745,0.0 -69.96320030167811,41.89293561707495,0.0 -69.9632084854224,41.892932537773774,0.0 -69.96321952862033,41.892926386154876,0.0 -69.96323267869408,41.892917581440216,0.0 -69.96324703948575,41.89290672365597,0.0 -69.96326163232965,41.892894552741936,0.0 -69.96327546274713,41.89288189812591,0.0 -69.9632875882188,41.89286962219948,0.0 -69.96329718241542,41.892858561547385,0.0 -69.9633035915105,41.8928494699355,0.0 -69.96330637873689,41.892842966942716,0.0 -69.96330535415119,41.89283949573749,0.0 -69.96330058757768,41.89283929287663,0.0 -69.96329240384978,41.89284237218431,0.0 -69.96328136067338,41.89284852381021,0.0 -69.96326821062057,41.892857328530425,0.0 -69.9632538498436,41.89286818631731,0.0 -69.96323925700423,41.89288035723035,0.0 -69.96322542657991,41.89289301184204,0.0 -69.96321330109186,41.892905287761934,0.0 -69.9632037068737,41.89291634840704,0.0 -69.9631972977577,41.89292544001337,0.0 -69.9631945105166,41.892931943003525,0.0 -69.96319553509775,41.892935414209745,0.0</coordinates>
                        </LinearRing>
                    </outerBoundaryIs>
                </Polygon>
            </Placemark>
            <Placemark id="698">
                <name>EL 15 LAND_LIKELY 0.00</name>
                <styleUrl>#8</styleUrl>
                <Polygon id="697">
                    <outerBoundaryIs>
                        <LinearRing id="701">
                            <coordinates>-69.96325126998333,41.89288673413538,0.0 -69.96325455482352,41.892887320238756,0.0 -69.96325960259371,41.89288613109507,0.0 -69.96326606929622,41.89288324774229,0.0 -69.96327351423534,41.89287886667595,0.0 -69.96328143005015,41.89287328645835,0.0 -69.96328927729054,41.89286688737204,0.0 -69.96329652117993,41.892860105504255,0.0 -69.96330266805944,41.89285340302825,0.0 -69.96330729902988,41.892847236706864,0.0 -69.96331009849891,41.89284202676493,0.0 -69.96331087568792,41.8928381282515,0.0 -69.96330957763321,41.892835806843884,0.0 -69.96330629279517,41.89283522074207,0.0 -69.96330124502987,41.89283640988781,0.0 -69.96329477833368,41.89283929324257,0.0 -69.96328733340064,41.89284367431028,0.0 -69.96327941759002,41.892849254528294,0.0 -69.9632715703508,41.89285565361392,0.0 -69.96326432645927,41.892862435480126,0.0 -69.96325817957486,41.8928691379541,0.0 -69.96325354859809,41.892875304273495,0.0 -69.963250749123,41.89288051421407,0.0 -69.9632499719298,41.89288441272709,0.0 -69.96325126998333,41.89288673413538,0.0</coordinates>
                        </LinearRing>
                    </outerBoundaryIs>
                </Polygon>
            </Placemark>
        </Folder>
        <Folder id="703">
            <name>DOY 205 SAT 228 F201</name>
            <Placemark id="705">
                <name>EL 5 LAND_LIKELY 0.00</name>
                <styleUrl>#8</styleUrl>
                <Polygon id="704">
                    <outerBoundaryIs>
                        <LinearRing id="708">
                            <coordinates>-69.96299124921406,41.893145425572,0.0 -69.96300109639506,41.89314290807991,0.0 -69.9630208523355,41.89313031345092,0.0 -69.9630491706866,41.89310849998356,0.0 -69.9630841215809,41.89307895422411,0.0 -69.96312332315455,41.89304368966239,0.0 -69.96316410387223,41.893005109517134,0.0 -69.96320368459135,41.89296584296125,0.0 -69.96323936795709,41.89292856594823,0.0 -69.96326872222112,41.89289581884951,0.0 -69.9632897469575,41.89286983333125,0.0 -69.96330100938334,41.89285238026841,0.0 -69.9633017419958,41.892844649061296,0.0 -69.96329189487263,41.89284716657906,0.0 -69.96327213907321,41.892859761254506,0.0 -69.96324382090853,41.89288157477663,0.0 -69.96320887019611,41.89291112058452,0.0 -69.96316966875106,41.89294638517531,0.0 -69.96312888807424,41.89298496532255,0.0 -69.9630893072973,41.89302423185274,0.0 -69.96305362379053,41.893061508819315,0.0 -69.96302426934007,41.893094255863254,0.0 -69.96300324442181,41.893120241333094,0.0 -69.96299198186736,41.893137694366835,0.0 -69.96299124921406,41.893145425572,0.0</coordinates>
                        </LinearRing>
                    </outerBoundaryIs>
                </Polygon>
            </Placemark>
            <Placemark id="711">
                <name>EL 10 LAND_LIKELY 0.00</name>
                <styleUrl>#8</styleUrl>
                <Polygon id="710">
                    <outerBoundaryIs>
                        <LinearRing id="714">
                            <coordinates>-69.96320782413443,41.89293562833192,0.0 -69.96321246428447,41.89293565077365,0.0 -69.96322020454602,41.89293236225431,0.0 -69.9632305174315,41.892925986880485,0.0 -69.96324270013278,41.89291695912279,0.0 -69.963255922417,41.892905894207566,0.0 -69.96326928320603,41.892893546190265,0.0 -69.96328187198384,41.89288075656799,0.0 -69.9632928308467,41.89286839693273,0.0 -69.96330141296781,41.89285730957378,0.0 -69.96330703349179,41.892848250076895,0.0 -69.96330930939114,41.89284183583229,0.0 -69.96330808556837,41.89283850396031,0.0 -69.96330344542537,41.89283848152244,0.0 -69.96329570517946,41.89284177004736,0.0 -69.96328539231409,41.89284814542702,0.0 -69.96327320963196,41.89285717318921,0.0 -69.96325998736083,41.89286823810644,0.0 -69.96324662657528,41.892880586122665,0.0 -69.96323403779047,41.892893375741096,0.0 -69.96322307891194,41.892905735370746,0.0 -69.96321449677073,41.89291682272387,0.0 -69.9632088762276,41.89292588221625,0.0 -69.96320660031516,41.892932296458866,0.0 -69.96320782413443,41.89293562833192,0.0</coordinates>
                        </LinearRing>
                    </outerBoundaryIs>
                </Polygon>
            </Placemark>
            <Placemark id="717">
                <name>EL 15 LAND_LIKELY 0.00</name>
                <styleUrl>#8</styleUrl>
                <Polygon id="716">
                    <outerBoundaryIs>
                        <LinearRing id="720">
                            <coordinates>-69.96325848573784,41.892886551918295,0.0 -69.96326170617365,41.89288699965275,0.0 -69.96326651721938,41.89288566343237,0.0 -69.96327259100973,41.89288263431818,0.0 -69.96327951362532,41.89287811873914,0.0 -69.96328681330083,41.892872424424404,0.0 -69.96329399257503,41.89286593943208,0.0 -69.96330056219219,41.89285910570375,0.0 -69.96330607444399,41.89285238894685,0.0 -69.96331015368004,41.89284624689742,0.0 -69.96331252190772,41.892841098126155,0.0 -69.96331301773681,41.8928372935134,0.0 -69.96331160737772,41.89283509233728,0.0 -69.96330838694418,41.89283464460422,0.0 -69.96330357590317,41.89283598082636,0.0 -69.96329750211873,41.89283900994218,0.0 -69.96329057950864,41.8928435255223,0.0 -69.96328327983677,41.892849219837274,0.0 -69.96327610056336,41.89285570482892,0.0 -69.96326953094393,41.89286253855587,0.0 -69.96326401868743,41.89286925531103,0.0 -69.96325993944546,41.89287539735882,0.0 -69.96325757121227,41.892880546129,0.0 -69.96325707537954,41.89288435074151,0.0 -69.96325848573784,41.892886551918295,0.0</coordinates>
                        </LinearRing>
                    </outerBoundaryIs>
                </Polygon>
            </Placemark>
        </Folder>
        <Folder id="722">
            <name>DOY 205 SAT 231 F201</name>
            <Placemark id="724">
                <name>EL 5 LAND_LIKELY 0.00</name>
                <styleUrl>#8</styleUrl>
                <Polygon id="723">
                    <outerBoundaryIs>
                        <LinearRing id="727">
                            <coordinates>-69.96307790474347,41.892339501649005,0.0 -69.96307509403924,41.89234863321266,0.0 -69.96307985909361,41.8923717666375,0.0 -69.96309187518678,41.89240732541794,0.0 -69.9631103234592,41.8924528862798,0.0 -69.9631339467109,41.892505344322885,0.0 -69.96316113507235,41.89256112461564,0.0 -69.96319003571021,41.89261642582146,0.0 -69.96321867909246,41.89266747925402,0.0 -69.96324511320918,41.89271080570717,0.0 -69.96326753660166,41.89274345255681,0.0 -69.96328442113345,41.892763194976816,0.0 -69.96329461613556,41.89276868755652,0.0 -69.9632974268269,41.89275955598751,0.0 -69.9632926616648,41.892736422571666,0.0 -69.96328064539794,41.89270086381214,0.0 -69.9632621969324,41.89265530297754,0.0 -69.96323857351992,41.892602844960734,0.0 -69.96321138507308,41.89254706468625,0.0 -69.96318248444813,41.89249176348579,0.0 -69.9631538411736,41.89244071004424,0.0 -69.96312740723056,41.892397383570156,0.0 -69.96310498403119,41.89236473669326,0.0 -69.9630880996602,41.89234499424697,0.0 -69.96307790474347,41.892339501649005,0.0</coordinates>
                        </LinearRing>
                    </outerBoundaryIs>
                </Polygon>
            </Placemark>
            <Placemark id="730">
                <name>EL 10 LAND_LIKELY 0.00</name>
                <styleUrl>#8</styleUrl>
                <Polygon id="729">
                    <outerBoundaryIs>
                        <LinearRing id="733">
                            <coordinates>-69.9632319586713,41.89264459826487,0.0 -69.9632288684976,41.89264824655179,0.0 -69.96322845206286,41.892656524340836,0.0 -69.96323073774738,41.89266886751439,0.0 -69.96323556978739,41.89268443490541,0.0 -69.96324261888965,41.89270216562166,0.0 -69.96325140467161,41.892720851343746,0.0 -69.96326132839809,41.892739218670265,0.0 -69.9632717137838,41.89275601589809,0.0 -69.96328185308091,41.89277009832386,0.0 -69.96329105531123,41.89278050625368,0.0 -69.96329869335564,41.89278653040462,0.0 -69.96330424669195,41.892787760241134,0.0 -69.9633073368681,41.89278411195219,0.0 -69.96330775329344,41.892775834162855,0.0 -69.96330546759022,41.89276349099083,0.0 -69.96330063552719,41.89274792360273,0.0 -69.96329358640378,41.89273019289004,0.0 -69.96328480060819,41.892711507171164,0.0 -69.96327487687925,41.892693139846656,0.0 -69.96326449150294,41.89267634261913,0.0 -69.96325435222454,41.89266226019184,0.0 -69.96324515001724,41.892651852259085,0.0 -69.96323751199398,41.89264582810458,0.0 -69.9632319586713,41.89264459826487,0.0</coordinates>
                        </LinearRing>
                    </outerBoundaryIs>
                </Polygon>
            </Placemark>
            <Placemark id="736">
                <name>EL 15 LAND_LIKELY 0.00</name>
                <styleUrl>#8</styleUrl>
                <Polygon id="735">
                    <outerBoundaryIs>
                        <LinearRing id="739">
                            <coordinates>-69.96327022461712,41.89272038170125,0.0 -69.96326742696348,41.89272265927292,0.0 -69.96326614264807,41.892727401123786,0.0 -69.96326645919507,41.89273428410458,0.0 -69.96326835503284,41.892742839151545,0.0 -69.9632717009639,41.89275248325228,0.0 -69.96327626896928,41.89276255917714,0.0 -69.96328174774747,41.89277238026839,0.0 -69.96328776392899,41.89278127723479,0.0 -69.96329390752078,41.89278864376271,0.0 -69.96329975984669,41.892793977835474,0.0 -69.96330492207969,41.89279691594492,0.0 -69.96330904242139,41.89279725786383,0.0 -69.96331184007681,41.89279498029115,0.0 -69.96331312439018,41.89279023843977,0.0 -69.96331280783788,41.892783355459095,0.0 -69.96331091199295,41.89277480041287,0.0 -69.9633075660548,41.89276515631327,0.0 -69.9633029980443,41.89275508038964,0.0 -69.96329751926432,41.89274525929941,0.0 -69.96329150308485,41.89273636233353,0.0 -69.96328535949836,41.89272899580547,0.0 -69.96327950717959,41.89272366173198,0.0 -69.9632743449537,41.89272072362141,0.0 -69.96327022461712,41.89272038170125,0.0</coordinates>
                        </LinearRing>
                    </outerBoundaryIs>
                </Polygon>
            </Placemark>
        </Folder>
        <Folder id="741">
            <name>DOY 205 SAT 236 F201</name>
            <Placemark id="743">
                <name>EL 5 LAND_LIKELY 0.00</name>
                <styleUrl>#8</styleUrl>
                <Polygon id="742">
                    <outerBoundaryIs>
                        <LinearRing id="746">
                            <coordinates>-69.96313878810827,41.892337570386715,0.0 -69.96313501047476,41.892346331478535,0.0 -69.96313707176304,41.892369267126426,0.0 -69.9631448315071,41.89240481430362,0.0 -69.96315776090609,41.89245055052762,0.0 -69.96317497885791,41.89250335894883,0.0 -69.96319531200072,41.89255964075895,0.0 -69.96321737467218,41.892615560444405,0.0 -69.96323966333787,41.892667307170505,0.0 -69.96326065905474,41.89271135448366,0.0 -69.96327893098643,41.89274470063335,0.0 -69.96329323391598,41.89276507313614,0.0 -69.9633025931092,41.89277108364126,0.0 -69.96330637074485,41.89276232254394,0.0 -69.96330430938308,41.89273938689907,0.0 -69.96329654950964,41.89270383973263,0.0 -69.96328361996,41.892658103524184,0.0 -69.96326640187664,41.89260529511921,0.0 -69.96324606865664,41.89254901332163,0.0 -69.96322400598307,41.892493093641654,0.0 -69.96320171739085,41.89244134691253,0.0 -69.96318072180338,41.89239729958864,0.0 -69.96316245002232,41.89236395342337,0.0 -69.96314814722432,41.89234358090436,0.0 -69.96313878810827,41.892337570386715,0.0</coordinates>
                        </LinearRing>
                    </outerBoundaryIs>
                </Polygon>
            </Placemark>
            <Placemark id="749">
                <name>EL 10 LAND_LIKELY 0.00</name>
                <styleUrl>#8</styleUrl>
                <Polygon id="748">
                    <outerBoundaryIs>
                        <LinearRing id="752">
                            <coordinates>-69.96325491716463,41.8926449089189,0.0 -69.96325149132794,41.892648278148656,0.0 -69.96325015611772,41.892656332772994,0.0 -69.96325100252686,41.89266852388265,0.0 -69.96325397287535,41.89268402067363,0.0 -69.96325886474062,41.89270176706505,0.0 -69.96326534475199,41.892720553669456,0.0 -69.96327297130864,41.8927391002106,0.0 -69.96328122467384,41.89275614277215,0.0 -69.96328954239382,41.892770519931666,0.0 -69.96329735762839,41.89278125190948,0.0 -69.9633041377804,41.89278760733924,0.0 -69.96330942079192,41.892789153109106,0.0 -69.9633128466331,41.892785783877635,0.0 -69.96331418183813,41.89277772925258,0.0 -69.96331333541548,41.89276553814338,0.0 -69.9633103650488,41.89275004135394,0.0 -69.96330547316552,41.892732294964695,0.0 -69.96329899314117,41.89271350836253,0.0 -69.96329136658,41.892694961823125,0.0 -69.96328311322002,41.8926779192623,0.0 -69.96327479551354,41.892663542102326,0.0 -69.96326698029716,41.892652810122975,0.0 -69.96326020016315,41.89264645469104,0.0 -69.96325491716463,41.8926449089189,0.0</coordinates>
                        </LinearRing>
                    </outerBoundaryIs>
                </Polygon>
            </Placemark>
            <Placemark id="755">
                <name>EL 15 LAND_LIKELY 0.00</name>
                <styleUrl>#8</styleUrl>
                <Polygon id="754">
                    <outerBoundaryIs>
                        <LinearRing id="758">
                            <coordinates>-69.96328361223779,41.89272085069376,0.0 -69.96328062868932,41.892722898031316,0.0 -69.96327884475177,41.892727442526486,0.0 -69.96327838199761,41.89273417447953,0.0 -69.96327927196315,41.89274263511895,0.0 -69.96328145399926,41.89275224786614,0.0 -69.96328477940442,41.89276235762818,0.0 -69.96328902155828,41.89277227544144,0.0 -69.96329389136528,41.892781325423215,0.0 -69.96329905695607,41.892788890832165,0.0 -69.96330416630381,41.89279445609817,0.0 -69.96330887121431,41.892797641957564,0.0 -69.96331285105508,41.89279823129935,0.0 -69.96331583460604,41.89279618396096,0.0 -69.96331761854287,41.89279163946522,0.0 -69.96331808129331,41.89278490751202,0.0 -69.96331719132205,41.89277644687291,0.0 -69.96331500927973,41.89276683412639,0.0 -69.96331168386955,41.89275672436522,0.0 -69.96330744171321,41.89274680655281,0.0 -69.96330257190691,41.89273775657159,0.0 -69.96329740631984,41.8927301911628,0.0 -69.96329229697783,41.89272462589649,0.0 -69.96328759207354,41.89272144003642,0.0 -69.96328361223779,41.89272085069376,0.0</coordinates>
                        </LinearRing>
                    </outerBoundaryIs>
                </Polygon>
            </Placemark>
        </Folder>
        <Folder id="760">
            <name>DOY 205 SAT 314 F302</name>
            <Placemark id="762">
                <name>EL 5 LAND_LIKELY 0.00</name>
                <styleUrl>#8</styleUrl>
                <Polygon id="761">
                    <outerBoundaryIs>
                        <LinearRing id="765">
                            <coordinates>-69.96311299785201,41.893068343266705,0.0 -69.96312018498246,41.893065974155235,0.0 -69.96313394667636,41.893055546970324,0.0 -69.96315334508924,41.89303777230529,0.0 -69.96317705824124,41.893013861471694,0.0 -69.96320347011061,41.892985443951254,0.0 -69.96323078076547,41.89295445634977,0.0 -69.96325712902795,41.89292301042112,0.0 -69.96328071931096,41.892893249154625,0.0 -69.96329994398346,41.892867200733555,0.0 -69.96331349292586,41.892846640317195,0.0 -69.96332044280977,41.89283296906606,0.0 -69.96332032001872,41.89282711865454,0.0 -69.96331313292258,41.8928294877785,0.0 -69.96329937130663,41.89283991498478,0.0 -69.96327997299448,41.8928576896744,0.0 -69.96325625993899,41.89288160052915,0.0 -69.96322984813604,41.89291001806172,0.0 -69.96320253749973,41.89294100566297,0.0 -69.96317618920294,41.89297245157914,0.0 -69.96315259884199,41.893002212824236,0.0 -69.96313337406876,41.89302826122074,0.0 -69.96311982502985,41.89304882161593,0.0 -69.96311287507952,41.89306249285497,0.0 -69.96311299785201,41.893068343266705,0.0</coordinates>
                        </LinearRing>
                    </outerBoundaryIs>
                </Polygon>
            </Placemark>
            <Placemark id="768">
                <name>EL 10 LAND_LIKELY 0.00</name>
                <styleUrl>#8</styleUrl>
                <Polygon id="767">
                    <outerBoundaryIs>
                        <LinearRing id="771">
                            <coordinates>-69.9632597864934,41.892897551177214,0.0 -69.96326297310449,41.89289736208206,0.0 -69.96326802418342,41.8928947638387,0.0 -69.96327459550675,41.892889933512876,0.0 -69.96328223924873,41.892883200283116,0.0 -69.96329043450017,41.89287502300775,0.0 -69.96329862276765,41.89286595895451,0.0 -69.96330624603421,41.89285662582371,0.0 -69.96331278478718,41.89284765965294,0.0 -69.9633177934221,41.89283967147216,0.0 -69.9633209306097,41.89283320566289,0.0 -69.96332198255664,41.89282870285948,0.0 -69.96332087757503,41.89282646992065,0.0 -69.96331769096763,41.89282665901741,0.0 -69.96331263989612,41.89282925726295,0.0 -69.96330606858191,41.89283408759093,0.0 -69.96329842484832,41.89284082082227,0.0 -69.9632902296023,41.89284899809821,0.0 -69.96328204133579,41.89285806215085,0.0 -69.96327441806552,41.89286739528005,0.0 -69.96326787930514,41.89287636144864,0.0 -69.9632628706611,41.89288434962725,0.0 -69.96325973346512,41.89289081543497,0.0 -69.96325868151277,41.89289531823778,0.0 -69.9632597864934,41.892897551177214,0.0</coordinates>
                        </LinearRing>
                    </outerBoundaryIs>
                </Polygon>
            </Placemark>
            <Placemark id="774">
                <name>EL 15 LAND_LIKELY 0.00</name>
                <styleUrl>#8</styleUrl>
                <Polygon id="773">
                    <outerBoundaryIs>
                        <LinearRing id="777">
                            <coordinates>-69.96329035636307,41.892861982265416,0.0 -69.96329250255569,41.89286214029579,0.0 -69.96329555639132,41.892861061310185,0.0 -69.9632993097559,41.89285881883961,0.0 -69.96330350686357,41.892855565704686,0.0 -69.96330786168818,41.89285152360115,0.0 -69.96331207745548,41.892846967991666,0.0 -69.9633158668679,41.892842209333516,0.0 -69.96331897168336,41.89283757192147,0.0 -69.96332118031403,41.89283337178753,0.0 -69.96332234224562,41.892829895163956,0.0 -69.9633223782946,41.89282737897692,0.0 -69.96332128600449,41.89282599470043,0.0 -69.963319139813,41.89282583667057,0.0 -69.96331608597946,41.8928269156568,0.0 -69.96331233261735,41.89282915812792,0.0 -69.96330813551187,41.89283241126317,0.0 -69.96330378068858,41.89283645336672,0.0 -69.96329956492137,41.8928410089759,0.0 -69.9632957755078,41.892845767633524,0.0 -69.96329267069025,41.89285040504494,0.0 -69.96329046205713,41.89285460517833,0.0 -69.96328930012336,41.89285808180159,0.0 -69.96328926407304,41.892860597988616,0.0 -69.96329035636307,41.892861982265416,0.0</coordinates>
                        </LinearRing>
                    </outerBoundaryIs>
                </Polygon>
            </Placemark>
        </Folder>
        <Folder id="779">
            <name>DOY 205 SAT 328 F302</name>
            <Placemark id="781">
                <name>EL 5 LAND_LIKELY 0.00</name>
                <styleUrl>#8</styleUrl>
                <Polygon id="780">
                    <outerBoundaryIs>
                        <LinearRing id="784">
                            <coordinates>-69.963025841221,41.892424171732294,0.0 -69.96302492208045,41.892432684375,0.0 -69.96303331475562,41.8924530841613,0.0 -69.96305044731233,41.89248398087756,0.0 -69.96307515221412,41.89252326896004,0.0 -69.96310574588293,41.89256827098664,0.0 -69.96314014342666,41.89261592013984,0.0 -69.9631760007169,41.892662969206285,0.0 -69.9632108741355,41.89270621186964,0.0 -69.96324238710382,41.89274270121578,0.0 -69.96326839204617,41.892769950559625,0.0 -69.96328711674856,41.892786102907664,0.0 -69.9632972851376,41.89279005750782,0.0 -69.96329820424698,41.89278154486295,0.0 -69.96328981144406,41.89276114509592,0.0 -69.96327267869724,41.89273024841524,0.0 -69.96324797359388,41.89269096037509,0.0 -69.96321737976609,41.89264595838624,0.0 -69.96318298214858,41.892598309256094,0.0 -69.96314712488949,41.89255126019182,0.0 -69.96311225159864,41.89250801750918,0.0 -69.96308073882045,41.892471528127466,0.0 -69.96305473407965,41.89244427874128,0.0 -69.96303600953624,41.892428126355505,0.0 -69.963025841221,41.892424171732294,0.0</coordinates>
                        </LinearRing>
                    </outerBoundaryIs>
                </Polygon>
            </Placemark>
            <Placemark id="787">
                <name>EL 10 LAND_LIKELY 0.00</name>
                <styleUrl>#8</styleUrl>
                <Polygon id="786">
                    <outerBoundaryIs>
                        <LinearRing id="790">
                            <coordinates>-69.96321633980848,41.89268094985983,0.0 -69.96321423127338,41.89268448812373,0.0 -69.96321530386571,41.89269187948043,0.0 -69.96321948449129,41.892702620221066,0.0 -69.96322648824946,41.89271597838164,0.0 -69.96323583784793,41.892731043625076,0.0 -69.96324689612895,41.89274678927951,0.0 -69.96325890948995,41.892762142304164,0.0 -69.96327105924014,41.89277605641568,0.0 -69.96328251739287,41.89278758339041,0.0 -69.96329250309194,41.89279593768436,0.0 -69.96330033582615,41.89280054996673,0.0 -69.96330548180572,41.89280110591854,0.0 -69.96330759033961,41.892797567652956,0.0 -69.96330651773484,41.892790176297126,0.0 -69.96330233708888,41.89277943555964,0.0 -69.9632953333079,41.892766077403685,0.0 -69.96328598369027,41.89275101216506,0.0 -69.96327492539889,41.8927352665144,0.0 -69.96326291203908,41.89271991349139,0.0 -69.96325076230134,41.89270599937903,0.0 -69.96323930416898,41.89269447240115,0.0 -69.96322931849275,41.892686118102574,0.0 -69.9632214857777,41.89268150581539,0.0 -69.96321633980848,41.89268094985983,0.0</coordinates>
                        </LinearRing>
                    </outerBoundaryIs>
                </Polygon>
            </Placemark>
            <Placemark id="793">
                <name>EL 15 LAND_LIKELY 0.00</name>
                <styleUrl>#8</styleUrl>
                <Polygon id="792">
                    <outerBoundaryIs>
                        <LinearRing id="796">
                            <coordinates>-69.96326222168742,41.89274279491276,0.0 -69.96326014719014,41.8927450732603,0.0 -69.96325983489021,41.89274938107897,0.0 -69.96326130607066,41.89275542479807,0.0 -69.96326446047357,41.89276279254804,0.0 -69.96326908313226,41.89277098222882,0.0 -69.96327485902081,41.89277943572699,0.0 -69.96328139452233,41.89278757695054,0.0 -69.96328824425318,41.89279485108838,0.0 -69.96329494141524,41.89280076242007,0.0 -69.96330102960736,41.89280490809819,0.0 -69.96330609392867,41.89280700560172,0.0 -69.96330978925339,41.892806911989446,0.0 -69.96331186375089,41.89280463364103,0.0 -69.96331217604758,41.892800325822215,0.0 -69.96331070486129,41.89279428210376,0.0 -69.96330755045149,41.89278691435505,0.0 -69.96330292778671,41.89277872467583,0.0 -69.96329715189451,41.892770271179046,0.0 -69.96329061639277,41.89276212995641,0.0 -69.96328376666514,41.8927548558187,0.0 -69.96327706950893,41.89274894448636,0.0 -69.96327098132369,41.89274479880699,0.0 -69.96326591700848,41.8927427013019,0.0 -69.96326222168742,41.89274279491276,0.0</coordinates>
                        </LinearRing>
                    </outerBoundaryIs>
                </Polygon>
            </Placemark>
        </Folder>
        <Folder id="798">
            <name>DOY 205 SAT 332 F302</name>
            <Placemark id="800">
                <name>EL 5 LAND_LIKELY 0.00</name>
                <styleUrl>#8</styleUrl>
                <Polygon id="799">
                    <outerBoundaryIs>
                        <LinearRing id="803">
                            <coordinates>-69.96267815913944,41.89262116033456,0.0 -69.96268516061504,41.89262902136403,0.0 -69.96271114248502,41.892642480039406,0.0 -69.96275433414516,41.89266061916223,0.0 -69.96281179217637,41.89268220256397,0.0 -69.96287960092812,41.89270575935349,0.0 -69.96295313935836,41.89272968416062,0.0 -69.96302739594664,41.8927523465433,0.0 -69.96309731022036,41.892772202100986,0.0 -69.96315811762,41.89278789772222,0.0 -69.96320567420061,41.892798363793624,0.0 -69.96323673904045,41.89280288708774,0.0 -69.96324919510973,41.89280115936339,0.0 -69.96324219354584,41.89279329836817,0.0 -69.96321621150263,41.8927798398125,0.0 -69.96317301963069,41.89276170086275,0.0 -69.9631155614059,41.89274011764107,0.0 -69.96304775253066,41.89271656099036,0.0 -69.96297421408009,41.89269263624357,0.0 -69.96289995758009,41.892669973826656,0.0 -69.96283004347961,41.89265011814926,0.0 -69.96276923629176,41.892634422354966,0.0 -69.96272167990473,41.89262395610349,0.0 -69.96269061518838,41.89261943267057,0.0 -69.96267815913944,41.89262116033456,0.0</coordinates>
                        </LinearRing>
                    </outerBoundaryIs>
                </Polygon>
            </Placemark>
            <Placemark id="806">
                <name>EL 10 LAND_LIKELY 0.00</name>
                <styleUrl>#8</styleUrl>
                <Polygon id="805">
                    <outerBoundaryIs>
                        <LinearRing id="809">
                            <coordinates>-69.96308394377779,41.89274907008155,0.0 -69.96308537599401,41.892753277955045,0.0 -69.9630931989157,41.89275924427031,0.0 -69.9631068794259,41.8927665624316,0.0 -69.96312548522296,41.892774733716465,0.0 -69.96314774835466,41.89278320126329,0.0 -69.9631721516265,41.89279138802112,0.0 -69.96319703199569,41.8927987360751,0.0 -69.96322069390482,41.89280474466778,0.0 -69.96324152483166,41.89280900432468,0.0 -69.96325810518046,41.89281122475911,0.0 -69.96326930502575,41.892811254654156,0.0 -69.96327436111544,41.892809091974165,0.0 -69.96327292888553,41.89280488410302,0.0 -69.96326510594146,41.89279891779995,0.0 -69.9632514254062,41.89279159965743,0.0 -69.96323281958811,41.892783428392896,0.0 -69.96321055644506,41.892774960862496,0.0 -69.96318615317458,41.892766774112815,0.0 -69.96316127281908,41.89275942605647,0.0 -69.96313761093232,41.8927534174516,0.0 -69.96311678003055,41.89274915777592,0.0 -69.96310019970278,41.892746937321164,0.0 -69.96308899986884,41.89274690740969,0.0 -69.96308394377779,41.89274907008155,0.0</coordinates>
                        </LinearRing>
                    </outerBoundaryIs>
                </Polygon>
            </Placemark>
            <Placemark id="812">
                <name>EL 15 LAND_LIKELY 0.00</name>
                <styleUrl>#8</styleUrl>
                <Polygon id="811">
                    <outerBoundaryIs>
                        <LinearRing id="815">
                            <coordinates>-69.96318466874656,41.89278081988685,0.0 -69.96318496056591,41.892783918007424,0.0 -69.96318871619674,41.89278790310048,0.0 -69.96319567969975,41.89279250358821,0.0 -69.9632053765245,41.89279740595444,0.0 -69.963217145849,41.89280227611042,0.0 -69.96323018561353,41.89280678216257,0.0 -69.9632436071795,41.89281061703061,0.0 -69.96325649588891,41.89281351937465,0.0 -69.96326797339675,41.89281529140505,0.0 -69.96327725752904,41.8928158123614,0.0 -69.96328371558694,41.89281504674198,0.0 -69.9632869074642,41.892813046722985,0.0 -69.96328661563977,41.892809948602675,0.0 -69.96328286000154,41.8928059635128,0.0 -69.96327589649079,41.89280136303035,0.0 -69.96326619966003,41.89279646067005,0.0 -69.96325443033285,41.892791590519074,0.0 -69.96324139056972,41.892787084469674,0.0 -69.96322796900881,41.89278324960138,0.0 -69.96321508030681,41.892780347254146,0.0 -69.96320360280673,41.89277857521846,0.0 -69.96319431868044,41.89277805425619,0.0 -69.96318786062521,41.8927788198706,0.0 -69.96318466874656,41.89278081988685,0.0</coordinates>
                        </LinearRing>
                    </outerBoundaryIs>
                </Polygon>
            </Placemark>
        </Folder>
        <Folder id="817">
            <name>DOY 205 SAT 25 F5</name>
            <Placemark id="819">
                <name>EL 5 LAND_LIKELY 0.00</name>
                <styleUrl>#8</styleUrl>
                <Polygon id="818">
                    <outerBoundaryIs>
                        <LinearRing id="822">
                            <coordinates>-69.9630030651889,41.89223951131697,0.0 -69.96299997151975,41.89225096838476,0.0 -69.96300695526033,41.89227969651667,0.0 -69.96302354049843,41.8923237379362,0.0 -69.96304859700628,41.892380091289624,0.0 -69.96308041725594,41.89244491618415,0.0 -69.96311683277601,41.89251379490576,0.0 -69.96315536192243,41.89258203348031,0.0 -69.96319337899483,41.8926449815609,0.0 -69.96322829317435,41.89269834934162,0.0 -69.96325772508857,41.89273849990025,0.0 -69.9632796689695,41.89276269704738,0.0 -69.9632926293519,41.89276929179205,0.0 -69.96329572299365,41.89275783471641,0.0 -69.96328873907092,41.892729106602005,0.0 -69.96327215354471,41.892685065220626,0.0 -69.96324709671998,41.8926287119158,0.0 -69.96321527620961,41.89256388706729,0.0 -69.96317886055482,41.89249500837676,0.0 -69.96314033143578,41.89242676981008,0.0 -69.96310231454554,41.892363821711996,0.0 -69.96306740065414,41.89231045389311,0.0 -69.9630379690568,41.8922703032859,0.0 -69.96301602543657,41.89224610609275,0.0 -69.9630030651889,41.89223951131697,0.0</coordinates>
                        </LinearRing>
                    </outerBoundaryIs>
                </Polygon>
            </Placemark>
            <Placemark id="825">
                <name>EL 10 LAND_LIKELY 0.00</name>
                <styleUrl>#8</styleUrl>
                <Polygon id="824">
                    <outerBoundaryIs>
                        <LinearRing id="828">
                            <coordinates>-69.96320694041893,41.89261251812193,0.0 -69.96320328985632,41.892617096272595,0.0 -69.96320314489257,41.892627321016064,0.0 -69.96320651540832,41.89264249555297,0.0 -69.96321317171153,41.8926615857634,0.0 -69.96322266018983,41.89268329068054,0.0 -69.96323433422242,41.89270613114958,0.0 -69.96324739824533,41.89272855062975,0.0 -69.96326096196726,41.892749021270205,0.0 -69.96327410104136,41.89276614803061,0.0 -69.9632859200584,41.89277876375087,0.0 -69.96329561356819,41.89278600869098,0.0 -69.96330252097077,41.89278738912088,0.0 -69.96330617153599,41.89278281096706,0.0 -69.96330631648361,41.892772586223465,0.0 -69.96330294593729,41.89275741168948,0.0 -69.96329628959727,41.89273832148424,0.0 -69.96328680108576,41.892716616573146,0.0 -69.9632751270325,41.89269377610942,0.0 -69.96326206300697,41.8926713566324,0.0 -69.96324849930117,41.89265088599209,0.0 -69.96323536025764,41.89263375922875,0.0 -69.96322354127743,41.892621143503305,0.0 -69.96321384780083,41.89261389855713,0.0 -69.96320694041893,41.89261251812193,0.0</coordinates>
                        </LinearRing>
                    </outerBoundaryIs>
                </Polygon>
            </Placemark>
            <Placemark id="831">
                <name>EL 15 LAND_LIKELY 0.00</name>
                <styleUrl>#8</styleUrl>
                <Polygon id="830">
                    <outerBoundaryIs>
                        <LinearRing id="834">
                            <coordinates>-69.96325651994127,41.892703227296565,0.0 -69.96325318331239,41.892706094731565,0.0 -69.9632518156051,41.89271195301201,0.0 -69.96325251002679,41.89272040290582,0.0 -69.96325521925463,41.89273086856668,0.0 -69.96325975866033,41.89274263677695,0.0 -69.96326581889201,41.892754905552366,0.0 -69.96327298695563,41.892766838795936,0.0 -69.96328077435976,41.892777623276714,0.0 -69.9632886504053,41.892786524050045,0.0 -69.96329607835189,41.892792934542996,0.0 -69.96330255199612,41.892796417891184,0.0 -69.96330763016874,41.892796736710395,0.0 -69.96331096679992,41.89279386927381,0.0 -69.96331233450353,41.89278801099267,0.0 -69.96331164007319,41.89277956109922,0.0 -69.96330893083405,41.89276909543968,0.0 -69.9633043914174,41.89275732723134,0.0 -69.9632983311781,41.892745058457976,0.0 -69.96329116311217,41.89273312521595,0.0 -69.96328337571171,41.89272234073589,0.0 -69.96327549967482,41.892713439962186,0.0 -69.96326807173955,41.89270702946792,0.0 -69.96326159810626,41.8927035461178,0.0 -69.96325651994127,41.892703227296565,0.0</coordinates>
                        </LinearRing>
                    </outerBoundaryIs>
                </Polygon>
            </Placemark>
        </Folder>
        <Folder id="836">
            <name>DOY 205 SAT 229 F205</name>
            <Placemark id="838">
                <name>EL 5 LAND_LIKELY 0.00</name>
                <styleUrl>#8</styleUrl>
                <Polygon id="837">
                    <outerBoundaryIs>
                        <LinearRing id="841">
                            <coordinates>-69.96301274910532,41.89228494053504,0.0 -69.96301008515552,41.892295803705025,0.0 -69.96301733244246,41.89232285807918,0.0 -69.9630339970926,41.89236425994486,0.0 -69.96305894346426,41.89241718782955,0.0 -69.96309047153264,41.892478034780694,0.0 -69.96312643273582,41.89254265417469,0.0 -69.96316437638934,41.89260664230369,0.0 -69.96320171669305,41.89266563848179,0.0 -69.96323590894987,41.89271562221874,0.0 -69.9632646229873,41.892753187209195,0.0 -69.96328590196194,41.89277577346588,0.0 -69.963298295723,41.892781841777115,0.0 -69.96330095964404,41.89277097860047,0.0 -69.96329371218613,41.892743924244144,0.0 -69.9632770472686,41.892702522416016,0.0 -69.96325210060478,41.892649594578515,0.0 -69.96322057229774,41.89258874767159,0.0 -69.96318461097337,41.892524128306974,0.0 -69.9631466673486,41.89246014018463,0.0 -69.96310932721588,41.89240114398869,0.0 -69.96307513522645,41.8923511602142,0.0 -69.96304642148118,41.892313595176546,0.0 -69.9630251427452,41.892291008875645,0.0 -69.96301274910532,41.89228494053504,0.0</coordinates>
                        </LinearRing>
                    </outerBoundaryIs>
                </Polygon>
            </Placemark>
            <Placemark id="844">
                <name>EL 10 LAND_LIKELY 0.00</name>
                <styleUrl>#8</styleUrl>
                <Polygon id="843">
                    <outerBoundaryIs>
                        <LinearRing id="847">
                            <coordinates>-69.96321268626421,41.89263286717594,0.0 -69.96320937308434,41.892637195969236,0.0 -69.96320946626439,41.89264676449808,0.0 -69.96321295945582,41.89266092068304,0.0 -69.96321961460619,41.892678699803184,0.0 -69.96322897818132,41.89269889024042,0.0 -69.96324041207198,41.89272011604917,0.0 -69.96325313707925,41.89274093072521,0.0 -69.96326628601506,41.892759915782484,0.0 -69.96327896279963,41.8927757774207,0.0 -69.9632903035283,41.89278743469574,0.0 -69.96329953534578,41.89279409318405,0.0 -69.96330602911604,41.89279529912123,0.0 -69.96330934229758,41.89279097032515,0.0 -69.96330924910235,41.8927814017964,0.0 -69.963305755883,41.89276724561435,0.0 -69.96329910069943,41.89274946649917,0.0 -69.96328973709471,41.89272927606764,0.0 -69.96327830318602,41.892708050263764,0.0 -69.9632655781771,41.8926872355905,0.0 -69.96325242925647,41.89266825053316,0.0 -69.96323975249982,41.892652388892024,0.0 -69.96322841180437,41.89264073161202,0.0 -69.96321918001645,41.89263407311802,0.0 -69.96321268626421,41.89263286717594,0.0</coordinates>
                        </LinearRing>
                    </outerBoundaryIs>
                </Polygon>
            </Placemark>
            <Placemark id="850">
                <name>EL 15 LAND_LIKELY 0.00</name>
                <styleUrl>#8</styleUrl>
                <Polygon id="849">
                    <outerBoundaryIs>
                        <LinearRing id="853">
                            <coordinates>-69.96326044148464,41.89271596924229,0.0 -69.9632573959723,41.892718682632555,0.0 -69.96325625197333,41.89272415889132,0.0 -69.96325708744968,41.892732024820646,0.0 -69.96325984546583,41.892741744370426,0.0 -69.96326433806853,41.89275265516926,0.0 -69.96327025909528,41.89276401366405,0.0 -69.96327720503858,41.892775045791986,0.0 -69.96328470254404,41.89278499973163,0.0 -69.96329224066868,41.89279319713838,0.0 -69.963299305701,41.89279907937257,0.0 -69.96330541616969,41.89280224556978,0.0 -69.96331015565548,41.89280247995909,0.0 -69.96331320116956,41.89279976656742,0.0 -69.96331434516502,41.892794290308096,0.0 -69.96331350968079,41.892786424379175,0.0 -69.96331075165456,41.89277670483068,0.0 -69.96330625904224,41.89276579403366,0.0 -69.9633003380089,41.89275443554071,0.0 -69.96329339206385,41.89274340341417,0.0 -69.96328589456193,41.892733449475095,0.0 -69.96327835644514,41.892725252067926,0.0 -69.96327129142293,41.89271936983245,0.0 -69.96326518096384,41.89271620363344,0.0 -69.96326044148464,41.89271596924229,0.0</coordinates>
                        </LinearRing>
                    </outerBoundaryIs>
                </Polygon>
            </Placemark>
        </Folder>
        <Folder id="855">
            <name>DOY 205 SAT 218 F207</name>
            <Placemark id="857">
                <name>EL 5 LAND_LIKELY 0.00</name>
                <styleUrl>#8</styleUrl>
                <Polygon id="856">
                    <outerBoundaryIs>
                        <LinearRing id="860">
                            <coordinates>-69.96263233184936,41.89299479027164,0.0 -69.96264570218344,41.89299748609534,0.0 -69.96268008756356,41.89299458464055,0.0 -69.96273314467156,41.892986283619216,0.0 -69.96280125773434,41.8929731487095,0.0 -69.96287978493784,41.892956075011746,0.0 -69.96296337476474,41.89293622605473,0.0 -69.96304633069643,41.89291495450742,0.0 -69.96312299942394,41.89289370999787,0.0 -69.96318815611154,41.89287394032169,0.0 -69.96323736045753,41.89285699277236,0.0 -69.96326725928843,41.89284402231944,0.0 -69.9632758150665,41.89283591289334,0.0 -69.96326244473964,41.89283321714272,0.0 -69.96322805947285,41.89283611877124,0.0 -69.96317500255391,41.89284442002037,0.0 -69.96310688970526,41.892857555150925,0.0 -69.96302836268359,41.892874629003416,0.0 -69.96294477295748,41.89289447800754,0.0 -69.96286181701858,41.89291574948178,0.0 -69.96278514817774,41.89293699381759,0.0 -69.96271999130109,41.89295676326599,0.0 -69.96267078674096,41.89297371059447,0.0 -69.96264088772824,41.892986680892655,0.0 -69.96263233184936,41.89299479027164,0.0</coordinates>
                        </LinearRing>
                    </outerBoundaryIs>
                </Polygon>
            </Placemark>
            <Placemark id="863">
                <name>EL 10 LAND_LIKELY 0.00</name>
                <styleUrl>#8</styleUrl>
                <Polygon id="862">
                    <outerBoundaryIs>
                        <LinearRing id="866">
                            <coordinates>-69.96308159340444,41.89288386709757,0.0 -69.96308670263265,41.89288647929442,0.0 -69.96309857223106,41.89288715834631,0.0 -69.9631163933053,41.89288585797504,0.0 -69.9631389513767,41.89288266679637,0.0 -69.96316470914755,41.892877802281554,0.0 -69.96319191126604,41.892871595937756,0.0 -69.96321870395118,41.89286447071664,0.0 -69.96324326132536,41.89285691219117,0.0 -69.96326390984498,41.892849435464306,0.0 -69.96327924234944,41.89284255006501,0.0 -69.96328821395636,41.89283672522418,0.0 -69.96329021326783,41.892832357896594,0.0 -69.96328510403562,41.89282974570877,0.0 -69.9632732344459,41.8928290666761,0.0 -69.9632554133907,41.89283036707162,0.0 -69.96323285534359,41.89283355827307,0.0 -69.96320709759577,41.892838422803095,0.0 -69.96317989549289,41.8928446291505,0.0 -69.96315310281173,41.892851754362596,0.0 -69.96312854542887,41.89285931286884,0.0 -69.96310789689021,41.89286678957147,0.0 -69.96309256436145,41.89287367494797,0.0 -69.96308359273151,41.89287949977357,0.0 -69.96308159340444,41.89288386709757,0.0</coordinates>
                        </LinearRing>
                    </outerBoundaryIs>
                </Polygon>
            </Placemark>
            <Placemark id="869">
                <name>EL 15 LAND_LIKELY 0.00</name>
                <styleUrl>#8</styleUrl>
                <Polygon id="868">
                    <outerBoundaryIs>
                        <LinearRing id="872">
                            <coordinates>-69.96318738171085,41.892857747537164,0.0 -69.96319049818324,41.892860042389124,0.0 -69.9631971750867,41.892861249325435,0.0 -69.96320695740116,41.89286128609481,0.0 -69.96321917847752,41.89286015019082,0.0 -69.9632330054689,41.8928579190228,0.0 -69.96324749608789,41.892854744640736,0.0 -69.96326166282219,41.892850843373466,0.0 -69.96327454023204,41.89284648108624,0.0 -69.96328525074338,41.89284195506224,0.0 -69.9632930644531,41.892837573743236,0.0 -69.96329744887053,41.8928336357095,0.0 -69.96329810520564,41.89283040933192,0.0 -69.96329498873084,41.892828114482874,0.0 -69.96328831182898,41.89282690755221,0.0 -69.96327852951974,41.892826870789726,0.0 -69.9632663084508,41.89282800670002,0.0 -69.96325248146708,41.89283023787205,0.0 -69.96323799085388,41.892833412254745,0.0 -69.963223824122,41.89283731351909,0.0 -69.96321094671055,41.89284167580066,0.0 -69.96320023619397,41.89284620181775,0.0 -69.96319242247684,41.89285058313047,0.0 -69.96318803805177,41.89285452116022,0.0 -69.96318738171085,41.892857747537164,0.0</coordinates>
                        </LinearRing>
                    </outerBoundaryIs>
                </Polygon>
            </Placemark>
        </Folder>
        <Folder id="874">
            <name>DOY 205 SAT 223 F207</name>
            <Placemark id="876">
                <name>EL 5 LAND_LIKELY 0.00</name>
                <styleUrl>#8</styleUrl>
                <Polygon id="875">
                    <outerBoundaryIs>
                        <LinearRing id="879">
                            <coordinates>-69.96270748986923,41.89239636753975,0.0 -69.96271109495879,41.89240760223249,0.0 -69.96273336106196,41.8924312234124,0.0 -69.96277277081184,41.89246562132492,0.0 -69.96282663854143,41.89250845179333,0.0 -69.96289129329604,41.89255679597473,0.0 -69.9629623289915,41.89260735927888,0.0 -69.96303490467336,41.892656695893045,0.0 -69.96310407441707,41.8927014436102,0.0 -69.96316512438764,41.89273855295752,0.0 -69.96321389408814,41.89276549501016,0.0 -69.96324705990203,41.89278043372902,0.0 -69.96326236160337,41.89278235107926,0.0 -69.96325875639569,41.89277111640375,0.0 -69.96323648997975,41.892747495325345,0.0 -69.96319707980622,41.89271309757136,0.0 -69.96314321165565,41.89267026727606,0.0 -69.96307855659552,41.89262192323598,0.0 -69.96300752079185,41.892571360003444,0.0 -69.96293494522808,41.892522023372045,0.0 -69.96286577579717,41.8924772755534,0.0 -69.96280472625024,41.89244016604754,0.0 -69.96275595697072,41.892413223821784,0.0 -69.96272279146237,41.8923982849616,0.0 -69.96270748986923,41.89239636753975,0.0</coordinates>
                        </LinearRing>
                    </outerBoundaryIs>
                </Polygon>
            </Placemark>
            <Placemark id="882">
                <name>EL 10 LAND_LIKELY 0.00</name>
                <styleUrl>#8</styleUrl>
                <Polygon id="881">
                    <outerBoundaryIs>
                        <LinearRing id="885">
                            <coordinates>-69.96309881656259,41.892668585560564,0.0 -69.96309808923847,41.89267383162346,0.0 -69.9631036661943,41.892683071103384,0.0 -69.9631151673733,41.892695674344196,0.0 -69.96313180899386,41.892710782454216,0.0 -69.96315245696174,41.89272736583879,0.0 -69.96317570415543,41.89274429436593,0.0 -69.96319996631826,41.89276041438343,0.0 -69.96322359002255,41.8927746273386,0.0 -69.96324496534835,41.89278596464292,0.0 -69.96326263559779,41.89279365367945,0.0 -69.96327539656788,41.892797170454976,0.0 -69.96328237861621,41.89279627530882,0.0 -69.96328310592659,41.892791029244755,0.0 -69.96327752893538,41.8927817897735,0.0 -69.96326602770884,41.89276918654891,0.0 -69.96324938604131,41.89275407845826,0.0 -69.96322873803963,41.89273749509104,0.0 -69.96320549083435,41.892720566574596,0.0 -69.96318122868527,41.89270444655827,0.0 -69.96315760501636,41.8926902335944,0.0 -69.96313622973811,41.892678896273885,0.0 -69.96311855953563,41.89267120721799,0.0 -69.96310579859934,41.8926676904251,0.0 -69.96309881656259,41.892668585560564,0.0</coordinates>
                        </LinearRing>
                    </outerBoundaryIs>
                </Polygon>
            </Placemark>
            <Placemark id="888">
                <name>EL 15 LAND_LIKELY 0.00</name>
                <styleUrl>#8</styleUrl>
                <Polygon id="887">
                    <outerBoundaryIs>
                        <LinearRing id="891">
                            <coordinates>-69.96319439387743,41.892735071315215,0.0 -69.96319299270408,41.8927386851639,0.0 -69.96319503464815,41.89274438141824,0.0 -69.96320038055559,41.892751771887724,0.0 -69.96320866611305,41.892760352923666,0.0 -69.96321932667487,41.89276953974206,0.0 -69.96323163574237,41.89277870627589,0.0 -69.96324475447328,41.89278722784064,0.0 -69.96325778884734,41.89279452370562,0.0 -69.96326985059244,41.892800096669866,0.0 -69.96328011771917,41.892803566945496,0.0 -69.96328789053841,41.892804698039534,0.0 -69.9632926393444,41.892803412870336,0.0 -69.96329404051353,41.89279979902042,0.0 -69.96329199855886,41.892794102767844,0.0 -69.96328665263728,41.8927867123026,0.0 -69.96327836706593,41.89277813127228,0.0 -69.96326770649418,41.89276894445935,0.0 -69.96325539742338,41.89275977792936,0.0 -69.96324227869668,41.892751256365834,0.0 -69.96322924433323,41.892743960499104,0.0 -69.96321718260228,41.8927383875306,0.0 -69.96320691548945,41.892734917249356,0.0 -69.96319914268012,41.892733786149854,0.0 -69.96319439387743,41.892735071315215,0.0</coordinates>
                        </LinearRing>
                    </outerBoundaryIs>
                </Polygon>
            </Placemark>
        </Folder>
        <Folder id="893">
            <name>DOY 205 SAT 229 F207</name>
            <Placemark id="895">
                <name>EL 5 LAND_LIKELY 0.00</name>
                <styleUrl>#8</styleUrl>
                <Polygon id="894">
                    <outerBoundaryIs>
                        <LinearRing id="898">
                            <coordinates>-69.96301126162092,41.892282352028985,0.0 -69.96300860315017,41.89229319285572,0.0 -69.96301583553006,41.89232019158485,0.0 -69.96303246590286,41.89236150829588,0.0 -69.96305736096274,41.892414327319486,0.0 -69.9630888241816,41.89247504912177,0.0 -69.96312471141678,41.89253953560791,0.0 -69.9631625770246,41.892603392127484,0.0 -69.9631998405236,41.89266226696356,0.0 -69.96323396245089,41.89271214789511,0.0 -69.96326261742689,41.89274963562286,0.0 -69.9632838526333,41.89277217542477,0.0 -69.96329622090212,41.892778231255,0.0 -69.96329887934425,41.89276739042164,0.0 -69.96329164679409,41.89274039171026,0.0 -69.96327501615501,41.892699075036624,0.0 -69.96325012080415,41.89264625606004,0.0 -69.96321865734762,41.89258553430176,0.0 -69.96318276999173,41.89252104784488,0.0 -69.96314490441254,41.89245719133193,0.0 -69.96310764108382,41.89239831647811,0.0 -69.96307351942285,41.89234843550915,0.0 -69.96304486473781,41.89231094773441,0.0 -69.96302362976907,41.89228840788847,0.0 -69.96301126162092,41.892282352028985,0.0</coordinates>
                        </LinearRing>
                    </outerBoundaryIs>
                </Polygon>
            </Placemark>
            <Placemark id="901">
                <name>EL 10 LAND_LIKELY 0.00</name>
                <styleUrl>#8</styleUrl>
                <Polygon id="900">
                    <outerBoundaryIs>
                        <LinearRing id="904">
                            <coordinates>-69.96321120310742,41.89263028623139,0.0 -69.96320788275126,41.89263462440077,0.0 -69.9632079761329,41.89264421365497,0.0 -69.96321147689008,41.89265840050212,0.0 -69.96321814645478,41.89267621813176,0.0 -69.96322753031049,41.89269645230138,0.0 -69.96323898896594,41.892717724085166,0.0 -69.9632517415345,41.892738583845755,0.0 -69.96326491894989,41.89275761002462,0.0 -69.96327762319146,41.892773506019125,0.0 -69.96328898848337,41.89278518854384,0.0 -69.96329824029642,41.89279186145447,0.0 -69.96330474813189,41.892793070003776,0.0 -69.9633080684897,41.89278873183161,0.0 -69.9633079750928,41.8927791425775,0.0 -69.96330447430759,41.89276495573328,0.0 -69.96329780470955,41.89274713810864,0.0 -69.96328842082413,41.89272690394475,0.0 -69.96327696215057,41.89270563216586,0.0 -69.96326420958034,41.892684772408074,0.0 -69.96325103218021,41.89266574622913,0.0 -69.96323832796668,41.892649850231685,0.0 -69.9632269627081,41.89263816770198,0.0 -69.96321771092477,41.89263149478562,0.0 -69.96321120310742,41.89263028623139,0.0</coordinates>
                        </LinearRing>
                    </outerBoundaryIs>
                </Polygon>
            </Placemark>
            <Placemark id="907">
                <name>EL 15 LAND_LIKELY 0.00</name>
                <styleUrl>#8</styleUrl>
                <Polygon id="906">
                    <outerBoundaryIs>
                        <LinearRing id="910">
                            <coordinates>-69.96325932570227,41.892714027597144,0.0 -69.96325626823703,41.89271675163684,0.0 -69.96325511974804,41.89272224938868,0.0 -69.9632559585033,41.89273014619003,0.0 -69.96325872734378,41.89273990388691,0.0 -69.96326323757862,41.89275085750823,0.0 -69.96326918184374,41.89276226058264,0.0 -69.96327615504794,41.89277333600928,0.0 -69.96328368197906,41.89278332901597,0.0 -69.96329124968884,41.892791558595796,0.0 -69.96329834244956,41.892797463916494,0.0 -69.96330447690028,41.892800642540365,0.0 -69.96330923498736,41.892800877849645,0.0 -69.96331229245436,41.89279815380854,0.0 -69.9633134409398,41.89279265605612,0.0 -69.96331260217663,41.89278475925519,0.0 -69.96330983332597,41.89277500155961,0.0 -69.96330532308143,41.89276404794012,0.0 -69.9632993788097,41.89275264486757,0.0 -69.96329240560372,41.892741569442336,0.0 -69.96328487867615,41.892731576436205,0.0 -69.9632773109743,41.892723346855966,0.0 -69.96327021822376,41.892717441533975,0.0 -69.96326408378273,41.89271426290827,0.0 -69.96325932570227,41.892714027597144,0.0</coordinates>
                        </LinearRing>
                    </outerBoundaryIs>
                </Polygon>
            </Placemark>
        </Folder>
        <Folder id="912">
            <name>DOY 206 SAT 1 F1</name>
            <Placemark id="914">
                <name>EL 5 LAND_LIKELY 0.00</name>
                <styleUrl>#8</styleUrl>
                <Polygon id="913">
                    <outerBoundaryIs>
                        <LinearRing id="917">
                            <coordinates>-69.96320954231186,41.89237975540008,0.0 -69.96320514514127,41.89238755161942,0.0 -69.9632045743861,41.892408670981375,0.0 -69.96320786894577,41.89244167423637,0.0 -69.96321480430879,41.892484312266824,0.0 -69.9632249078509,41.892533679360795,0.0 -69.96323749104114,41.89258641123172,0.0 -69.96325169636178,41.892638914289044,0.0 -69.9632665557451,41.89268761053579,0.0 -69.96328105654527,41.89272918140316,0.0 -69.96329421054945,41.892760793905545,0.0 -69.9633051213247,41.89278029370377,0.0 -69.96331304531098,41.892786351919504,0.0 -69.96331744249585,41.89277855569605,0.0 -69.963318013217,41.89275743633354,0.0 -69.96331471858414,41.89272443308168,0.0 -69.96330778312836,41.89268179505726,0.0 -69.96329767949875,41.89263242797054,0.0 -69.96328509624976,41.89257969610619,0.0 -69.96327089091484,41.89252719305298,0.0 -69.96325603156554,41.89247849680679,0.0 -69.96324153083856,41.892436925936266,0.0 -69.96322837692715,41.89240531342787,0.0 -69.96321746623939,41.89238581362239,0.0 -69.96320954231186,41.89237975540008,0.0</coordinates>
                        </LinearRing>
                    </outerBoundaryIs>
                </Polygon>
            </Placemark>
            <Placemark id="920">
                <name>EL 10 LAND_LIKELY 0.00</name>
                <styleUrl>#8</styleUrl>
                <Polygon id="919">
                    <outerBoundaryIs>
                        <LinearRing id="923">
                            <coordinates>-69.96328217466669,41.89266508162251,0.0 -69.96327872340939,41.892667924688006,0.0 -69.96327666537427,41.89267512312565,0.0 -69.96327614081311,41.892686186373865,0.0 -69.96327718547458,41.892700360490615,0.0 -69.96327972816788,41.8927166795332,0.0 -69.96328359561387,41.89273403138576,0.0 -69.96328852425357,41.89275123354812,0.0 -69.96329417820883,41.892767113721185,0.0 -69.96330017217186,41.89278058969735,0.0 -69.96330609766328,41.89279074311109,0.0 -69.96331155086952,41.89279688202411,0.0 -69.96331616016235,41.89279858807967,0.0 -69.96331961142505,41.89279574501304,0.0 -69.96332166945922,41.892788546574636,0.0 -69.96332219401333,41.89277748332621,0.0 -69.9633211493406,41.89276330920988,0.0 -69.96331860663487,41.892746990168206,0.0 -69.96331473917857,41.892729638316816,0.0 -69.96330981053349,41.89271243615559,0.0 -69.96330415657918,41.89269655598329,0.0 -69.9632981626232,41.89268308000732,0.0 -69.96329223714302,41.89267292659316,0.0 -69.96328678394921,41.89266678767926,0.0 -69.96328217466669,41.89266508162251,0.0</coordinates>
                        </LinearRing>
                    </outerBoundaryIs>
                </Polygon>
            </Placemark>
            <Placemark id="926">
                <name>EL 15 LAND_LIKELY 0.00</name>
                <styleUrl>#8</styleUrl>
                <Polygon id="925">
                    <outerBoundaryIs>
                        <LinearRing id="929">
                            <coordinates>-69.96329966370178,41.89273378450528,0.0 -69.96329676739458,41.89273545030374,0.0 -69.9632946863705,41.892739429918656,0.0 -69.96329356244782,41.89274545214586,0.0 -69.96329347222019,41.892753106580585,0.0 -69.96329442183685,41.89276187158574,0.0 -69.96329634658342,41.89277114984068,0.0 -69.963299115292,41.892780309047616,0.0 -69.96330253927997,41.892788725021695,0.0 -69.96330638520821,41.89279582422813,0.0 -69.96331039098293,41.89280112286773,0.0 -69.9633142836168,41.89280425984692,0.0 -69.96331779783284,41.892805021385804,0.0 -69.96332069414264,41.892803355586814,0.0 -69.96332277516719,41.892799375971435,0.0 -69.96332389908807,41.89279335374394,0.0 -69.9633239893121,41.8927856993092,0.0 -69.96332303969103,41.89277693430429,0.0 -69.96332111494041,41.8927676560498,0.0 -69.96331834622922,41.89275849684338,0.0 -69.9633149222408,41.89275008086977,0.0 -69.96331107631435,41.892742981663616,0.0 -69.96330707054324,41.89273768302406,0.0 -69.96330317791376,41.89273454604461,0.0 -69.96329966370178,41.89273378450528,0.0</coordinates>
                        </LinearRing>
                    </outerBoundaryIs>
                </Polygon>
            </Placemark>
        </Folder>
        <Folder id="931">
            <name>DOY 206 SAT 14 F1</name>
            <Placemark id="933">
                <name>EL 5 LAND_LIKELY 0.00</name>
                <styleUrl>#8</styleUrl>
                <Polygon id="932">
                    <outerBoundaryIs>
                        <LinearRing id="936">
                            <coordinates>-69.96318282735827,41.89238382560941,0.0 -69.96317890315976,41.89239176290797,0.0 -69.96317960531292,41.89241288579848,0.0 -69.96318488597203,41.89244575479076,0.0 -69.96319438527814,41.89248812991669,0.0 -69.96320745588031,41.89253712338058,0.0 -69.9632232070486,41.89258939635776,0.0 -69.96324056537316,41.89264138653036,0.0 -69.96325834791362,41.89268955085358,0.0 -69.9632753428144,41.89273060700849,0.0 -69.96329039189186,41.89276175708656,0.0 -69.96330246956518,41.89278087826238,0.0 -69.96331075275084,41.892786667460484,0.0 -69.96331467695724,41.892778730157424,0.0 -69.9633139747554,41.892757607267754,0.0 -69.96330869400407,41.89272473828139,0.0 -69.96329919458694,41.89268236316486,0.0 -69.96328612388469,41.892633369711376,0.0 -69.96327037265405,41.8925810967428,0.0 -69.96325301432162,41.892529106574706,0.0 -69.96323523182984,41.892480942250636,0.0 -69.96321823702128,41.89243988608984,0.0 -69.96320318805483,41.89240873600233,0.0 -69.96319111048162,41.892389614816096,0.0 -69.96318282735827,41.89238382560941,0.0</coordinates>
                        </LinearRing>
                    </outerBoundaryIs>
                </Polygon>
            </Placemark>
            <Placemark id="939">
                <name>EL 10 LAND_LIKELY 0.00</name>
                <styleUrl>#8</styleUrl>
                <Polygon id="938">
                    <outerBoundaryIs>
                        <LinearRing id="942">
                            <coordinates>-69.9632726002532,41.89266652436346,0.0 -69.96326932268254,41.89266948070628,0.0 -69.96326769981026,41.89267674290391,0.0 -69.9632678422327,41.89268781604965,0.0 -69.96326974024491,41.892701945526916,0.0 -69.96327326450184,41.89271816843509,0.0 -69.96327817483255,41.89273537920966,0.0 -69.96328413660719,41.892752404964625,0.0 -69.96329074354111,41.89276808542281,0.0 -69.96329754538242,41.8927813519868,0.0 -69.96330407859595,41.89279130056222,0.0 -69.9633098979527,41.892797253170166,0.0 -69.96331460687172,41.89279880415039,0.0 -69.96331788444692,41.892795847806276,0.0 -69.96331950731653,41.89278858560793,0.0 -69.96331936488491,41.89277751246226,0.0 -69.96331746685946,41.89276338298582,0.0 -69.96331394258883,41.892747160079,0.0 -69.96330903224757,41.89272994930595,0.0 -69.96330307046838,41.89271292355226,0.0 -69.96329646353715,41.89269724309479,0.0 -69.96328966170502,41.89268397653073,0.0 -69.9632831285047,41.8926740279545,0.0 -69.96327730916168,41.89266807534519,0.0 -69.9632726002532,41.89266652436346,0.0</coordinates>
                        </LinearRing>
                    </outerBoundaryIs>
                </Polygon>
            </Placemark>
            <Placemark id="945">
                <name>EL 15 LAND_LIKELY 0.00</name>
                <styleUrl>#8</styleUrl>
                <Polygon id="944">
                    <outerBoundaryIs>
                        <LinearRing id="948">
                            <coordinates>-69.96329421839593,41.892734600451654,0.0 -69.96329142440277,41.89273636184264,0.0 -69.96328958457042,41.89274040827936,0.0 -69.96328882428038,41.892746464003885,0.0 -69.96328919534542,41.89275411632866,0.0 -69.96329067247851,41.89276284376037,0.0 -69.9632931550159,41.892772051538905,0.0 -69.96329647377722,41.89278111216934,0.0 -69.96330040259458,41.89278940818461,0.0 -69.96330467372556,41.89279637422496,0.0 -69.96330899609941,41.89280153556619,0.0 -69.96331307515308,41.892804540471474,0.0 -69.9633166329053,41.892805184161496,0.0 -69.96331942690077,41.89280342276992,0.0 -69.96332126673306,41.89279937633272,0.0 -69.96332202702065,41.89279332060797,0.0 -69.96332165595143,41.89278566828331,0.0 -69.9633201788136,41.892776940852,0.0 -69.96331769627211,41.892767733074045,0.0 -69.96331437750848,41.89275867244423,0.0 -69.9633104486912,41.89275037642942,0.0 -69.96330617756266,41.8927434103893,0.0 -69.96330185519297,41.89273824904796,0.0 -69.96329777614407,41.89273524414229,0.0 -69.96329421839593,41.892734600451654,0.0</coordinates>
                        </LinearRing>
                    </outerBoundaryIs>
                </Polygon>
            </Placemark>
        </Folder>
        <Folder id="950">
            <name>DOY 206 SAT 29 F1</name>
            <Placemark id="952">
                <name>EL 5 LAND_LIKELY 0.00</name>
                <styleUrl>#8</styleUrl>
                <Polygon id="951">
                    <outerBoundaryIs>
                        <LinearRing id="955">
                            <coordinates>-69.96266126770793,41.8926157344926,0.0 -69.96266838687117,41.89262373069192,0.0 -69.96269480922112,41.89263742263953,0.0 -69.9627387341362,41.892655877239505,0.0 -69.96279716822794,41.89267783682345,0.0 -69.96286612932954,41.89270180486338,0.0 -69.96294091786869,41.89272614796269,0.0 -69.96301643713213,41.89274920717311,0.0 -69.96308754059774,41.89276941105111,0.0 -69.96314938266391,41.89278538274819,0.0 -69.96319774887418,41.892796033837406,0.0 -69.9632293431312,41.8928006384833,0.0 -69.96324201232582,41.89279888290116,0.0 -69.96323489307125,41.89279088673729,0.0 -69.96320847054204,41.89277719491346,0.0 -69.9631645454078,41.89275874049249,0.0 -69.96310611111576,41.89273678109479,0.0 -69.96303714988633,41.892712813198415,0.0 -69.96296236132612,41.892688470161566,0.0 -69.96288684215402,41.892665410915704,0.0 -69.96281573886768,41.8926452069139,0.0 -69.96275389702063,41.89262923503783,0.0 -69.9627055310107,41.892618583762356,0.0 -69.96267393688149,41.89261397897291,0.0 -69.96266126770793,41.8926157344926,0.0</coordinates>
                        </LinearRing>
                    </outerBoundaryIs>
                </Polygon>
            </Placemark>
            <Placemark id="958">
                <name>EL 10 LAND_LIKELY 0.00</name>
                <styleUrl>#8</styleUrl>
                <Polygon id="957">
                    <outerBoundaryIs>
                        <LinearRing id="961">
                            <coordinates>-69.9630756990875,41.89274643339406,0.0 -69.96307715981712,41.892750728190556,0.0 -69.96308514255664,41.892756818521825,0.0 -69.96309910329785,41.892764289340576,0.0 -69.96311809064196,41.892772631520906,0.0 -69.963140810635,41.89278127655492,0.0 -69.96316571494818,41.89278963529608,0.0 -69.96319110639358,41.8927971381092,0.0 -69.96321525458472,41.89280327369016,0.0 -69.96323651385998,41.89280762391054,0.0 -69.96325343543225,41.892809892311966,0.0 -69.96326486612216,41.892809924308764,0.0 -69.9632700269459,41.8928077177221,0.0 -69.963268566202,41.89280342292803,0.0 -69.96326058343918,41.892797332609476,0.0 -69.96324662267185,41.89278986181028,0.0 -69.96322763530584,41.892781519651116,0.0 -69.96320491530096,41.89277287463423,0.0 -69.96318001098919,41.89276451590152,0.0 -69.96315461955805,41.89275701308598,0.0 -69.96313047139022,41.89275087749231,0.0 -69.96310921214108,41.89274652725237,0.0 -69.96309229059072,41.892744258829765,0.0 -69.96308085991265,41.89274422681585,0.0 -69.9630756990875,41.89274643339406,0.0</coordinates>
                        </LinearRing>
                    </outerBoundaryIs>
                </Polygon>
            </Placemark>
            <Placemark id="964">
                <name>EL 15 LAND_LIKELY 0.00</name>
                <styleUrl>#8</styleUrl>
                <Polygon id="963">
                    <outerBoundaryIs>
                        <LinearRing id="967">
                            <coordinates>-69.96317933973518,41.8927791181479,0.0 -69.96317963723337,41.892782284481555,0.0 -69.96318347455171,41.892786357765665,0.0 -69.9631905901841,41.892791060412335,0.0 -69.96320049921272,41.892796071943394,0.0 -69.9632125263543,41.89280105083068,0.0 -69.96322585197927,41.89280565777071,0.0 -69.9632395679682,41.89280957880786,0.0 -69.96325273959854,41.892812546729964,0.0 -69.96326446924472,41.892814359278354,0.0 -69.9632739575499,41.89281489293141,0.0 -69.96328055790114,41.892814111322174,0.0 -69.96328382049514,41.892812067716555,0.0 -69.96328352299163,41.89280890138317,0.0 -69.96327968566554,41.892804828102385,0.0 -69.96327257002508,41.892800125461235,0.0 -69.96326266099017,41.89279511393636,0.0 -69.9632506338458,41.89279013505431,0.0 -69.96323730822228,41.89278552811714,0.0 -69.96322359223866,41.89278160707972,0.0 -69.96321042061604,41.892778639154294,0.0 -69.96319869097796,41.89277682660039,0.0 -69.96318920267906,41.89277629294112,0.0 -69.96318260233062,41.89277707454514,0.0 -69.96317933973518,41.8927791181479,0.0</coordinates>
                        </LinearRing>
                    </outerBoundaryIs>
                </Polygon>
            </Placemark>
        </Folder>
        <Folder id="969">
            <name>DOY 206 SAT 102 F101</name>
            <Placemark id="971">
                <name>EL 5 INVALID nan</name>
                <Polygon id="970">
                    <outerBoundaryIs>
                        <LinearRing id="974">
                            <coordinates>0.0, 0.0, 0.0</coordinates>
                        </LinearRing>
                    </outerBoundaryIs>
                </Polygon>
            </Placemark>
            <Placemark id="977">
                <name>EL 10 INVALID nan</name>
                <Polygon id="976">
                    <outerBoundaryIs>
                        <LinearRing id="980">
                            <coordinates>0.0, 0.0, 0.0</coordinates>
                        </LinearRing>
                    </outerBoundaryIs>
                </Polygon>
            </Placemark>
            <Placemark id="983">
                <name>EL 15 INVALID nan</name>
                <Polygon id="982">
                    <outerBoundaryIs>
                        <LinearRing id="986">
                            <coordinates>0.0, 0.0, 0.0</coordinates>
                        </LinearRing>
                    </outerBoundaryIs>
                </Polygon>
            </Placemark>
        </Folder>
        <Folder id="988">
            <name>DOY 206 SAT 104 F101</name>
            <Placemark id="990">
                <name>EL 5 INVALID nan</name>
                <Polygon id="989">
                    <outerBoundaryIs>
                        <LinearRing id="993">
                            <coordinates>0.0, 0.0, 0.0</coordinates>
                        </LinearRing>
                    </outerBoundaryIs>
                </Polygon>
            </Placemark>
            <Placemark id="996">
                <name>EL 10 INVALID nan</name>
                <Polygon id="995">
                    <outerBoundaryIs>
                        <LinearRing id="999">
                            <coordinates>0.0, 0.0, 0.0</coordinates>
                        </LinearRing>
                    </outerBoundaryIs>
                </Polygon>
            </Placemark>
            <Placemark id="1002">
                <name>EL 15 INVALID nan</name>
                <Polygon id="1001">
                    <outerBoundaryIs>
                        <LinearRing id="1005">
                            <coordinates>0.0, 0.0, 0.0</coordinates>
                        </LinearRing>
                    </outerBoundaryIs>
                </Polygon>
            </Placemark>
        </Folder>
        <Folder id="1007">
            <name>DOY 206 SAT 109 F101</name>
            <Placemark id="1009">
                <name>EL 5 INVALID nan</name>
                <Polygon id="1008">
                    <outerBoundaryIs>
                        <LinearRing id="1012">
                            <coordinates>0.0, 0.0, 0.0</coordinates>
                        </LinearRing>
                    </outerBoundaryIs>
                </Polygon>
            </Placemark>
            <Placemark id="1015">
                <name>EL 10 INVALID nan</name>
                <Polygon id="1014">
                    <outerBoundaryIs>
                        <LinearRing id="1018">
                            <coordinates>0.0, 0.0, 0.0</coordinates>
                        </LinearRing>
                    </outerBoundaryIs>
                </Polygon>
            </Placemark>
            <Placemark id="1021">
                <name>EL 15 INVALID nan</name>
                <Polygon id="1020">
                    <outerBoundaryIs>
                        <LinearRing id="1024">
                            <coordinates>0.0, 0.0, 0.0</coordinates>
                        </LinearRing>
                    </outerBoundaryIs>
                </Polygon>
            </Placemark>
        </Folder>
        <Folder id="1026">
            <name>DOY 206 SAT 116 F101</name>
            <Placemark id="1028">
                <name>EL 5 INVALID nan</name>
                <Polygon id="1027">
                    <outerBoundaryIs>
                        <LinearRing id="1031">
                            <coordinates>0.0, 0.0, 0.0</coordinates>
                        </LinearRing>
                    </outerBoundaryIs>
                </Polygon>
            </Placemark>
            <Placemark id="1034">
                <name>EL 10 INVALID nan</name>
                <Polygon id="1033">
                    <outerBoundaryIs>
                        <LinearRing id="1037">
                            <coordinates>0.0, 0.0, 0.0</coordinates>
                        </LinearRing>
                    </outerBoundaryIs>
                </Polygon>
            </Placemark>
            <Placemark id="1040">
                <name>EL 15 INVALID nan</name>
                <Polygon id="1039">
                    <outerBoundaryIs>
                        <LinearRing id="1043">
                            <coordinates>0.0, 0.0, 0.0</coordinates>
                        </LinearRing>
                    </outerBoundaryIs>
                </Polygon>
            </Placemark>
        </Folder>
        <Folder id="1045">
            <name>DOY 206 SAT 117 F101</name>
            <Placemark id="1047">
                <name>EL 5 INVALID nan</name>
                <Polygon id="1046">
                    <outerBoundaryIs>
                        <LinearRing id="1050">
                            <coordinates>0.0, 0.0, 0.0</coordinates>
                        </LinearRing>
                    </outerBoundaryIs>
                </Polygon>
            </Placemark>
            <Placemark id="1053">
                <name>EL 10 INVALID nan</name>
                <Polygon id="1052">
                    <outerBoundaryIs>
                        <LinearRing id="1056">
                            <coordinates>0.0, 0.0, 0.0</coordinates>
                        </LinearRing>
                    </outerBoundaryIs>
                </Polygon>
            </Placemark>
            <Placemark id="1059">
                <name>EL 15 INVALID nan</name>
                <Polygon id="1058">
                    <outerBoundaryIs>
                        <LinearRing id="1062">
                            <coordinates>0.0, 0.0, 0.0</coordinates>
                        </LinearRing>
                    </outerBoundaryIs>
                </Polygon>
            </Placemark>
        </Folder>
        <Folder id="1064">
            <name>DOY 206 SAT 119 F101</name>
            <Placemark id="1066">
                <name>EL 5 INVALID nan</name>
                <Polygon id="1065">
                    <outerBoundaryIs>
                        <LinearRing id="1069">
                            <coordinates>0.0, 0.0, 0.0</coordinates>
                        </LinearRing>
                    </outerBoundaryIs>
                </Polygon>
            </Placemark>
            <Placemark id="1072">
                <name>EL 10 INVALID nan</name>
                <Polygon id="1071">
                    <outerBoundaryIs>
                        <LinearRing id="1075">
                            <coordinates>0.0, 0.0, 0.0</coordinates>
                        </LinearRing>
                    </outerBoundaryIs>
                </Polygon>
            </Placemark>
            <Placemark id="1078">
                <name>EL 15 INVALID nan</name>
                <Polygon id="1077">
                    <outerBoundaryIs>
                        <LinearRing id="1081">
                            <coordinates>0.0, 0.0, 0.0</coordinates>
                        </LinearRing>
                    </outerBoundaryIs>
                </Polygon>
            </Placemark>
        </Folder>
        <Folder id="1083">
            <name>DOY 206 SAT 121 F101</name>
            <Placemark id="1085">
                <name>EL 5 INVALID nan</name>
                <Polygon id="1084">
                    <outerBoundaryIs>
                        <LinearRing id="1088">
                            <coordinates>0.0, 0.0, 0.0</coordinates>
                        </LinearRing>
                    </outerBoundaryIs>
                </Polygon>
            </Placemark>
            <Placemark id="1091">
                <name>EL 10 INVALID nan</name>
                <Polygon id="1090">
                    <outerBoundaryIs>
                        <LinearRing id="1094">
                            <coordinates>0.0, 0.0, 0.0</coordinates>
                        </LinearRing>
                    </outerBoundaryIs>
                </Polygon>
            </Placemark>
            <Placemark id="1097">
                <name>EL 15 INVALID nan</name>
                <Polygon id="1096">
                    <outerBoundaryIs>
                        <LinearRing id="1100">
                            <coordinates>0.0, 0.0, 0.0</coordinates>
                        </LinearRing>
                    </outerBoundaryIs>
                </Polygon>
            </Placemark>
        </Folder>
        <Folder id="1102">
            <name>DOY 206 SAT 207 F201</name>
            <Placemark id="1104">
                <name>EL 5 LAND_LIKELY 0.00</name>
                <styleUrl>#8</styleUrl>
                <Polygon id="1103">
                    <outerBoundaryIs>
                        <LinearRing id="1107">
                            <coordinates>-69.96269955244769,41.892625033113006,0.0 -69.96270632102821,41.892632719737534,0.0 -69.96273154633698,41.892645932968826,0.0 -69.96277350932745,41.89266377233572,0.0 -69.96282935031144,41.89268502209851,0.0 -69.96289526383673,41.89270823410396,0.0 -69.96296675801739,41.89273182647916,0.0 -69.96303896064516,41.89275419143696,0.0 -69.9631069512219,41.8927738048457,0.0 -69.96316609628562,41.89278933009528,0.0 -69.96321236517768,41.89279970918192,0.0 -69.963242604731,41.892804234805055,0.0 -69.96325475415807,41.89280259856404,0.0 -69.96324798549355,41.89279491197171,0.0 -69.96322276001911,41.89278169885343,0.0 -69.9631807968257,41.89276385965008,0.0 -69.96312495565587,41.89274261005756,0.0 -69.96305904201164,41.89271939818345,0.0 -69.9629875478108,41.89269580586552,0.0 -69.96291534526702,41.89267344087549,0.0 -69.96284735485595,41.89265382735373,0.0 -69.96278820999518,41.8926383019406,0.0 -69.96274194128897,41.8926279226837,0.0 -69.9627117018546,41.892623396929224,0.0 -69.96269955244769,41.892625033113006,0.0</coordinates>
                        </LinearRing>
                    </outerBoundaryIs>
                </Polygon>
            </Placemark>
            <Placemark id="1110">
                <name>EL 10 LAND_LIKELY 0.00</name>
                <styleUrl>#8</styleUrl>
                <Polygon id="1109">
                    <outerBoundaryIs>
                        <LinearRing id="1113">
                            <coordinates>-69.96309309598665,41.892750897180896,0.0 -69.9630944595464,41.892754993303136,0.0 -69.96310202382362,41.89276082311406,0.0 -69.96311527332743,41.89276798932058,0.0 -69.96313330512844,41.89277600355576,0.0 -69.96315489039121,41.892784319660834,0.0 -69.96317855811685,41.892792370905426,0.0 -69.96320269538886,41.892799608609735,0.0 -69.96322565729075,41.892805539536425,0.0 -69.96324587900472,41.89280975950378,0.0 -69.963261982452,41.89281198092973,0.0 -69.96327287020726,41.89281205242972,0.0 -69.96327780028689,41.89280996913267,0.0 -69.96327643671421,41.8928058730126,0.0 -69.96326887241574,41.89280004321312,0.0 -69.96325562288804,41.89279287702427,0.0 -69.96323759106693,41.89278486280821,0.0 -69.9632160057932,41.892776546718636,0.0 -69.96319233806871,41.89276849548174,0.0 -69.96316820080962,41.89276125777525,0.0 -69.96314523892899,41.89275532683711,0.0 -69.96312501723891,41.89275110685212,0.0 -69.96310891381174,41.892748885407016,0.0 -69.96309802606741,41.89274881389154,0.0 -69.96309309598665,41.892750897180896,0.0</coordinates>
                        </LinearRing>
                    </outerBoundaryIs>
                </Polygon>
            </Placemark>
            <Placemark id="1116">
                <name>EL 15 LAND_LIKELY 0.00</name>
                <styleUrl>#8</styleUrl>
                <Polygon id="1115">
                    <outerBoundaryIs>
                        <LinearRing id="1119">
                            <coordinates>-69.96319030611976,41.89278198688275,0.0 -69.96319056838438,41.892784997040394,0.0 -69.9631941888202,41.892788881783574,0.0 -69.96320092070121,41.89279337637315,0.0 -69.9632103052616,41.89279817450979,0.0 -69.96322170295963,41.89280294920785,0.0 -69.9632343370613,41.89280737507905,0.0 -69.96324734657331,41.89281115050737,0.0 -69.96325984491845,41.892814018203595,0.0 -69.96327098035445,41.89281578273928,0.0 -69.96327999401903,41.89281632386472,0.0 -69.96328627164525,41.892815604703685,0.0 -69.963289385423,41.892813674266264,0.0 -69.96328912315361,41.892810664108836,0.0 -69.96328550271078,41.89280677936864,0.0 -69.96327877082238,41.892802284784004,0.0 -69.96326938625626,41.892797486652945,0.0 -69.96325798855564,41.892792711959615,0.0 -69.96324535445524,41.89278828609099,0.0 -69.963232344948,41.89278451066246,0.0 -69.96321984660986,41.892781642963236,0.0 -69.96320871118122,41.89277987842261,0.0 -69.9631996975224,41.89277933729159,0.0 -69.96319341989877,41.892780056447926,0.0 -69.96319030611976,41.89278198688275,0.0</coordinates>
                        </LinearRing>
                    </outerBoundaryIs>
                </Polygon>
            </Placemark>
        </Folder>
        <Folder id="1121">
            <name>DOY 206 SAT 208 F201</name>
            <Placemark id="1123">
                <name>EL 5 LAND_LIKELY 0.00</name>
                <styleUrl>#8</styleUrl>
                <Polygon id="1122">
                    <outerBoundaryIs>
                        <LinearRing id="1126">
                            <coordinates>-69.96318326428987,41.8923855436221,0.0 -69.96317935365073,41.89239345775587,0.0 -69.9631800586476,41.89241451755605,0.0 -69.96318533124095,41.892447287831956,0.0 -69.96319481212142,41.89248953534287,0.0 -69.96320785519372,41.89253838098979,0.0 -69.96322357160395,41.89259049602156,0.0 -69.96324089031093,41.89264232888405,0.0 -69.96325863107417,41.89269034725288,0.0 -69.96327558488515,41.89273127875567,0.0 -69.9632905963605,41.89276233397872,0.0 -69.96330264248192,41.89278139656085,0.0 -69.96331090231624,41.89278716741959,0.0 -69.96331481296319,41.892779253281354,0.0 -69.96331410791787,41.892758193481995,0.0 -69.96330883523278,41.89272542321197,0.0 -69.96329935424188,41.89268317571045,0.0 -69.96328631107005,41.892634330073875,0.0 -69.96327059459784,41.892582215050666,0.0 -69.96325327588305,41.89253038219264,0.0 -69.96323553516827,41.89248236382298,0.0 -69.96321858144901,41.8924414323143,0.0 -69.9632035700841,41.89241037708188,0.0 -69.96319152406221,41.8923913144894,0.0 -69.96318326428987,41.8923855436221,0.0</coordinates>
                        </LinearRing>
                    </outerBoundaryIs>
                </Polygon>
            </Placemark>
            <Placemark id="1129">
                <name>EL 10 LAND_LIKELY 0.00</name>
                <styleUrl>#8</styleUrl>
                <Polygon id="1128">
                    <outerBoundaryIs>
                        <LinearRing id="1132">
                            <coordinates>-69.96327281009907,41.892667307594294,0.0 -69.96326954468495,41.89267025401936,0.0 -69.96326792918669,41.89267749102193,0.0 -69.96326807369807,41.8926885254123,0.0 -69.96326996837183,41.89270260521501,0.0 -69.96327348409038,41.89271877091468,0.0 -69.96327838126467,41.89273592084546,0.0 -69.9632843261614,41.89275288626777,0.0 -69.96329091364615,41.89276851101599,0.0 -69.96329769479244,41.892781730289244,0.0 -69.96330420747546,41.892791643215965,0.0 -69.9633100078653,41.892797574246615,0.0 -69.96331470067364,41.892799119191416,0.0 -69.96331796609226,41.892796172765074,0.0 -69.96331958158785,41.89278893576181,0.0 -69.96331943706733,41.89277790137148,0.0 -69.96331754238044,41.8927638215696,0.0 -69.96331402664826,41.892747655871275,0.0 -69.96330912946351,41.89273050594201,0.0 -69.96330318456226,41.89271354052097,0.0 -69.96329659708019,41.89269791577347,0.0 -69.96328981594301,41.89268469650013,0.0 -69.96328330327313,41.89267478357261,0.0 -69.96327750289691,41.89266885254061,0.0 -69.96327281009907,41.892667307594294,0.0</coordinates>
                        </LinearRing>
                    </outerBoundaryIs>
                </Polygon>
            </Placemark>
            <Placemark id="1135">
                <name>EL 15 LAND_LIKELY 0.00</name>
                <styleUrl>#8</styleUrl>
                <Polygon id="1134">
                    <outerBoundaryIs>
                        <LinearRing id="1138">
                            <coordinates>-69.96329435303178,41.89273509399548,0.0 -69.9632915698188,41.89273684921145,0.0 -69.96328973775941,41.89274088086967,0.0 -69.96328898170546,41.89274691421935,0.0 -69.963289353181,41.8927545380977,0.0 -69.963290826871,41.89276323295,0.0 -69.96329330234641,41.8927724062364,0.0 -69.96329661090807,41.89278143281253,0.0 -69.9633005270832,41.89278969753207,0.0 -69.96330478399092,41.89279663716802,0.0 -69.96330909152978,41.89280177879562,0.0 -69.96331315614769,41.892804772021464,0.0 -69.96331670084719,41.89280541286219,0.0 -69.96331948406248,41.89280365764563,0.0 -69.96332131612178,41.892799625986946,0.0 -69.96332207217331,41.892793592637055,0.0 -69.96332170069364,41.8927859687588,0.0 -69.9633202269989,41.892777273906894,0.0 -69.96331775151943,41.89276810062108,0.0 -69.96331444295548,41.89275907404556,0.0 -69.96331052678043,41.892750809326486,0.0 -69.96330626987513,41.89274386969074,0.0 -69.96330196234042,41.89273872806304,0.0 -69.96329789772723,41.8927357348368,0.0 -69.96329435303178,41.89273509399548,0.0</coordinates>
                        </LinearRing>
                    </outerBoundaryIs>
                </Polygon>
            </Placemark>
        </Folder>
        <Folder id="1140">
            <name>DOY 206 SAT 311 F302</name>
            <Placemark id="1142">
                <name>EL 5 LAND_LIKELY 0.00</name>
                <styleUrl>#8</styleUrl>
                <Polygon id="1141">
                    <outerBoundaryIs>
                        <LinearRing id="1145">
                            <coordinates>-69.96298816829571,41.893142278947366,0.0 -69.9629980434658,41.893139830080386,0.0 -69.96301794927612,41.893127375647325,0.0 -69.9630465291645,41.89310576439245,0.0 -69.96308183544011,41.893076469081485,0.0 -69.96312146202033,41.893041486136475,0.0 -69.96316270840626,41.89300319958435,0.0 -69.9632027637207,41.89296421859011,0.0 -69.96323889826593,41.892927199646714,0.0 -69.96326864954646,41.892894665538726,0.0 -69.96328999008041,41.89286883341741,0.0 -69.96330146556392,41.89285146370413,0.0 -69.96330229397468,41.89284374011911,0.0 -69.96329241886204,41.892846189012154,0.0 -69.96327251319286,41.89285864349261,0.0 -69.96324393349151,41.89288025480353,0.0 -69.96320862739871,41.89290955016415,0.0 -69.9631690009481,41.89294453313911,0.0 -69.96312775460382,41.8929828196935,0.0 -69.96308769923193,41.89302180066166,0.0 -69.96305156454557,41.89305881955765,0.0 -69.96302181307799,41.89309135360961,0.0 -69.96300047236123,41.89311718568128,0.0 -69.96298899674814,41.8931345553646,0.0 -69.96298816829571,41.893142278947366,0.0</coordinates>
                        </LinearRing>
                    </outerBoundaryIs>
                </Polygon>
            </Placemark>
            <Placemark id="1148">
                <name>EL 10 LAND_LIKELY 0.00</name>
                <styleUrl>#8</styleUrl>
                <Polygon id="1147">
                    <outerBoundaryIs>
                        <LinearRing id="1151">
                            <coordinates>-69.96320719536355,41.89293412034187,0.0 -69.96321182429774,41.892934174607596,0.0 -69.96321958708403,41.89293094701379,0.0 -69.96322995469976,41.89292465751508,0.0 -69.96324222060706,41.8929157347298,0.0 -69.96325554890271,41.89290478673059,0.0 -69.96326903128407,41.892892559605265,0.0 -69.96328174894876,41.89287988661233,0.0 -69.96329283520966,41.89286763139569,0.0 -69.96330153455793,41.8928566291287,0.0 -69.96330725414938,41.892847629598236,0.0 -69.96330960420525,41.8928412461079,0.0 -69.9633084245744,41.89283791368221,0.0 -69.96330379564708,41.89283785942037,0.0 -69.96329603287639,41.89284108701984,0.0 -69.96328566528072,41.8928473765245,0.0 -69.96327339939262,41.89285629931438,0.0 -69.96326007111014,41.89286724731567,0.0 -69.9632465887324,41.89287947443996,0.0 -69.96323387106082,41.89289214742901,0.0 -69.96322278478436,41.89290440263996,0.0 -69.96321408541601,41.892915404901025,0.0 -69.96320836580536,41.892924404426864,0.0 -69.96320601573632,41.89293078791514,0.0 -69.96320719536355,41.89293412034187,0.0</coordinates>
                        </LinearRing>
                    </outerBoundaryIs>
                </Polygon>
            </Placemark>
            <Placemark id="1154">
                <name>EL 15 LAND_LIKELY 0.00</name>
                <styleUrl>#8</styleUrl>
                <Polygon id="1153">
                    <outerBoundaryIs>
                        <LinearRing id="1157">
                            <coordinates>-69.96325826287108,41.89288558662828,0.0 -69.96326146734673,41.89288605501918,0.0 -69.96326627938592,41.892884756141704,0.0 -69.96327237105567,41.89288177851201,0.0 -69.96327932721816,41.892877325050534,0.0 -69.96328667382187,41.89287169925318,0.0 -69.96329391020753,41.89286528450868,0.0 -69.96330054322732,41.892858517971376,0.0 -69.96330612085214,41.89285186076973,0.0 -69.96331026297653,41.892845766581225,0.0 -69.96331268732216,41.89284065071487,0.0 -69.96331322867441,41.89283686180862,0.0 -69.9633118501414,41.892834658070235,0.0 -69.96330864566796,41.89283418968075,0.0 -69.96330383363345,41.892835488559996,0.0 -69.96329774196957,41.89283846619134,0.0 -69.96329078581259,41.892842919653944,0.0 -69.96328343921255,41.89284854545157,0.0 -69.96327620282774,41.89285496019541,0.0 -69.96326956980573,41.89286172673132,0.0 -69.96326399217625,41.89286838393118,0.0 -69.96325985004597,41.89287447811803,0.0 -69.96325742569483,41.89287959398328,0.0 -69.96325688433892,41.89288338288924,0.0 -69.96325826287108,41.89288558662828,0.0</coordinates>
                        </LinearRing>
                    </outerBoundaryIs>
                </Polygon>
            </Placemark>
        </Folder>
        <Folder id="1159">
            <name>DOY 206 SAT 313 F302</name>
            <Placemark id="1161">
                <name>EL 5 LAND_LIKELY 0.00</name>
                <styleUrl>#8</styleUrl>
                <Polygon id="1160">
                    <outerBoundaryIs>
                        <LinearRing id="1164">
                            <coordinates>-69.96313189449135,41.89232302063413,0.0 -69.96312804539268,41.892332006717766,0.0 -69.96313021894596,41.89235551386493,0.0 -69.96313826703495,41.89239194010202,0.0 -69.96315164120932,41.89243880304006,0.0 -69.96316943005712,41.8924929090456,0.0 -69.96319042131164,41.892550570882044,0.0 -69.96321318446167,41.89260785898924,0.0 -69.96323616823635,41.892660869276725,0.0 -69.96325780632164,41.89270598918138,0.0 -69.9632766241041,41.89274014385739,0.0 -69.96329133916706,41.892761005721695,0.0 -69.96330094868941,41.89276715307444,0.0 -69.96330479778999,41.89275816698503,0.0 -69.96330262415876,41.892734659841175,0.0 -69.96329457593286,41.89269823361555,0.0 -69.9632812015993,41.89265137069409,0.0 -69.96326341261269,41.89259726470579,0.0 -69.96324242127693,41.89253960288264,0.0 -69.96321965812501,41.89248231478123,0.0 -69.96319667442827,41.89242930449045,0.0 -69.9631750364799,41.89238418457432,0.0 -69.96315621885662,41.892350029881726,0.0 -69.96314150393248,41.89232916800017,0.0 -69.96313189449135,41.89232302063413,0.0</coordinates>
                        </LinearRing>
                    </outerBoundaryIs>
                </Polygon>
            </Placemark>
            <Placemark id="1167">
                <name>EL 10 LAND_LIKELY 0.00</name>
                <styleUrl>#8</styleUrl>
                <Polygon id="1166">
                    <outerBoundaryIs>
                        <LinearRing id="1170">
                            <coordinates>-69.9632520261785,41.89263862646736,0.0 -69.96324851579618,41.89264209265453,0.0 -69.96324716549546,41.892650369005906,0.0 -69.96324806729764,41.89266289150195,0.0 -69.96325115974786,41.892678806755136,0.0 -69.96325623210262,41.892697030167135,0.0 -69.96326293869129,41.89271631984228,0.0 -69.96327082247227,41.89273536122085,0.0 -69.96327934617938,41.89275285666422,0.0 -69.96328792893553,41.89276761388671,0.0 -69.96329598583863,41.89277862720805,0.0 -69.96330296782213,41.89278514608878,0.0 -69.96330839907345,41.892786726278175,0.0 -69.96331190946047,41.89278326008918,0.0 -69.96331325975562,41.892774983737034,0.0 -69.96331235793907,41.89276246124152,0.0 -69.96330926546956,41.89274654598996,0.0 -69.96330419309572,41.8927283225803,0.0 -69.96329748649335,41.892709032907554,0.0 -69.96328960270768,41.8926899915308,0.0 -69.96328107900614,41.89267249608821,0.0 -69.96327249626435,41.89265773886521,0.0 -69.96326443938054,41.89264672554221,0.0 -69.96325745741612,41.89264020665915,0.0 -69.9632520261785,41.89263862646736,0.0</coordinates>
                        </LinearRing>
                    </outerBoundaryIs>
                </Polygon>
            </Placemark>
            <Placemark id="1173">
                <name>EL 15 LAND_LIKELY 0.00</name>
                <styleUrl>#8</styleUrl>
                <Polygon id="1172">
                    <outerBoundaryIs>
                        <LinearRing id="1176">
                            <coordinates>-69.96328184570264,41.89271696679215,0.0 -69.96327878353199,41.89271907619045,0.0 -69.96327696138889,41.8927237513326,0.0 -69.96327650344945,41.892730673615475,0.0 -69.9632774409219,41.89273937129692,0.0 -69.96327970991966,41.892749251644304,0.0 -69.9632831558149,41.892759641328205,0.0 -69.96328754377612,41.89276983230874,0.0 -69.96329257477127,41.89277913008733,0.0 -69.96329790594625,41.89278690103569,0.0 -69.9633031739899,41.892792615576504,0.0 -69.96330801989316,41.89279588427328,0.0 -69.96331211341507,41.892796484369825,0.0 -69.96331517558833,41.89279437497063,0.0 -69.96331699773066,41.89278969982787,0.0 -69.96331745566611,41.89278277754484,0.0 -69.96331651818758,41.89277407986372,0.0 -69.96331424918326,41.89276419951706,0.0 -69.9633108032827,41.89275380983409,0.0 -69.96330641531887,41.89274361885446,0.0 -69.96330138432451,41.89273432107645,0.0 -69.9632960531535,41.89272655012826,0.0 -69.96329078511593,41.89272083558713,0.0 -69.96328593921925,41.89271756688962,0.0 -69.96328184570264,41.89271696679215,0.0</coordinates>
                        </LinearRing>
                    </outerBoundaryIs>
                </Polygon>
            </Placemark>
        </Folder>
        <Folder id="1178">
            <name>DOY 206 SAT 213 F205</name>
            <Placemark id="1180">
                <name>EL 5 LAND_LIKELY 0.00</name>
                <styleUrl>#8</styleUrl>
                <Polygon id="1179">
                    <outerBoundaryIs>
                        <LinearRing id="1183">
                            <coordinates>-69.9631993164808,41.89230338520447,0.0 -69.9631938650438,41.89231271578571,0.0 -69.96319274331901,41.892338121046414,0.0 -69.96319602775439,41.89237786966019,0.0 -69.96320349453092,41.892429252824314,0.0 -69.96321463481274,41.89248876886035,0.0 -69.96322868942019,41.89255236184785,0.0 -69.96324470056334,41.89261569802893,0.0 -69.96326157711155,41.89267446114696,0.0 -69.96327816895167,41.89272464659241,0.0 -69.96329334536742,41.892762834310496,0.0 -69.96330607209848,41.89278642187204,0.0 -69.96331548182704,41.89279380182467,0.0 -69.9633209332873,41.892784471237704,0.0 -69.96332205496896,41.892759065975746,0.0 -69.96331877043555,41.89271931736557,0.0 -69.9633113035324,41.892667934208895,0.0 -69.96330016312925,41.8926084181822,0.0 -69.9632861084383,41.89254482520342,0.0 -69.96327009727186,41.892481489028086,0.0 -69.96325322076679,41.89242272591131,0.0 -69.96323662902469,41.892372540462254,0.0 -69.9632214527356,41.892334352736725,0.0 -69.96320872612586,41.89231076516582,0.0 -69.9631993164808,41.89230338520447,0.0</coordinates>
                        </LinearRing>
                    </outerBoundaryIs>
                </Polygon>
            </Placemark>
            <Placemark id="1186">
                <name>EL 10 LAND_LIKELY 0.00</name>
                <styleUrl>#8</styleUrl>
                <Polygon id="1185">
                    <outerBoundaryIs>
                        <LinearRing id="1189">
                            <coordinates>-69.96328028530047,41.89264521303849,0.0 -69.96327616166573,41.89264852419358,0.0 -69.96327359170131,41.892656982453396,0.0 -69.96327275054608,41.89267001140161,0.0 -69.9632736955243,41.89268672313702,0.0 -69.9632763622387,41.892705978782374,0.0 -69.96328056895882,41.89272646609717,0.0 -69.96328602900502,41.89274678890464,0.0 -69.96329237028498,41.89276556223887,0.0 -69.96329916065088,41.89278150672804,0.0 -69.96330593734959,41.892793535781536,0.0 -69.96331223855884,41.8928008296393,0.0 -69.96331763485995,41.89280289123707,0.0 -69.9633217585025,41.892799580080506,0.0 -69.96332432846629,41.89279112181961,0.0 -69.96332516961259,41.89277809287101,0.0 -69.96332422461956,41.892761381136054,0.0 -69.9633215578884,41.89274212549181,0.0 -69.9633173511541,41.89272163817848,0.0 -69.96331189110009,41.892701315372506,0.0 -69.96330554982077,41.89268254203935,0.0 -69.96329875946381,41.892666597550544,0.0 -69.96329198277991,41.89265456849662,0.0 -69.9632856815874,41.89264727463777,0.0 -69.96328028530047,41.89264521303849,0.0</coordinates>
                        </LinearRing>
                    </outerBoundaryIs>
                </Polygon>
            </Placemark>
            <Placemark id="1192">
                <name>EL 15 LAND_LIKELY 0.00</name>
                <styleUrl>#8</styleUrl>
                <Polygon id="1191">
                    <outerBoundaryIs>
                        <LinearRing id="1195">
                            <coordinates>-69.96329909486737,41.89272462126597,0.0 -69.96329567948543,41.89272653438024,0.0 -69.9632931698813,41.89273115842307,0.0 -69.96329173708025,41.892738178273646,0.0 -69.96329147872557,41.89274711554076,0.0 -69.96329241242414,41.89275736116448,0.0 -69.96329447454653,41.89276821692242,0.0 -69.96329752456306,41.892778943012566,0.0 -69.96330135462051,41.89278880846956,0.0 -69.9633057037069,41.892797140978715,0.0 -69.96331027543893,41.89280337269328,0.0 -69.96331475826015,41.89280707893218,0.0 -69.96331884667313,41.8928080071214,0.0 -69.96332226205874,41.89280609400644,0.0 -69.96332477166371,41.892801469962976,0.0 -69.96332620446253,41.89279445011201,0.0 -69.96332646281256,41.8927855128448,0.0 -69.96332552910812,41.89277526722136,0.0 -69.96332346698023,41.892764411463986,0.0 -69.96332041696003,41.89275368537451,0.0 -69.96331658690173,41.89274381991815,0.0 -69.96331223781756,41.892735487409425,0.0 -69.9633076660902,41.89272925569493,0.0 -69.96330318327485,41.89272554945575,0.0 -69.96329909486737,41.89272462126597,0.0</coordinates>
                        </LinearRing>
                    </outerBoundaryIs>
                </Polygon>
            </Placemark>
        </Folder>
        <Folder id="1197">
            <name>DOY 206 SAT 227 F205</name>
            <Placemark id="1199">
                <name>EL 5 LAND_LIKELY 0.00</name>
                <styleUrl>#8</styleUrl>
                <Polygon id="1198">
                    <outerBoundaryIs>
                        <LinearRing id="1202">
                            <coordinates>-69.9629507209187,41.89244542646743,0.0 -69.96295129493514,41.89245464230208,0.0 -69.96296402496627,41.89247565197054,0.0 -69.96298804349928,41.89250702369483,0.0 -69.96302171373615,41.892546619537406,0.0 -69.963062741132,41.89259174109972,0.0 -69.96310832975742,41.89263931341568,0.0 -69.96315537283124,41.89268609450705,0.0 -69.96320066444027,41.892728896319966,0.0 -69.96324111801839,41.89276480198539,0.0 -69.9632739766958,41.89279136459797,0.0 -69.96329700118187,41.89280677396684,0.0 -69.96330862237605,41.89280997997517,0.0 -69.96330804830487,41.892800764142315,0.0 -69.96329531809579,41.892779754511835,0.0 -69.9632712993093,41.89274838285157,0.0 -69.96323762881133,41.89270878708191,0.0 -69.96319660121677,41.892663665581836,0.0 -69.96315101250822,41.892616093300795,0.0 -69.96310396948915,41.89256931220765,0.0 -69.96305867805809,41.89252651035674,0.0 -69.96301822473343,41.89249060462727,0.0 -69.96298536631708,41.89246404194181,0.0 -69.96296234202975,41.89244863251069,0.0 -69.9629507209187,41.89244542646743,0.0</coordinates>
                        </LinearRing>
                    </outerBoundaryIs>
                </Polygon>
            </Placemark>
            <Placemark id="1205">
                <name>EL 10 LAND_LIKELY 0.00</name>
                <styleUrl>#8</styleUrl>
                <Polygon id="1204">
                    <outerBoundaryIs>
                        <LinearRing id="1208">
                            <coordinates>-69.96320020538666,41.89269954847585,0.0 -69.96319866609302,41.89270337450513,0.0 -69.96320105689881,41.892710836080695,0.0 -69.96320721487628,41.89272142470827,0.0 -69.96321672037193,41.8927344187898,0.0 -69.96322892560461,41.892748932799385,0.0 -69.96324299880997,41.89276397763057,0.0 -69.9632579809233,41.89277852800247,0.0 -69.96327285093793,41.89279159233109,0.0 -69.96328659548523,41.892802280304316,0.0 -69.96329827789451,41.89280986355496,0.0 -69.96330710202622,41.892813825297765,0.0 -69.96331246652828,41.892813895547214,0.0 -69.96331400581776,41.8928100695164,0.0 -69.96331161499506,41.89280260794319,0.0 -69.96330545699246,41.8927920193212,0.0 -69.96329595147019,41.89277902524699,0.0 -69.96328374621653,41.89276451124448,0.0 -69.96326967300145,41.892749466418266,0.0 -69.96325469089227,41.892734916047914,0.0 -69.96323982089456,41.89272185171693,0.0 -69.9632260763724,41.89271116373814,0.0 -69.96321439398974,41.892703580480166,0.0 -69.96320556987901,41.89269961873027,0.0 -69.96320020538666,41.89269954847585,0.0</coordinates>
                        </LinearRing>
                    </outerBoundaryIs>
                </Polygon>
            </Placemark>
            <Placemark id="1211">
                <name>EL 15 LAND_LIKELY 0.00</name>
                <styleUrl>#8</styleUrl>
                <Polygon id="1210">
                    <outerBoundaryIs>
                        <LinearRing id="1214">
                            <coordinates>-69.96325609723694,41.89275647892016,0.0 -69.96325440693276,41.89275896131659,0.0 -69.96325483213276,41.892763312022495,0.0 -69.96325734386072,41.89276923454444,0.0 -69.96326177094721,41.89277632527221,0.0 -69.96326781169438,41.89278410098423,0.0 -69.96327505443591,41.89279203177834,0.0 -69.96328300559124,41.89279957718389,0.0 -69.9632911233022,41.892806222993855,0.0 -69.96329885435973,41.892811516307276,0.0 -69.96330567190437,41.892815096393726,0.0 -69.96331111133091,41.892816719276446,0.0 -69.96331480195084,41.89281627435886,0.0 -69.9633164922542,41.892813791961544,0.0 -69.96331606704965,41.892809441255864,0.0 -69.96331355531467,41.8928035187352,0.0 -69.96330912822054,41.89279642800943,0.0 -69.96330308746718,41.89278865229957,0.0 -69.96329584472255,41.8927807215072,0.0 -69.96328789356805,41.892773176102544,0.0 -69.96327977586162,41.89276653029237,0.0 -69.96327204481112,41.89276123697767,0.0 -69.96326522727412,41.89275765688921,0.0 -69.96325978785376,41.892756034004336,0.0 -69.96325609723694,41.89275647892016,0.0</coordinates>
                        </LinearRing>
                    </outerBoundaryIs>
                </Polygon>
            </Placemark>
        </Folder>
        <Folder id="1216">
            <name>DOY 206 SAT 213 F207</name>
            <Placemark id="1218">
                <name>EL 5 LAND_LIKELY 0.00</name>
                <styleUrl>#8</styleUrl>
                <Polygon id="1217">
                    <outerBoundaryIs>
                        <LinearRing id="1221">
                            <coordinates>-69.9631973968542,41.89229528102988,0.0 -69.96319190649733,41.89230467822631,0.0 -69.96319077676338,41.89233026486676,0.0 -69.96319408464622,41.892370297264115,0.0 -69.96320160472905,41.89242204727625,0.0 -69.96321282454348,41.892481988224645,0.0 -69.96322697948996,41.89254603523176,0.0 -69.96324310494079,41.892609823599024,0.0 -69.96326010197548,41.892669006254025,0.0 -69.96327681226983,41.89271954999652,0.0 -69.96329209703497,41.892758010354335,0.0 -69.96330491462658,41.8927817663184,0.0 -69.96331439153467,41.892789198959996,0.0 -69.96331988191517,41.892779801757726,0.0 -69.96332101160534,41.892754215116014,0.0 -69.96331770362308,41.89271418272231,0.0 -69.96331018341179,41.892662432717735,0.0 -69.9632989634743,41.89260249177881,0.0 -69.96328480844312,41.89253844478054,0.0 -69.96326868296867,41.89247465641911,0.0 -69.96325168597775,41.89241547376538,0.0 -69.96323497578283,41.89236493001925,0.0 -69.96321969114615,41.89232646965385,0.0 -69.9632068736776,41.8923027136803,0.0 -69.9631973968542,41.89229528102988,0.0</coordinates>
                        </LinearRing>
                    </outerBoundaryIs>
                </Polygon>
            </Placemark>
            <Placemark id="1224">
                <name>EL 10 LAND_LIKELY 0.00</name>
                <styleUrl>#8</styleUrl>
                <Polygon id="1223">
                    <outerBoundaryIs>
                        <LinearRing id="1227">
                            <coordinates>-69.96327905222965,41.89264000738437,0.0 -69.96327486978437,41.89264336576272,0.0 -69.96327226316744,41.892651944653245,0.0 -69.96327141001555,41.892665159418854,0.0 -69.9632723684705,41.89268210949512,0.0 -69.9632750732167,41.89270163976235,0.0 -69.96327933993189,41.89272241926498,0.0 -69.96328487784794,41.89274303191407,0.0 -69.96329130956582,41.89276207299153,0.0 -69.96329819677452,41.89277824487927,0.0 -69.96330507012124,41.89279044548982,0.0 -69.96331146119721,41.892797843371795,0.0 -69.96331693445948,41.89279993437188,0.0 -69.9633211169128,41.892796575992,0.0 -69.96332372352907,41.89278799710037,0.0 -69.96332457667178,41.89277478233438,0.0 -69.96332361820158,41.89275783225853,0.0 -69.96332091343815,41.892738301992445,0.0 -69.96331664670838,41.89271752249137,0.0 -69.9633111087843,41.892696909843785,0.0 -69.96330467706707,41.89267786876743,0.0 -69.96329778986755,41.89266169688008,0.0 -69.9632909165361,41.89264949626909,0.0 -69.96328452547733,41.892642098385984,0.0 -69.96327905222965,41.89264000738437,0.0</coordinates>
                        </LinearRing>
                    </outerBoundaryIs>
                </Polygon>
            </Placemark>
            <Placemark id="1230">
                <name>EL 15 LAND_LIKELY 0.00</name>
                <styleUrl>#8</styleUrl>
                <Polygon id="1229">
                    <outerBoundaryIs>
                        <LinearRing id="1233">
                            <coordinates>-69.96329823918502,41.89272100884171,0.0 -69.96329476449279,41.89272295517851,0.0 -69.96329221130772,41.892727659521,0.0 -69.96329075362509,41.89273480127612,0.0 -69.96329049078376,41.89274389374505,0.0 -69.96329144069644,41.89275431729109,0.0 -69.96329353862875,41.89276536156678,0.0 -69.96329664161063,41.89277627392292,0.0 -69.96330053817938,41.892786310700394,0.0 -69.96330496279037,41.892794787909345,0.0 -69.96330961391345,41.89280112784197,0.0 -69.96331417458177,41.89280489844229,0.0 -69.96331833399272,41.89280584275018,0.0 -69.96332180868875,41.89280389641267,0.0 -69.96332436187468,41.89279919206952,0.0 -69.96332581955504,41.892792050313986,0.0 -69.96332608239153,41.89278295784497,0.0 -69.96332513247278,41.89277253429921,0.0 -69.96332303453477,41.89276149002409,0.0 -69.9633199315491,41.892750577668686,0.0 -69.96331603497947,41.89274054089186,0.0 -69.96331161037077,41.89273206368332,0.0 -69.96330695925252,41.892725723750786,0.0 -69.96330239859027,41.89272195315017,0.0 -69.96329823918502,41.89272100884171,0.0</coordinates>
                        </LinearRing>
                    </outerBoundaryIs>
                </Polygon>
            </Placemark>
        </Folder>
        <Folder id="1235">
            <name>DOY 206 SAT 218 F207</name>
            <Placemark id="1237">
                <name>EL 5 LAND_LIKELY 0.00</name>
                <styleUrl>#8</styleUrl>
                <Polygon id="1236">
                    <outerBoundaryIs>
                        <LinearRing id="1240">
                            <coordinates>-69.96265416014344,41.89272018157505,0.0 -69.96266342219756,41.89272715501102,0.0 -69.9626935564296,41.892737003216766,0.0 -69.96274250925391,41.89274905503813,0.0 -69.96280694462996,41.89276248914205,0.0 -69.96288247140426,41.89277638999476,0.0 -69.96296394255737,41.892789810259785,0.0 -69.96304580596328,41.892801835361624,0.0 -69.96312248275808,41.892811645814504,0.0 -69.96318874753241,41.892818573067444,0.0 -69.96324008443791,41.892822145061004,0.0 -69.96327299493838,41.89282211839146,0.0 -69.96328523623218,41.892818494892666,0.0 -69.96327597409693,41.89281152150666,0.0 -69.96324583973994,41.89280167345318,0.0 -69.96319688678032,41.89278962184555,0.0 -69.9631324512949,41.892776187959626,0.0 -69.96305692446644,41.89276228727071,0.0 -69.9629754533289,41.892748867071425,0.0 -69.96289359000411,41.89273684191959,0.0 -69.96281691333428,41.89272703131446,0.0 -69.96275064869523,41.89272010384774,0.0 -69.96269931189912,41.89271653163623,0.0 -69.96266640145281,41.892716558141984,0.0 -69.96265416014344,41.89272018157505,0.0</coordinates>
                        </LinearRing>
                    </outerBoundaryIs>
                </Polygon>
            </Placemark>
            <Placemark id="1243">
                <name>EL 10 LAND_LIKELY 0.00</name>
                <styleUrl>#8</styleUrl>
                <Polygon id="1242">
                    <outerBoundaryIs>
                        <LinearRing id="1246">
                            <coordinates>-69.96309389876038,41.89278868743921,0.0 -69.96309639512207,41.89279261021156,0.0 -69.96310561772515,41.892797340007064,0.0 -69.96312093806613,41.8928025544965,0.0 -69.96314131209063,41.89280789831885,0.0 -69.96316535134358,41.89281300729918,0.0 -69.96319141758981,41.892817533267205,0.0 -69.9632177344571,41.892821167784916,0.0 -69.9632425084931,41.892823663166375,0.0 -69.96326405138652,41.89282484935696,0.0 -69.96328089502322,41.89282464552191,0.0 -69.96329189153617,41.89282306555452,0.0 -69.963296291531,41.89282021712868,0.0 -69.96329379515595,41.89281629436068,0.0 -69.9632845725362,41.892811564580214,0.0 -69.9632692521797,41.89280635011254,0.0 -69.96324887814498,41.8928010063128,0.0 -69.96322483888987,41.89279589734988,0.0 -69.9631987726501,41.892791371389414,0.0 -69.96317245579615,41.89278773686736,0.0 -69.96314768177685,41.89278524147086,0.0 -69.96312613889894,41.892784055258524,0.0 -69.96310929527246,41.892784259070964,0.0 -69.96309829876166,41.89278583902093,0.0 -69.96309389876038,41.89278868743921,0.0</coordinates>
                        </LinearRing>
                    </outerBoundaryIs>
                </Polygon>
            </Placemark>
            <Placemark id="1249">
                <name>EL 15 LAND_LIKELY 0.00</name>
                <styleUrl>#8</styleUrl>
                <Polygon id="1248">
                    <outerBoundaryIs>
                        <LinearRing id="1252">
                            <coordinates>-69.96319564928852,41.89280453865923,0.0 -69.96319672138515,41.89280748805944,0.0 -69.96320136343017,41.89281080398777,0.0 -69.96320925907646,41.89281426046879,0.0 -69.96321987024928,41.8928176219484,0.0 -69.96323247381495,41.892820659346704,0.0 -69.96324621086131,41.89282316566951,0.0 -69.96326014523103,41.89282497011483,0.0 -69.96327332731931,41.892825949712815,0.0 -69.96328485878807,41.89282603770588,0.0 -69.96329395378629,41.892825228098026,0.0 -69.96329999250459,41.89282357606335,0.0 -69.96330256341433,41.892821194185736,0.0 -69.96330149131259,41.8928182447865,0.0 -69.96329684926182,41.892814928862194,0.0 -69.96328895361071,41.89281147238718,0.0 -69.96327834243529,41.892808110913926,0.0 -69.96326573886991,41.892805073520634,0.0 -69.96325200182667,41.892802567200164,0.0 -69.96323806746207,41.892800762753836,0.0 -69.96322488537953,41.892799783151816,0.0 -69.96321335391559,41.892799695152775,0.0 -69.96320425891999,41.89280050475426,0.0 -69.96319822020139,41.89280215678394,0.0 -69.96319564928852,41.89280453865923,0.0</coordinates>
                        </LinearRing>
                    </outerBoundaryIs>
                </Polygon>
            </Placemark>
        </Folder>
        <Folder id="1254">
            <name>DOY 207 SAT 1 F1</name>
            <Placemark id="1256">
                <name>EL 5 LAND_LIKELY 0.00</name>
                <styleUrl>#8</styleUrl>
                <Polygon id="1255">
                    <outerBoundaryIs>
                        <LinearRing id="1259">
                            <coordinates>-69.96320952403565,41.89238137438127,0.0 -69.963205146085,41.89238915173069,0.0 -69.96320459663107,41.89241021409776,0.0 -69.96320791312162,41.89244312611699,0.0 -69.96321486955063,41.89248564488837,0.0 -69.96322499185817,41.89253487282727,0.0 -69.96323759023444,41.8925874551303,0.0 -69.96325180612678,41.89263980839974,0.0 -69.96326667074699,41.89268836484638,0.0 -69.96328117109239,41.892729815428595,0.0 -69.9632943189811,41.89276133535801,0.0 -69.96330521839697,41.89278077660411,0.0 -69.96331312655413,41.89278681427885,0.0 -69.96331750451888,41.89277903692533,0.0 -69.96331805393876,41.892757974557725,0.0 -69.9633147373751,41.892725062541665,0.0 -69.96330778085354,41.89268254377632,0.0 -69.96329765845879,41.89263331584468,0.0 -69.96328506002402,41.892580733548215,0.0 -69.96327084411759,41.892528380282876,0.0 -69.96325597953143,41.89247982383676,0.0 -69.96324147925912,41.89243837325139,0.0 -69.96322833146297,41.89240685331596,0.0 -69.9632174321343,41.892387412062575,0.0 -69.96320952403565,41.89238137438127,0.0</coordinates>
                        </LinearRing>
                    </outerBoundaryIs>
                </Polygon>
            </Placemark>
            <Placemark id="1262">
                <name>EL 10 LAND_LIKELY 0.00</name>
                <styleUrl>#8</styleUrl>
                <Polygon id="1261">
                    <outerBoundaryIs>
                        <LinearRing id="1265">
                            <coordinates>-69.96328220747843,41.89266581557887,0.0 -69.96327876986086,41.89266865138562,0.0 -69.96327672510395,41.89267582798399,0.0 -69.96327621255459,41.89268685630073,0.0 -69.96327726714287,41.89270098477431,0.0 -69.96327981700146,41.89271725057257,0.0 -69.96328368836298,41.89273454520812,0.0 -69.96328861740152,41.89275169008004,0.0 -69.96329426821181,41.89276751679351,0.0 -69.96330025570036,41.8927809467841,0.0 -69.96330617182902,41.89279106482012,0.0 -69.96331161342226,41.892797181374185,0.0 -69.9633162096433,41.89279887961331,0.0 -69.96331964726622,41.892796043805454,0.0 -69.96332169202215,41.892788867206335,0.0 -69.96332220456449,41.89277783888938,0.0 -69.963321149965,41.892763710416226,0.0 -69.96331860009401,41.89274744461889,0.0 -69.96331472872227,41.892730149984494,0.0 -69.96330979967838,41.89271300511369,0.0 -69.96330414886907,41.89269717840098,0.0 -69.96329816138756,41.89268374841058,0.0 -69.9632922452701,41.89267363037416,0.0 -69.96328680368923,41.892667513819184,0.0 -69.96328220747843,41.89266581557887,0.0</coordinates>
                        </LinearRing>
                    </outerBoundaryIs>
                </Polygon>
            </Placemark>
            <Placemark id="1268">
                <name>EL 15 LAND_LIKELY 0.00</name>
                <styleUrl>#8</styleUrl>
                <Polygon id="1267">
                    <outerBoundaryIs>
                        <LinearRing id="1271">
                            <coordinates>-69.96329969366359,41.89273424606703,0.0 -69.96329680869027,41.89273590774245,0.0 -69.96329473841065,41.89273987500142,0.0 -69.96329362391081,41.892745877481865,0.0 -69.96329354114225,41.89275350612466,0.0 -69.96329449574587,41.89276224105044,0.0 -69.96329642266744,41.89277148698841,0.0 -69.96329919059085,41.89278061384311,0.0 -69.96330261088694,41.892788999634455,0.0 -69.96330645046825,41.89279607288458,0.0 -69.96331044767346,41.89280135156313,0.0 -69.96331433009931,41.89280447593687,0.0 -69.96331783316441,41.89280523308495,0.0 -69.96332071814031,41.89280357140901,0.0 -69.96332278842037,41.89279960414957,0.0 -69.96332390291842,41.892793601668856,0.0 -69.9633239856834,41.89278597302604,0.0 -69.9633230310754,41.89277723810051,0.0 -69.96332110414981,41.89276799216299,0.0 -69.96331833622382,41.89275886530879,0.0 -69.96331491592727,41.892750479517915,0.0 -69.96331107634776,41.89274340626808,0.0 -69.96330707914612,41.892738127589546,0.0 -69.96330319672467,41.89273500321556,0.0 -69.96329969366359,41.89273424606703,0.0</coordinates>
                        </LinearRing>
                    </outerBoundaryIs>
                </Polygon>
            </Placemark>
        </Folder>
        <Folder id="1273">
            <name>DOY 207 SAT 9 F1</name>
            <Placemark id="1275">
                <name>EL 5 LAND_LIKELY 0.00</name>
                <styleUrl>#8</styleUrl>
                <Polygon id="1274">
                    <outerBoundaryIs>
                        <LinearRing id="1278">
                            <coordinates>-69.96273471386723,41.89252462794345,0.0 -69.9627395323953,41.892533463856275,0.0 -69.96276165014002,41.89255068253096,0.0 -69.96279955983466,41.89257511053395,0.0 -69.96285067802351,41.89260508312327,0.0 -69.96291152111287,41.89263855770154,0.0 -69.96297794276511,41.89267325301975,0.0 -69.96304541645979,41.8927068046437,0.0 -69.96310934396712,41.89273692608781,0.0 -69.96316536871211,41.89276156463472,0.0 -69.96320967267366,41.8927790412222,0.0 -69.96323923658358,41.89278816486455,0.0 -69.96325204569193,41.892788313812524,0.0 -69.96324722707374,41.892779477921124,0.0 -69.9632251091189,41.89276225933961,0.0 -69.96318719915044,41.892737831476566,0.0 -69.96313608069744,41.8927078590365,0.0 -69.96307523742438,41.892674384576736,0.0 -69.96300881571811,41.892639689314606,0.0 -69.96294134211355,41.89260613766923,0.0 -69.96287741481636,41.892576016131954,0.0 -69.96282139034517,41.89255137744508,0.0 -69.96277708664779,41.892533900708386,0.0 -69.96274752292156,41.892524776947475,0.0 -69.96273471386723,41.89252462794345,0.0</coordinates>
                        </LinearRing>
                    </outerBoundaryIs>
                </Polygon>
            </Placemark>
            <Placemark id="1281">
                <name>EL 10 LAND_LIKELY 0.00</name>
                <styleUrl>#8</styleUrl>
                <Polygon id="1280">
                    <outerBoundaryIs>
                        <LinearRing id="1284">
                            <coordinates>-69.96310352521232,41.89271261285678,0.0 -69.96310381067157,41.89271700845334,0.0 -69.96310997066728,41.892724108673235,0.0 -69.96312158540844,41.892733429647336,0.0 -69.96313786337284,41.892744336165194,0.0 -69.96315769524705,41.89275608496391,0.0 -69.96317972952357,41.89276787538082,0.0 -69.96320246460333,41.89277890391769,0.0 -69.96322435112694,41.892788418997995,0.0 -69.96324389756145,41.89279577218563,0.0 -69.96325977184651,41.89280046237449,0.0 -69.96327089217282,41.892802169937674,0.0 -69.96327650070658,41.892800778509006,0.0 -69.96327621523508,41.8927963829129,0.0 -69.96327005521393,41.89278928270187,0.0 -69.96325844044094,41.89277996174273,0.0 -69.96324216244687,41.89276905524191,0.0 -69.9632223305531,41.89275730645771,0.0 -69.96320029627235,41.892745516048954,0.0 -69.96317756120486,41.89273448751165,0.0 -69.9631556747067,41.89272497242247,0.0 -69.963136128304,41.89271761921988,0.0 -69.96312025404862,41.89271292901398,0.0 -69.96310913374187,41.89271122143627,0.0 -69.96310352521232,41.89271261285678,0.0</coordinates>
                        </LinearRing>
                    </outerBoundaryIs>
                </Polygon>
            </Placemark>
            <Placemark id="1287">
                <name>EL 15 LAND_LIKELY 0.00</name>
                <styleUrl>#8</styleUrl>
                <Polygon id="1286">
                    <outerBoundaryIs>
                        <LinearRing id="1290">
                            <coordinates>-69.9631956026799,41.8927595448274,0.0 -69.96319505446144,41.89276267022246,0.0 -69.96319771156426,41.8927671973371,0.0 -69.96320339291202,41.89277281765574,0.0 -69.96321171133123,41.89277914816254,0.0 -69.9632220999362,41.89278575744341,0.0 -69.96323385076127,41.89279219508636,0.0 -69.96324616300717,41.892798022376354,0.0 -69.96325819761427,41.892802842193156,0.0 -69.9632691344432,41.89280632607446,0.0 -69.96327822816616,41.892808236599876,0.0 -69.9632848590601,41.892808443570786,0.0 -69.96328857524,41.89280693288291,0.0 -69.96328912345429,41.89280380748741,0.0 -69.96328646634345,41.892799280374874,0.0 -69.96328078498603,41.892793660060335,0.0 -69.9632724665581,41.89278732955853,0.0 -69.96326207794763,41.89278072028219,0.0 -69.96325032712184,41.892774282642115,0.0 -69.96323801488015,41.89276845535256,0.0 -69.96322598028104,41.89276363553365,0.0 -69.96321504346177,41.89276015164826,0.0 -69.96320594974755,41.89275824111785,0.0 -69.96319931885907,41.892758034142396,0.0 -69.9631956026799,41.8927595448274,0.0</coordinates>
                        </LinearRing>
                    </outerBoundaryIs>
                </Polygon>
            </Placemark>
        </Folder>
        <Folder id="1292">
            <name>DOY 207 SAT 14 F1</name>
            <Placemark id="1294">
                <name>EL 5 LAND_LIKELY 0.00</name>
                <styleUrl>#8</styleUrl>
                <Polygon id="1293">
                    <outerBoundaryIs>
                        <LinearRing id="1297">
                            <coordinates>-69.96318056886008,41.892377062169345,0.0 -69.96317660007404,41.89238509397785,0.0 -69.96317731555246,41.89240646691506,0.0 -69.96318266654166,41.89243972445054,0.0 -69.96319228838999,41.8924826001376,0.0 -69.96320552539576,41.892532172068066,0.0 -69.96322147548916,41.89258506199572,0.0 -69.96323905170404,41.8926376655585,0.0 -69.96325705625121,41.89268639791012,0.0 -69.96327426214556,41.892727938021395,0.0 -69.96328949682436,41.89275945500303,0.0 -69.96330172205809,41.89277880102574,0.0 -69.96331010470702,41.892784657691145,0.0 -69.96331407350111,41.892776625878035,0.0 -69.96331335797278,41.892755252941676,0.0 -69.96330800688911,41.89272199541226,0.0 -69.96329838492703,41.892679119734844,0.0 -69.96328514781874,41.89262954781506,0.0 -69.9632691976615,41.892576657896235,0.0 -69.96325162143859,41.892524054338026,0.0 -69.96323361694132,41.892475321985565,0.0 -69.96321641114146,41.89243378186822,0.0 -69.96320117657639,41.89240226487693,0.0 -69.96318895144518,41.892382918843545,0.0 -69.96318056886008,41.892377062169345,0.0</coordinates>
                        </LinearRing>
                    </outerBoundaryIs>
                </Polygon>
            </Placemark>
            <Placemark id="1300">
                <name>EL 10 LAND_LIKELY 0.00</name>
                <styleUrl>#8</styleUrl>
                <Polygon id="1299">
                    <outerBoundaryIs>
                        <LinearRing id="1303">
                            <coordinates>-69.96327157840939,41.89266343198885,0.0 -69.96326825607404,41.89266642977476,0.0 -69.96326661241503,41.89267379292977,0.0 -69.96326675944525,41.89268501966712,0.0 -69.96326868714578,41.8926993449032,0.0 -69.9632722641484,41.89271579239677,0.0 -69.96327724668768,41.89273324127817,0.0 -69.96328329521289,41.892750502434836,0.0 -69.9632899975275,41.8927663995473,0.0 -69.96329689687956,41.89277984925358,0.0 -69.9633035230887,41.89278993497841,0.0 -69.96330942458835,41.89279596939638,0.0 -69.96331419919964,41.89279754127206,0.0 -69.96331752153965,41.89279454348483,0.0 -69.96331916519591,41.892787180329094,0.0 -69.96331901815624,41.89277595359182,0.0 -69.9633170904421,41.89276162835659,0.0 -69.96331351342538,41.8927451808644,0.0 -69.96330853087527,41.892727731984564,0.0 -69.96330248234538,41.89271047082923,0.0 -69.96329578003355,41.892694573717485,0.0 -69.96328888069092,41.89268112401114,0.0 -69.9632822544954,41.89267103828548,0.0 -69.96327635300985,41.8926650038661,0.0 -69.96327157840939,41.89266343198885,0.0</coordinates>
                        </LinearRing>
                    </outerBoundaryIs>
                </Polygon>
            </Placemark>
            <Placemark id="1306">
                <name>EL 15 LAND_LIKELY 0.00</name>
                <styleUrl>#8</styleUrl>
                <Polygon id="1305">
                    <outerBoundaryIs>
                        <LinearRing id="1309">
                            <coordinates>-69.9632935761819,41.89273264958352,0.0 -69.96329074151234,41.892734437250276,0.0 -69.96328887558145,41.892738543446654,0.0 -69.96328810554935,41.89274468834222,0.0 -69.9632884838927,41.89275245317251,0.0 -69.96328998482845,41.892761308777175,0.0 -69.9632925060708,41.89277065166132,0.0 -69.96329587580166,41.892779845122796,0.0 -69.96329986437972,41.89278826264233,0.0 -69.96330419998992,41.89279533057981,0.0 -69.96330858716736,41.892800567266974,0.0 -69.96331272693273,41.89280361583225,0.0 -69.96331633716736,41.892804268521,0.0 -69.96331917183929,41.89280248085361,0.0 -69.9633210377701,41.89279837465673,0.0 -69.96332180779967,41.892792229760936,0.0 -69.96332142945205,41.89278446493076,0.0 -69.9633199285114,41.89277560932652,0.0 -69.96331740726484,41.89276626644296,0.0 -69.96331403753157,41.892757072982114,0.0 -69.96331004895362,41.89274865546308,0.0 -69.96330571334592,41.89274158752582,0.0 -69.96330132617277,41.89273635083854,0.0 -69.9632971864123,41.892733302272845,0.0 -69.9632935761819,41.89273264958352,0.0</coordinates>
                        </LinearRing>
                    </outerBoundaryIs>
                </Polygon>
            </Placemark>
        </Folder>
        <Folder id="1311">
            <name>DOY 207 SAT 29 F1</name>
            <Placemark id="1313">
                <name>EL 5 LAND_LIKELY 0.00</name>
                <styleUrl>#8</styleUrl>
                <Polygon id="1312">
                    <outerBoundaryIs>
                        <LinearRing id="1316">
                            <coordinates>-69.96265175131927,41.892612219008164,0.0 -69.96265893848886,41.89262030691262,0.0 -69.96268563218669,41.89263416523469,0.0 -69.9627300132997,41.89265284954002,0.0 -69.96278905735079,41.892675086505825,0.0 -69.96285874060592,41.89269936070061,0.0 -69.96293431427952,41.89272401786349,0.0 -69.96301062815277,41.89274737764317,0.0 -69.963082481552,41.8927678481129,0.0 -69.96314497776847,41.89278403425663,0.0 -69.9631938577659,41.89279483303364,0.0 -69.96322579043277,41.892799508544144,0.0 -69.96323859959752,41.89279774217446,0.0 -69.96323141233457,41.89278965430616,0.0 -69.96320471845333,41.89277579611048,0.0 -69.96316033711604,41.89275711198792,0.0 -69.96310129285986,41.89273487521229,0.0 -69.9630316094738,41.89271060116413,0.0 -69.96295603577853,41.89268594406504,0.0 -69.96287972199865,41.892662584249216,0.0 -69.96280786878282,41.89264211365309,0.0 -69.96274537279064,41.892625927326606,0.0 -69.96269649299828,41.89261512835941,0.0 -69.96266456046233,41.892610452702286,0.0 -69.96265175131927,41.892612219008164,0.0</coordinates>
                        </LinearRing>
                    </outerBoundaryIs>
                </Polygon>
            </Placemark>
            <Placemark id="1319">
                <name>EL 10 LAND_LIKELY 0.00</name>
                <styleUrl>#8</styleUrl>
                <Polygon id="1318">
                    <outerBoundaryIs>
                        <LinearRing id="1322">
                            <coordinates>-69.96307132187385,41.89274486027809,0.0 -69.96307279544688,41.89274920878308,0.0 -69.96308086900082,41.892755379164285,0.0 -69.96309499233874,41.892762950919156,0.0 -69.96311420298115,41.89277140804307,0.0 -69.96313719175679,41.89278017419484,0.0 -69.96316239201977,41.892788651974,0.0 -69.96318808641371,41.89279626363302,0.0 -69.96321252390663,41.892802490450144,0.0 -69.96323403912142,41.89280690807941,0.0 -69.96325116582904,41.892809215468674,0.0 -69.96326273687045,41.892809255375326,0.0 -69.96326796369705,41.89280702508155,0.0 -69.9632664901094,41.89280267657905,0.0 -69.96325841653154,41.89279650621084,0.0 -69.96324429316684,41.892788934476,0.0 -69.96322508250194,41.89278047737376,0.0 -69.96320209371413,41.89277171123952,0.0 -69.96317689345256,41.89276323346905,0.0 -69.96315119907325,41.89275562180753,0.0 -69.96312676160423,41.89274939497741,0.0 -69.96310524641623,41.892744977328114,0.0 -69.96308811973111,41.89274266991717,0.0 -69.96307654870188,41.892742629992995,0.0 -69.96307132187385,41.89274486027809,0.0</coordinates>
                        </LinearRing>
                    </outerBoundaryIs>
                </Polygon>
            </Placemark>
            <Placemark id="1325">
                <name>EL 15 LAND_LIKELY 0.00</name>
                <styleUrl>#8</styleUrl>
                <Polygon id="1324">
                    <outerBoundaryIs>
                        <LinearRing id="1328">
                            <coordinates>-69.96317656727022,41.89277813178889,0.0 -69.96317686482507,41.892781338936594,0.0 -69.96318074653259,41.89278546699835,0.0 -69.9631879478616,41.89279023465325,0.0 -69.96319797805425,41.89279531699293,0.0 -69.96321015357017,41.89280036766369,0.0 -69.96322364466832,41.89280504247013,0.0 -69.96323753195253,41.89280902283163,0.0 -69.96325086902677,41.892812037493165,0.0 -69.9632627469907,41.89281388101085,0.0 -69.96327235637986,41.89281442775258,0.0 -69.96327904232962,41.89281364045946,0.0 -69.96328234920325,41.89281157278472,0.0 -69.96328205164296,41.8928083656373,0.0 -69.9632781699275,41.892804237578936,0.0 -69.9632709685902,41.89279946992967,0.0 -69.96326093839107,41.89279438759636,0.0 -69.96324876287228,41.89278933693096,0.0 -69.96323527177562,41.89278466212746,0.0 -69.96322138449685,41.892780681765686,0.0 -69.96320804743054,41.89277766710075,0.0 -69.96319616947493,41.892775823577416,0.0 -69.96318656009223,41.89277527682933,0.0 -69.96317987414534,41.89277606411709,0.0 -69.96317656727022,41.89277813178889,0.0</coordinates>
                        </LinearRing>
                    </outerBoundaryIs>
                </Polygon>
            </Placemark>
        </Folder>
        <Folder id="1330">
            <name>DOY 207 SAT 103 F101</name>
            <Placemark id="1332">
                <name>EL 5 INVALID nan</name>
                <Polygon id="1331">
                    <outerBoundaryIs>
                        <LinearRing id="1335">
                            <coordinates>0.0, 0.0, 0.0</coordinates>
                        </LinearRing>
                    </outerBoundaryIs>
                </Polygon>
            </Placemark>
            <Placemark id="1338">
                <name>EL 10 INVALID nan</name>
                <Polygon id="1337">
                    <outerBoundaryIs>
                        <LinearRing id="1341">
                            <coordinates>0.0, 0.0, 0.0</coordinates>
                        </LinearRing>
                    </outerBoundaryIs>
                </Polygon>
            </Placemark>
            <Placemark id="1344">
                <name>EL 15 INVALID nan</name>
                <Polygon id="1343">
                    <outerBoundaryIs>
                        <LinearRing id="1347">
                            <coordinates>0.0, 0.0, 0.0</coordinates>
                        </LinearRing>
                    </outerBoundaryIs>
                </Polygon>
            </Placemark>
        </Folder>
        <Folder id="1349">
            <name>DOY 207 SAT 111 F101</name>
            <Placemark id="1351">
                <name>EL 5 INVALID nan</name>
                <Polygon id="1350">
                    <outerBoundaryIs>
                        <LinearRing id="1354">
                            <coordinates>0.0, 0.0, 0.0</coordinates>
                        </LinearRing>
                    </outerBoundaryIs>
                </Polygon>
            </Placemark>
            <Placemark id="1357">
                <name>EL 10 INVALID nan</name>
                <Polygon id="1356">
                    <outerBoundaryIs>
                        <LinearRing id="1360">
                            <coordinates>0.0, 0.0, 0.0</coordinates>
                        </LinearRing>
                    </outerBoundaryIs>
                </Polygon>
            </Placemark>
            <Placemark id="1363">
                <name>EL 15 INVALID nan</name>
                <Polygon id="1362">
                    <outerBoundaryIs>
                        <LinearRing id="1366">
                            <coordinates>0.0, 0.0, 0.0</coordinates>
                        </LinearRing>
                    </outerBoundaryIs>
                </Polygon>
            </Placemark>
        </Folder>
        <Folder id="1368">
            <name>DOY 207 SAT 120 F101</name>
            <Placemark id="1370">
                <name>EL 5 INVALID nan</name>
                <Polygon id="1369">
                    <outerBoundaryIs>
                        <LinearRing id="1373">
                            <coordinates>0.0, 0.0, 0.0</coordinates>
                        </LinearRing>
                    </outerBoundaryIs>
                </Polygon>
            </Placemark>
            <Placemark id="1376">
                <name>EL 10 INVALID nan</name>
                <Polygon id="1375">
                    <outerBoundaryIs>
                        <LinearRing id="1379">
                            <coordinates>0.0, 0.0, 0.0</coordinates>
                        </LinearRing>
                    </outerBoundaryIs>
                </Polygon>
            </Placemark>
            <Placemark id="1382">
                <name>EL 15 INVALID nan</name>
                <Polygon id="1381">
                    <outerBoundaryIs>
                        <LinearRing id="1385">
                            <coordinates>0.0, 0.0, 0.0</coordinates>
                        </LinearRing>
                    </outerBoundaryIs>
                </Polygon>
            </Placemark>
        </Folder>
        <Folder id="1387">
            <name>DOY 207 SAT 124 F101</name>
            <Placemark id="1389">
                <name>EL 5 INVALID nan</name>
                <Polygon id="1388">
                    <outerBoundaryIs>
                        <LinearRing id="1392">
                            <coordinates>0.0, 0.0, 0.0</coordinates>
                        </LinearRing>
                    </outerBoundaryIs>
                </Polygon>
            </Placemark>
            <Placemark id="1395">
                <name>EL 10 INVALID nan</name>
                <Polygon id="1394">
                    <outerBoundaryIs>
                        <LinearRing id="1398">
                            <coordinates>0.0, 0.0, 0.0</coordinates>
                        </LinearRing>
                    </outerBoundaryIs>
                </Polygon>
            </Placemark>
            <Placemark id="1401">
                <name>EL 15 INVALID nan</name>
                <Polygon id="1400">
                    <outerBoundaryIs>
                        <LinearRing id="1404">
                            <coordinates>0.0, 0.0, 0.0</coordinates>
                        </LinearRing>
                    </outerBoundaryIs>
                </Polygon>
            </Placemark>
        </Folder>
        <Folder id="1406">
            <name>DOY 207 SAT 211 F201</name>
            <Placemark id="1408">
                <name>EL 5 LAND_LIKELY 0.00</name>
                <styleUrl>#8</styleUrl>
                <Polygon id="1407">
                    <outerBoundaryIs>
                        <LinearRing id="1411">
                            <coordinates>-69.96303621945287,41.89310036408297,0.0 -69.96304494625696,41.89309815201267,0.0 -69.96306247792512,41.89308703445552,0.0 -69.96308761969209,41.89306776905098,0.0 -69.96311865817339,41.89304166870026,0.0 -69.96315347813353,41.89301051209525,0.0 -69.9631897066397,41.89297642250485,0.0 -69.96322487477583,41.89294172307811,0.0 -69.9632565858961,41.89290877852565,0.0 -69.96328267895112,41.89287983396795,0.0 -69.9633013757569,41.89285686193308,0.0 -69.96331140217133,41.892841427931096,0.0 -69.9633120749209,41.89283458376602,0.0 -69.96330334816209,41.89283679585654,0.0 -69.96328581660454,41.892847913450325,0.0 -69.96326067498389,41.89286717889809,0.0 -69.96322963664541,41.89289327928705,0.0 -69.96319481678633,41.892924435915056,0.0 -69.96315858831237,41.89295852550709,0.0 -69.96312342013098,41.8929932249136,0.0 -69.9630917089001,41.89302616942941,0.0 -69.96306561569877,41.89305511394388,0.0 -69.96304691875015,41.89307808594051,0.0 -69.96303689223467,41.89309351991949,0.0 -69.96303621945287,41.89310036408297,0.0</coordinates>
                        </LinearRing>
                    </outerBoundaryIs>
                </Polygon>
            </Placemark>
            <Placemark id="1414">
                <name>EL 10 LAND_LIKELY 0.00</name>
                <styleUrl>#8</styleUrl>
                <Polygon id="1413">
                    <outerBoundaryIs>
                        <LinearRing id="1417">
                            <coordinates>-69.96322853757538,41.89291507035548,0.0 -69.96323252389016,41.892915097403375,0.0 -69.96323918353357,41.89291228517244,0.0 -69.96324806266081,41.89290682531117,0.0 -69.9632585561725,41.89289908989966,0.0 -69.96326994895179,41.89288960609306,0.0 -69.9632814645986,41.89287902019698,0.0 -69.96329231834036,41.892868053622834,0.0 -69.96330177051306,41.8928574537248,0.0 -69.96330917696788,41.89284794286883,0.0 -69.96331403296865,41.892840169204476,0.0 -69.96331600758836,41.89283466249444,0.0 -69.96331496626091,41.892831798012075,0.0 -69.9633109799513,41.89283177096703,0.0 -69.96330432031944,41.89283458320212,0.0 -69.96329544120705,41.89284004306771,0.0 -69.96328494770952,41.89284777848259,0.0 -69.96327355493993,41.89285726229066,0.0 -69.96326203929574,41.89286784818596,0.0 -69.9632511855488,41.892878814757246,0.0 -69.96324173336455,41.89288941465114,0.0 -69.96323432689488,41.89289892550277,0.0 -69.96322947087994,41.89290669916377,0.0 -69.96322749625054,41.89291220587233,0.0 -69.96322853757538,41.89291507035548,0.0</coordinates>
                        </LinearRing>
                    </outerBoundaryIs>
                </Polygon>
            </Placemark>
            <Placemark id="1420">
                <name>EL 15 LAND_LIKELY 0.00</name>
                <styleUrl>#8</styleUrl>
                <Polygon id="1419">
                    <outerBoundaryIs>
                        <LinearRing id="1423">
                            <coordinates>-69.96327155659907,41.89287362240511,0.0 -69.96327428447769,41.89287400716382,0.0 -69.96327836566249,41.89287288270624,0.0 -69.96328352202711,41.892870325662216,0.0 -69.96328940217342,41.89286651028992,0.0 -69.96329560537876,41.892861696600605,0.0 -69.96330170890468,41.892856212639224,0.0 -69.96330729680591,41.892850432128725,0.0 -69.96331198827639,41.892844749001455,0.0 -69.96331546360048,41.892839550553255,0.0 -69.96331748594102,41.89283519104993,0.0 -69.96331791747924,41.89283196758447,0.0 -69.96331672880679,41.89283009983075,0.0 -69.96331400092978,41.89282971507307,0.0 -69.96330991974838,41.89283083953189,0.0 -69.963304763388,41.89283339657711,0.0 -69.96329888324566,41.89283721195019,0.0 -69.96329268004294,41.89284202563967,0.0 -69.9632865765176,41.892847509600585,0.0 -69.96328098861474,41.89285329011007,0.0 -69.9632762971409,41.89285897323608,0.0 -69.96327282181255,41.89286417168309,0.0 -69.96327079946805,41.892868531185634,0.0 -69.9632703679272,41.892871754650926,0.0 -69.96327155659907,41.89287362240511,0.0</coordinates>
                        </LinearRing>
                    </outerBoundaryIs>
                </Polygon>
            </Placemark>
        </Folder>
        <Folder id="1425">
            <name>DOY 207 SAT 213 F201</name>
            <Placemark id="1427">
                <name>EL 5 LAND_LIKELY 0.00</name>
                <styleUrl>#8</styleUrl>
                <Polygon id="1426">
                    <outerBoundaryIs>
                        <LinearRing id="1430">
                            <coordinates>-69.96308661147413,41.89234741617146,0.0 -69.96308376207148,41.89235640638255,0.0 -69.96308826244736,41.8923792380464,0.0 -69.96309980591887,41.892414355222044,0.0 -69.96311760583407,41.89245936473003,0.0 -69.96314044917666,41.892511199244204,0.0 -69.96316677922607,41.89256632632562,0.0 -69.96319480164117,41.89262098915304,0.0 -69.96322260673956,41.89267146254459,0.0 -69.96324829963949,41.89271430682287,0.0 -69.9632701293957,41.89274660222307,0.0 -69.96328660832786,41.89276614786959,0.0 -69.96329661340854,41.8927716117614,0.0 -69.96329946279977,41.892762621545046,0.0 -69.96329496232137,41.89273978988944,0.0 -69.96328341868376,41.892704672733345,0.0 -69.96326561858335,41.89265966325097,0.0 -69.96324277508609,41.8926078287616,0.0 -69.96321644495399,41.89255270169753,0.0 -69.96318842255032,41.892498038875374,0.0 -69.96316061755444,41.892447565475585,0.0 -69.96313492482061,41.892404721177755,0.0 -69.96311309524961,41.89237242575196,0.0 -69.96309661647211,41.892352880080615,0.0 -69.96308661147413,41.89234741617146,0.0</coordinates>
                        </LinearRing>
                    </outerBoundaryIs>
                </Polygon>
            </Placemark>
            <Placemark id="1433">
                <name>EL 10 LAND_LIKELY 0.00</name>
                <styleUrl>#8</styleUrl>
                <Polygon id="1432">
                    <outerBoundaryIs>
                        <LinearRing id="1436">
                            <coordinates>-69.96323557637078,41.89264831998286,0.0 -69.96323250432485,41.892651895479844,0.0 -69.96323202386401,41.89266003930971,0.0 -69.96323416773174,41.89267219648394,0.0 -69.96323878982878,41.89268753851105,0.0 -69.96324557516904,41.89270501985698,0.0 -69.96325406134484,41.89272344919657,0.0 -69.96326367003864,41.89274157060046,0.0 -69.9632737464341,41.89275814912473,0.0 -69.96328360384062,41.89277205497034,0.0 -69.96329257049047,41.892782340477005,0.0 -69.96330003531908,41.89278830470473,0.0 -69.96330548960867,41.89278954120159,0.0 -69.96330856165713,41.89278596570264,0.0 -69.96330904210916,41.89277782187246,0.0 -69.96330689822364,41.89276566469963,0.0 -69.96330227610459,41.892750322675255,0.0 -69.96329549074399,41.892732841332666,0.0 -69.96328700455499,41.89271441199613,0.0 -69.96327739585865,41.89269629059417,0.0 -69.96326731947201,41.89267971207021,0.0 -69.96325746208329,41.89266580622322,0.0 -69.96324849545545,41.89265552071381,0.0 -69.96324103064717,41.89264955648276,0.0 -69.96323557637078,41.89264831998286,0.0</coordinates>
                        </LinearRing>
                    </outerBoundaryIs>
                </Polygon>
            </Placemark>
            <Placemark id="1439">
                <name>EL 15 LAND_LIKELY 0.00</name>
                <styleUrl>#8</styleUrl>
                <Polygon id="1438">
                    <outerBoundaryIs>
                        <LinearRing id="1442">
                            <coordinates>-69.96327242688605,41.89272275625053,0.0 -69.96326965654013,41.89272498255022,0.0 -69.96326835323049,41.89272963911548,0.0 -69.96326860577574,41.892736408609125,0.0 -69.96327039696581,41.892744829701336,0.0 -69.96327360473477,41.89275432850853,0.0 -69.96327801047913,41.8927642577026,0.0 -69.9632833139552,41.89277394062525,0.0 -69.96328915374002,41.89278271740119,0.0 -69.96329513186173,41.892789989907634,0.0 -69.9633008409207,41.89279526253526,0.0 -69.9633058918533,41.892798175963286,0.0 -69.96330994044617,41.892798531646534,0.0 -69.96331271079389,41.892796305345854,0.0 -69.96331401410164,41.892791648780104,0.0 -69.96331376155138,41.89278487928655,0.0 -69.96331197035445,41.892776458195016,0.0 -69.96330876257868,41.89276695938887,0.0 -69.96330435682934,41.892757030195995,0.0 -69.96329905335149,41.892747347274316,0.0 -69.96329321356855,41.892738570498864,0.0 -69.96328723545187,41.892731297992334,0.0 -69.96328152639975,41.892726025364034,0.0 -69.96327647547396,41.89272311193493,0.0 -69.96327242688605,41.89272275625053,0.0</coordinates>
                        </LinearRing>
                    </outerBoundaryIs>
                </Polygon>
            </Placemark>
        </Folder>
        <Folder id="1444">
            <name>DOY 207 SAT 236 F201</name>
            <Placemark id="1446">
                <name>EL 5 LAND_LIKELY 0.00</name>
                <styleUrl>#8</styleUrl>
                <Polygon id="1445">
                    <outerBoundaryIs>
                        <LinearRing id="1449">
                            <coordinates>-69.96291380865291,41.89303033999751,0.0 -69.96292343502171,41.893030266877226,0.0 -69.96294570105323,41.893023500406684,0.0 -69.96297908934392,41.89301050170292,0.0 -69.96302132452213,41.89299215659767,0.0 -69.96306952831488,41.89296971527153,0.0 -69.9631204157015,41.89294470705854,0.0 -69.9631705187856,41.89291883622583,0.0 -69.96321642312782,41.89289386583106,0.0 -69.96325500043336,41.89287149757213,0.0 -69.96328362173746,41.89285325581737,0.0 -69.96330033656092,41.89284038372021,0.0 -69.96330400582798,41.892833758498064,0.0 -69.96329437948923,41.89283383165013,0.0 -69.96327211356076,41.89284059818802,0.0 -69.96323872541852,41.892853596976664,0.0 -69.96319649039437,41.89287194216158,0.0 -69.96314828672001,41.8928943835408,0.0 -69.9630973993844,41.89291939176611,0.0 -69.96304729627025,41.892945262567025,0.0 -69.96300139182497,41.892970232894434,0.0 -69.96296281437098,41.89299260106849,0.0 -69.96293419291283,41.89301084274359,0.0 -69.96291747797096,41.893023714787674,0.0 -69.96291380865291,41.89303033999751,0.0</coordinates>
                        </LinearRing>
                    </outerBoundaryIs>
                </Polygon>
            </Placemark>
            <Placemark id="1452">
                <name>EL 10 LAND_LIKELY 0.00</name>
                <styleUrl>#8</styleUrl>
                <Polygon id="1451">
                    <outerBoundaryIs>
                        <LinearRing id="1455">
                            <coordinates>-69.96318559590739,41.89289341373289,0.0 -69.96318958489304,41.892894421254184,0.0 -69.96319751719895,41.89289323650774,0.0 -69.96320885225057,41.89288994023133,0.0 -69.96322281758138,41.89288475705988,0.0 -69.96323846147557,41.89287804021719,0.0 -69.96325471782629,41.892870247444534,0.0 -69.9632704787895,41.892861909806456,0.0 -69.96328467028178,41.892853595499645,0.0 -69.9632963251774,41.8928458711311,0.0 -69.96330464921596,41.89283926310465,0.0 -69.9633090751296,41.89283422174712,0.0 -69.96330930130091,41.89283109061919,0.0 -69.96330531231733,41.892830083102034,0.0 -69.96329738002127,41.8928312678559,0.0 -69.96328604498463,41.892834564141005,0.0 -69.96327207966992,41.89283974732012,0.0 -69.96325643578865,41.89284646416738,0.0 -69.96324017944418,41.89285425694027,0.0 -69.96322441847893,41.89286259457421,0.0 -69.9632102269768,41.892870908873604,0.0 -69.96319857206619,41.89287863323344,0.0 -69.96319024801153,41.89288524125223,0.0 -69.96318582208497,41.892890282605194,0.0 -69.96318559590739,41.89289341373289,0.0</coordinates>
                        </LinearRing>
                    </outerBoundaryIs>
                </Polygon>
            </Placemark>
            <Placemark id="1458">
                <name>EL 15 LAND_LIKELY 0.00</name>
                <styleUrl>#8</styleUrl>
                <Polygon id="1457">
                    <outerBoundaryIs>
                        <LinearRing id="1461">
                            <coordinates>-69.9632474048043,41.89286227427432,0.0 -69.9632499860666,41.89286333713871,0.0 -69.96325460659297,41.89286321156038,0.0 -69.96326095150194,41.892861906097075,0.0 -69.96326858839802,41.89285950971372,0.0 -69.9632769968389,41.892856185719666,0.0 -69.96328560380283,41.892852160639535,0.0 -69.96329382273925,41.892847708775875,0.0 -69.96330109354123,41.89284313351599,0.0 -69.96330692071594,41.89283874665651,0.0 -69.96331090715144,41.892834847154894,0.0 -69.96331278117921,41.892831700755934,0.0 -69.96331241508776,41.89282952188162,0.0 -69.96330983382579,41.89282845901864,0.0 -69.96330521330204,41.892828584599165,0.0 -69.96329886839727,41.89282989006491,0.0 -69.96329123150588,41.89283228645027,0.0 -69.9632828230689,41.89283561044537,0.0 -69.96327421610701,41.8928396355253,0.0 -69.96326599717027,41.892844087387545,0.0 -69.96325872636565,41.89284866264522,0.0 -69.96325289918674,41.89285304950227,0.0 -69.96324891274656,41.89285694900188,0.0 -69.9632470387149,41.8928600953998,0.0 -69.9632474048043,41.89286227427432,0.0</coordinates>
                        </LinearRing>
                    </outerBoundaryIs>
                </Polygon>
            </Placemark>
        </Folder>
        <Folder id="1463">
            <name>DOY 207 SAT 15 F20</name>
            <Placemark id="1465">
                <name>EL 5 LAND_LIKELY 0.00</name>
                <styleUrl>#8</styleUrl>
                <Polygon id="1464">
                    <outerBoundaryIs>
                        <LinearRing id="1468">
                            <coordinates>-69.96247464676863,41.892789366744495,0.0 -69.96248712284542,41.892796283027714,0.0 -69.96252465071461,41.89280379602659,0.0 -69.96258467292272,41.89281139372,0.0 -69.96266309906208,41.89281855830646,0.0 -69.96275458452367,41.89282480149985,0.0 -69.96285289472252,41.89282969781375,0.0 -69.96295132997503,41.89283291356375,0.0 -69.96304318207282,41.89283422960991,0.0 -69.96312219143846,41.89283355628852,0.0 -69.96318297370757,41.89283093951656,0.0 -69.96322138666625,41.89282655765408,0.0 -69.96323481253674,41.89282070934092,0.0 -69.96322233637422,41.89281379313863,0.0 -69.96318480841708,41.89280628036689,0.0 -69.96312478614242,41.89279868298598,0.0 -69.96304635997566,41.89279151871365,0.0 -69.96295487453322,41.89278527575182,0.0 -69.96285656439493,41.8927803795249,0.0 -69.96275812922815,41.89277716369398,0.0 -69.96266627721829,41.89277584742068,0.0 -69.96258726791923,41.892776520429564,0.0 -69.9625264856775,41.89277913688741,0.0 -69.96248807269967,41.892783518518314,0.0 -69.96247464676863,41.892789366744495,0.0</coordinates>
                        </LinearRing>
                    </outerBoundaryIs>
                </Polygon>
            </Placemark>
            <Placemark id="1471">
                <name>EL 10 LAND_LIKELY 0.00</name>
                <styleUrl>#8</styleUrl>
                <Polygon id="1470">
                    <outerBoundaryIs>
                        <LinearRing id="1474">
                            <coordinates>-69.9630120911078,41.89281152677701,0.0 -69.96301607418863,41.89281592294501,0.0 -69.9630283798258,41.89282037384989,0.0 -69.96304816941208,41.89282457616738,0.0 -69.96307409432079,41.89282824351303,0.0 -69.96310438781236,41.89283112595986,0.0 -69.96313698543462,41.89283302707129,0.0 -69.963169665712,41.89283381728874,0.0 -69.96320020153588,41.89283344276104,0.0 -69.96322651193877,41.89283192901413,0.0 -69.96324680390921,41.89282937921078,0.0 -69.96325969458287,41.89282596711932,0.0 -69.96326430548243,41.89282192527074,0.0 -69.96326032238414,41.89281752911131,0.0 -69.96324801673134,41.89281307823119,0.0 -69.96322822713549,41.89280887594802,0.0 -69.9632023022258,41.89280520863703,0.0 -69.96317200874209,41.892802326215936,0.0 -69.96313941113446,41.89280042511442,0.0 -69.96310673087453,41.89279963488839,0.0 -69.96307619506626,41.892800009391316,0.0 -69.96304988467297,41.89280152310392,0.0 -69.96302959270352,41.89280407287261,0.0 -69.96301670202199,41.892807484938324,0.0 -69.9630120911078,41.89281152677701,0.0</coordinates>
                        </LinearRing>
                    </outerBoundaryIs>
                </Polygon>
            </Placemark>
            <Placemark id="1477">
                <name>EL 15 LAND_LIKELY 0.00</name>
                <styleUrl>#8</styleUrl>
                <Polygon id="1476">
                    <outerBoundaryIs>
                        <LinearRing id="1480">
                            <coordinates>-69.96314412267002,41.89281697034795,0.0 -69.96314617449671,41.892820434868725,0.0 -69.96315269156669,41.89282385314914,0.0 -69.96316322975304,41.89282699223832,0.0 -69.9631770708961,41.892829638211545,0.0 -69.96319327174481,41.89283161074911,0.0 -69.96321072823773,41.8928327754251,0.0 -69.96322825074307,41.89283305286848,0.0 -69.96324464513033,41.89283242417217,0.0 -69.96325879414847,41.8928309321815,0.0 -69.96326973356496,41.89282867857413,0.0 -69.96327671787668,41.892825816930696,0.0 -69.9632792711147,41.89282254226822,0.0 -69.96327721928071,41.8928190777498,0.0 -69.96327070220455,41.892815659476426,0.0 -69.9632601640148,41.89281252039707,0.0 -69.96324632287201,41.89280987443382,0.0 -69.96323012202717,41.892807901903716,0.0 -69.96321266554068,41.892806737230664,0.0 -69.96319514304263,41.892806459784914,0.0 -69.96317874866156,41.89280708847419,0.0 -69.96316459964682,41.89280858045503,0.0 -69.96315366023006,41.89281083405241,0.0 -69.96314667591447,41.892813695688396,0.0 -69.96314412267002,41.89281697034795,0.0</coordinates>
                        </LinearRing>
                    </outerBoundaryIs>
                </Polygon>
            </Placemark>
        </Folder>
        <Folder id="1482">
            <name>DOY 207 SAT 24 F20</name>
            <Placemark id="1484">
                <name>EL 5 LAND_LIKELY 0.00</name>
                <styleUrl>#8</styleUrl>
                <Polygon id="1483">
                    <outerBoundaryIs>
                        <LinearRing id="1487">
                            <coordinates>-69.96321563576181,41.89226705687559,0.0 -69.96320953965463,41.8922766287915,0.0 -69.96320721917806,41.892303036312185,0.0 -69.96320883247174,41.89234447980896,0.0 -69.96321426960073,41.89239813497587,0.0 -69.96322316004523,41.89246034530146,0.0 -69.96323489794779,41.892526871254105,0.0 -69.9632486833983,41.89259317919937,0.0 -69.96326357694434,41.892654750359824,0.0 -69.96327856361236,41.89270738876237,0.0 -69.96329262207735,41.892747507187025,0.0 -69.96330479426658,41.892772371629974,0.0 -69.96331425065384,41.89278028762123,0.0 -69.9633203467934,41.89277071569979,0.0 -69.96332266724018,41.89274430817683,0.0 -69.96332105386256,41.892702864681645,0.0 -69.96331561661792,41.89264920951978,0.0 -69.96330672605707,41.892586999201335,0.0 -69.96329498806865,41.892520473256,0.0 -69.96328120258576,41.89245416531626,0.0 -69.96326630906951,41.892392594158096,0.0 -69.96325132248543,41.89233995575396,0.0 -69.9632372641361,41.89229983732425,0.0 -69.96322509206321,41.89227497287417,0.0 -69.96321563576181,41.89226705687559,0.0</coordinates>
                        </LinearRing>
                    </outerBoundaryIs>
                </Polygon>
            </Placemark>
            <Placemark id="1490">
                <name>EL 10 LAND_LIKELY 0.00</name>
                <styleUrl>#8</styleUrl>
                <Polygon id="1489">
                    <outerBoundaryIs>
                        <LinearRing id="1493">
                            <coordinates>-69.96328469058925,41.89262644627491,0.0 -69.96328017436979,41.892629844452806,0.0 -69.96327706454885,41.89263872871763,0.0 -69.96327557305548,41.89265249362155,0.0 -69.96327580153324,41.89267020110917,0.0 -69.96327773441317,41.89269064444443,0.0 -69.9632812399744,41.89271243044778,0.0 -69.9632860793203,41.892734074438934,0.0 -69.9632919226584,41.892754101415534,0.0 -69.96329837177498,41.89277114657211,0.0 -69.96330498717266,41.89278404830933,0.0 -69.9633113180216,41.89279192739514,0.0 -69.96331693288317,41.89279424688294,0.0 -69.9633214491123,41.8927908487036,0.0 -69.96332455893446,41.892781964437575,0.0 -69.9633260504203,41.892768199533016,0.0 -69.96332582192827,41.89275049204551,0.0 -69.96332388903114,41.89273004871106,0.0 -69.96332038345439,41.892708262709,0.0 -69.96331554409882,41.89268661871928,0.0 -69.9633097007595,41.89266659174388,0.0 -69.96330325165044,41.89264954658794,0.0 -69.96329663626703,41.892636644850626,0.0 -69.96329030543531,41.89262876576401,0.0 -69.96328469058925,41.89262644627491,0.0</coordinates>
                        </LinearRing>
                    </outerBoundaryIs>
                </Polygon>
            </Placemark>
            <Placemark id="1496">
                <name>EL 15 LAND_LIKELY 0.00</name>
                <styleUrl>#8</styleUrl>
                <Polygon id="1495">
                    <outerBoundaryIs>
                        <LinearRing id="1499">
                            <coordinates>-69.96330118978418,41.89271231418909,0.0 -69.96329746091364,41.89271426508865,0.0 -69.96329457133017,41.89271912848076,0.0 -69.96329271795395,41.89272657293337,0.0 -69.96329202708968,41.89273609111934,0.0 -69.96329254581909,41.89274703439008,0.0 -69.96329423879223,41.89275865697976,0.0 -69.96329699063642,41.89277016682804,0.0 -69.96330061381846,41.892780779557725,0.0 -69.96330486142465,41.89278977192874,0.0 -69.96330944398746,41.89279653112583,0.0 -69.96331404921233,41.89280059652085,0.0 -69.9633183632602,41.892801691063845,0.0 -69.9633220921352,41.8927997401636,0.0 -69.96332498172022,41.89279487677079,0.0 -69.96332683509466,41.89278743231769,0.0 -69.9633275259543,41.8927779141315,0.0 -69.96332700721865,41.892766970860905,0.0 -69.96332531423931,41.89275534827171,0.0 -69.96332256239066,41.8927438384241,0.0 -69.96331893920706,41.892733225695125,0.0 -69.96331469160266,41.89272423332463,0.0 -69.96331010904449,41.89271747412775,0.0 -69.96330550382585,41.892713408732575,0.0 -69.96330118978418,41.89271231418909,0.0</coordinates>
                        </LinearRing>
                    </outerBoundaryIs>
                </Polygon>
            </Placemark>
        </Folder>
        <Folder id="1501">
            <name>DOY 207 SAT 114 F102</name>
            <Placemark id="1503">
                <name>EL 5 INVALID nan</name>
                <Polygon id="1502">
                    <outerBoundaryIs>
                        <LinearRing id="1506">
                            <coordinates>0.0, 0.0, 0.0</coordinates>
                        </LinearRing>
                    </outerBoundaryIs>
                </Polygon>
            </Placemark>
            <Placemark id="1509">
                <name>EL 10 INVALID nan</name>
                <Polygon id="1508">
                    <outerBoundaryIs>
                        <LinearRing id="1512">
                            <coordinates>0.0, 0.0, 0.0</coordinates>
                        </LinearRing>
                    </outerBoundaryIs>
                </Polygon>
            </Placemark>
            <Placemark id="1515">
                <name>EL 15 INVALID nan</name>
                <Polygon id="1514">
                    <outerBoundaryIs>
                        <LinearRing id="1518">
                            <coordinates>0.0, 0.0, 0.0</coordinates>
                        </LinearRing>
                    </outerBoundaryIs>
                </Polygon>
            </Placemark>
        </Folder>
        <Folder id="1520">
            <name>DOY 207 SAT 121 F102</name>
            <Placemark id="1522">
                <name>EL 5 INVALID nan</name>
                <Polygon id="1521">
                    <outerBoundaryIs>
                        <LinearRing id="1525">
                            <coordinates>0.0, 0.0, 0.0</coordinates>
                        </LinearRing>
                    </outerBoundaryIs>
                </Polygon>
            </Placemark>
            <Placemark id="1528">
                <name>EL 10 INVALID nan</name>
                <Polygon id="1527">
                    <outerBoundaryIs>
                        <LinearRing id="1531">
                            <coordinates>0.0, 0.0, 0.0</coordinates>
                        </LinearRing>
                    </outerBoundaryIs>
                </Polygon>
            </Placemark>
            <Placemark id="1534">
                <name>EL 15 INVALID nan</name>
                <Polygon id="1533">
                    <outerBoundaryIs>
                        <LinearRing id="1537">
                            <coordinates>0.0, 0.0, 0.0</coordinates>
                        </LinearRing>
                    </outerBoundaryIs>
                </Polygon>
            </Placemark>
        </Folder>
        <Folder id="1539">
            <name>DOY 207 SAT 8 F5</name>
            <Placemark id="1541">
                <name>EL 5 LAND_LIKELY 0.00</name>
                <styleUrl>#8</styleUrl>
                <Polygon id="1540">
                    <outerBoundaryIs>
                        <LinearRing id="1544">
                            <coordinates>-69.96253357327498,41.89289333798037,0.0 -69.96254689785687,41.892898349520074,0.0 -69.96258404077005,41.89290085746509,0.0 -69.9626424707846,41.892900690881774,0.0 -69.96271820598425,41.892897861093836,0.0 -69.96280608512947,41.89289256091828,0.0 -69.96290011939028,41.89288515153287,0.0 -69.96299390047818,41.892876137867916,0.0 -69.96308103736288,41.892866134198,0.0 -69.96315559181147,41.892855822278015,0.0 -69.96321248306883,41.89284590487696,0.0 -69.96324783410059,41.892837057877664,0.0 -69.96325923580383,41.892829884208965,0.0 -69.96324591118034,41.89282487275159,0.0 -69.96320876828534,41.89282236501985,0.0 -69.96315033834394,41.892822531890225,0.0 -69.96307460325275,41.89282536196208,0.0 -69.96298672422226,41.892830662342355,0.0 -69.96289269005172,41.89283807179841,0.0 -69.96279890900541,41.89284708538103,0.0 -69.96271177210252,41.892857088837665,0.0 -69.9626372175808,41.892867400470585,0.0 -69.96258032621499,41.89287731758774,0.0 -69.96254497506848,41.89288616438232,0.0 -69.96253357327498,41.89289333798037,0.0</coordinates>
                        </LinearRing>
                    </outerBoundaryIs>
                </Polygon>
            </Placemark>
            <Placemark id="1547">
                <name>EL 10 LAND_LIKELY 0.00</name>
                <styleUrl>#8</styleUrl>
                <Polygon id="1546">
                    <outerBoundaryIs>
                        <LinearRing id="1550">
                            <coordinates>-69.96304194302706,41.89284888533268,0.0 -69.96304661598785,41.89285250414713,0.0 -69.96305906261371,41.892855168738414,0.0 -69.96307843468799,41.89285669751672,0.0 -69.96310341203518,41.892856986295236,0.0 -69.96313229248901,41.892856015391146,0.0 -69.9631631078925,41.89285385096785,0.0 -69.96319375822517,41.89285064052651,0.0 -69.96322215471638,41.89284660285433,0.0 -69.96324636219184,41.89284201311434,0.0 -69.96326473095273,41.892837184092805,0.0 -69.96327600919973,41.8928324448826,0.0 -69.96327942834071,41.892828118455206,0.0 -69.96327475536852,41.892824499650196,0.0 -69.96326230873963,41.89282183508219,0.0 -69.96324293667153,41.89282030633481,0.0 -69.96321795933805,41.89282001758652,0.0 -69.9631890789018,41.892820988512064,0.0 -69.96315826351504,41.892823152942306,0.0 -69.96312761319378,41.89282636337421,0.0 -69.9630992167056,41.892830401023105,0.0 -69.96307500922397,41.89283499073219,0.0 -69.96305664044935,41.892839819723484,0.0 -69.96304536218477,41.89284455891222,0.0 -69.96304194302706,41.89284888533268,0.0</coordinates>
                        </LinearRing>
                    </outerBoundaryIs>
                </Polygon>
            </Placemark>
            <Placemark id="1553">
                <name>EL 15 LAND_LIKELY 0.00</name>
                <styleUrl>#8</styleUrl>
                <Polygon id="1552">
                    <outerBoundaryIs>
                        <LinearRing id="1556">
                            <coordinates>-69.96316361742504,41.892838245590966,0.0 -69.963166271274,41.89284121214142,0.0 -69.96317305617593,41.8928435994716,0.0 -69.96318350975118,41.892845244888235,0.0 -69.96319691960574,41.892846036258035,0.0 -69.96321237187972,41.892845919649595,0.0 -69.96322881352555,41.89284490300898,0.0 -69.96324512407155,41.892843055618386,0.0 -69.96326019198047,41.892840503374735,0.0 -69.96327299039898,41.89283742020988,0.0 -69.96328264713614,41.89283401623729,0.0 -69.96328850410173,41.89283052343291,0.0 -69.96329016215387,41.8928271798262,0.0 -69.96328750829971,41.8928242132786,0.0 -69.96328072339557,41.89282182595517,0.0 -69.96327026982165,41.89282018054733,0.0 -69.96325685997162,41.89281938918607,0.0 -69.96324140770413,41.89281950580049,0.0 -69.96322496606504,41.892820522442896,0.0 -69.96320865552421,41.89282236983063,0.0 -69.96319358761752,41.89282492206754,0.0 -69.96318078919768,41.89282800522358,0.0 -69.963171132456,41.89283140918765,0.0 -69.96316527548392,41.892834901986056,0.0 -69.96316361742504,41.892838245590966,0.0</coordinates>
                        </LinearRing>
                    </outerBoundaryIs>
                </Polygon>
            </Placemark>
        </Folder>
        <Folder id="1558">
            <name>DOY 207 SAT 232 F205</name>
            <Placemark id="1560">
                <name>EL 5 LAND_LIKELY 0.00</name>
                <styleUrl>#8</styleUrl>
                <Polygon id="1559">
                    <outerBoundaryIs>
                        <LinearRing id="1563">
                            <coordinates>-69.96295633533819,41.89243799671483,0.0 -69.96295670854143,41.89244727713797,0.0 -69.96296905207316,41.8924685744203,0.0 -69.96299252475983,41.892500437183585,0.0 -69.96302552700192,41.89254069402701,0.0 -69.96306580977735,41.89258660150619,0.0 -69.96311062790156,41.892635031096184,0.0 -69.9631569271019,41.89268268239706,0.0 -69.9632015521591,41.89272630805154,0.0 -69.96324146193156,41.892762935046974,0.0 -69.96327393660891,41.89279006732033,0.0 -69.9632967630694,41.89280585585905,0.0 -69.96330838570744,41.89280922470639,0.0 -69.963308012451,41.8927999442844,0.0 -69.96329566874219,41.89277864703837,0.0 -69.96327219580208,41.89274678433681,0.0 -69.96323919329804,41.89270652756399,0.0 -69.96319891032236,41.89266062014542,0.0 -69.96315409211327,41.89261219058976,0.0 -69.96310779296613,41.89256453928773,0.0 -69.96306316808598,41.892520913596954,0.0 -69.96302325856699,41.89248428653978,0.0 -69.96299078415159,41.89245715419582,0.0 -69.96296795789135,41.8924413655965,0.0 -69.96295633533819,41.89243799671483,0.0</coordinates>
                        </LinearRing>
                    </outerBoundaryIs>
                </Polygon>
            </Placemark>
            <Placemark id="1566">
                <name>EL 10 LAND_LIKELY 0.00</name>
                <styleUrl>#8</styleUrl>
                <Polygon id="1565">
                    <outerBoundaryIs>
                        <LinearRing id="1569">
                            <coordinates>-69.96320169376058,41.892696721382435,0.0 -69.96320005705927,41.892700559274594,0.0 -69.96320230133225,41.892708110381456,0.0 -69.96320827363769,41.89271886010736,0.0 -69.96321756697536,41.89273207587567,0.0 -69.96322954802235,41.89274685705296,0.0 -69.96324340029223,41.8927621963257,0.0 -69.96325817977669,41.892777048347305,0.0 -69.96327287927794,41.8927904009769,0.0 -69.96328649704755,41.892801344255076,0.0 -69.96329810505453,41.89280913241601,0.0 -69.96330691222971,41.892813234710125,0.0 -69.96331231837651,41.89281337157358,0.0 -69.96331395507397,41.89280953367982,0.0 -69.96331171078423,41.89280198257513,0.0 -69.9633057384536,41.89279123285459,0.0 -69.96329644508909,41.89277801709337,0.0 -69.96328446402077,41.89276323592305,0.0 -69.96327061174081,41.892747896655244,0.0 -69.96325583226019,41.89273304463522,0.0 -69.96324113277572,41.892719692003446,0.0 -69.96322751503128,41.89270874871994,0.0 -69.96321590705115,41.89270096055189,0.0 -69.96320709989729,41.89269685825081,0.0 -69.96320169376058,41.892696721382435,0.0</coordinates>
                        </LinearRing>
                    </outerBoundaryIs>
                </Polygon>
            </Placemark>
            <Placemark id="1572">
                <name>EL 15 LAND_LIKELY 0.00</name>
                <styleUrl>#8</styleUrl>
                <Polygon id="1571">
                    <outerBoundaryIs>
                        <LinearRing id="1575">
                            <coordinates>-69.96325679677858,41.89275482585482,0.0 -69.96325503621904,41.89275730952884,0.0 -69.96325536845572,41.892761704218366,0.0 -69.9632577708477,41.89276771043252,0.0 -69.96326207967665,41.892774918857654,0.0 -69.96326800130376,41.8927828382513,0.0 -69.96327513218056,41.892790928919645,0.0 -69.9632829863499,41.89279863949684,0.0 -69.96329102856305,41.89280544451971,0.0 -69.96329871075604,41.892810880237214,0.0 -69.96330550939939,41.89281457621428,0.0 -69.96331096117603,41.892816280576405,0.0 -69.96331469455578,41.892815877174314,0.0 -69.96331645511462,41.89281339349938,0.0 -69.96331612287345,41.89280899881004,0.0 -69.96331372047443,41.8928029925971,0.0 -69.96330941163777,41.89279578417389,0.0 -69.96330349000432,41.89278786478237,0.0 -69.96329635912427,41.89277977411579,0.0 -69.96328850495564,41.8927720635395,0.0 -69.96328046274697,41.89276525851645,0.0 -69.96327278056101,41.892759822797736,0.0 -69.96326598192537,41.89275612681873,0.0 -69.96326053015507,41.89275442245449,0.0 -69.96325679677858,41.89275482585482,0.0</coordinates>
                        </LinearRing>
                    </outerBoundaryIs>
                </Polygon>
            </Placemark>
        </Folder>
    </Document>
</kml>
