<?xml version="1.0" encoding="UTF-8"?>
<kml xmlns="http://www.opengis.net/kml/2.2" xmlns:gx="http://www.google.com/kml/ext/2.2">
    <Document id="1">
        <Style id="8">
            <LineStyle id="9">
                <color>ff00ffff</color>
                <colorMode>normal</colorMode>
                <width>3</width>
            </LineStyle>
            <PolyStyle id="10">
                <color>3200ffff</color>
                <colorMode>normal</colorMode>
                <fill>1</fill>
                <outline>1</outline>
            </PolyStyle>
        </Style>
        <Style id="17">
            <LineStyle id="18">
                <color>ffff0000</color>
                <colorMode>normal</colorMode>
                <width>3</width>
            </LineStyle>
            <PolyStyle id="19">
                <color>32ff0000</color>
                <colorMode>normal</colorMode>
                <fill>1</fill>
                <outline>1</outline>
            </PolyStyle>
        </Style>
        <Style id="26">
            <LineStyle id="27">
                <color>ff0000ff</color>
                <colorMode>normal</colorMode>
                <width>3</width>
            </LineStyle>
            <PolyStyle id="28">
                <color>320000ff</color>
                <colorMode>normal</colorMode>
                <fill>1</fill>
                <outline>1</outline>
            </PolyStyle>
        </Style>
        <Style id="35">
            <LineStyle id="36">
                <color>ff00ffff</color>
                <colorMode>normal</colorMode>
                <width>3</width>
            </LineStyle>
            <PolyStyle id="37">
                <color>3200ffff</color>
                <colorMode>normal</colorMode>
                <fill>1</fill>
                <outline>1</outline>
            </PolyStyle>
        </Style>
        <Style id="44">
            <LineStyle id="45">
                <color>ffff0000</color>
                <colorMode>normal</colorMode>
                <width>3</width>
            </LineStyle>
            <PolyStyle id="46">
                <color>32ff0000</color>
                <colorMode>normal</colorMode>
                <fill>1</fill>
                <outline>1</outline>
            </PolyStyle>
        </Style>
        <Style id="53">
            <LineStyle id="54">
                <color>ff0000ff</color>
                <colorMode>normal</colorMode>
                <width>3</width>
            </LineStyle>
            <PolyStyle id="55">
                <color>320000ff</color>
                <colorMode>normal</colorMode>
                <fill>1</fill>
                <outline>1</outline>
            </PolyStyle>
        </Style>
        <Style id="62">
            <LineStyle id="63">
                <color>ff00ffff</color>
                <colorMode>normal</colorMode>
                <width>3</width>
            </LineStyle>
            <PolyStyle id="64">
                <color>3200ffff</color>
                <colorMode>normal</colorMode>
                <fill>1</fill>
                <outline>1</outline>
            </PolyStyle>
        </Style>
        <Style id="71">
            <LineStyle id="72">
                <color>ffff0000</color>
                <colorMode>normal</colorMode>
                <width>3</width>
            </LineStyle>
            <PolyStyle id="73">
                <color>32ff0000</color>
                <colorMode>normal</colorMode>
                <fill>1</fill>
                <outline>1</outline>
            </PolyStyle>
        </Style>
        <Style id="80">
            <LineStyle id="81">
                <color>ff0000ff</color>
                <colorMode>normal</colorMode>
                <width>3</width>
            </LineStyle>
            <PolyStyle id="82">
                <color>320000ff</color>
                <colorMode>normal</colorMode>
                <fill>1</fill>
                <outline>1</outline>
            </PolyStyle>
        </Style>
        <Style id="89">
            <LineStyle id="90">
                <color>ffff0000</color>
                <colorMode>normal</colorMode>
                <width>3</width>
            </LineStyle>
            <PolyStyle id="91">
                <color>32ff0000</color>
                <colorMode>normal</colorMode>
                <fill>1</fill>
                <outline>1</outline>
            </PolyStyle>
        </Style>
        <Style id="98">
            <LineStyle id="99">
                <color>ff0000ff</color>
                <colorMode>normal</colorMode>
                <width>3</width>
            </LineStyle>
            <PolyStyle id="100">
                <color>320000ff</color>
                <colorMode>normal</colorMode>
                <fill>1</fill>
                <outline>1</outline>
            </PolyStyle>
        </Style>
        <Style id="107">
            <LineStyle id="108">
                <color>ff0000ff</color>
                <colorMode>normal</colorMode>
                <width>3</width>
            </LineStyle>
            <PolyStyle id="109">
                <color>320000ff</color>
                <colorMode>normal</colorMode>
                <fill>1</fill>
                <outline>1</outline>
            </PolyStyle>
        </Style>
        <Style id="116">
            <LineStyle id="117">
                <color>ff00ffff</color>
                <colorMode>normal</colorMode>
                <width>3</width>
            </LineStyle>
            <PolyStyle id="118">
                <color>3200ffff</color>
                <colorMode>normal</colorMode>
                <fill>1</fill>
                <outline>1</outline>
            </PolyStyle>
        </Style>
        <Style id="125">
            <LineStyle id="126">
                <color>ffff0000</color>
                <colorMode>normal</colorMode>
                <width>3</width>
            </LineStyle>
            <PolyStyle id="127">
                <color>32ff0000</color>
                <colorMode>normal</colorMode>
                <fill>1</fill>
                <outline>1</outline>
            </PolyStyle>
        </Style>
        <Style id="134">
            <LineStyle id="135">
                <color>ff0000ff</color>
                <colorMode>normal</colorMode>
                <width>3</width>
            </LineStyle>
            <PolyStyle id="136">
                <color>320000ff</color>
                <colorMode>normal</colorMode>
                <fill>1</fill>
                <outline>1</outline>
            </PolyStyle>
        </Style>
        <Style id="143">
            <LineStyle id="144">
                <color>ff00ffff</color>
                <colorMode>normal</colorMode>
                <width>3</width>
            </LineStyle>
            <PolyStyle id="145">
                <color>3200ffff</color>
                <colorMode>normal</colorMode>
                <fill>1</fill>
                <outline>1</outline>
            </PolyStyle>
        </Style>
        <Style id="152">
            <LineStyle id="153">
                <color>ffff0000</color>
                <colorMode>normal</colorMode>
                <width>3</width>
            </LineStyle>
            <PolyStyle id="154">
                <color>32ff0000</color>
                <colorMode>normal</colorMode>
                <fill>1</fill>
                <outline>1</outline>
            </PolyStyle>
        </Style>
        <Style id="161">
            <LineStyle id="162">
                <color>ff0000ff</color>
                <colorMode>normal</colorMode>
                <width>3</width>
            </LineStyle>
            <PolyStyle id="163">
                <color>320000ff</color>
                <colorMode>normal</colorMode>
                <fill>1</fill>
                <outline>1</outline>
            </PolyStyle>
        </Style>
        <Style id="170">
            <LineStyle id="171">
                <color>ff00ffff</color>
                <colorMode>normal</colorMode>
                <width>3</width>
            </LineStyle>
            <PolyStyle id="172">
                <color>3200ffff</color>
                <colorMode>normal</colorMode>
                <fill>1</fill>
                <outline>1</outline>
            </PolyStyle>
        </Style>
        <Style id="179">
            <LineStyle id="180">
                <color>ff00ffff</color>
                <colorMode>normal</colorMode>
                <width>3</width>
            </LineStyle>
            <PolyStyle id="181">
                <color>3200ffff</color>
                <colorMode>normal</colorMode>
                <fill>1</fill>
                <outline>1</outline>
            </PolyStyle>
        </Style>
        <Style id="188">
            <LineStyle id="189">
                <color>ffff0000</color>
                <colorMode>normal</colorMode>
                <width>3</width>
            </LineStyle>
            <PolyStyle id="190">
                <color>32ff0000</color>
                <colorMode>normal</colorMode>
                <fill>1</fill>
                <outline>1</outline>
            </PolyStyle>
        </Style>
        <Style id="197">
            <LineStyle id="198">
                <color>ff0000ff</color>
                <colorMode>normal</colorMode>
                <width>3</width>
            </LineStyle>
            <PolyStyle id="199">
                <color>320000ff</color>
                <colorMode>normal</colorMode>
                <fill>1</fill>
                <outline>1</outline>
            </PolyStyle>
        </Style>
        <Style id="206">
            <LineStyle id="207">
                <color>ff00ffff</color>
                <colorMode>normal</colorMode>
                <width>3</width>
            </LineStyle>
            <PolyStyle id="208">
                <color>3200ffff</color>
                <colorMode>normal</colorMode>
                <fill>1</fill>
                <outline>1</outline>
            </PolyStyle>
        </Style>
        <Style id="215">
            <LineStyle id="216">
                <color>ffff0000</color>
                <colorMode>normal</colorMode>
                <width>3</width>
            </LineStyle>
            <PolyStyle id="217">
                <color>32ff0000</color>
                <colorMode>normal</colorMode>
                <fill>1</fill>
                <outline>1</outline>
            </PolyStyle>
        </Style>
        <Style id="224">
            <LineStyle id="225">
                <color>ff0000ff</color>
                <colorMode>normal</colorMode>
                <width>3</width>
            </LineStyle>
            <PolyStyle id="226">
                <color>320000ff</color>
                <colorMode>normal</colorMode>
                <fill>1</fill>
                <outline>1</outline>
            </PolyStyle>
        </Style>
        <Style id="233">
            <LineStyle id="234">
                <color>ff00ffff</color>
                <colorMode>normal</colorMode>
                <width>3</width>
            </LineStyle>
            <PolyStyle id="235">
                <color>3200ffff</color>
                <colorMode>normal</colorMode>
                <fill>1</fill>
                <outline>1</outline>
            </PolyStyle>
        </Style>
        <Style id="242">
            <LineStyle id="243">
                <color>ffff0000</color>
                <colorMode>normal</colorMode>
                <width>3</width>
            </LineStyle>
            <PolyStyle id="244">
                <color>32ff0000</color>
                <colorMode>normal</colorMode>
                <fill>1</fill>
                <outline>1</outline>
            </PolyStyle>
        </Style>
        <Style id="251">
            <LineStyle id="252">
                <color>ff0000ff</color>
                <colorMode>normal</colorMode>
                <width>3</width>
            </LineStyle>
            <PolyStyle id="253">
                <color>320000ff</color>
                <colorMode>normal</colorMode>
                <fill>1</fill>
                <outline>1</outline>
            </PolyStyle>
        </Style>
        <Style id="260">
            <LineStyle id="261">
                <color>ff00ffff</color>
                <colorMode>normal</colorMode>
                <width>3</width>
            </LineStyle>
            <PolyStyle id="262">
                <color>3200ffff</color>
                <colorMode>normal</colorMode>
                <fill>1</fill>
                <outline>1</outline>
            </PolyStyle>
        </Style>
        <Style id="269">
            <LineStyle id="270">
                <color>ff00ffff</color>
                <colorMode>normal</colorMode>
                <width>3</width>
            </LineStyle>
            <PolyStyle id="271">
                <color>3200ffff</color>
                <colorMode>normal</colorMode>
                <fill>1</fill>
                <outline>1</outline>
            </PolyStyle>
        </Style>
        <Style id="278">
            <LineStyle id="279">
                <color>ff00ffff</color>
                <colorMode>normal</colorMode>
                <width>3</width>
            </LineStyle>
            <PolyStyle id="280">
                <color>3200ffff</color>
                <colorMode>normal</colorMode>
                <fill>1</fill>
                <outline>1</outline>
            </PolyStyle>
        </Style>
        <Style id="287">
            <LineStyle id="288">
                <color>ffff0000</color>
                <colorMode>normal</colorMode>
                <width>3</width>
            </LineStyle>
            <PolyStyle id="289">
                <color>32ff0000</color>
                <colorMode>normal</colorMode>
                <fill>1</fill>
                <outline>1</outline>
            </PolyStyle>
        </Style>
        <Style id="296">
            <LineStyle id="297">
                <color>ff0000ff</color>
                <colorMode>normal</colorMode>
                <width>3</width>
            </LineStyle>
            <PolyStyle id="298">
                <color>320000ff</color>
                <colorMode>normal</colorMode>
                <fill>1</fill>
                <outline>1</outline>
            </PolyStyle>
        </Style>
        <Style id="305">
            <LineStyle id="306">
                <color>ff00ffff</color>
                <colorMode>normal</colorMode>
                <width>3</width>
            </LineStyle>
            <PolyStyle id="307">
                <color>3200ffff</color>
                <colorMode>normal</colorMode>
                <fill>1</fill>
                <outline>1</outline>
            </PolyStyle>
        </Style>
        <Style id="314">
            <LineStyle id="315">
                <color>ffff0000</color>
                <colorMode>normal</colorMode>
                <width>3</width>
            </LineStyle>
            <PolyStyle id="316">
                <color>32ff0000</color>
                <colorMode>normal</colorMode>
                <fill>1</fill>
                <outline>1</outline>
            </PolyStyle>
        </Style>
        <Style id="323">
            <LineStyle id="324">
                <color>ff0000ff</color>
                <colorMode>normal</colorMode>
                <width>3</width>
            </LineStyle>
            <PolyStyle id="325">
                <color>320000ff</color>
                <colorMode>normal</colorMode>
                <fill>1</fill>
                <outline>1</outline>
            </PolyStyle>
        </Style>
        <Style id="332">
            <LineStyle id="333">
                <color>ff00ffff</color>
                <colorMode>normal</colorMode>
                <width>3</width>
            </LineStyle>
            <PolyStyle id="334">
                <color>3200ffff</color>
                <colorMode>normal</colorMode>
                <fill>1</fill>
                <outline>1</outline>
            </PolyStyle>
        </Style>
        <Style id="341">
            <LineStyle id="342">
                <color>ff00ffff</color>
                <colorMode>normal</colorMode>
                <width>3</width>
            </LineStyle>
            <PolyStyle id="343">
                <color>3200ffff</color>
                <colorMode>normal</colorMode>
                <fill>1</fill>
                <outline>1</outline>
            </PolyStyle>
        </Style>
        <Style id="350">
            <LineStyle id="351">
                <color>ffff0000</color>
                <colorMode>normal</colorMode>
                <width>3</width>
            </LineStyle>
            <PolyStyle id="352">
                <color>32ff0000</color>
                <colorMode>normal</colorMode>
                <fill>1</fill>
                <outline>1</outline>
            </PolyStyle>
        </Style>
        <Style id="359">
            <LineStyle id="360">
                <color>ff0000ff</color>
                <colorMode>normal</colorMode>
                <width>3</width>
            </LineStyle>
            <PolyStyle id="361">
                <color>320000ff</color>
                <colorMode>normal</colorMode>
                <fill>1</fill>
                <outline>1</outline>
            </PolyStyle>
        </Style>
        <Style id="368">
            <LineStyle id="369">
                <color>ff00ffff</color>
                <colorMode>normal</colorMode>
                <width>3</width>
            </LineStyle>
            <PolyStyle id="370">
                <color>3200ffff</color>
                <colorMode>normal</colorMode>
                <fill>1</fill>
                <outline>1</outline>
            </PolyStyle>
        </Style>
        <Style id="377">
            <LineStyle id="378">
                <color>ffff0000</color>
                <colorMode>normal</colorMode>
                <width>3</width>
            </LineStyle>
            <PolyStyle id="379">
                <color>32ff0000</color>
                <colorMode>normal</colorMode>
                <fill>1</fill>
                <outline>1</outline>
            </PolyStyle>
        </Style>
        <Style id="386">
            <LineStyle id="387">
                <color>ff0000ff</color>
                <colorMode>normal</colorMode>
                <width>3</width>
            </LineStyle>
            <PolyStyle id="388">
                <color>320000ff</color>
                <colorMode>normal</colorMode>
                <fill>1</fill>
                <outline>1</outline>
            </PolyStyle>
        </Style>
        <Style id="395">
            <LineStyle id="396">
                <color>ff00ffff</color>
                <colorMode>normal</colorMode>
                <width>3</width>
            </LineStyle>
            <PolyStyle id="397">
                <color>3200ffff</color>
                <colorMode>normal</colorMode>
                <fill>1</fill>
                <outline>1</outline>
            </PolyStyle>
        </Style>
        <Style id="404">
            <LineStyle id="405">
                <color>ffff0000</color>
                <colorMode>normal</colorMode>
                <width>3</width>
            </LineStyle>
            <PolyStyle id="406">
                <color>32ff0000</color>
                <colorMode>normal</colorMode>
                <fill>1</fill>
                <outline>1</outline>
            </PolyStyle>
        </Style>
        <Style id="413">
            <LineStyle id="414">
                <color>ff0000ff</color>
                <colorMode>normal</colorMode>
                <width>3</width>
            </LineStyle>
            <PolyStyle id="415">
                <color>320000ff</color>
                <colorMode>normal</colorMode>
                <fill>1</fill>
                <outline>1</outline>
            </PolyStyle>
        </Style>
        <Style id="422">
            <LineStyle id="423">
                <color>ff00ffff</color>
                <colorMode>normal</colorMode>
                <width>3</width>
            </LineStyle>
            <PolyStyle id="424">
                <color>3200ffff</color>
                <colorMode>normal</colorMode>
                <fill>1</fill>
                <outline>1</outline>
            </PolyStyle>
        </Style>
        <Style id="431">
            <LineStyle id="432">
                <color>ffff0000</color>
                <colorMode>normal</colorMode>
                <width>3</width>
            </LineStyle>
            <PolyStyle id="433">
                <color>32ff0000</color>
                <colorMode>normal</colorMode>
                <fill>1</fill>
                <outline>1</outline>
            </PolyStyle>
        </Style>
        <Style id="440">
            <LineStyle id="441">
                <color>ff0000ff</color>
                <colorMode>normal</colorMode>
                <width>3</width>
            </LineStyle>
            <PolyStyle id="442">
                <color>320000ff</color>
                <colorMode>normal</colorMode>
                <fill>1</fill>
                <outline>1</outline>
            </PolyStyle>
        </Style>
        <Style id="449">
            <LineStyle id="450">
                <color>ff00ffff</color>
                <colorMode>normal</colorMode>
                <width>3</width>
            </LineStyle>
            <PolyStyle id="451">
                <color>3200ffff</color>
                <colorMode>normal</colorMode>
                <fill>1</fill>
                <outline>1</outline>
            </PolyStyle>
        </Style>
        <Style id="458">
            <LineStyle id="459">
                <color>ffff0000</color>
                <colorMode>normal</colorMode>
                <width>3</width>
            </LineStyle>
            <PolyStyle id="460">
                <color>32ff0000</color>
                <colorMode>normal</colorMode>
                <fill>1</fill>
                <outline>1</outline>
            </PolyStyle>
        </Style>
        <Style id="467">
            <LineStyle id="468">
                <color>ff0000ff</color>
                <colorMode>normal</colorMode>
                <width>3</width>
            </LineStyle>
            <PolyStyle id="469">
                <color>320000ff</color>
                <colorMode>normal</colorMode>
                <fill>1</fill>
                <outline>1</outline>
            </PolyStyle>
        </Style>
        <Style id="476">
            <LineStyle id="477">
                <color>ff00ffff</color>
                <colorMode>normal</colorMode>
                <width>3</width>
            </LineStyle>
            <PolyStyle id="478">
                <color>3200ffff</color>
                <colorMode>normal</colorMode>
                <fill>1</fill>
                <outline>1</outline>
            </PolyStyle>
        </Style>
        <Style id="485">
            <LineStyle id="486">
                <color>ffff0000</color>
                <colorMode>normal</colorMode>
                <width>3</width>
            </LineStyle>
            <PolyStyle id="487">
                <color>32ff0000</color>
                <colorMode>normal</colorMode>
                <fill>1</fill>
                <outline>1</outline>
            </PolyStyle>
        </Style>
        <Style id="494">
            <LineStyle id="495">
                <color>ff0000ff</color>
                <colorMode>normal</colorMode>
                <width>3</width>
            </LineStyle>
            <PolyStyle id="496">
                <color>320000ff</color>
                <colorMode>normal</colorMode>
                <fill>1</fill>
                <outline>1</outline>
            </PolyStyle>
        </Style>
        <Style id="503">
            <LineStyle id="504">
                <color>ff00ffff</color>
                <colorMode>normal</colorMode>
                <width>3</width>
            </LineStyle>
            <PolyStyle id="505">
                <color>3200ffff</color>
                <colorMode>normal</colorMode>
                <fill>1</fill>
                <outline>1</outline>
            </PolyStyle>
        </Style>
        <Style id="512">
            <LineStyle id="513">
                <color>ffff0000</color>
                <colorMode>normal</colorMode>
                <width>3</width>
            </LineStyle>
            <PolyStyle id="514">
                <color>32ff0000</color>
                <colorMode>normal</colorMode>
                <fill>1</fill>
                <outline>1</outline>
            </PolyStyle>
        </Style>
        <Style id="521">
            <LineStyle id="522">
                <color>ff0000ff</color>
                <colorMode>normal</colorMode>
                <width>3</width>
            </LineStyle>
            <PolyStyle id="523">
                <color>320000ff</color>
                <colorMode>normal</colorMode>
                <fill>1</fill>
                <outline>1</outline>
            </PolyStyle>
        </Style>
        <Style id="530">
            <LineStyle id="531">
                <color>ff00ffff</color>
                <colorMode>normal</colorMode>
                <width>3</width>
            </LineStyle>
            <PolyStyle id="532">
                <color>3200ffff</color>
                <colorMode>normal</colorMode>
                <fill>1</fill>
                <outline>1</outline>
            </PolyStyle>
        </Style>
        <Style id="539">
            <LineStyle id="540">
                <color>ffff0000</color>
                <colorMode>normal</colorMode>
                <width>3</width>
            </LineStyle>
            <PolyStyle id="541">
                <color>32ff0000</color>
                <colorMode>normal</colorMode>
                <fill>1</fill>
                <outline>1</outline>
            </PolyStyle>
        </Style>
        <Style id="548">
            <LineStyle id="549">
                <color>ff0000ff</color>
                <colorMode>normal</colorMode>
                <width>3</width>
            </LineStyle>
            <PolyStyle id="550">
                <color>320000ff</color>
                <colorMode>normal</colorMode>
                <fill>1</fill>
                <outline>1</outline>
            </PolyStyle>
        </Style>
        <Style id="557">
            <LineStyle id="558">
                <color>ff00ffff</color>
                <colorMode>normal</colorMode>
                <width>3</width>
            </LineStyle>
            <PolyStyle id="559">
                <color>3200ffff</color>
                <colorMode>normal</colorMode>
                <fill>1</fill>
                <outline>1</outline>
            </PolyStyle>
        </Style>
        <Style id="566">
            <LineStyle id="567">
                <color>ffff0000</color>
                <colorMode>normal</colorMode>
                <width>3</width>
            </LineStyle>
            <PolyStyle id="568">
                <color>32ff0000</color>
                <colorMode>normal</colorMode>
                <fill>1</fill>
                <outline>1</outline>
            </PolyStyle>
        </Style>
        <Style id="575">
            <LineStyle id="576">
                <color>ff0000ff</color>
                <colorMode>normal</colorMode>
                <width>3</width>
            </LineStyle>
            <PolyStyle id="577">
                <color>320000ff</color>
                <colorMode>normal</colorMode>
                <fill>1</fill>
                <outline>1</outline>
            </PolyStyle>
        </Style>
        <Style id="584">
            <LineStyle id="585">
                <color>ff00ffff</color>
                <colorMode>normal</colorMode>
                <width>3</width>
            </LineStyle>
            <PolyStyle id="586">
                <color>3200ffff</color>
                <colorMode>normal</colorMode>
                <fill>1</fill>
                <outline>1</outline>
            </PolyStyle>
        </Style>
        <Style id="593">
            <LineStyle id="594">
                <color>ffff0000</color>
                <colorMode>normal</colorMode>
                <width>3</width>
            </LineStyle>
            <PolyStyle id="595">
                <color>32ff0000</color>
                <colorMode>normal</colorMode>
                <fill>1</fill>
                <outline>1</outline>
            </PolyStyle>
        </Style>
        <Style id="602">
            <LineStyle id="603">
                <color>ff0000ff</color>
                <colorMode>normal</colorMode>
                <width>3</width>
            </LineStyle>
            <PolyStyle id="604">
                <color>320000ff</color>
                <colorMode>normal</colorMode>
                <fill>1</fill>
                <outline>1</outline>
            </PolyStyle>
        </Style>
        <Style id="611">
            <LineStyle id="612">
                <color>ff00ffff</color>
                <colorMode>normal</colorMode>
                <width>3</width>
            </LineStyle>
            <PolyStyle id="613">
                <color>3200ffff</color>
                <colorMode>normal</colorMode>
                <fill>1</fill>
                <outline>1</outline>
            </PolyStyle>
        </Style>
        <Style id="620">
            <LineStyle id="621">
                <color>ffff0000</color>
                <colorMode>normal</colorMode>
                <width>3</width>
            </LineStyle>
            <PolyStyle id="622">
                <color>32ff0000</color>
                <colorMode>normal</colorMode>
                <fill>1</fill>
                <outline>1</outline>
            </PolyStyle>
        </Style>
        <Style id="629">
            <LineStyle id="630">
                <color>ff00ffff</color>
                <colorMode>normal</colorMode>
                <width>3</width>
            </LineStyle>
            <PolyStyle id="631">
                <color>3200ffff</color>
                <colorMode>normal</colorMode>
                <fill>1</fill>
                <outline>1</outline>
            </PolyStyle>
        </Style>
        <Style id="638">
            <LineStyle id="639">
                <color>ffff0000</color>
                <colorMode>normal</colorMode>
                <width>3</width>
            </LineStyle>
            <PolyStyle id="640">
                <color>32ff0000</color>
                <colorMode>normal</colorMode>
                <fill>1</fill>
                <outline>1</outline>
            </PolyStyle>
        </Style>
        <Style id="647">
            <LineStyle id="648">
                <color>ff0000ff</color>
                <colorMode>normal</colorMode>
                <width>3</width>
            </LineStyle>
            <PolyStyle id="649">
                <color>320000ff</color>
                <colorMode>normal</colorMode>
                <fill>1</fill>
                <outline>1</outline>
            </PolyStyle>
        </Style>
        <Style id="656">
            <LineStyle id="657">
                <color>ff00ffff</color>
                <colorMode>normal</colorMode>
                <width>3</width>
            </LineStyle>
            <PolyStyle id="658">
                <color>3200ffff</color>
                <colorMode>normal</colorMode>
                <fill>1</fill>
                <outline>1</outline>
            </PolyStyle>
        </Style>
        <Style id="665">
            <LineStyle id="666">
                <color>ffff0000</color>
                <colorMode>normal</colorMode>
                <width>3</width>
            </LineStyle>
            <PolyStyle id="667">
                <color>32ff0000</color>
                <colorMode>normal</colorMode>
                <fill>1</fill>
                <outline>1</outline>
            </PolyStyle>
        </Style>
        <Style id="674">
            <LineStyle id="675">
                <color>ff0000ff</color>
                <colorMode>normal</colorMode>
                <width>3</width>
            </LineStyle>
            <PolyStyle id="676">
                <color>320000ff</color>
                <colorMode>normal</colorMode>
                <fill>1</fill>
                <outline>1</outline>
            </PolyStyle>
        </Style>
        <Style id="683">
            <LineStyle id="684">
                <color>ff00ffff</color>
                <colorMode>normal</colorMode>
                <width>3</width>
            </LineStyle>
            <PolyStyle id="685">
                <color>3200ffff</color>
                <colorMode>normal</colorMode>
                <fill>1</fill>
                <outline>1</outline>
            </PolyStyle>
        </Style>
        <Style id="692">
            <LineStyle id="693">
                <color>ffff0000</color>
                <colorMode>normal</colorMode>
                <width>3</width>
            </LineStyle>
            <PolyStyle id="694">
                <color>32ff0000</color>
                <colorMode>normal</colorMode>
                <fill>1</fill>
                <outline>1</outline>
            </PolyStyle>
        </Style>
        <Style id="701">
            <LineStyle id="702">
                <color>ff0000ff</color>
                <colorMode>normal</colorMode>
                <width>3</width>
            </LineStyle>
            <PolyStyle id="703">
                <color>320000ff</color>
                <colorMode>normal</colorMode>
                <fill>1</fill>
                <outline>1</outline>
            </PolyStyle>
        </Style>
        <Style id="710">
            <LineStyle id="711">
                <color>ff00ffff</color>
                <colorMode>normal</colorMode>
                <width>3</width>
            </LineStyle>
            <PolyStyle id="712">
                <color>3200ffff</color>
                <colorMode>normal</colorMode>
                <fill>1</fill>
                <outline>1</outline>
            </PolyStyle>
        </Style>
        <Style id="719">
            <LineStyle id="720">
                <color>ffff0000</color>
                <colorMode>normal</colorMode>
                <width>3</width>
            </LineStyle>
            <PolyStyle id="721">
                <color>32ff0000</color>
                <colorMode>normal</colorMode>
                <fill>1</fill>
                <outline>1</outline>
            </PolyStyle>
        </Style>
        <Style id="728">
            <LineStyle id="729">
                <color>ff0000ff</color>
                <colorMode>normal</colorMode>
                <width>3</width>
            </LineStyle>
            <PolyStyle id="730">
                <color>320000ff</color>
                <colorMode>normal</colorMode>
                <fill>1</fill>
                <outline>1</outline>
            </PolyStyle>
        </Style>
        <Style id="737">
            <LineStyle id="738">
                <color>ff00ffff</color>
                <colorMode>normal</colorMode>
                <width>3</width>
            </LineStyle>
            <PolyStyle id="739">
                <color>3200ffff</color>
                <colorMode>normal</colorMode>
                <fill>1</fill>
                <outline>1</outline>
            </PolyStyle>
        </Style>
        <Style id="746">
            <LineStyle id="747">
                <color>ffff0000</color>
                <colorMode>normal</colorMode>
                <width>3</width>
            </LineStyle>
            <PolyStyle id="748">
                <color>32ff0000</color>
                <colorMode>normal</colorMode>
                <fill>1</fill>
                <outline>1</outline>
            </PolyStyle>
        </Style>
        <Style id="755">
            <LineStyle id="756">
                <color>ff0000ff</color>
                <colorMode>normal</colorMode>
                <width>3</width>
            </LineStyle>
            <PolyStyle id="757">
                <color>320000ff</color>
                <colorMode>normal</colorMode>
                <fill>1</fill>
                <outline>1</outline>
            </PolyStyle>
        </Style>
        <Style id="760">
            <IconStyle id="761">
                <colorMode>normal</colorMode>
                <scale>1</scale>
                <heading>0</heading>
                <Icon id="762">
                    <href>http://maps.google.com/mapfiles/kml/shapes/placemark_circle.png</href>
                </Icon>
            </IconStyle>
        </Style>
        <Placemark id="3">
            <name>PRN:5 elev:5</name>
            <styleUrl>#8</styleUrl>
            <Polygon id="2">
                <altitudeMode>relativeToGround</altitudeMode>
                <outerBoundaryIs>
                    <LinearRing id="6">
                        <coordinates>-69.9627201568349,41.892604593209114,0.0 -69.96272635329318,41.89261245697504,0.0 -69.9627504689569,41.89262647366189,0.0 -69.96279086040072,41.89264568804515,0.0 -69.96284477503606,41.89266879068105,0.0 -69.96290853868967,41.892694207147095,0.0 -69.96297780598717,41.89272020534069,0.0 -69.96304785647943,41.892745013522344,0.0 -69.96311391633283,41.89276694105836,0.0 -69.96317148366025,41.892784493633876,0.0 -69.96321663532187,41.89279647508517,0.0 -69.96324629428653,41.89280206891216,0.0 -69.9632584393316,41.89280089391727,0.0 -69.96325224278954,41.892793030179945,0.0 -69.96322812695283,41.89277901359807,0.0 -69.96318773529315,41.89275979936803,0.0 -69.96313382045695,41.892736696892555,0.0 -69.96307005667126,41.89271128055112,0.0 -69.96300078934591,41.89268528241297,0.0 -69.96293073893743,41.89266047420271,0.0 -69.96286467925702,41.89263854656171,0.0 -69.96280711214547,41.89262099383298,0.0 -69.9627619606847,41.89260901222127,0.0 -69.9627323018521,41.892603418269644,0.0 -69.9627201568349,41.892604593209114,0.0</coordinates>
                    </LinearRing>
                </outerBoundaryIs>
            </Polygon>
        </Placemark>
        <Placemark id="12">
            <name>PRN:5 elev:10</name>
            <styleUrl>#17</styleUrl>
            <Polygon id="11">
                <altitudeMode>relativeToGround</altitudeMode>
                <outerBoundaryIs>
                    <LinearRing id="15">
                        <coordinates>-69.96309414234254,41.89275545070578,0.0 -69.96309560817129,41.892759486962184,0.0 -69.96310326496946,41.89276514398391,0.0 -69.96311659094097,41.89277203625315,0.0 -69.96313467794512,41.892779694071365,0.0 -69.96315629338437,41.89278759556899,0.0 -69.96317996420323,41.892795202270484,0.0 -69.96320407727434,41.89280199579096,0.0 -69.9632269893305,41.89280751316347,0.0 -69.96324713895088,41.89281137838934,0.0 -69.9632631529699,41.89281332806157,0.0 -69.96327394005675,41.89281322931514,0.0 -69.96327876508832,41.89281108888098,0.0 -69.96327729924681,41.89280705262692,0.0 -69.9632696424282,41.89280139561674,0.0 -69.96325631643406,41.8927945033652,0.0 -69.96323822941112,41.892786845566064,0.0 -69.96321661396199,41.8927789440838,0.0 -69.96319294314479,41.89277133738983,0.0 -69.96316883008643,41.89276454386703,0.0 -69.96314591805071,41.89275902648296,0.0 -69.96312576845297,41.89275516123941,0.0 -69.96310975445272,41.89275321154809,0.0 -69.96309896737576,41.89275331027916,0.0 -69.96309414234254,41.89275545070578,0.0</coordinates>
                    </LinearRing>
                </outerBoundaryIs>
            </Polygon>
        </Placemark>
        <Placemark id="21">
            <name>PRN:5 elev:15</name>
            <styleUrl>#26</styleUrl>
            <Polygon id="20">
                <altitudeMode>relativeToGround</altitudeMode>
                <outerBoundaryIs>
                    <LinearRing id="24">
                        <coordinates>-69.96318741580309,41.892792210235164,0.0 -69.9631880623142,41.89279515853191,0.0 -69.96319213161496,41.89279872902362,0.0 -69.96319934638989,41.892802678386836,0.0 -69.96320921496459,41.89280673747846,0.0 -69.96322106481243,41.89281062967754,0.0 -69.96323408838599,41.89281408973664,0.0 -69.96324739815002,41.892816881858224,0.0 -69.96326008706563,41.89281881576387,0.0 -69.96327129040355,41.89281975966143,0.0 -69.96328024467421,41.89281964922641,0.0 -69.96328633965844,41.892818491985324,0.0 -69.96328915999302,41.89281636680273,0.0 -69.96328851347702,41.892813418506556,0.0 -69.96328444416993,41.89280984801825,0.0 -69.96327722938894,41.892805898660356,0.0 -69.96326736081005,41.892801839574545,0.0 -69.963255510961,41.89279794738024,0.0 -69.96324248738959,41.892794487323556,0.0 -69.96322917763044,41.8927916952014,0.0 -69.96321648872114,41.892789761292356,0.0 -69.96320528538931,41.89278881738946,0.0 -69.96319633112283,41.892788927818664,0.0 -69.9631902361398,41.89279008505499,0.0 -69.96318741580309,41.892792210235164,0.0</coordinates>
                    </LinearRing>
                </outerBoundaryIs>
            </Polygon>
        </Placemark>
        <Placemark id="30">
            <name>PRN:6 elev:5</name>
            <styleUrl>#35</styleUrl>
            <Polygon id="29">
                <altitudeMode>relativeToGround</altitudeMode>
                <outerBoundaryIs>
                    <LinearRing id="33">
                        <coordinates>-69.96272711691184,41.892594318803056,0.0 -69.96273306837169,41.89260228673975,0.0 -69.96275674386978,41.89261671324521,0.0 -69.96279652997775,41.8926366151667,0.0 -69.96284971536032,41.89266063620626,0.0 -69.9629126755424,41.89268713935406,0.0 -69.96298111990546,41.89271431845215,0.0 -69.96305038408244,41.892740321284435,0.0 -69.96311574782571,41.89276337580357,0.0 -69.96317275668653,41.892781910892374,0.0 -69.963217525583,41.89279466343009,0.0 -69.96324700356797,41.89280076436803,0.0 -69.96325918175164,41.8927997979496,0.0 -69.96325323020777,41.89279183004006,0.0 -69.96322955453262,41.892777403636586,0.0 -69.96318976820204,41.89275750186457,0.0 -69.96313658261093,41.8927334809819,0.0 -69.96307362229027,41.89270697795639,0.0 -69.9630051778957,41.89267979891324,0.0 -69.96293591380277,41.89265379605378,0.0 -69.96287055023653,41.892630741432676,0.0 -69.96281354159832,41.892612206194414,0.0 -69.9627687729104,41.892599453499784,0.0 -69.96273929506401,41.89259335243953,0.0 -69.96272711691184,41.892594318803056,0.0</coordinates>
                    </LinearRing>
                </outerBoundaryIs>
            </Polygon>
        </Placemark>
        <Placemark id="39">
            <name>PRN:6 elev:10</name>
            <styleUrl>#44</styleUrl>
            <Polygon id="38">
                <altitudeMode>relativeToGround</altitudeMode>
                <outerBoundaryIs>
                    <LinearRing id="42">
                        <coordinates>-69.96309606250843,41.89275202028104,0.0 -69.96309741826762,41.89275607780008,0.0 -69.9631049196492,41.89276184904936,0.0 -69.96311805544846,41.89276894072662,0.0 -69.96313593048474,41.89277686954408,0.0 -69.96315732660582,41.89278509516403,0.0 -69.96318078570249,41.89279305702255,0.0 -69.96320470907595,41.89280021253139,0.0 -69.96322746638658,41.892806074054654,0.0 -69.96324750675917,41.89281024214035,0.0 -69.96326346447313,41.89281243274205,0.0 -69.96327425203464,41.89281249657575,0.0 -69.96327913428813,41.89281042929283,0.0 -69.96327777851623,41.89280637177591,0.0 -69.9632702771138,41.892800600537896,0.0 -69.96325714129114,41.89279350887797,0.0 -69.96323926623515,41.892785580079305,0.0 -69.96321787010335,41.89277735447457,0.0 -69.96319441100783,41.8927693926236,0.0 -69.96317048764706,41.89276223711262,0.0 -69.96314773035729,41.8927563755781,0.0 -69.96312769000811,41.89275220747506,0.0 -69.96311173231386,41.89275001685456,0.0 -69.96310094476307,41.89274995300565,0.0 -69.96309606250843,41.89275202028104,0.0</coordinates>
                    </LinearRing>
                </outerBoundaryIs>
            </Polygon>
        </Placemark>
        <Placemark id="48">
            <name>PRN:6 elev:15</name>
            <styleUrl>#53</styleUrl>
            <Polygon id="47">
                <altitudeMode>relativeToGround</altitudeMode>
                <outerBoundaryIs>
                    <LinearRing id="51">
                        <coordinates>-69.96318814987698,41.892790544805074,0.0 -69.96318873063204,41.89279350067578,0.0 -69.96319271984808,41.892797120899914,0.0 -69.96319984566726,41.89280115876483,0.0 -69.96320962247742,41.89280533909622,0.0 -69.96322138400552,41.89280937701079,0.0 -69.96323432872302,41.89281299733089,0.0 -69.96324757446861,41.89281595333744,0.0 -69.96326021856613,41.892818043583524,0.0 -69.9632713993406,41.89281912562265,0.0 -69.96328035484008,41.89281912571619,0.0 -69.96328647476163,41.892818043858306,0.0 -69.96328934204257,41.89281595377633,0.0 -69.96328876128266,41.89281299790613,0.0 -69.96328477206018,41.89280937768532,0.0 -69.9632776462347,41.89280533982564,0.0 -69.96326786942011,41.892801159500046,0.0 -69.96325610789057,41.8927971215902,0.0 -69.96324316317506,41.89279350127254,0.0 -69.96322991743433,41.8927905452655,0.0 -69.96321727334323,41.89278845501608,0.0 -69.96320609257505,41.89278737297171,0.0 -69.96319713708003,41.89278737287241,0.0 -69.9631910171599,41.89278845472554,0.0 -69.96318814987698,41.892790544805074,0.0</coordinates>
                    </LinearRing>
                </outerBoundaryIs>
            </Polygon>
        </Placemark>
        <Placemark id="57">
            <name>PRN:9 elev:5</name>
            <styleUrl>#62</styleUrl>
            <Polygon id="56">
                <altitudeMode>relativeToGround</altitudeMode>
                <outerBoundaryIs>
                    <LinearRing id="60">
                        <coordinates>-69.96278084694215,41.89252976163723,0.0 -69.96278510684274,41.89253830912322,0.0 -69.96280557053213,41.892555240763684,0.0 -69.96284084346307,41.89257940268719,0.0 -69.96288852186909,41.892609148286404,0.0 -69.96294535657032,41.892642450434806,0.0 -69.96300747439317,41.89267703963559,0.0 -69.96307064211598,41.89271055868687,0.0 -69.96313055495473,41.89274072332248,0.0 -69.96318312992908,41.89276547788043,0.0 -69.96322478411595,41.89278313539068,0.0 -69.96325267882663,41.89279249253619,0.0 -69.96326491306533,41.89279291165337,0.0 -69.96326065308355,41.892784364185104,0.0 -69.96324018920014,41.89276743262545,0.0 -69.96320491601429,41.89274327082414,0.0 -69.9631572373608,41.892713525355795,0.0 -69.96310040248586,41.892680223311864,0.0 -69.9630382846096,41.89264563416116,0.0 -69.96297511696798,41.89261211509215,0.0 -69.96291520432327,41.89258195037574,0.0 -69.9628626296038,41.892557195695595,0.0 -69.96282097566439,41.89253953805447,0.0 -69.96279308112743,41.89253018080449,0.0 -69.96278084694215,41.89252976163723,0.0</coordinates>
                    </LinearRing>
                </outerBoundaryIs>
            </Polygon>
        </Placemark>
        <Placemark id="66">
            <name>PRN:9 elev:10</name>
            <styleUrl>#71</styleUrl>
            <Polygon id="65">
                <altitudeMode>relativeToGround</altitudeMode>
                <outerBoundaryIs>
                    <LinearRing id="69">
                        <coordinates>-69.96310898711086,41.892732774114684,0.0 -69.96310969572335,41.89273692185446,0.0 -69.9631162383409,41.892743306878785,0.0 -69.96312816909719,41.89275149405786,0.0 -69.96314467493359,41.892760925447476,0.0 -69.96316463100706,41.892770958312305,0.0 -69.9631866773457,41.8927809089278,0.0 -69.96320931152815,41.892790099175194,0.0 -69.96323099107107,41.89279790275443,0.0 -69.9632502385472,41.892803787865425,0.0 -69.96326574227014,41.89280735344908,0.0 -69.96327644568436,41.89280835651846,0.0 -69.96328161936835,41.89280672871743,0.0 -69.96328091074392,41.89280258097872,0.0 -69.96327436810382,41.89279619596374,0.0 -69.96326243732045,41.89278800879979,0.0 -69.96324593145967,41.89277857742704,0.0 -69.96322597537103,41.89276854457628,0.0 -69.96320392903054,41.8927585939683,0.0 -69.96318129486004,41.892749403719854,0.0 -69.96315961533965,41.89274160013126,0.0 -69.96314036789062,41.89273571500514,0.0 -69.96312486419205,41.89273214940463,0.0 -69.96311416079298,41.892731146321175,0.0 -69.96310898711086,41.892732774114684,0.0</coordinates>
                    </LinearRing>
                </outerBoundaryIs>
            </Polygon>
        </Placemark>
        <Placemark id="75">
            <name>PRN:9 elev:15</name>
            <styleUrl>#80</styleUrl>
            <Polygon id="74">
                <altitudeMode>relativeToGround</altitudeMode>
                <outerBoundaryIs>
                    <LinearRing id="78">
                        <coordinates>-69.96319395387513,41.8927797401709,0.0 -69.96319409468659,41.89278272564871,0.0 -69.96319752521951,41.892786650317774,0.0 -69.96320401168944,41.892791246718105,0.0 -69.96321311205496,41.89279620161214,0.0 -69.96322420614176,41.892801177331535,0.0 -69.96323653790647,41.89280583478875,0.0 -69.96324926695961,41.89280985658554,0.0 -69.96326152583677,41.89281296864308,0.0 -69.96327247911506,41.892814958880095,0.0 -69.96328138034589,41.89281569166568,0.0 -69.96328762292451,41.89281511706224,0.0 -69.96329078142918,41.89281327422851,0.0 -69.96329064061314,41.89281028875083,0.0 -69.96328721007323,41.89280636408452,0.0 -69.96328072359577,41.892801767688866,0.0 -69.96327162322423,41.892796812800164,0.0 -69.96326052913449,41.89279183708535,0.0 -69.96324819737073,41.8927871796307,0.0 -69.96323546832218,41.892783157833804,0.0 -69.963223209452,41.892780045773485,0.0 -69.96321225618124,41.8927780555318,0.0 -69.96320335495643,41.89277732274086,0.0 -69.96319711238077,41.892777897339734,0.0 -69.96319395387513,41.8927797401709,0.0</coordinates>
                    </LinearRing>
                </outerBoundaryIs>
            </Polygon>
        </Placemark>
        <Placemark id="84">
            <name>PRN:11 elev:10</name>
            <styleUrl>#89</styleUrl>
            <Polygon id="83">
                <altitudeMode>relativeToGround</altitudeMode>
                <outerBoundaryIs>
                    <LinearRing id="87">
                        <coordinates>-69.96313246498708,41.89270754858291,0.0 -69.9631322354299,41.89271172623641,0.0 -69.96313725764041,41.89271883340548,0.0 -69.96314718936559,41.89272838574765,0.0 -69.9631613537777,41.892739732285406,0.0 -69.96317878559837,41.89275209976962,0.0 -69.96319829687982,41.89276464537551,0.0 -69.96321855796104,41.89277651414002,0.0 -69.96323818808186,41.892786897226486,0.0 -69.96325584947971,41.89279508704534,0.0 -69.96327033855655,41.89280052547512,0.0 -69.96328066790285,41.89280284189718,0.0 -69.96328613358877,41.892801878452374,0.0 -69.9632863631362,41.89279770079856,0.0 -69.96328134090288,41.892790593635986,0.0 -69.96327140914798,41.89278104130539,0.0 -69.96325724470715,41.892769694781144,0.0 -69.96323981286649,41.89275732730878,0.0 -69.96322030157913,41.89274478170993,0.0 -69.96320004050764,41.892732912945725,0.0 -69.96318041040962,41.89272252985277,0.0 -69.9631627490415,41.89271434002236,0.0 -69.96314825999337,41.892708901579056,0.0 -69.96313793066706,41.89270658514512,0.0 -69.96313246498708,41.89270754858291,0.0</coordinates>
                    </LinearRing>
                </outerBoundaryIs>
            </Polygon>
        </Placemark>
        <Placemark id="93">
            <name>PRN:11 elev:15</name>
            <styleUrl>#98</styleUrl>
            <Polygon id="92">
                <altitudeMode>relativeToGround</altitudeMode>
                <outerBoundaryIs>
                    <LinearRing id="96">
                        <coordinates>-69.9632077791219,41.892762240878206,0.0 -69.96320715070374,41.89276519134183,0.0 -69.96320951017293,41.892769531780694,0.0 -69.96321469673624,41.89277496640087,0.0 -69.96322235693884,41.89278112484166,0.0 -69.96323196875137,41.89278758741504,0.0 -69.96324287714523,41.892793913706925,0.0 -69.96325433873149,41.89279967259073,0.0 -69.96326557242163,41.89280447160798,0.0 -69.96327581265751,41.89280798371376,0.0 -69.9632843615831,41.89280996956422,0.0 -69.96329063660247,41.892810293827345,0.0 -69.96329421008285,41.89280893440557,0.0 -69.96329483849742,41.892805983941464,0.0 -69.96329247902109,41.892801643504356,0.0 -69.963287292449,41.89279620888765,0.0 -69.96327963223833,41.89279005045119,0.0 -69.9632700204206,41.89278358788179,0.0 -69.96325911202581,41.89277726159248,0.0 -69.96324765044315,41.89277150270914,0.0 -69.96323641676015,41.892766703690135,0.0 -69.96322617653306,41.89276319158087,0.0 -69.96321762761553,41.89276120572609,0.0 -69.96321135260136,41.89276088145898,0.0 -69.9632077791219,41.892762240878206,0.0</coordinates>
                    </LinearRing>
                </outerBoundaryIs>
            </Polygon>
        </Placemark>
        <Placemark id="102">
            <name>PRN:12 elev:15</name>
            <styleUrl>#107</styleUrl>
            <Polygon id="101">
                <altitudeMode>relativeToGround</altitudeMode>
                <outerBoundaryIs>
                    <LinearRing id="105">
                        <coordinates>-69.96320776456528,41.89276225581165,0.0 -69.96320713683892,41.89276520635686,0.0 -69.96320949732574,41.89276954648911,0.0 -69.96321468516318,41.892774980435384,0.0 -69.96322234680959,41.892781137880846,0.0 -69.96323196013721,41.89278759920534,0.0 -69.96324287001418,41.8927939240799,0.0 -69.96325433295051,41.89279968147451,0.0 -69.96326556776567,41.89280447903218,0.0 -69.96327580882485,41.89280798980748,0.0 -69.96328435821593,41.89280997454722,0.0 -69.96329063331122,41.89281029799509,0.0 -69.96329420647282,41.892808938109056,0.0 -69.96329483419561,41.89280598756335,0.0 -69.96329247370164,41.89280164743285,0.0 -69.9632872858554,41.89279621349009,0.0 -69.96327962420094,41.89279005604894,0.0 -69.96327001086811,41.89278359472843,0.0 -69.96325910099023,41.89277726985643,0.0 -69.96324763805748,41.892771512462296,0.0 -69.96323640324948,41.89276671490287,0.0 -69.96322616219908,41.89276320412407,0.0 -69.96321761281607,41.89276121938001,0.0 -69.96321133772597,41.89276089592817,0.0 -69.96320776456528,41.89276225581165,0.0</coordinates>
                    </LinearRing>
                </outerBoundaryIs>
            </Polygon>
        </Placemark>
        <Placemark id="111">
            <name>PRN:20 elev:5</name>
            <styleUrl>#116</styleUrl>
            <Polygon id="110">
                <altitudeMode>relativeToGround</altitudeMode>
                <outerBoundaryIs>
                    <LinearRing id="114">
                        <coordinates>-69.96266890524365,41.892712059011714,0.0 -69.96267733633331,41.89271867158067,0.0 -69.96270509444169,41.89272825113895,0.0 -69.96275028791099,41.89274014484251,0.0 -69.96280983689364,41.892753542136845,0.0 -69.9628796832353,41.8927675299998,0.0 -69.96295506702867,41.89278115516758,0.0 -69.96303085099181,41.89279348910183,0.0 -69.96310187056568,41.892803691269506,0.0 -69.96316328587221,41.892811066422716,0.0 -69.96321091154716,41.892815111975224,0.0 -69.96324150196902,41.89281555224802,0.0 -69.96325297244566,41.892812357251266,0.0 -69.96324454128404,41.89280574472441,0.0 -69.96321678306109,41.89279616529603,0.0 -69.96317158946528,41.89278427177539,0.0 -69.9631120403781,41.89277087466794,0.0 -69.96304219398189,41.89275688694577,0.0 -69.96296681019858,41.89274326183497,0.0 -69.9628910263074,41.89273092785863,0.0 -69.96282000684812,41.892720725561055,0.0 -69.96275859166808,41.89271335022494,0.0 -69.96271096609766,41.89270930448552,0.0 -69.96268037573034,41.89270886407194,0.0 -69.96266890524365,41.892712059011714,0.0</coordinates>
                    </LinearRing>
                </outerBoundaryIs>
            </Polygon>
        </Placemark>
        <Placemark id="120">
            <name>PRN:22 elev:10</name>
            <styleUrl>#125</styleUrl>
            <Polygon id="119">
                <altitudeMode>relativeToGround</altitudeMode>
                <outerBoundaryIs>
                    <LinearRing id="123">
                        <coordinates>-69.9631335648804,41.89270656274018,0.0 -69.96313329614911,41.89271073909891,0.0 -69.96313825158329,41.89271787219428,0.0 -69.96314809348057,41.89272747591702,0.0 -69.96316215113488,41.89273889578812,0.0 -69.9631794665432,41.892751353560925,0.0 -69.96319885969108,41.892764000257635,0.0 -69.96321900896814,41.892775974026044,0.0 -69.96323854123348,41.89278645887361,0.0 -69.96325612539324,41.89279474027593,0.0 -69.96327056311301,41.89280025387025,0.0 -69.96328087048317,41.89280262391557,0.0 -69.96328634507147,41.8928016888984,0.0 -69.96328661379313,41.89279751253932,0.0 -69.9632816583362,41.892790379450325,0.0 -69.96327181640915,41.892780775739006,0.0 -69.963257758726,41.89276935588126,0.0 -69.96324044329754,41.89275689812021,0.0 -69.96322105014359,41.89274425143052,0.0 -69.96320090087615,41.892732277662454,0.0 -69.96318136863354,41.892721792808516,0.0 -69.96316378450356,41.892713511394795,0.0 -69.96314934681261,41.89270799778709,0.0 -69.9631390394626,41.89270562773,0.0 -69.9631335648804,41.89270656274018,0.0</coordinates>
                    </LinearRing>
                </outerBoundaryIs>
            </Polygon>
        </Placemark>
        <Placemark id="129">
            <name>PRN:22 elev:15</name>
            <styleUrl>#134</styleUrl>
            <Polygon id="128">
                <altitudeMode>relativeToGround</altitudeMode>
                <outerBoundaryIs>
                    <LinearRing id="132">
                        <coordinates>-69.96320665425525,41.89276341133053,0.0 -69.9632060798519,41.89276636788886,0.0 -69.96320851847825,41.8927706840157,0.0 -69.96321380394666,41.89277606557395,0.0 -69.96322157606205,41.892782145818934,0.0 -69.96323130516843,41.89278851039158,0.0 -69.96324232824375,41.892794725556364,0.0 -69.96325389408373,41.89280036775985,0.0 -69.96326521449514,41.892805052495106,0.0 -69.96327551800991,41.892808460505385,0.0 -69.96328410245967,41.89281035954076,0.0 -69.96329038282757,41.89281062018556,0.0 -69.9632939311164,41.892809224677656,0.0 -69.96329450551606,41.892806268118875,0.0 -69.96329206688254,41.89280195199385,0.0 -69.9632867814054,41.8927965704392,0.0 -69.96327900928203,41.892790490198614,0.0 -69.9632692801706,41.89278412563,0.0 -69.9632582570945,41.89277791046778,0.0 -69.96324669125819,41.89277226826475,0.0 -69.96323537085395,41.89276758352766,0.0 -69.96322506734792,41.89276417551379,0.0 -69.96321648290612,41.89276227647402,0.0 -69.96321020254328,41.892762015825205,0.0 -69.96320665425525,41.89276341133053,0.0</coordinates>
                    </LinearRing>
                </outerBoundaryIs>
            </Polygon>
        </Placemark>
        <Placemark id="138">
            <name>PRN:29 elev:5</name>
            <styleUrl>#143</styleUrl>
            <Polygon id="137">
                <altitudeMode>relativeToGround</altitudeMode>
                <outerBoundaryIs>
                    <LinearRing id="141">
                        <coordinates>-69.96270448156073,41.89263021498539,0.0 -69.96271126339327,41.892637806364554,0.0 -69.96273640169227,41.892650789315375,0.0 -69.9627781833403,41.892668279060004,0.0 -69.96283376100685,41.89268908368508,0.0 -69.9628993471838,41.89271178537296,0.0 -69.96297047229302,41.89273483702818,0.0 -69.9630422892778,41.89275666771286,0.0 -69.96310990392101,41.892775789705155,0.0 -69.96316870838035,41.892790899884055,0.0 -69.96321469520937,41.892800968532036,0.0 -69.96324473046366,41.89280530950419,0.0 -69.96325676727878,41.89280362698342,0.0 -69.9632499853638,41.89279603563634,0.0 -69.96322484690326,41.89278305279753,0.0 -69.96318306505783,41.8927655632148,0.0 -69.96312748721097,41.892744758758155,0.0 -69.96306190091909,41.89272205720007,0.0 -69.96299077579108,41.89269900560128,0.0 -69.96291895888876,41.892677174884504,0.0 -69.9628513444071,41.892658052780206,0.0 -69.96279254014513,41.89264294243939,0.0 -69.96274655349643,41.89263287362299,0.0 -69.9627165183571,41.89262853252102,0.0 -69.96270448156073,41.89263021498539,0.0</coordinates>
                    </LinearRing>
                </outerBoundaryIs>
            </Polygon>
        </Placemark>
        <Placemark id="147">
            <name>PRN:29 elev:10</name>
            <styleUrl>#152</styleUrl>
            <Polygon id="146">
                <altitudeMode>relativeToGround</altitudeMode>
                <outerBoundaryIs>
                    <LinearRing id="150">
                        <coordinates>-69.96308594916741,41.89277302857968,0.0 -69.96308795635429,41.89277693364444,0.0 -69.96309634311646,41.89278198462774,0.0 -69.96311053791172,41.892787837312106,0.0 -69.96312957339005,41.89279409284486,0.0 -69.96315215231644,41.89280032491975,0.0 -69.96317673597491,41.89280610882957,0.0 -69.96320164902936,41.892811050409684,0.0 -69.963225193695,41.892814812899935,0.0 -69.96324576544,41.89281713989411,0.0 -69.96326196233213,41.892817872813325,0.0 -69.96327268057856,41.89281696171238,0.0 -69.96327718974796,41.8928144686829,0.0 -69.96327518254833,41.892810563621424,0.0 -69.96326679576826,41.89280551265114,0.0 -69.96325260095475,41.892799659986004,0.0 -69.9632335654627,41.89279340447357,0.0 -69.96321098653083,41.89278717241464,0.0 -69.96318640287653,41.89278138851214,0.0 -69.96316148983485,41.8927764469287,0.0 -69.9631379451871,41.892772684425445,0.0 -69.96311737346034,41.89277035741203,0.0 -69.96310117658193,41.8927696244725,0.0 -69.963090458341,41.89277053555749,0.0 -69.96308594916741,41.89277302857968,0.0</coordinates>
                    </LinearRing>
                </outerBoundaryIs>
            </Polygon>
        </Placemark>
        <Placemark id="156">
            <name>PRN:29 elev:15</name>
            <styleUrl>#161</styleUrl>
            <Polygon id="155">
                <altitudeMode>relativeToGround</altitudeMode>
                <outerBoundaryIs>
                    <LinearRing id="159">
                        <coordinates>-69.96318310581458,41.892804959522714,0.0 -69.96318423892743,41.89280782528608,0.0 -69.96318887210772,41.892810992183975,0.0 -69.96319668961243,41.89281424439717,0.0 -69.96320715869194,41.892817360292106,0.0 -69.96321956589598,41.892820127525106,0.0 -69.96323306569407,41.89282235751332,0.0 -69.96324673809694,41.892823898286515,0.0 -69.96325965135246,41.892824644843664,0.0 -69.96327092544307,41.89282454630851,0.0 -69.9632797920577,41.89282360939666,0.0 -69.96328564695101,41.89282189795769,0.0 -69.96328809112174,41.89281952862384,0.0 -69.96328695800402,41.892816662861485,0.0 -69.96328232481845,41.89281349596752,0.0 -69.96327450730948,41.892810243760145,0.0 -69.96326403822785,41.89280712787132,0.0 -69.96325163102439,41.89280436064312,0.0 -69.96323813122946,41.892802130657074,0.0 -69.96322445883146,41.892800589882846,0.0 -69.96321154558122,41.892799843321754,0.0 -69.96320027149488,41.8927999418511,0.0 -69.96319140488237,41.89280087875686,0.0 -69.96318554998847,41.89280259019103,0.0 -69.96318310581458,41.892804959522714,0.0</coordinates>
                    </LinearRing>
                </outerBoundaryIs>
            </Polygon>
        </Placemark>
        <Placemark id="165">
            <name>PRN:30 elev:5</name>
            <styleUrl>#170</styleUrl>
            <Polygon id="164">
                <altitudeMode>relativeToGround</altitudeMode>
                <outerBoundaryIs>
                    <LinearRing id="168">
                        <coordinates>-69.96266403968845,41.892729112713475,0.0 -69.96267277566065,41.892735502222784,0.0 -69.96270096598414,41.89274435481701,0.0 -69.96274668954527,41.892755067193214,0.0 -69.9628068303699,41.89276690930209,0.0 -69.96287728996894,41.892779074104546,0.0 -69.96295326664128,41.89279073257524,0.0 -69.96302958270068,41.892801090202965,0.0 -69.96310103732694,41.89280944113695,0.0 -69.96316276099505,41.892815216288064,0.0 -69.96321054732805,41.89281802210788,0.0 -69.96324113975757,41.89281766740335,0.0 -69.963252453456,41.8928141763612,0.0 -69.96324371741503,41.89280778689581,0.0 -69.96321552698832,41.89279893443432,0.0 -69.96316980331716,41.89278822224411,0.0 -69.96310966240517,41.89277638032461,0.0 -69.96303920276485,41.89276421566419,0.0 -69.96296322610836,41.89275255725014,0.0 -69.9628869101177,41.892742199578464,0.0 -69.96281545559467,41.89273384851176,0.0 -69.96275373203659,41.892728073174666,0.0 -69.96270594579096,41.89272526716547,0.0 -69.96267535340272,41.89272562172795,0.0 -69.96266403968845,41.892729112713475,0.0</coordinates>
                    </LinearRing>
                </outerBoundaryIs>
            </Polygon>
        </Placemark>
        <Placemark id="174">
            <name>PRN:31 elev:5</name>
            <styleUrl>#179</styleUrl>
            <Polygon id="173">
                <altitudeMode>relativeToGround</altitudeMode>
                <outerBoundaryIs>
                    <LinearRing id="177">
                        <coordinates>-69.9627353529571,41.89258286813121,0.0 -69.96274102407756,41.89259094857094,0.0 -69.96276418763752,41.892605828464184,0.0 -69.96280326509677,41.89262649376095,0.0 -69.96285559341398,41.89265153614093,0.0 -69.96291760652244,41.89267924899205,0.0 -69.96298507834585,41.89270774371735,0.0 -69.96305341079449,41.89273507844299,0.0 -69.96311794711652,41.892759390355124,0.0 -69.96317428925012,41.89277902264697,0.0 -69.96321859754907,41.89279263742476,0.0 -69.96324785245437,41.892799306879176,0.0 -69.96326006027803,41.89279857650985,0.0 -69.96325438907348,41.89279049609564,0.0 -69.96323122533235,41.892775616300916,0.0 -69.96319214764341,41.892754951149236,0.0 -69.96313981910953,41.89272990892204,0.0 -69.96307780585548,41.89270219619047,0.0 -69.96301033399655,41.892673701519435,0.0 -69.962942001632,41.89264636676827,0.0 -69.96287746549115,41.892622054757624,0.0 -69.96282112358723,41.892602422320685,0.0 -69.96277681550495,41.89258880739012,0.0 -69.96274756074524,41.892582137816156,0.0 -69.9627353529571,41.89258286813121,0.0</coordinates>
                    </LinearRing>
                </outerBoundaryIs>
            </Polygon>
        </Placemark>
        <Placemark id="183">
            <name>PRN:31 elev:10</name>
            <styleUrl>#188</styleUrl>
            <Polygon id="182">
                <altitudeMode>relativeToGround</altitudeMode>
                <outerBoundaryIs>
                    <LinearRing id="186">
                        <coordinates>-69.96309924389051,41.89274672736165,0.0 -69.9631004268102,41.892750814732686,0.0 -69.96310767957087,41.89275675947401,0.0 -69.96312050791097,41.892764156460245,0.0 -69.96313803760282,41.892772501597314,0.0 -69.96315907402894,41.89278122617611,0.0 -69.96318218359289,41.8927897356295,0.0 -69.96320579141604,41.892797450051525,0.0 -69.96322828866299,41.89280384371729,0.0 -69.9632481421814,41.8928084809101,0.0 -69.96326399898435,41.8928110456146,0.0 -69.96327477845482,41.89281136305224,0.0 -69.96327974598852,41.89280941159168,0.0 -69.96327856305626,41.89280532422247,0.0 -69.96327131027418,41.89279937949191,0.0 -69.96325848190953,41.89279198252246,0.0 -69.96324095219661,41.8927836374037,0.0 -69.9632199157585,41.89277491283985,0.0 -69.96319680619489,41.892766403394035,0.0 -69.96317319838431,41.892758688970154,0.0 -69.96315070115878,41.89275229529364,0.0 -69.9631308476649,41.89274765808405,0.0 -69.96311499088303,41.89274509336125,0.0 -69.96310421142454,41.892744775908646,0.0 -69.96309924389051,41.89274672736165,0.0</coordinates>
                    </LinearRing>
                </outerBoundaryIs>
            </Polygon>
        </Placemark>
        <Placemark id="192">
            <name>PRN:31 elev:15</name>
            <styleUrl>#197</styleUrl>
            <Polygon id="191">
                <altitudeMode>relativeToGround</altitudeMode>
                <outerBoundaryIs>
                    <LinearRing id="195">
                        <coordinates>-69.96318993867351,41.89278682793044,0.0 -69.96319037074726,41.89278979788272,0.0 -69.96319417557845,41.89279352646915,0.0 -69.96320109387479,41.89279775959241,0.0 -69.96321065416647,41.89280220877164,0.0 -69.96322220493593,41.892806570802065,0.0 -69.96323495901751,41.89281054841806,0.0 -69.96324804724146,41.89281387055141,0.0 -69.96326057766649,41.89281631080424,0.0 -69.96327169636415,41.89281770287769,0.0 -69.9632806456129,41.892817951904746,0.0 -69.96328681553572,41.892817040915205,0.0 -69.9632897856624,41.89281503199196,0.0 -69.96328935358386,41.89281206204006,0.0 -69.96328554874601,41.89280833345676,0.0 -69.96327863044293,41.89280410033856,0.0 -69.96326907014623,41.89279965116498,0.0 -69.96325751937482,41.89279528913925,0.0 -69.96324476529487,41.89279131152575,0.0 -69.96323167707571,41.892787989392026,0.0 -69.96321914665735,41.89278554913605,0.0 -69.96320802796645,41.892784157057534,0.0 -69.96319907872271,41.89278390802483,0.0 -69.96319290880183,41.89278481900968,0.0 -69.96318993867351,41.89278682793044,0.0</coordinates>
                    </LinearRing>
                </outerBoundaryIs>
            </Polygon>
        </Placemark>
        <Placemark id="201">
            <name>PRN:1 elev:5</name>
            <styleUrl>#206</styleUrl>
            <Polygon id="200">
                <altitudeMode>relativeToGround</altitudeMode>
                <outerBoundaryIs>
                    <LinearRing id="204">
                        <coordinates>-69.96324640826955,41.8923280988734,0.0 -69.96324085293557,41.892336223752814,0.0 -69.96323799887321,41.892358900065524,0.0 -69.96323804058322,41.892394582458486,0.0 -69.96324097522786,41.892440839235604,0.0 -69.96324660282313,41.89249451807373,0.0 -69.9632545398653,41.892551960848415,0.0 -69.9632642454641,41.892609252929056,0.0 -69.96327505820186,41.892662489954716,0.0 -69.96328624120724,41.89270804390985,0.0 -69.96329703237218,41.8927428103677,0.0 -69.96330669628945,41.89276442005183,0.0 -69.96331457437145,41.89277140029835,0.0 -69.9633201297339,41.892763275415376,0.0 -69.96332298378518,41.89274059910064,0.0 -69.96332294202749,41.89270491670771,0.0 -69.96332000731135,41.892658659932685,0.0 -69.96331437963993,41.89260498109813,0.0 -69.96330644253736,41.892547538327584,0.0 -69.9632967369101,41.89249024625048,0.0 -69.96328592418342,41.89243700922686,0.0 -69.96327474122572,41.8923914552717,0.0 -69.96326395013227,41.89235668881176,0.0 -69.96325428629116,41.89233507912403,0.0 -69.96324640826955,41.8923280988734,0.0</coordinates>
                    </LinearRing>
                </outerBoundaryIs>
            </Polygon>
        </Placemark>
        <Placemark id="210">
            <name>PRN:1 elev:10</name>
            <styleUrl>#215</styleUrl>
            <Polygon id="209">
                <altitudeMode>relativeToGround</altitudeMode>
                <outerBoundaryIs>
                    <LinearRing id="213">
                        <coordinates>-69.96328541426048,41.89264288330051,0.0 -69.96328150317576,41.892645884256126,0.0 -69.96327888520199,41.892653674665745,0.0 -69.96327773874971,41.892665723625925,0.0 -69.96327814194836,41.89268121001997,0.0 -69.9632800673218,41.892699078475715,0.0 -69.96328338366035,41.892718111287365,0.0 -69.9632878649622,41.89273701140012,0.0 -69.96329320583476,41.892754490802446,0.0 -69.96329904230645,41.892769358301884,0.0 -69.96330497663072,41.892780600702814,0.0 -69.96331060439205,41.892787451854254,0.0 -69.96331554206644,41.89278944486162,0.0 -69.96331945315835,41.89278644390484,0.0 -69.96332207113262,41.892778653494304,0.0 -69.96332321757856,41.892766604533705,0.0 -69.96332281436842,41.8927511181398,0.0 -69.96332088898147,41.892733249684774,0.0 -69.96331757263097,41.89271421687421,0.0 -69.96331309132192,41.89269531676259,0.0 -69.96330775044886,41.89267783736119,0.0 -69.96330191398351,41.89266296986221,0.0 -69.9632959796707,41.892651727461114,0.0 -69.96329035192291,41.89264487630896,0.0 -69.96328541426048,41.89264288330051,0.0</coordinates>
                    </LinearRing>
                </outerBoundaryIs>
            </Polygon>
        </Placemark>
        <Placemark id="219">
            <name>PRN:1 elev:15</name>
            <styleUrl>#224</styleUrl>
            <Polygon id="218">
                <altitudeMode>relativeToGround</altitudeMode>
                <outerBoundaryIs>
                    <LinearRing id="222">
                        <coordinates>-69.96329790714098,41.89272024457194,0.0 -69.96329470303854,41.89272204325386,0.0 -69.96329235293211,41.892726386506034,0.0 -69.9632910169775,41.89273297834302,0.0 -69.96329078621797,41.892741369542065,0.0 -69.96329167637982,41.89275098825686,0.0 -69.96329362680052,41.89276117898782,0.0 -69.96329650456262,41.89277124725345,0.0 -69.96330011355168,41.892780506918,0.0 -69.96330420782115,41.89278832695061,0.0 -69.96330850835315,41.892794174428914,0.0 -69.96331272207308,41.89279765085694,0.0 -69.96331656182241,41.8927985193219,0.0 -69.96331976592806,41.89279672063936,0.0 -69.96332211603522,41.89279237738664,0.0 -69.96332345198788,41.892785785549286,0.0 -69.96332368274327,41.89277739435017,0.0 -69.96332279257622,41.89276777563563,0.0 -69.96332084215067,41.89275758490516,0.0 -69.96331796438535,41.89274751664014,0.0 -69.96331435539555,41.892738256976145,0.0 -69.96331026112806,41.89273043694389,0.0 -69.9633059606002,41.89272458946566,0.0 -69.96330174688545,41.89272111303738,0.0 -69.96329790714098,41.89272024457194,0.0</coordinates>
                    </LinearRing>
                </outerBoundaryIs>
            </Polygon>
        </Placemark>
        <Placemark id="228">
            <name>PRN:4 elev:5</name>
            <styleUrl>#233</styleUrl>
            <Polygon id="227">
                <altitudeMode>relativeToGround</altitudeMode>
                <outerBoundaryIs>
                    <LinearRing id="231">
                        <coordinates>-69.96348185405039,41.892339110238424,0.0 -69.96347286435704,41.892345301617134,0.0 -69.96345964317844,41.892365841014694,0.0 -69.96344309150417,41.89239932870382,0.0 -69.9634243372903,41.892443482552686,0.0 -69.96340465859444,41.89249529354871,0.0 -69.96338539648127,41.892551230858,0.0 -69.96336786363275,41.892607482445904,0.0 -69.96335325489085,41.892660214860705,0.0 -69.96334256582901,41.89270583447675,0.0 -69.96333652490237,41.89274123239374,0.0 -69.96333554380115,41.892763996302904,0.0 -69.9633396893917,41.89277257488156,0.0 -69.96334867915809,41.892766383513234,0.0 -69.9633619004553,41.892745844128406,0.0 -69.9633784522619,41.892712356450936,0.0 -69.96339720658644,41.89266820260954,0.0 -69.96341688534162,41.8926163916148,0.0 -69.96343614744687,41.892560454300245,0.0 -69.96345368022234,41.89250420270195,0.0 -69.96346828884566,41.89245147027443,0.0 -69.96347897777514,41.892405850646725,0.0 -69.96348501859111,41.89237045272227,0.0 -69.96348599963302,41.89234768881183,0.0 -69.96348185405039,41.892339110238424,0.0</coordinates>
                    </LinearRing>
                </outerBoundaryIs>
            </Polygon>
        </Placemark>
        <Placemark id="237">
            <name>PRN:4 elev:10</name>
            <styleUrl>#242</styleUrl>
            <Polygon id="236">
                <altitudeMode>relativeToGround</altitudeMode>
                <outerBoundaryIs>
                    <LinearRing id="240">
                        <coordinates>-69.96339258460775,41.8926482939806,0.0 -69.96338733065755,41.89264977244787,0.0 -69.96338051174043,41.89265599520865,0.0 -69.9633725925525,41.89266653819185,0.0 -69.9633641127715,41.892680682910395,0.0 -69.9633556502791,41.89269746542505,0.0 -69.96334778177959,41.89271574203526,0.0 -69.96334104349864,41.89273426722038,0.0 -69.96333589464022,41.89275177851993,0.0 -69.96333268609234,41.89276708256798,0.0 -69.96333163651407,41.89277913641911,0.0 -69.96333281743381,41.89278711862338,0.0 -69.96333614837441,41.89279048520668,0.0 -69.96334140233736,41.89278900674174,0.0 -69.9633482212725,41.892782783983264,0.0 -69.96335614047887,41.89277224100175,0.0 -69.96336462027378,41.892758096283785,0.0 -69.96337308277187,41.89274131376845,0.0 -69.96338095126727,41.892723037156536,0.0 -69.96338768953547,41.892704511969065,0.0 -69.96339283837587,41.89268700066722,0.0 -69.96339604690532,41.8926716966175,0.0 -69.96339709646968,41.89265964276577,0.0 -69.96339591554427,41.89265166056216,0.0 -69.96339258460775,41.8926482939806,0.0</coordinates>
                    </LinearRing>
                </outerBoundaryIs>
            </Polygon>
        </Placemark>
        <Placemark id="246">
            <name>PRN:4 elev:15</name>
            <styleUrl>#251</styleUrl>
            <Polygon id="245">
                <altitudeMode>relativeToGround</altitudeMode>
                <outerBoundaryIs>
                    <LinearRing id="249">
                        <coordinates>-69.96336721080426,41.89272394253983,0.0 -69.96336324391538,41.89272439445183,0.0 -69.9633584071856,41.89272738795825,0.0 -69.9633530302294,41.89273271905651,0.0 -69.96334747947685,41.892740024441,0.0 -69.96334213320215,41.892748806261864,0.0 -69.96333735574491,41.89275846605254,0.0 -69.9633334726812,41.8927683455144,0.0 -69.96333074863584,41.89277777137849,0.0 -69.96332936924867,41.89278610128788,0.0 -69.96332942852328,41.89279276757303,0.0 -69.96333092242062,41.892797315937635,0.0 -69.96333374913421,41.89279943641812,0.0 -69.96333771602795,41.89279898450714,0.0 -69.96334255276413,41.89279599100158,0.0 -69.96334792972652,41.8927906599038,0.0 -69.96335348048342,41.8927833545193,0.0 -69.96335882675946,41.892774572697924,0.0 -69.96336360421465,41.892764912906344,0.0 -69.9633674872735,41.89275503344347,0.0 -69.96337021131247,41.892745607578505,0.0 -69.96337159069343,41.89273727766864,0.0 -69.96337153141447,41.892730611383506,0.0 -69.9633700375158,41.892726063019424,0.0 -69.96336721080426,41.89272394253983,0.0</coordinates>
                    </LinearRing>
                </outerBoundaryIs>
            </Polygon>
        </Placemark>
        <Placemark id="255">
            <name>PRN:5 elev:5</name>
            <styleUrl>#260</styleUrl>
            <Polygon id="254">
                <altitudeMode>relativeToGround</altitudeMode>
                <outerBoundaryIs>
                    <LinearRing id="258">
                        <coordinates>-69.96370459071096,41.8924136428405,0.0 -69.96369321984712,41.89241702926981,0.0 -69.96367099981413,41.89243268614876,0.0 -69.96363944485131,41.892459546481234,0.0 -69.96360070535214,41.89249577977336,0.0 -69.96355742132523,41.892538916780325,0.0 -69.96351254248863,41.89258601778306,0.0 -69.96346912725588,41.892633872925956,0.0 -69.96343013431155,41.892679220963394,0.0 -69.96339822097958,41.89271897150725,0.0 -69.9633755621259,41.89275041563027,0.0 -69.96336370193816,41.89277141047322,0.0 -69.96336344868543,41.89278052527564,0.0 -69.96337481963147,41.89277713887887,0.0 -69.96339703985687,41.892761482057004,0.0 -69.9634285950708,41.89273462179089,0.0 -69.96346733481246,41.892698388556624,0.0 -69.96351061900828,41.89265525158348,0.0 -69.96355549789494,41.8926081505815,0.0 -69.9635989130455,41.89256029540606,0.0 -69.9636379057974,41.89251494731153,0.0 -69.96366981887827,41.89247519670132,0.0 -69.96369247748946,41.892443752520464,0.0 -69.96370433750829,41.89242275764367,0.0 -69.96370459071096,41.8924136428405,0.0</coordinates>
                    </LinearRing>
                </outerBoundaryIs>
            </Polygon>
        </Placemark>
        <Placemark id="264">
            <name>PRN:6 elev:5</name>
            <styleUrl>#269</styleUrl>
            <Polygon id="263">
                <altitudeMode>relativeToGround</altitudeMode>
                <outerBoundaryIs>
                    <LinearRing id="267">
                        <coordinates>-69.96369714203298,41.89240985976399,0.0 -69.96368583333131,41.89241335963766,0.0 -69.9636638979575,41.89242923738424,0.0 -69.96363283075189,41.89245641095606,0.0 -69.96359474886836,41.8924930285127,0.0 -69.96355224750039,41.89253659462267,0.0 -69.96350822302936,41.89258414032435,0.0 -69.96346567564544,41.8926324254567,0.0 -69.96342750489073,41.89267815947097,0.0 -69.96339631205825,41.892718225675125,0.0 -69.96337422291282,41.89274989362995,0.0 -69.96336274281713,41.892771005222215,0.0 -69.96336265413734,41.892780121735,0.0 -69.96337396292164,41.89277662189305,0.0 -69.96339589848682,41.89276074420163,0.0 -69.96342696594125,41.89273357069368,0.0 -69.96346504806439,41.892696953192456,0.0 -69.96350754959853,41.892653387114656,0.0 -69.96355157411779,41.892605841413236,0.0 -69.96359412141908,41.89255755624916,0.0 -69.9636322919824,41.892511822179735,0.0 -69.96366348456607,41.89247175591171,0.0 -69.9636855734719,41.89244008790144,0.0 -69.96369705340142,41.89241897627703,0.0 -69.96369714203298,41.89240985976399,0.0</coordinates>
                    </LinearRing>
                </outerBoundaryIs>
            </Polygon>
        </Placemark>
        <Placemark id="273">
            <name>PRN:7 elev:5</name>
            <styleUrl>#278</styleUrl>
            <Polygon id="272">
                <altitudeMode>relativeToGround</altitudeMode>
                <outerBoundaryIs>
                    <LinearRing id="276">
                        <coordinates>-69.9633520984322,41.89232533772499,0.0 -69.9633448971602,41.89233271192115,0.0 -69.96333729219418,41.89235477275531,0.0 -69.96332980179501,41.892390016818005,0.0 -69.96332293641747,41.892436042284736,0.0 -69.9633171639246,41.892489712596095,0.0 -69.96331287770391,41.892547370209286,0.0 -69.96331036985818,41.89260508585342,0.0 -69.96330981129807,41.89265892630285,0.0 -69.96331124009359,41.892705222419956,0.0 -69.96331455887818,41.89274081920078,0.0 -69.96331954148324,41.892763290783385,0.0 -69.96332584835085,41.89277110576639,0.0 -69.96333304967446,41.892763731571414,0.0 -69.96334065469064,41.89274167073755,0.0 -69.96334814512507,41.89270642667414,0.0 -69.96335501051351,41.89266040120593,0.0 -69.96336078298998,41.89260673089265,0.0 -69.96336506917142,41.892549073277685,0.0 -69.96336757696554,41.89249135763236,0.0 -69.96336813547548,41.89243751718265,0.0 -69.9633667066447,41.89239122106625,0.0 -69.96336338784923,41.892355624286935,0.0 -69.96335840526054,41.892333152706215,0.0 -69.9633520984322,41.89232533772499,0.0</coordinates>
                    </LinearRing>
                </outerBoundaryIs>
            </Polygon>
        </Placemark>
        <Placemark id="282">
            <name>PRN:7 elev:10</name>
            <styleUrl>#287</styleUrl>
            <Polygon id="281">
                <altitudeMode>relativeToGround</altitudeMode>
                <outerBoundaryIs>
                    <LinearRing id="285">
                        <coordinates>-69.9633393570769,41.89264118978584,0.0 -69.96333466237931,41.89264348519865,0.0 -69.9633298295554,41.89265066475655,0.0 -69.96332518795312,41.892662239184574,0.0 -69.9633210538893,41.89267741970462,0.0 -69.96331770909346,41.89269517178938,0.0 -69.96331538150832,41.89271428566369,0.0 -69.96331422975587,41.89273345874868,0.0 -69.9633143323272,41.89275138443033,0.0 -69.9633156822333,41.892766841103054,0.0 -69.96331818748095,41.89277877542011,0.0 -69.9633216773418,41.89278637407744,0.0 -69.96332591398715,41.89278911923902,0.0 -69.96333060869576,41.89278682382657,0.0 -69.96333544152989,41.89277964426863,0.0 -69.96334008313885,41.89276806984019,0.0 -69.963344217204,41.89275288931947,0.0 -69.9633475619955,41.892735137233934,0.0 -69.96334988957176,41.89271602335897,0.0 -69.9633510413132,41.89269685027362,0.0 -69.96335093873165,41.892678924592005,0.0 -69.96334958881889,41.89266346791969,0.0 -69.9633470835699,41.89265153360333,0.0 -69.96334359371339,41.89264393494677,0.0 -69.9633393570769,41.89264118978584,0.0</coordinates>
                    </LinearRing>
                </outerBoundaryIs>
            </Polygon>
        </Placemark>
        <Placemark id="291">
            <name>PRN:7 elev:15</name>
            <styleUrl>#296</styleUrl>
            <Polygon id="290">
                <altitudeMode>relativeToGround</altitudeMode>
                <outerBoundaryIs>
                    <LinearRing id="294">
                        <coordinates>-69.96333704055856,41.892719158577385,0.0 -69.96333329833844,41.89272023745052,0.0 -69.96332944404135,41.89272393777483,0.0 -69.96332574033083,41.892730007379335,0.0 -69.96332243960833,41.89273803263051,0.0 -69.96331976681257,41.89274746662084,0.0 -69.96331790409036,41.89275766643951,0.0 -69.96331697838349,41.892767936985756,0.0 -69.96331705277782,41.892777578338865,0.0 -69.96331812220397,41.892785933456544,0.0 -69.96332011378257,41.89279243295131,0.0 -69.96332289179092,41.89279663389329,0.0 -69.96332626691215,41.89279824999519,0.0 -69.96333000913695,41.892797171122275,0.0 -69.96333386343842,41.892793470797955,0.0 -69.96333756715187,41.89278740119319,0.0 -69.963340867875,41.89277937594156,0.0 -69.96334354066899,41.89276994195076,0.0 -69.96334540338746,41.892759742131666,0.0 -69.96334632908965,41.89274947158519,0.0 -69.96334625469092,41.8927398302321,0.0 -69.96334518526187,41.89273147511469,0.0 -69.96334319368262,41.892724975620354,0.0 -69.96334041567606,41.892720774678864,0.0 -69.96333704055856,41.892719158577385,0.0</coordinates>
                    </LinearRing>
                </outerBoundaryIs>
            </Polygon>
        </Placemark>
        <Placemark id="300">
            <name>PRN:8 elev:5</name>
            <styleUrl>#305</styleUrl>
            <Polygon id="299">
                <altitudeMode>relativeToGround</altitudeMode>
                <outerBoundaryIs>
                    <LinearRing id="303">
                        <coordinates>-69.96344464401766,41.89233317462433,0.0 -69.96343614030862,41.89233973542697,0.0 -69.96342450464253,41.89236079974892,0.0 -69.96341052996083,41.8923949320906,0.0 -69.96339516860439,41.89243980638871,0.0 -69.96337946741602,41.892492364533624,0.0 -69.96336449640198,41.89254902477471,0.0 -69.96335127581386,41.89260592581064,0.0 -69.96334070661968,41.892659189930605,0.0 -69.96333350910255,41.892705187273656,0.0 -69.96333017377195,41.89274078319752,0.0 -69.9633309279334,41.89276355189917,0.0 -69.96333572019581,41.89277194172914,0.0 -69.96334422397273,41.892765380933895,0.0 -69.96335585973898,41.89274431662006,0.0 -69.96336983452635,41.89271018428501,0.0 -69.9633851959656,41.892665309990285,0.0 -69.96340089719178,41.89261275184458,0.0 -69.96341586818846,41.89255609159878,0.0 -69.96342908870872,41.89249919055543,0.0 -69.96343965780274,41.89244592642736,0.0 -69.9634468552142,41.89239992907769,0.0 -69.96345019046198,41.89236433315045,0.0 -69.96344943626274,41.892341564449566,0.0 -69.96344464401766,41.89233317462433,0.0</coordinates>
                    </LinearRing>
                </outerBoundaryIs>
            </Polygon>
        </Placemark>
        <Placemark id="309">
            <name>PRN:8 elev:10</name>
            <styleUrl>#314</styleUrl>
            <Polygon id="308">
                <altitudeMode>relativeToGround</altitudeMode>
                <outerBoundaryIs>
                    <LinearRing id="312">
                        <coordinates>-69.96336561883943,41.89264357107051,0.0 -69.96336062081129,41.89264547887846,0.0 -69.96335478253994,41.89265223170726,0.0 -69.9633485018925,41.89266336936267,0.0 -69.96334220688342,41.892678132831875,0.0 -69.96333632650645,41.89269551600886,0.0 -69.96333126149946,41.89271433425894,0.0 -69.96332735703498,41.89273330514959,0.0 -69.96332487919706,41.892751135846105,0.0 -69.96332399684766,41.892766611216075,0.0 -69.96332477011872,41.89277867663865,0.0 -69.96332714631384,41.89278650987517,0.0 -69.96333096349935,41.89278957710343,0.0 -69.96333596153966,41.89278766929678,0.0 -69.96334179982537,41.892780916468936,0.0 -69.96334808048555,41.89276977881388,0.0 -69.96335437550228,41.89275501534436,0.0 -69.96336025587983,41.89273763216644,0.0 -69.96336532088013,41.892718813915096,0.0 -69.96336922533243,41.89269984302315,0.0 -69.963371703156,41.892682012325686,0.0 -69.96337258549266,41.89266653695535,0.0 -69.96337181221394,41.892654471533106,0.0 -69.96336943601824,41.89264663829751,0.0 -69.96336561883943,41.89264357107051,0.0</coordinates>
                    </LinearRing>
                </outerBoundaryIs>
            </Polygon>
        </Placemark>
        <Placemark id="318">
            <name>PRN:8 elev:15</name>
            <styleUrl>#323</styleUrl>
            <Polygon id="317">
                <altitudeMode>relativeToGround</altitudeMode>
                <outerBoundaryIs>
                    <LinearRing id="321">
                        <coordinates>-69.96334639724675,41.892720099673326,0.0 -69.96334256699255,41.89272099105834,0.0 -69.96333839090737,41.8927244925571,0.0 -69.96333415358396,41.892730365548225,0.0 -69.96333014378855,41.8927382097971,0.0 -69.96332663478186,41.89274749073118,0.0 -69.96332386569699,41.89275757587018,0.0 -69.96332202524285,41.8927677779286,0.0 -69.96332123884379,41.89277740165305,0.0 -69.96332156009214,41.89278579120267,0.0 -69.96332296709575,41.89279237484349,0.0 -69.96332536396983,41.89279670391123,0.0 -69.9633285873713,41.89279848338703,0.0 -69.96333241763033,41.89279759200249,0.0 -69.96333659372063,41.892794090503955,0.0 -69.96334083104803,41.892788217512724,0.0 -69.96334484084528,41.89278037326347,0.0 -69.96334834985112,41.89277109232884,0.0 -69.9633511189327,41.892761007189264,0.0 -69.96335295938202,41.89275080513038,0.0 -69.96335374577598,41.89274118140571,0.0 -69.96335342452362,41.892732791856176,0.0 -69.96335201751818,41.892726208215734,0.0 -69.96334962064493,41.89272187914854,0.0 -69.96334639724675,41.892720099673326,0.0</coordinates>
                    </LinearRing>
                </outerBoundaryIs>
            </Polygon>
        </Placemark>
        <Placemark id="327">
            <name>PRN:9 elev:5</name>
            <styleUrl>#332</styleUrl>
            <Polygon id="326">
                <altitudeMode>relativeToGround</altitudeMode>
                <outerBoundaryIs>
                    <LinearRing id="330">
                        <coordinates>-69.96368638409649,41.89240458538698,0.0 -69.96367516773795,41.89240824622246,0.0 -69.96365364587922,41.892424434510104,0.0 -69.96362328518046,41.89245204703959,0.0 -69.96358615464862,41.89248920205665,0.0 -69.9635447846446,41.89253336750308,0.0 -69.9635019944496,41.8925815335737,0.0 -69.96346070014015,41.892630417830425,0.0 -69.96342371586351,41.892676688895044,0.0 -69.96339356205596,41.892717193476166,0.0 -69.96337229367414,41.89274917125956,0.0 -69.96336136014662,41.89277044301734,0.0 -69.96336150659144,41.89277955911734,0.0 -69.96337272303317,41.892775898312365,0.0 -69.96339424508152,41.892759710077186,0.0 -69.96342460602554,41.89273209760803,0.0 -69.96346173679254,41.89269494264302,0.0 -69.96350310695864,41.892650777226386,0.0 -69.96354589719918,41.892602611155354,0.0 -69.96358719142545,41.89255372686809,0.0 -69.96362417551246,41.89250745575103,0.0 -69.96365432907477,41.892466951109576,0.0 -69.96367559722142,41.89243497327414,0.0 -69.96368653058686,41.892413701486554,0.0 -69.96368638409649,41.89240458538698,0.0</coordinates>
                    </LinearRing>
                </outerBoundaryIs>
            </Polygon>
        </Placemark>
        <Placemark id="336">
            <name>PRN:10 elev:5</name>
            <styleUrl>#341</styleUrl>
            <Polygon id="335">
                <altitudeMode>relativeToGround</altitudeMode>
                <outerBoundaryIs>
                    <LinearRing id="339">
                        <coordinates>-69.96321509075482,41.892331325470536,0.0 -69.96321005573432,41.89233963613278,0.0 -69.96320863981013,41.89236238735235,0.0 -69.96321093947807,41.892398028671344,0.0 -69.96321679802675,41.8924441311926,0.0 -69.96322581621527,41.89249755310495,0.0 -69.96323737947826,41.89255465379271,0.0 -69.963250699805,41.89261154193773,0.0 -69.96326486943931,41.89266434070652,0.0 -69.96327892274113,41.89270945195008,0.0 -69.96329190199394,41.89274380141193,0.0 -69.96330292267363,41.89276504823353,0.0 -69.96331123372983,41.89277174447975,0.0 -69.96331626877121,41.89276343381309,0.0 -69.96331768466597,41.892740682592205,0.0 -69.96331538492612,41.89270504127533,0.0 -69.96330952628234,41.8926589387591,0.0 -69.96330050800103,41.89260551685329,0.0 -69.9632889446724,41.89254841617188,0.0 -69.96327562432477,41.892491528031265,0.0 -69.96326145471988,41.89243872926381,0.0 -69.96324740148998,41.89239361801811,0.0 -69.96323442233225,41.89235926855124,0.0 -69.96322340174535,41.892338021723084,0.0 -69.96321509075482,41.892331325470536,0.0</coordinates>
                    </LinearRing>
                </outerBoundaryIs>
            </Polygon>
        </Placemark>
        <Placemark id="345">
            <name>PRN:10 elev:10</name>
            <styleUrl>#350</styleUrl>
            <Polygon id="344">
                <altitudeMode>relativeToGround</altitudeMode>
                <outerBoundaryIs>
                    <LinearRing id="348">
                        <coordinates>-69.96328507395181,41.892642922245564,0.0 -69.96328116849976,41.892645927263324,0.0 -69.96327856514094,41.8926537203864,0.0 -69.9632774412899,41.89266577052641,0.0 -69.96327787353589,41.8926812564863,0.0 -69.9632798324232,41.89269912292344,0.0 -69.96328318445825,41.89271815226964,0.0 -69.9632877012066,41.892737047706234,0.0 -69.96329307486,41.892754521540375,0.0 -69.96329893921293,41.89276938295904,0.0 -69.96330489461877,41.89278061918106,0.0 -69.96331053522532,41.89278746447649,0.0 -69.96331547663318,41.89278945234983,0.0 -69.9633193820924,41.8927864473309,0.0 -69.96332198545164,41.89277865420691,0.0 -69.96332310929625,41.89276660406646,0.0 -69.96332267703872,41.892751118106744,0.0 -69.96332071813784,41.89273325167032,0.0 -69.96331736609082,41.89271422232524,0.0 -69.96331284933531,41.892695326889786,0.0 -69.96330747568148,41.892677853056576,0.0 -69.96330161133496,41.89266299163834,0.0 -69.96329565594066,41.89265175541615,0.0 -69.9632900153477,41.89264491011999,0.0 -69.96328507395181,41.892642922245564,0.0</coordinates>
                    </LinearRing>
                </outerBoundaryIs>
            </Polygon>
        </Placemark>
        <Placemark id="354">
            <name>PRN:10 elev:15</name>
            <styleUrl>#359</styleUrl>
            <Polygon id="353">
                <altitudeMode>relativeToGround</altitudeMode>
                <outerBoundaryIs>
                    <LinearRing id="357">
                        <coordinates>-69.96330206628164,41.89271974256766,0.0 -69.96329879190718,41.89272146970042,0.0 -69.96329626974486,41.89272575914258,0.0 -69.96329467167577,41.89273231857582,0.0 -69.96329410660582,41.89274070098563,0.0 -69.96329461304394,41.892750335124646,0.0 -69.96329615647772,41.89276056444221,0.0 -69.96329863172517,41.8927706918272,0.0 -69.96330187010261,41.892780027115,0.0 -69.96330565092008,41.892787934121124,0.0 -69.96330971652097,41.89279387399613,0.0 -69.96331378984095,41.89279744194736,0.0 -69.96331759328949,41.8927983948248,0.0 -69.96332086766739,41.89279666769152,0.0 -69.96332338983085,41.89279237824881,0.0 -69.9633249878985,41.89278581881518,0.0 -69.9633255529648,41.89277743640521,0.0 -69.96332504652179,41.892767802266334,0.0 -69.96332350308322,41.89275757294915,0.0 -69.96332102783232,41.8927474455647,0.0 -69.96331778945374,41.89273811027744,0.0 -69.96331400863772,41.89273020327172,0.0 -69.96330994304047,41.89272426339686,0.0 -69.96330586972537,41.8927206954455,0.0 -69.96330206628164,41.89271974256766,0.0</coordinates>
                    </LinearRing>
                </outerBoundaryIs>
            </Polygon>
        </Placemark>
        <Placemark id="363">
            <name>PRN:13 elev:5</name>
            <styleUrl>#368</styleUrl>
            <Polygon id="362">
                <altitudeMode>relativeToGround</altitudeMode>
                <outerBoundaryIs>
                    <LinearRing id="366">
                        <coordinates>-69.96327310570993,41.89232622552902,0.0 -69.96326711869477,41.892334178681466,0.0 -69.96326304971835,41.8923567519933,0.0 -69.96326117607421,41.89239240713076,0.0 -69.96326162545081,41.89243871425531,0.0 -69.96326436722894,41.89249251761288,0.0 -69.96326921456713,41.89255015059342,0.0 -69.96327583713281,41.89260768560432,0.0 -69.96328378361255,41.8926612017294,0.0 -69.96329251246735,41.892707051932966,0.0 -69.9633014288375,41.8927421115993,0.0 -69.963309925082,41.89276399147011,0.0 -69.96331742218972,41.89277120046852,0.0 -69.96332340923958,41.89276324731344,0.0 -69.96332747822056,41.892740673999505,0.0 -69.9633293518379,41.89270501886096,0.0 -69.96332890241034,41.89265871173668,0.0 -69.9633261605707,41.89260490838064,0.0 -69.96332131317698,41.892547275402485,0.0 -69.9633146905766,41.892489740394204,0.0 -69.96330674409229,41.89243622427126,0.0 -69.9632980152643,41.89239037406877,0.0 -69.96328909894513,41.89235531440217,0.0 -69.96328060276211,41.8923334345298,0.0 -69.96327310570993,41.89232622552902,0.0</coordinates>
                    </LinearRing>
                </outerBoundaryIs>
            </Polygon>
        </Placemark>
        <Placemark id="372">
            <name>PRN:13 elev:10</name>
            <styleUrl>#377</styleUrl>
            <Polygon id="371">
                <altitudeMode>relativeToGround</altitudeMode>
                <outerBoundaryIs>
                    <LinearRing id="375">
                        <coordinates>-69.96329573990552,41.89264187273676,0.0 -69.96329166208636,41.89264474808416,0.0 -69.96328860455361,41.892652449258726,0.0 -69.96328677567283,41.89266445143823,0.0 -69.96328630007962,41.89267993669403,0.0 -69.96328721018575,41.89269784973155,0.0 -69.96328944397023,41.89271696980687,0.0 -69.96329284920544,41.89273599391836,0.0 -69.96329719383105,41.89275362560417,0.0 -69.96330218176827,41.89276866329399,0.0 -69.96330747309702,41.89278008219403,0.0 -69.96331270722106,41.89278710412509,0.0 -69.96331752744233,41.89278925055425,0.0 -69.96332160526956,41.89278637520593,0.0 -69.96332466280474,41.89277867403049,0.0 -69.96332649168166,41.89276667185038,0.0 -69.96332696726577,41.89275118659441,0.0 -69.96332605714773,41.89273327355721,0.0 -69.96332382335173,41.892714153482615,0.0 -69.96332041810845,41.892695129372036,0.0 -69.9633160734804,41.89267749768709,0.0 -69.96331108554703,41.89266245999787,0.0 -69.9633057942274,41.89265104109801,0.0 -69.96330056011526,41.89264401916662,0.0 -69.96329573990552,41.89264187273676,0.0</coordinates>
                    </LinearRing>
                </outerBoundaryIs>
            </Polygon>
        </Placemark>
        <Placemark id="381">
            <name>PRN:13 elev:15</name>
            <styleUrl>#386</styleUrl>
            <Polygon id="380">
                <altitudeMode>relativeToGround</altitudeMode>
                <outerBoundaryIs>
                    <LinearRing id="384">
                        <coordinates>-69.96330405460844,41.89271953573835,0.0 -69.96330074776158,41.89272122824133,0.0 -69.96329814439142,41.89272549071342,0.0 -69.9632964219132,41.892732032674246,0.0 -69.96329569771108,41.892740408300014,0.0 -69.96329602113858,41.89275004680572,0.0 -69.9632973701551,41.89276029134309,0.0 -69.96329965282793,41.892770443763816,0.0 -69.96330271359697,41.89277981219714,0.0 -69.96330634387607,41.89278775819975,0.0 -69.96331029626754,41.8927937402647,0.0 -69.9633143014221,41.892797350724116,0.0 -69.96331808639464,41.892798343531126,0.0 -69.96332139324502,41.89279665102765,0.0 -69.96332399661654,41.89279238855502,0.0 -69.96332571909356,41.89278584659379,0.0 -69.96332644329226,41.89277747096782,0.0 -69.96332611986004,41.892767832462226,0.0 -69.96332477083872,41.892757587925196,0.0 -69.96332248816239,41.89274743550496,0.0 -69.96331942739198,41.892738067072166,0.0 -69.96331579711409,41.892730121069945,0.0 -69.96331184472604,41.892724139005196,0.0 -69.9633078395762,41.892720528545716,0.0 -69.96330405460844,41.89271953573835,0.0</coordinates>
                    </LinearRing>
                </outerBoundaryIs>
            </Polygon>
        </Placemark>
        <Placemark id="390">
            <name>PRN:14 elev:5</name>
            <styleUrl>#395</styleUrl>
            <Polygon id="389">
                <altitudeMode>relativeToGround</altitudeMode>
                <outerBoundaryIs>
                    <LinearRing id="393">
                        <coordinates>-69.96318664858804,41.89233523613091,0.0 -69.96318209937822,41.89234370059883,0.0 -69.96318200191727,41.89236647610488,0.0 -69.96318636285162,41.89240201053596,0.0 -69.9631948850001,41.89244788227885,0.0 -69.96320698760398,41.89250096524924,0.0 -69.96322184590154,41.89255764192943,0.0 -69.96323844733132,41.89261404989649,0.0 -69.96325566053468,41.89266634504018,0.0 -69.96327231245571,41.892710963532885,0.0 -69.96328726828412,41.89274486469852,0.0 -69.96329950879337,41.89276573822951,0.0 -69.96330819980224,41.89277216163022,0.0 -69.96331274902586,41.892763697157314,0.0 -69.96331284644079,41.89274092165116,0.0 -69.96330848541295,41.892705387224865,0.0 -69.96329996314851,41.89265951549038,0.0 -69.96328786043732,41.89260643252976,0.0 -69.96327300206984,41.892549755858084,0.0 -69.96325640062626,41.89249334789599,0.0 -69.9632391874689,41.89244105275241,0.0 -69.96322253564139,41.89239643425492,0.0 -69.96320757992892,41.89236253308089,0.0 -69.96319533952698,41.892341659540115,0.0 -69.96318664858804,41.89233523613091,0.0</coordinates>
                    </LinearRing>
                </outerBoundaryIs>
            </Polygon>
        </Placemark>
        <Placemark id="399">
            <name>PRN:14 elev:10</name>
            <styleUrl>#404</styleUrl>
            <Polygon id="398">
                <altitudeMode>relativeToGround</altitudeMode>
                <outerBoundaryIs>
                    <LinearRing id="402">
                        <coordinates>-69.96327456406416,41.892644304557294,0.0 -69.9632708369464,41.89264743255695,0.0 -69.96326868902675,41.89265530223632,0.0 -69.9632682666825,41.892667377289825,0.0 -69.96326959869664,41.89268283482259,0.0 -69.96327259429597,41.8927006214292,0.0 -69.96327704933687,41.8927195249817,0.0 -69.96328266021689,41.89273825723407,0.0 -69.96328904456445,41.892755541614164,0.0 -69.96329576729667,41.89277020021992,0.0 -69.96330237026956,41.89278123409157,0.0 -69.96330840350004,41.89278789128905,0.0 -69.96331345583191,41.8927897181355,0.0 -69.96331718295588,41.89278659013444,0.0 -69.96331933087399,41.89277872045419,0.0 -69.9633197532093,41.89276664540047,0.0 -69.9633184211813,41.8927511878683,0.0 -69.96331542556683,41.89273340126289,0.0 -69.9633109705136,41.89271449771187,0.0 -69.96330535962737,41.892695765460864,0.0 -69.96329897528136,41.89267848108169,0.0 -69.96329225255806,41.892663822476116,0.0 -69.96328564959906,41.89265278860389,0.0 -69.96327961638372,41.89264613140519,0.0 -69.96327456406416,41.892644304557294,0.0</coordinates>
                    </LinearRing>
                </outerBoundaryIs>
            </Polygon>
        </Placemark>
        <Placemark id="408">
            <name>PRN:14 elev:15</name>
            <styleUrl>#413</styleUrl>
            <Polygon id="407">
                <altitudeMode>relativeToGround</altitudeMode>
                <outerBoundaryIs>
                    <LinearRing id="411">
                        <coordinates>-69.96329527597598,41.89272061111892,0.0 -69.96329211798607,41.89272245443708,0.0 -69.96328987826998,41.892726829891274,0.0 -69.96328870946063,41.89273343930161,0.0 -69.96328869121065,41.8927418322477,0.0 -69.96328982476422,41.892751436764165,0.0 -69.96329203287205,41.892761598319034,0.0 -69.96329516505574,41.892771624419076,0.0 -69.96329900786246,41.89278083180208,0.0 -69.96330329941131,41.892788593000056,0.0 -69.96330774724011,41.89279437910015,0.0 -69.96331204823625,41.89279779578922,0.0 -69.96331590929337,41.89279861022557,0.0 -69.96331906728636,41.892796766906756,0.0 -69.96332130700291,41.892792391451984,0.0 -69.96332247580997,41.892785782041315,0.0 -69.96332249405552,41.892777389095215,0.0 -69.96332136049658,41.89276778457908,0.0 -69.96331915238386,41.89275762302477,0.0 -69.96331602019708,41.89274759692538,0.0 -69.96331217738992,41.89273838954294,0.0 -69.96330788584336,41.892730628345284,0.0 -69.96330343801898,41.8927248422452,0.0 -69.96329913702823,41.89272142555581,0.0 -69.96329527597598,41.89272061111892,0.0</coordinates>
                    </LinearRing>
                </outerBoundaryIs>
            </Polygon>
        </Placemark>
        <Placemark id="417">
            <name>PRN:15 elev:5</name>
            <styleUrl>#422</styleUrl>
            <Polygon id="416">
                <altitudeMode>relativeToGround</altitudeMode>
                <outerBoundaryIs>
                    <LinearRing id="420">
                        <coordinates>-69.96352693580009,41.892348555781226,0.0 -69.96351738782474,41.89235426527599,0.0 -69.96350227415294,41.8923740681133,0.0 -69.96348262474255,41.892406614760574,0.0 -69.96345977865217,41.89244968721569,0.0 -69.96343529279078,41.89250035016058,0.0 -69.96341083582094,41.89255515099877,0.0 -69.96338807444432,41.89261035514424,0.0 -69.96336855981896,41.892662200527155,0.0 -69.9633536218482,41.89270715397226,0.0 -69.96334427854634,41.89274215197852,0.0 -69.96334116665827,41.89276480949102,0.0 -69.96334449826243,41.89277358243826,0.0 -69.96335404631591,41.89276787295781,0.0 -69.96336916012685,41.892748070139945,0.0 -69.96338880970009,41.89271552351201,0.0 -69.96341165593343,41.89267245107097,0.0 -69.96343614187953,41.8926217881311,0.0 -69.96346059885317,41.892566987287545,0.0 -69.96348336015166,41.892511783127745,0.0 -69.96350287463788,41.892459937725405,0.0 -69.96351781244579,41.892414984260945,0.0 -69.9635271556047,41.89237998624063,0.0 -69.96353026740806,41.892357328723094,0.0 -69.96352693580009,41.892348555781226,0.0</coordinates>
                    </LinearRing>
                </outerBoundaryIs>
            </Polygon>
        </Placemark>
        <Placemark id="426">
            <name>PRN:15 elev:10</name>
            <styleUrl>#431</styleUrl>
            <Polygon id="425">
                <altitudeMode>relativeToGround</altitudeMode>
                <outerBoundaryIs>
                    <LinearRing id="429">
                        <coordinates>-69.96339735780937,41.89264938299977,0.0 -69.96339206472793,41.89265078198775,0.0 -69.96338507797599,41.892656900713106,0.0 -69.9633768736873,41.892667322194576,0.0 -69.96336801096864,41.89268133622521,0.0 -69.96335909379815,41.89269798777191,0.0 -69.96335072986561,41.89271614205932,0.0 -69.96334348915954,41.89273456190297,0.0 -69.9633378651234,41.892751992021175,0.0 -69.9633342410278,41.892767244580455,0.0 -69.96333286385078,41.89277928014429,0.0 -69.9633338274462,41.89278727850899,0.0 -69.96333706614729,41.89279069459915,0.0 -69.96334235924154,41.89278929561369,0.0 -69.96334934601205,41.89278317689091,0.0 -69.96335755032011,41.892772755411414,0.0 -69.96336641305375,41.89275874138158,0.0 -69.96337533023082,41.892742089834314,0.0 -69.96338369415976,41.89272393554511,0.0 -69.96339093485302,41.89270551569895,0.0 -69.9633965588706,41.89268808557815,0.0 -69.96340018294683,41.89267283301691,0.0 -69.96340156010886,41.892660797452265,0.0 -69.96340059650686,41.89265279908814,0.0 -69.96339735780937,41.89264938299977,0.0</coordinates>
                    </LinearRing>
                </outerBoundaryIs>
            </Polygon>
        </Placemark>
        <Placemark id="435">
            <name>PRN:15 elev:15</name>
            <styleUrl>#440</styleUrl>
            <Polygon id="434">
                <altitudeMode>relativeToGround</altitudeMode>
                <outerBoundaryIs>
                    <LinearRing id="438">
                        <coordinates>-69.96336603223207,41.89272365731091,0.0 -69.963362070792,41.89272413497458,0.0 -69.96335726933913,41.89272715978638,0.0 -69.9633519550839,41.89273252561029,0.0 -69.96334649018341,41.89273986677425,0.0 -69.96334124706121,41.89274868299008,0.0 -69.96333658302726,41.892758373447286,0.0 -69.96333281592798,41.892768277757284,0.0 -69.96333020248547,41.89277772095785,0.0 -69.96332892080211,41.89278605951055,0.0 -69.96332905822317,41.89279272515682,0.0 -69.96333060538399,41.8927972636439,0.0 -69.96333345684828,41.89279936568133,0.0 -69.96333741829324,41.89279888801865,0.0 -69.96334221975245,41.892795863207674,0.0 -69.96334753401375,41.892790497384205,0.0 -69.96335299891844,41.8927831562202,0.0 -69.96335824204186,41.89277434000384,0.0 -69.9633629060737,41.89276464954577,0.0 -69.96336667316808,41.89275474523477,0.0 -69.96336928660428,41.89274530203338,0.0 -69.96337056828153,41.892736963480246,0.0 -69.96337043085627,41.89273029783401,0.0 -69.96336888369424,41.892725759347464,0.0 -69.96336603223207,41.89272365731091,0.0</coordinates>
                    </LinearRing>
                </outerBoundaryIs>
            </Polygon>
        </Placemark>
        <Placemark id="444">
            <name>PRN:16 elev:5</name>
            <styleUrl>#449</styleUrl>
            <Polygon id="443">
                <altitudeMode>relativeToGround</altitudeMode>
                <outerBoundaryIs>
                    <LinearRing id="447">
                        <coordinates>-69.96358175555632,41.892363582156555,0.0 -69.96357157662666,41.89236865179118,0.0 -69.96355420632294,41.89238740098118,0.0 -69.96353082838658,41.892418551997295,0.0 -69.96350303596567,41.89245998194618,0.0 -69.96347272304989,41.892508867442835,0.0 -69.96344195540293,41.8925618770203,0.0 -69.96341282978727,41.89261539816392,0.0 -69.96338733107372,41.89266578349819,0.0 -69.96336719697354,41.892709599348734,0.0 -69.963353799612,41.89274385974084,0.0 -69.96334805201505,41.892766229887876,0.0 -69.96335034588333,41.89277518530245,0.0 -69.96336052489534,41.89277011568735,0.0 -69.96337789535998,41.892751366526554,0.0 -69.96340127349275,41.892720215541445,0.0 -69.96342906609289,41.8926787856171,0.0 -69.96345937912272,41.89262990013192,0.0 -69.96349014678799,41.89257689054982,0.0 -69.96351927232129,41.89252336938665,0.0 -69.96354477087392,41.89247298402321,0.0 -69.96356490477771,41.892429168141646,0.0 -69.96357830196001,41.89239490772499,0.0 -69.96358404944291,41.89237253756646,0.0 -69.96358175555632,41.892363582156555,0.0</coordinates>
                    </LinearRing>
                </outerBoundaryIs>
            </Polygon>
        </Placemark>
        <Placemark id="453">
            <name>PRN:16 elev:10</name>
            <styleUrl>#458</styleUrl>
            <Polygon id="452">
                <altitudeMode>relativeToGround</altitudeMode>
                <outerBoundaryIs>
                    <LinearRing id="456">
                        <coordinates>-69.96341997532484,41.892655652750754,0.0 -69.96341452387568,41.892656659862986,0.0 -69.96340676705863,41.892662240859224,0.0 -69.96339723348585,41.892672015403384,0.0 -69.96338657285226,41.892685317376085,0.0 -69.96337551166042,41.89270124026967,0.0 -69.9633648037112,41.89271869896525,0.0 -69.96335517873379,41.892736503681746,0.0 -69.96334729265574,41.892753441057515,0.0 -69.96334168290231,41.8927683568388,0.0 -69.96333873177129,41.89278023454009,0.0 -69.96333864037935,41.8927882647159,0.0 -69.96334141495575,41.892791900122994,0.0 -69.9633468664176,41.892790893014215,0.0 -69.96335462325551,41.89278531202202,0.0 -69.96336415685171,41.892775537481384,0.0 -69.96337481750504,41.892762235510745,0.0 -69.96338587870763,41.892746312617234,0.0 -69.96339658665569,41.89272885391971,0.0 -69.96340621162042,41.89271104919974,0.0 -69.96341409767761,41.89269411181994,0.0 -69.96341970740761,41.89267919603513,0.0 -69.9634226585189,41.892667318331775,0.0 -69.96342274990012,41.89265928815589,0.0 -69.96341997532484,41.892655652750754,0.0</coordinates>
                    </LinearRing>
                </outerBoundaryIs>
            </Polygon>
        </Placemark>
        <Placemark id="462">
            <name>PRN:16 elev:15</name>
            <styleUrl>#467</styleUrl>
            <Polygon id="461">
                <altitudeMode>relativeToGround</altitudeMode>
                <outerBoundaryIs>
                    <LinearRing id="465">
                        <coordinates>-69.96338033994829,41.892727713730594,0.0 -69.96337633245125,41.8927278711649,0.0 -69.96337112146277,41.89273049362974,0.0 -69.9633650621024,41.892735402408334,0.0 -69.96335856730482,41.8927422629754,0.0 -69.96335207967917,41.892750607794646,0.0 -69.96334604134613,41.892759868180434,0.0 -69.96334086380824,41.89276941305288,0.0 -69.96333689990661,41.89277859194484,0.0 -69.9633344197753,41.892786779330144,0.0 -69.96333359243185,41.892793417252086,0.0 -69.96333447425897,41.89279805334733,0.0 -69.96333700516186,41.892800371673566,0.0 -69.96334101266355,41.89280021424062,0.0 -69.96334622365895,41.89279759177714,0.0 -69.96335228302667,41.89279268299955,0.0 -69.96335877783004,41.89278582243281,0.0 -69.9633652654584,41.89277747761321,0.0 -69.96337130379032,41.89276821722641,0.0 -69.96337648132356,41.8927586723526,0.0 -69.96338044521826,41.89274949345926,0.0 -69.96338292534223,41.892741306072985,0.0 -69.96338375267987,41.89273466815068,0.0 -69.96338287085005,41.89273003205582,0.0 -69.96338033994829,41.892727713730594,0.0</coordinates>
                    </LinearRing>
                </outerBoundaryIs>
            </Polygon>
        </Placemark>
        <Placemark id="471">
            <name>PRN:18 elev:5</name>
            <styleUrl>#476</styleUrl>
            <Polygon id="470">
                <altitudeMode>relativeToGround</altitudeMode>
                <outerBoundaryIs>
                    <LinearRing id="474">
                        <coordinates>-69.96337897637302,41.8923266175461,0.0 -69.96337138335107,41.89233377067148,0.0 -69.96336259518682,41.89235558654349,0.0 -69.96335321077264,41.89239057844627,0.0 -69.96334386963521,41.892436361739435,0.0 -69.96333520835445,41.892489816367274,0.0 -69.96332781718236,41.89254729948547,0.0 -69.96332219981844,41.8926048937148,0.0 -69.96331873908242,41.892658674103984,0.0 -69.96331767082427,41.89270497560858,0.0 -69.9633190678496,41.89274064285764,0.0 -69.96332283495666,41.89276324518699,0.0 -69.96332871542324,41.89277124228502,0.0 -69.96333630850197,41.89276408916244,0.0 -69.9633450967314,41.89274227329244,0.0 -69.9633544812017,41.89270728139032,0.0 -69.96336382237114,41.8926614980963,0.0 -69.96337248365124,41.89260804346631,0.0 -69.96337987479016,41.89255056034525,0.0 -69.9633854920973,41.89249296611312,0.0 -69.96338895276813,41.892439185721926,0.0 -69.96339002097017,41.892392884216655,0.0 -69.96338862391282,41.89235721696846,0.0 -69.96338485680644,41.89233461464126,0.0 -69.96337897637302,41.8923266175461,0.0</coordinates>
                    </LinearRing>
                </outerBoundaryIs>
            </Polygon>
        </Placemark>
        <Placemark id="480">
            <name>PRN:18 elev:10</name>
            <styleUrl>#485</styleUrl>
            <Polygon id="479">
                <altitudeMode>relativeToGround</altitudeMode>
                <outerBoundaryIs>
                    <LinearRing id="483">
                        <coordinates>-69.96334891772119,41.89264181055626,0.0 -69.96334410659382,41.89264396824798,0.0 -69.96333890214216,41.89265100238512,0.0 -69.96333365903982,41.89266243360282,0.0 -69.96332873459465,41.89267748288252,0.0 -69.96332446439911,41.89269512464073,0.0 -69.96332113946022,41.89271415662087,0.0 -69.96331898636787,41.89273328182503,0.0 -69.9633181518529,41.892751196902225,0.0 -69.96331869278731,41.892766680969586,0.0 -69.96332057230819,41.89277867881349,0.0 -69.96332366232969,41.892786372800614,0.0 -69.96332775227167,41.89278923859842,0.0 -69.96333256341053,41.89278708090737,0.0 -69.96333776787398,41.89278004677052,0.0 -69.96334301098524,41.892768615552626,0.0 -69.96334793543406,41.89275356627231,0.0 -69.96335220562703,41.89273592451323,0.0 -69.9633555305578,41.892716892532206,0.0 -69.96335768363866,41.89269776732736,0.0 -69.96335851814185,41.89267985224987,0.0 -69.96335797719851,41.8926643681827,0.0 -69.96335609767397,41.89265237033942,0.0 -69.96335300765504,41.89264467635315,0.0 -69.96334891772119,41.89264181055626,0.0</coordinates>
                    </LinearRing>
                </outerBoundaryIs>
            </Polygon>
        </Placemark>
        <Placemark id="489">
            <name>PRN:18 elev:15</name>
            <styleUrl>#494</styleUrl>
            <Polygon id="488">
                <altitudeMode>relativeToGround</altitudeMode>
                <outerBoundaryIs>
                    <LinearRing id="492">
                        <coordinates>-69.96334230647547,41.89271963016374,0.0 -69.96333851274554,41.89272060426295,0.0 -69.96333447551643,41.89272419486968,0.0 -69.96333046991815,41.89273015729,0.0 -69.96332676892524,41.892738085194864,0.0 -69.96332362475414,41.89274743831066,0.0 -69.96332125167503,41.892757579238065,0.0 -69.96331981140968,41.8927678168897,0.0 -69.96331940211026,41.892777453586554,0.0 -69.96332005167034,41.892785832603664,0.0 -69.96332171582382,41.89279238292486,0.0 -69.96332428116153,41.89279665815653,0.0 -69.96332757285981,41.892798366948625,0.0 -69.96333136659453,41.89279739284977,0.0 -69.96333540382844,41.89279380224315,0.0 -69.96333940943026,41.892787839822645,0.0 -69.96334311042447,41.89277991191739,0.0 -69.96334625459431,41.89277055880107,0.0 -69.96334862766994,41.89276041787314,0.0 -69.96335006793052,41.892750180221135,0.0 -69.96335047722513,41.892740543524184,0.0 -69.96334982766152,41.892732164507244,0.0 -69.96334816350672,41.89272561418646,0.0 -69.96334559817026,41.892721338955326,0.0 -69.96334230647547,41.89271963016374,0.0</coordinates>
                    </LinearRing>
                </outerBoundaryIs>
            </Polygon>
        </Placemark>
        <Placemark id="498">
            <name>PRN:20 elev:5</name>
            <styleUrl>#503</styleUrl>
            <Polygon id="497">
                <altitudeMode>relativeToGround</altitudeMode>
                <outerBoundaryIs>
                    <LinearRing id="501">
                        <coordinates>-69.96361337210102,41.892374154344225,0.0 -69.96360285507386,41.89237882594067,0.0 -69.96358420732678,41.89239688240792,0.0 -69.96355869965579,41.892427093224015,0.0 -69.96352807034519,41.89246739956791,0.0 -69.96349440671209,41.892515054625676,0.0 -69.96346000286445,41.89256681078227,0.0 -69.96342720336497,41.89261914094151,0.0 -69.96339824345371,41.89266847889185,0.0 -69.9633750967179,41.892711462337004,0.0 -69.96335934059067,41.892745162030124,0.0 -69.96335204884585,41.892767281396004,0.0 -69.96335371841677,41.892776313038034,0.0 -69.96336423552762,41.89277164146432,0.0 -69.96338288344629,41.892753585032665,0.0 -69.96340839133082,41.89272337425546,0.0 -69.96343902083967,41.89268306794338,0.0 -69.96347268460265,41.892635412901775,0.0 -69.96350708847697,41.8925836567414,0.0 -69.96353988789278,41.89253132655942,0.0 -69.96356884763244,41.89248198857352,0.0 -69.96359199415471,41.89243900508945,0.0 -69.96360775008368,41.89240530536451,0.0 -69.96361504169863,41.89238318598246,0.0 -69.96361337210102,41.892374154344225,0.0</coordinates>
                    </LinearRing>
                </outerBoundaryIs>
            </Polygon>
        </Placemark>
        <Placemark id="507">
            <name>PRN:20 elev:10</name>
            <styleUrl>#512</styleUrl>
            <Polygon id="506">
                <altitudeMode>relativeToGround</altitudeMode>
                <outerBoundaryIs>
                    <LinearRing id="510">
                        <coordinates>-69.963432781053,41.892660071532624,0.0 -69.96342726112569,41.892660844812546,0.0 -69.96341908805181,41.892666086295954,0.0 -69.96340881881063,41.8926754387839,0.0 -69.96339715323147,41.89268826491934,0.0 -69.96338488630202,41.89270369062203,0.0 -69.96337285399198,41.892720664655776,0.0 -69.96336187628336,41.89273803026844,0.0 -69.96335270129008,41.89275460402259,0.0 -69.96334595427496,41.892769256444794,0.0 -69.96334209503847,41.89278098899712,0.0 -69.96334138658341,41.89278900212583,0.0 -69.96334387719112,41.8927927497495,0.0 -69.96334939713084,41.89279197647356,0.0 -69.96335757022656,41.892786734995106,0.0 -69.96336783949313,41.89277738251173,0.0 -69.96337950509445,41.892764556379255,0.0 -69.96339177203689,41.89274913067713,0.0 -69.96340380434727,41.892732156641415,0.0 -69.96341478204349,41.89271479102476,0.0 -69.96342395701494,41.89269821726566,0.0 -69.96343070400465,41.8926835648389,0.0 -69.96343456321898,41.8926718322836,0.0 -69.96343527166106,41.89266381915431,0.0 -69.963432781053,41.892660071532624,0.0</coordinates>
                    </LinearRing>
                </outerBoundaryIs>
            </Polygon>
        </Placemark>
        <Placemark id="516">
            <name>PRN:20 elev:15</name>
            <styleUrl>#521</styleUrl>
            <Polygon id="515">
                <altitudeMode>relativeToGround</altitudeMode>
                <outerBoundaryIs>
                    <LinearRing id="519">
                        <coordinates>-69.96338784815568,41.892730393964165,0.0 -69.96338383515193,41.892730376286366,0.0 -69.96337842664357,41.89273276689506,0.0 -69.96337199121078,41.892737402874026,0.0 -69.96336496741688,41.892743968288826,0.0 -69.96335783392115,41.89275201571725,0.0 -69.96335107685921,41.892760996740364,0.0 -69.96334515671371,41.892770299316375,0.0 -69.96334047693324,41.89277928949027,0.0 -69.96333735643779,41.892787354596734,0.0 -69.96333600788476,41.89279394501219,0.0 -69.9633365231765,41.892798611610814,0.0 -69.96333886719702,41.892801036371566,0.0 -69.96334288020519,41.89280105405093,0.0 -69.96334828872067,41.892798663443905,0.0 -69.96335472416135,41.89279402746626,0.0 -69.96336174796181,41.89278746205208,0.0 -69.963368881461,41.89277941462342,0.0 -69.96337563852238,41.89277043359926,0.0 -69.96338155866346,41.89276113102168,0.0 -69.96338623843683,41.89275214084611,0.0 -69.96338935892437,41.892744075738335,0.0 -69.96339070747084,41.89273748532225,0.0 -69.96339019217565,41.89273281872387,0.0 -69.96338784815568,41.892730393964165,0.0</coordinates>
                    </LinearRing>
                </outerBoundaryIs>
            </Polygon>
        </Placemark>
        <Placemark id="525">
            <name>PRN:21 elev:5</name>
            <styleUrl>#530</styleUrl>
            <Polygon id="524">
                <altitudeMode>relativeToGround</altitudeMode>
                <outerBoundaryIs>
                    <LinearRing id="528">
                        <coordinates>-69.96316311872489,41.89233919305955,0.0 -69.96315898118857,41.89234777378526,0.0 -69.96315998357908,41.89237053718033,0.0 -69.96316605759111,41.89240593195683,0.0 -69.96317678930187,41.89245154601853,0.0 -69.96319144737626,41.892504270841314,0.0 -69.9632090329026,41.89256051331435,0.0 -69.96322834746364,41.89261644060503,0.0 -69.96324807480474,41.89266824136039,0.0 -69.96326687053427,41.892712385444675,0.0 -69.9632834537432,41.89274586451223,0.0 -69.96329669430003,41.89276639702113,0.0 -69.9633056898708,41.892772583716095,0.0 -69.96330982741492,41.892764002985125,0.0 -69.96330882496484,41.892741239591366,0.0 -69.9633027508418,41.89270584482239,0.0 -69.96329201899837,41.89266023077242,0.0 -69.96327736080517,41.892607505962424,0.0 -69.96325977520573,41.892551263499804,0.0 -69.96324046063687,41.89249533621439,0.0 -69.96322073335534,41.89244353545774,0.0 -69.96320193773683,41.89239939136593,0.0 -69.96318535466057,41.89236591228663,0.0 -69.96317211422256,41.89234537976493,0.0 -69.96316311872489,41.89233919305955,0.0</coordinates>
                    </LinearRing>
                </outerBoundaryIs>
            </Polygon>
        </Placemark>
        <Placemark id="534">
            <name>PRN:21 elev:10</name>
            <styleUrl>#539</styleUrl>
            <Polygon id="533">
                <altitudeMode>relativeToGround</altitudeMode>
                <outerBoundaryIs>
                    <LinearRing id="537">
                        <coordinates>-69.9632555304766,41.892647715270485,0.0 -69.96325214844889,41.892651053506604,0.0 -69.96325084595333,41.892659025223985,0.0 -69.96325171175336,41.89267108716333,0.0 -69.96325468684748,41.89268641732337,0.0 -69.96325956848972,41.89270397097885,0.0 -69.96326602400599,41.892722551876986,0.0 -69.9632736134648,41.89274089376,0.0 -69.96328181965754,41.89275774665876,0.0 -69.96329008334517,41.892771962075976,0.0 -69.96329784136974,41.89278257125448,0.0 -69.9633045650329,41.89278885119647,0.0 -69.96330979612634,41.892790373934496,0.0 -69.96331317815842,41.89278703569668,0.0 -69.9633144806488,41.8927790639786,0.0 -69.96331361483546,41.892767002039726,0.0 -69.96331063972345,41.89275167188121,0.0 -69.96330575806353,41.89273411822788,0.0 -69.96329930253451,41.89271553733199,0.0 -69.96329171307133,41.89269719545065,0.0 -69.96328350688377,41.892680342552595,0.0 -69.96327524320945,41.892666127134916,0.0 -69.96326748520278,41.89265551795489,0.0 -69.96326076155731,41.892649238010726,0.0 -69.9632555304766,41.892647715270485,0.0</coordinates>
                    </LinearRing>
                </outerBoundaryIs>
            </Polygon>
        </Placemark>
        <Placemark id="543">
            <name>PRN:21 elev:15</name>
            <styleUrl>#548</styleUrl>
            <Polygon id="542">
                <altitudeMode>relativeToGround</altitudeMode>
                <outerBoundaryIs>
                    <LinearRing id="546">
                        <coordinates>-69.96327685410321,41.89272428298173,0.0 -69.96327405637197,41.89272642465283,0.0 -69.96327262440106,41.89273098404088,0.0 -69.96327265577706,41.89273765043114,0.0 -69.96327414836223,41.892745969520135,0.0 -69.96327700043996,41.892755374375675,0.0 -69.96328101764654,41.89276522407227,0.0 -69.96328592621644,41.89277484736929,0.0 -69.96329139163895,41.89278358845484,0.0 -69.96329704145438,41.89279085163834,0.0 -69.96330249063674,41.89279614194584,0.0 -69.96330736783257,41.89279909885169,0.0 -69.96331134066844,41.892799520847724,0.0 -69.96331413840163,41.892797379175704,0.0 -69.96331557037107,41.892792819787154,0.0 -69.96331553899056,41.89278615339689,0.0 -69.96331404639906,41.89277783430842,0.0 -69.96331119431487,41.89276842945382,0.0 -69.96330717710343,41.892758579758265,0.0 -69.96330226853158,41.89274895646215,0.0 -69.96329680311055,41.89274021537712,0.0 -69.96329115329962,41.892732952193604,0.0 -69.9632857041236,41.892727661885566,0.0 -69.96328082693422,41.892724704978804,0.0 -69.96327685410321,41.89272428298173,0.0</coordinates>
                    </LinearRing>
                </outerBoundaryIs>
            </Polygon>
        </Placemark>
        <Placemark id="552">
            <name>PRN:23 elev:5</name>
            <styleUrl>#557</styleUrl>
            <Polygon id="551">
                <altitudeMode>relativeToGround</altitudeMode>
                <outerBoundaryIs>
                    <LinearRing id="555">
                        <coordinates>-69.96307125336567,41.892361260745886,0.0 -69.96306881267644,41.89237019462622,0.0 -69.96307419259662,41.89239261538447,0.0 -69.96308702650455,41.89242699508197,0.0 -69.96310643980806,41.892470990796866,0.0 -69.96313110954175,41.89252160429096,0.0 -69.96315935451985,41.892575386335515,0.0 -69.96318924990196,41.89262867177117,0.0 -69.96321875836558,41.8926778292831,0.0 -69.96324586894666,41.89271950886913,0.0 -69.96326873408648,41.89275087013663,0.0 -69.96328579554438,41.89276977586998,0.0 -69.96329589059437,41.89277493767748,0.0 -69.96329833126731,41.89276600379234,0.0 -69.963292951237,41.89274358304455,0.0 -69.96328011715461,41.89270920336997,0.0 -69.96326070365909,41.89266520768434,0.0 -69.96323603376725,41.892614594217974,0.0 -69.96320778870724,41.89256081219222,0.0 -69.96317789334141,41.89250752676137,0.0 -69.96314838498793,41.89245836923899,0.0 -69.9631212745813,41.89241668963002,0.0 -69.9630984096335,41.89238532833327,0.0 -69.96308134833376,41.89236642257217,0.0 -69.96307125336567,41.892361260745886,0.0</coordinates>
                    </LinearRing>
                </outerBoundaryIs>
            </Polygon>
        </Placemark>
        <Placemark id="561">
            <name>PRN:23 elev:10</name>
            <styleUrl>#566</styleUrl>
            <Polygon id="560">
                <altitudeMode>relativeToGround</altitudeMode>
                <outerBoundaryIs>
                    <LinearRing id="564">
                        <coordinates>-69.96322723517093,41.89265508932347,0.0 -69.96322442232534,41.892658708395196,0.0 -69.96322442898007,41.89266673885765,0.0 -69.96322725468265,41.89267863344808,0.0 -69.96323270686807,41.89269358156961,0.0 -69.96324041398121,41.892710564532116,0.0 -69.96324985079711,41.89272842497441,0.0 -69.96326037421363,41.892745945736465,0.0 -69.96327126707747,41.892761932807176,0.0 -69.9632817870569,41.89277529669405,0.0 -69.96329121723079,41.89278512667048,0.0 -69.96329891494607,41.89279075284018,0.0 -69.96330435561406,41.89279179178936,0.0 -69.96330716846099,41.892788172715676,0.0 -69.96330716179584,41.89278014225323,0.0 -69.96330433607388,41.89276824766476,0.0 -69.96329888386532,41.89275329954662,0.0 -69.96329117673149,41.89273631658801,0.0 -69.96328173990287,41.89271845614912,0.0 -69.96327121648501,41.892700935389,0.0 -69.96326032363159,41.8926849483183,0.0 -69.96324980367153,41.89267158442947,0.0 -69.96324037352078,41.892661754449634,0.0 -69.9632326758262,41.89265612827602,0.0 -69.96322723517093,41.89265508932347,0.0</coordinates>
                    </LinearRing>
                </outerBoundaryIs>
            </Polygon>
        </Placemark>
        <Placemark id="570">
            <name>PRN:23 elev:15</name>
            <styleUrl>#575</styleUrl>
            <Polygon id="569">
                <altitudeMode>relativeToGround</altitudeMode>
                <outerBoundaryIs>
                    <LinearRing id="573">
                        <coordinates>-69.96326601811911,41.89272740924566,0.0 -69.96326346499643,41.892729714030104,0.0 -69.96326253862304,41.89273434530899,0.0 -69.96326330213004,41.89274098746834,0.0 -69.96326570348627,41.892749187855976,0.0 -69.96326957904397,41.89275838762891,0.0 -69.96327466469099,41.89276795983769,0.0 -69.96328061384934,41.89277725215199,0.0 -69.96328702109385,41.89278563131581,0.0 -69.96329344978113,41.89279252630299,0.0 -69.9632994618062,41.892797467231546,0.0 -69.96330464745874,41.89280011738548,0.0 -69.96330865334444,41.8928002961613,0.0 -69.96331120646832,41.89279799137586,0.0 -69.96331213283909,41.89279336009658,0.0 -69.96331136932638,41.89278671793753,0.0 -69.96330896796289,41.89277851755086,0.0 -69.9633050923983,41.892769317779255,0.0 -69.9633000067466,41.89275974557181,0.0 -69.96329405758706,41.89275045325852,0.0 -69.96328765034515,41.892742074095075,0.0 -69.96328122166358,41.892735179107575,0.0 -69.96327520964579,41.892730238178075,0.0 -69.96327002400014,41.89272758802282,0.0 -69.96326601811911,41.89272740924566,0.0</coordinates>
                    </LinearRing>
                </outerBoundaryIs>
            </Polygon>
        </Placemark>
        <Placemark id="579">
            <name>PRN:24 elev:5</name>
            <styleUrl>#584</styleUrl>
            <Polygon id="578">
                <altitudeMode>relativeToGround</altitudeMode>
                <outerBoundaryIs>
                    <LinearRing id="582">
                        <coordinates>-69.96324326774374,41.89232837205317,0.0 -69.96323776390494,41.892336516329735,0.0 -69.96323505342383,41.89235920240233,0.0 -69.96323532101654,41.8923948842528,0.0 -69.96323854845204,41.892441130221975,0.0 -69.96324451579335,41.89249478872325,0.0 -69.96325281638377,41.89255220301805,0.0 -69.96326288455789,41.89260946041662,0.0 -69.96327403418904,41.89266265892154,0.0 -69.96328550544699,41.89270817314239,0.0 -69.96329651657946,41.89274290136024,0.0 -69.96330631718861,41.8927644769047,0.0 -69.96331423937131,41.892771429438454,0.0 -69.96331974323785,41.892763285158225,0.0 -69.96332245370601,41.892740599083645,0.0 -69.9633221860632,41.89270491723338,0.0 -69.9633189585538,41.89265867126656,0.0 -69.96331299113464,41.89260501276913,0.0 -69.96330469048327,41.89254759847868,0.0 -69.96329462228142,41.89249034108374,0.0 -69.9632834726632,41.892437142580825,0.0 -69.96327200145538,41.892391628359775,0.0 -69.96326099039679,41.89235690013957,0.0 -69.9632511898655,41.892335324591244,0.0 -69.96324326774374,41.89232837205317,0.0</coordinates>
                    </LinearRing>
                </outerBoundaryIs>
            </Polygon>
        </Placemark>
        <Placemark id="588">
            <name>PRN:24 elev:10</name>
            <styleUrl>#593</styleUrl>
            <Polygon id="587">
                <altitudeMode>relativeToGround</altitudeMode>
                <outerBoundaryIs>
                    <LinearRing id="591">
                        <coordinates>-69.96328277882087,41.89264319437144,0.0 -69.96327891158798,41.892646226655046,0.0 -69.96327640701139,41.892654037696275,0.0 -69.9632754357739,41.89266609518565,0.0 -69.9632760640644,41.892681577425286,0.0 -69.96327824906716,41.89269942932605,0.0 -69.96328184187922,41.892718434310375,0.0 -69.9632865976576,41.892737297219824,0.0 -69.96329219230455,41.892754732578204,0.0 -69.96329824455412,41.89276955219456,0.0 -69.96330434195482,41.89278074613647,0.0 -69.96331006897766,41.89278755155532,0.0 -69.96331503533412,41.89278950467315,0.0 -69.96331890257397,41.892786472388345,0.0 -69.96332140715054,41.89277866134619,0.0 -69.96332237838108,41.892766603856415,0.0 -69.9633217500785,41.892751121617046,0.0 -69.96331956506184,41.89273326971709,0.0 -69.96331597223771,41.89271426473397,0.0 -69.96331121645237,41.89269540182571,0.0 -69.96330562180542,41.892677966468256,0.0 -69.9632995695628,41.8926631468523,0.0 -69.96329347217417,41.892651952910136,0.0 -69.96328774516526,41.89264514749045,0.0 -69.96328277882087,41.89264319437144,0.0</coordinates>
                    </LinearRing>
                </outerBoundaryIs>
            </Polygon>
        </Placemark>
        <Placemark id="597">
            <name>PRN:24 elev:15</name>
            <styleUrl>#602</styleUrl>
            <Polygon id="596">
                <altitudeMode>relativeToGround</altitudeMode>
                <outerBoundaryIs>
                    <LinearRing id="600">
                        <coordinates>-69.96329573818599,41.89272054395861,0.0 -69.96329257200188,41.892722379471124,0.0 -69.96329031280646,41.89272674937252,0.0 -69.96328911456014,41.8927333558613,0.0 -69.9632890589216,41.8927417487162,0.0 -69.963290149683,41.89275135597803,0.0 -69.96329231251126,41.89276152292775,0.0 -69.9632954000137,41.892771556704474,0.0 -69.96329920178245,41.89278077352284,0.0 -69.96330345873328,41.892788545271834,0.0 -69.96330788076183,41.89279434231961,0.0 -69.9633121665137,41.89279776960691,0.0 -69.96331602392148,41.89279859356981,0.0 -69.96331919010869,41.892796758056654,0.0 -69.9633214493046,41.89279238815468,0.0 -69.9633226475487,41.892785781665566,0.0 -69.96332270318284,41.89277738881064,0.0 -69.96332161241611,41.89276778154913,0.0 -69.96331944958298,41.892757614599944,0.0 -69.96331636207744,41.89274758082387,0.0 -69.9633125603082,41.89273836400608,0.0 -69.96330830335958,41.892730592257415,0.0 -69.96330388133542,41.892724795209645,0.0 -69.96329959558888,41.89272136792205,0.0 -69.96329573818599,41.89272054395861,0.0</coordinates>
                    </LinearRing>
                </outerBoundaryIs>
            </Polygon>
        </Placemark>
        <Placemark id="606">
            <name>PRN:25 elev:5</name>
            <styleUrl>#611</styleUrl>
            <Polygon id="605">
                <altitudeMode>relativeToGround</altitudeMode>
                <outerBoundaryIs>
                    <LinearRing id="609">
                        <coordinates>-69.96304244156319,41.89237051962507,0.0 -69.96304056469984,41.892379528685446,0.0 -69.96304734703476,41.892401737666596,0.0 -69.9630623263755,41.89243563306168,0.0 -69.96308448192394,41.892478904952654,0.0 -69.96311230383687,41.892528604427994,0.0 -69.9631438961137,41.89258134454728,0.0 -69.9631771058013,41.892633531156356,0.0 -69.96320966971194,41.892681607823654,0.0 -69.96323936865649,41.8927222982052,0.0 -69.96326417868173,41.89275282932167,0.0 -69.96328240900465,41.892771120531535,0.0 -69.96329281724206,41.89277592532245,0.0 -69.96329469408148,41.89276691625796,0.0 -69.96328791162179,41.89274470729137,0.0 -69.96327293208886,41.89271081192559,0.0 -69.9632507763323,41.89266754007086,0.0 -69.96322295425111,41.89261784062892,0.0 -69.96319136189095,41.892565100531314,0.0 -69.9631581522273,41.89251291392634,0.0 -69.96312558844141,41.892464837244496,0.0 -69.96309588968907,41.89242414683362,0.0 -69.96307107987195,41.89239361568093,0.0 -69.96305284971729,41.89237532443763,0.0 -69.96304244156319,41.89237051962507,0.0</coordinates>
                    </LinearRing>
                </outerBoundaryIs>
            </Polygon>
        </Placemark>
        <Placemark id="615">
            <name>PRN:25 elev:10</name>
            <styleUrl>#620</styleUrl>
            <Polygon id="614">
                <altitudeMode>relativeToGround</altitudeMode>
                <outerBoundaryIs>
                    <LinearRing id="618">
                        <coordinates>-69.96320614891232,41.89266257448859,0.0 -69.96320380875291,41.89266637546192,0.0 -69.9632048362274,41.89267436941951,0.0 -69.96320916131656,41.89268601158625,0.0 -69.96321648927497,41.89270050856739,0.0 -69.96322632071706,41.89271687241709,0.0 -69.96323798564848,41.89273398796551,0.0 -69.96325068912466,41.89275068881586,0.0 -69.9632635654246,41.89276583683262,0.0 -69.96327573704829,41.89277839970356,0.0 -69.96328637451741,41.89278752129013,0.0 -69.96329475290337,41.89279257997178,0.0 -69.96330030123079,41.8927932310083,0.0 -69.96330264138909,41.89278943003299,0.0 -69.9633016139005,41.892781436076284,0.0 -69.96329728878806,41.892769793913004,0.0 -69.96328996080334,41.892755296937,0.0 -69.96328012933904,41.89273893309272,0.0 -69.96326846439543,41.89272181754858,0.0 -69.96325576092033,41.89270511670017,0.0 -69.9632428846345,41.89268996868255,0.0 -69.9632307130341,41.89267740580814,0.0 -69.96322007559127,41.89266828421644,0.0 -69.96321169722754,41.89266322552934,0.0 -69.96320614891232,41.89266257448859,0.0</coordinates>
                    </LinearRing>
                </outerBoundaryIs>
            </Polygon>
        </Placemark>
        <Placemark id="624">
            <name>PRN:26 elev:5</name>
            <styleUrl>#629</styleUrl>
            <Polygon id="623">
                <altitudeMode>relativeToGround</altitudeMode>
                <outerBoundaryIs>
                    <LinearRing id="627">
                        <coordinates>-69.96349445141115,41.892341496153236,0.0 -69.96348530228403,41.89234755673533,0.0 -69.96347154908192,41.89236790162421,0.0 -69.96345412905036,41.89240114434789,0.0 -69.96343422932165,41.89244501946832,0.0 -69.9634132060174,41.89249653696763,0.0 -69.96339249183444,41.89255218601317,0.0 -69.96337349841056,41.89260817421497,0.0 -69.96335752012367,41.892660686070776,0.0 -69.96334564588004,41.89270614298582,0.0 -69.96333868490386,41.89274144714782,0.0 -69.96333711158614,41.89276419263742,0.0 -69.9633410331525,41.89277282938728,0.0 -69.96335018235423,41.892766768816635,0.0 -69.96336393568089,41.892746423942235,0.0 -69.96338135585354,41.892713181232196,0.0 -69.96340125570212,41.89266930612089,0.0 -69.96342227907287,41.892617788623745,0.0 -69.96344299325115,41.89256213957287,0.0 -69.96346198660044,41.892506151359605,0.0 -69.96347796476279,41.89245363948933,0.0 -69.9634898388653,41.89240818256065,0.0 -69.96349679972161,41.89237287838951,0.0 -69.96349837297284,41.89235013289774,0.0 -69.96349445141115,41.892341496153236,0.0</coordinates>
                    </LinearRing>
                </outerBoundaryIs>
            </Polygon>
        </Placemark>
        <Placemark id="633">
            <name>PRN:26 elev:10</name>
            <styleUrl>#638</styleUrl>
            <Polygon id="632">
                <altitudeMode>relativeToGround</altitudeMode>
                <outerBoundaryIs>
                    <LinearRing id="636">
                        <coordinates>-69.96338412209597,41.8926465540901,0.0 -69.96337894217609,41.89264817084152,0.0 -69.96337242515344,41.89265457034871,0.0 -69.96336501515061,41.89266531649564,0.0 -69.96335721714541,41.892679676950046,0.0 -69.96334956255781,41.89269667307065,0.0 -69.96334257303488,41.892715146600025,0.0 -69.96333672490155,41.8927338385978,0.0 -69.96333241669971,41.89275147523544,0.0 -69.96332994202791,41.89276685460542,0.0 -69.96332946953258,41.8927789286292,0.0 -69.96333103141471,41.89278687448205,0.0 -69.96333452123503,41.892790150667146,0.0 -69.96333970116754,41.89278853391771,0.0 -69.96334621820715,41.892782134412364,0.0 -69.96335362822668,41.892771388266645,0.0 -69.96336142624389,41.89275702781248,0.0 -69.96336908083558,41.89274003169109,0.0 -69.96337607035356,41.89272155816012,0.0 -69.96338191847425,41.89270286616034,0.0 -69.96338622665914,41.89268522952086,0.0 -69.96338870131423,41.89266985014966,0.0 -69.96338917379755,41.892657776125645,0.0 -69.96338761191134,41.892649830273584,0.0 -69.96338412209597,41.8926465540901,0.0</coordinates>
                    </LinearRing>
                </outerBoundaryIs>
            </Polygon>
        </Placemark>
        <Placemark id="642">
            <name>PRN:26 elev:15</name>
            <styleUrl>#647</styleUrl>
            <Polygon id="641">
                <altitudeMode>relativeToGround</altitudeMode>
                <outerBoundaryIs>
                    <LinearRing id="645">
                        <coordinates>-69.96335788705996,41.892721912981166,0.0 -69.96335397095422,41.89272256570887,0.0 -69.96334942045607,41.892725798350654,0.0 -69.96334454567383,41.89273139060728,0.0 -69.96333967881534,41.89273896137567,0.0 -69.96333515154865,41.892747994720516,0.0 -69.96333127239944,41.89275787503432,0.0 -69.96332830572561,41.892767928990125,0.0 -69.96332645370154,41.89277747142751,0.0 -69.96332584254023,41.8927858520452,0.0 -69.96332651389181,41.89279249971799,0.0 -69.96332842200512,41.89279696141792,0.0 -69.96333143684541,41.89279893308747,0.0 -69.96333535295605,41.89279828036053,0.0 -69.96333990346008,41.892795047719304,0.0 -69.96334477824759,41.89278945546286,0.0 -69.96334964510932,41.892781884694266,0.0 -69.96335417237636,41.89277285134886,0.0 -69.96335805152293,41.89276297103429,0.0 -69.96336101819186,41.89275291707772,0.0 -69.96336287021005,41.89274337463977,0.0 -69.9633634813661,41.89273499402188,0.0 -69.96336281001128,41.89272834634931,0.0 -69.96336090189762,41.89272388464994,0.0 -69.96335788705996,41.892721912981166,0.0</coordinates>
                    </LinearRing>
                </outerBoundaryIs>
            </Polygon>
        </Placemark>
        <Placemark id="651">
            <name>PRN:27 elev:5</name>
            <styleUrl>#656</styleUrl>
            <Polygon id="650">
                <altitudeMode>relativeToGround</altitudeMode>
                <outerBoundaryIs>
                    <LinearRing id="654">
                        <coordinates>-69.96329578645364,41.892325260905494,0.0 -69.96328944118959,41.89233305862701,0.0 -69.96328434799257,41.89235551646258,0.0 -69.96328085395378,41.89239110394799,0.0 -69.96327919718706,41.892437395855104,0.0 -69.96327949060168,41.89249123746697,0.0 -69.96328171420677,41.89254895956676,0.0 -69.96328571647243,41.89260662848864,0.0 -69.96329122465485,41.89266031419073,0.0 -69.96329786338228,41.89270635808094,0.0 -69.96330518023552,41.89274162234412,0.0 -69.96331267657979,41.892763703778904,0.0 -69.96331984154673,41.892771097572044,0.0 -69.96332618685058,41.892763299848845,0.0 -69.9633312800654,41.89274084201143,0.0 -69.96333477409524,41.89270525452449,0.0 -69.96333643082862,41.8926589626166,0.0 -69.96333613736525,41.892605121004856,0.0 -69.96333391370901,41.892547398906125,0.0 -69.96332991140355,41.89248972998591,0.0 -69.96332440320332,41.89243604428568,0.0 -69.96331776448486,41.89239000039699,0.0 -69.96331044766494,41.89235473613462,0.0 -69.96330295136944,41.89233265469967,0.0 -69.96329578645364,41.892325260905494,0.0</coordinates>
                    </LinearRing>
                </outerBoundaryIs>
            </Polygon>
        </Placemark>
        <Placemark id="660">
            <name>PRN:27 elev:10</name>
            <styleUrl>#665</styleUrl>
            <Polygon id="659">
                <altitudeMode>relativeToGround</altitudeMode>
                <outerBoundaryIs>
                    <LinearRing id="663">
                        <coordinates>-69.96330761688883,41.89264111555842,0.0 -69.96330335716529,41.892643840849814,0.0 -69.9632998032408,41.892651423033826,0.0 -69.96329719730896,41.892663345397224,0.0 -69.96329571695985,41.89267879545069,0.0 -69.9632954630774,41.89269672029869,0.0 -69.96329645296431,41.89271589839244,0.0 -69.9632986191625,41.89273502277651,0.0 -69.96330181405006,41.8927527901557,0.0 -69.96330581990111,41.89276798971238,0.0 -69.96331036372344,41.89277958562182,0.0 -69.96331513586244,41.8927867876419,0.0 -69.96331981110374,41.89278910496685,0.0 -69.96332407083626,41.89278637967485,0.0 -69.9633276247654,41.89277879749009,0.0 -69.96333023069626,41.89276687512601,0.0 -69.96333171103907,41.892751425072085,0.0 -69.96333196491156,41.89273350022401,0.0 -69.96333097501372,41.89271432213057,0.0 -69.96332880880654,41.8926951977471,0.0 -69.96332561391436,41.892677430368664,0.0 -69.96332160806428,41.892662230812675,0.0 -69.96331706424824,41.89265063490369,0.0 -69.9633122921192,41.89264343288367,0.0 -69.96330761688883,41.89264111555842,0.0</coordinates>
                    </LinearRing>
                </outerBoundaryIs>
            </Polygon>
        </Placemark>
        <Placemark id="669">
            <name>PRN:27 elev:15</name>
            <styleUrl>#674</styleUrl>
            <Polygon id="668">
                <altitudeMode>relativeToGround</altitudeMode>
                <outerBoundaryIs>
                    <LinearRing id="672">
                        <coordinates>-69.9633098922552,41.892719050998366,0.0 -69.96330649421566,41.892720640260244,0.0 -69.96330365628505,41.89272481894779,0.0 -69.96330157186345,41.89273130229039,0.0 -69.96330038300083,41.892739648459006,0.0 -69.96330017071645,41.89274928867608,0.0 -69.96330094947758,41.89275956597674,0.0 -69.9633026662134,41.89276977997991,0.0 -69.96330520393158,41.89277923461812,0.0 -69.96330838969101,41.89278728557334,0.0 -69.9633120063874,41.892793384186284,0.0 -69.96331580754861,41.89279711484646,0.0 -69.96331953413134,41.89279822331559,0.0 -69.96332293217469,41.89279663405332,0.0 -69.96332577010723,41.892792455365296,0.0 -69.96332785452836,41.89278597202227,0.0 -69.96332904338826,41.89277762585337,0.0 -69.96332925566837,41.89276798563623,0.0 -69.96332847690259,41.89275770833578,0.0 -69.96332676016296,41.892747494332994,0.0 -69.96332422244285,41.89273803969524,0.0 -69.96332103668388,41.89272998874046,0.0 -69.96331741999022,41.89272389012781,0.0 -69.96331361883328,41.892720159467686,0.0 -69.9633098922552,41.892719050998366,0.0</coordinates>
                    </LinearRing>
                </outerBoundaryIs>
            </Polygon>
        </Placemark>
        <Placemark id="678">
            <name>PRN:28 elev:5</name>
            <styleUrl>#683</styleUrl>
            <Polygon id="677">
                <altitudeMode>relativeToGround</altitudeMode>
                <outerBoundaryIs>
                    <LinearRing id="681">
                        <coordinates>-69.96326680151934,41.89232659568521,0.0 -69.96326091546175,41.8923345904873,0.0 -69.96325713245791,41.892357191343116,0.0 -69.96325571031319,41.8923928580419,0.0 -69.96325674594758,41.89243915995717,0.0 -69.96326016878986,41.89249294168983,0.0 -69.96326574558552,41.8925505381035,0.0 -69.96327309629078,41.89260802409748,0.0 -69.96328171997055,41.89266148209601,0.0 -69.96329102893543,41.89270726902461,0.0 -69.96330038879164,41.89274226457966,0.0 -69.96330916167487,41.892764083871995,0.0 -69.96331674972114,41.89277123995313,0.0 -69.96332263581198,41.89276324514818,0.0 -69.96332641881669,41.892740644290214,0.0 -69.96332784092967,41.892704977590554,0.0 -69.96332680523945,41.89265867567594,0.0 -69.96332338233216,41.89260489394525,0.0 -69.96331780547979,41.89254729753437,0.0 -69.96331045474128,41.892489811543236,0.0 -69.96330183106062,41.89243635354687,0.0 -69.9632925221275,41.892390566619135,0.0 -69.96328316232714,41.89235557106344,0.0 -69.9632743895089,41.892333751769115,0.0 -69.96326680151934,41.89232659568521,0.0</coordinates>
                    </LinearRing>
                </outerBoundaryIs>
            </Polygon>
        </Placemark>
        <Placemark id="687">
            <name>PRN:28 elev:10</name>
            <styleUrl>#692</styleUrl>
            <Polygon id="686">
                <altitudeMode>relativeToGround</altitudeMode>
                <outerBoundaryIs>
                    <LinearRing id="690">
                        <coordinates>-69.96330534081393,41.89264122735113,0.0 -69.96330111513785,41.89264398185726,0.0 -69.96329765558373,41.8926515881883,0.0 -69.96329519791404,41.892663527985384,0.0 -69.96329390961505,41.89267898757115,0.0 -69.96329387848292,41.892696913400435,0.0 -69.96329510664025,41.89271608385759,0.0 -69.96329751039127,41.892735192507594,0.0 -69.96330092592521,41.89275293712746,0.0 -69.96330512047949,41.89276810845062,0.0 -69.96330980820201,41.89277967257636,0.0 -69.96331466963154,41.89278684142861,0.0 -69.96331937346868,41.892789126461935,0.0 -69.96332359915357,41.89278637195511,0.0 -69.9633270587119,41.89277876562331,0.0 -69.96332951638007,41.892766825825554,0.0 -69.96333080467221,41.89275136623937,0.0 -69.96333083579401,41.892733440410076,0.0 -69.96332960762561,41.892714269953316,0.0 -69.96332720386577,41.89269516130398,0.0 -69.96332378832763,41.89267741668489,0.0 -69.96331959377487,41.892662245362416,0.0 -69.9633149060592,41.892650681237065,0.0 -69.96331004464001,41.89264351238482,0.0 -69.96330534081393,41.89264122735113,0.0</coordinates>
                    </LinearRing>
                </outerBoundaryIs>
            </Polygon>
        </Placemark>
        <Placemark id="696">
            <name>PRN:28 elev:15</name>
            <styleUrl>#701</styleUrl>
            <Polygon id="695">
                <altitudeMode>relativeToGround</altitudeMode>
                <outerBoundaryIs>
                    <LinearRing id="699">
                        <coordinates>-69.96331488550635,41.892718779999086,0.0 -69.96331141432448,41.892720279113234,0.0 -69.96330838029026,41.892724380740475,0.0 -69.96330599016787,41.892730805361715,0.0 -69.96330440684018,41.8927391151497,0.0 -69.96330373820858,41.89274874380612,0.0 -69.96330402983959,41.89275903515399,0.0 -69.96330526185949,41.89276928785495,0.0 -69.96330735030855,41.89277880320434,0.0 -69.96331015286269,41.892786932746766,0.0 -69.96331347853246,41.89279312246733,0.0 -69.96331710067875,41.89279695054676,0.0 -69.96332077245792,41.89279815610775,0.0 -69.96332424364381,41.89279665699332,0.0 -69.96332727768045,41.89279255536566,0.0 -69.96332966780301,41.89278613074397,0.0 -69.96333125112857,41.89277782095563,0.0 -69.96333191975631,41.89276819229906,0.0 -69.96333162812077,41.89275790095126,0.0 -69.96333039609686,41.892747648250584,0.0 -69.96332830764538,41.89273813290161,0.0 -69.96332550509109,41.892730003359624,0.0 -69.96332217942344,41.89272381363941,0.0 -69.96331855728099,41.89271998556014,0.0 -69.96331488550635,41.892718779999086,0.0</coordinates>
                    </LinearRing>
                </outerBoundaryIs>
            </Polygon>
        </Placemark>
        <Placemark id="705">
            <name>PRN:29 elev:5</name>
            <styleUrl>#710</styleUrl>
            <Polygon id="704">
                <altitudeMode>relativeToGround</altitudeMode>
                <outerBoundaryIs>
                    <LinearRing id="708">
                        <coordinates>-69.96359829634314,41.89236893083294,0.0 -69.96358793806317,41.892373795001916,0.0 -69.96356989714107,41.89239218991835,0.0 -69.96354540301918,41.892422861995804,0.0 -69.96351612491091,41.89246372097943,0.0 -69.96348405805202,41.892511982394176,0.0 -69.96345138773371,41.892564357303,0.0 -69.96342034038194,41.89261727644284,0.0 -69.96339303183073,41.89266713346391,0.0 -69.96337132312935,41.89271053069583,0.0 -69.96335669371047,41.89274451069246,0.0 -69.96335014056373,41.89276675777604,0.0 -69.96335211028749,41.892775755845946,0.0 -69.96336246865059,41.892770891698156,0.0 -69.9633805097394,41.8927524968142,0.0 -69.96340500406687,41.892721824771776,0.0 -69.96343428236455,41.892680965816375,0.0 -69.96346634934588,41.89263270441547,0.0 -69.96349901968686,41.89258032950241,0.0 -69.96353006695549,41.89252741034138,0.0 -69.96355737534,41.89247755328785,0.0 -69.9635790838358,41.89243415602089,0.0 -69.96359371306528,41.89240017599602,0.0 -69.96360026608957,41.892377928898604,0.0 -69.96359829634314,41.89236893083294,0.0</coordinates>
                    </LinearRing>
                </outerBoundaryIs>
            </Polygon>
        </Placemark>
        <Placemark id="714">
            <name>PRN:29 elev:10</name>
            <styleUrl>#719</styleUrl>
            <Polygon id="713">
                <altitudeMode>relativeToGround</altitudeMode>
                <outerBoundaryIs>
                    <LinearRing id="717">
                        <coordinates>-69.96343672991192,41.89266157090351,0.0 -69.96343119220303,41.892662270195295,0.0 -69.96342289387698,41.892667401466326,0.0 -69.96341240044873,41.89267661502843,0.0 -69.96340042702552,41.89268928299209,0.0 -69.96338778957404,41.89270454205618,0.0 -69.96337534931438,41.892721352340644,0.0 -69.96336395402957,41.892738568252575,0.0 -69.96335438029071,41.892755016556414,0.0 -69.96334728053445,41.89276957632798,0.0 -69.96334313860005,41.89278125534339,0.0 -69.96334223675578,41.892789257697366,0.0 -69.9633446364622,41.8927930380428,0.0 -69.96335017418336,41.89279233875517,0.0 -69.9633584725315,41.89278720748938,0.0 -69.96336896598568,41.892777993932185,0.0 -69.96338093943177,41.89276532597178,0.0 -69.9633935768969,41.89275006690845,0.0 -69.96340601715737,41.892733256622016,0.0 -69.96341741242988,41.89271604070593,0.0 -69.96342698614669,41.89269959239685,0.0 -69.963434085877,41.89268503262038,0.0 -69.96343822778853,41.89267335360171,0.0 -69.96343912961913,41.89266535124697,0.0 -69.96343672991192,41.89266157090351,0.0</coordinates>
                    </LinearRing>
                </outerBoundaryIs>
            </Polygon>
        </Placemark>
        <Placemark id="723">
            <name>PRN:29 elev:15</name>
            <styleUrl>#728</styleUrl>
            <Polygon id="722">
                <altitudeMode>relativeToGround</altitudeMode>
                <outerBoundaryIs>
                    <LinearRing id="726">
                        <coordinates>-69.96339322619185,41.89273257079102,0.0 -69.9633892179398,41.892732424389834,0.0 -69.96338367605382,41.89273463926891,0.0 -69.96337697820356,41.89273906448776,0.0 -69.9633695808356,41.89274539847484,0.0 -69.96336198806769,41.892753209579325,0.0 -69.96335471733397,41.89276196548736,0.0 -69.96334826412296,41.892771069498394,0.0 -69.96334306821075,41.89277990118928,0.0 -69.96333948369087,41.89278785869509,0.0 -69.96333775484328,41.89279439972508,0.0 -69.96333799948677,41.89279907851897,0.0 -69.96334020094969,41.89280157622467,0.0 -69.96334420920597,41.89280172262758,0.0 -69.96334975109914,41.89279950775038,0.0 -69.96335644895763,41.89279508253312,0.0 -69.96336384633263,41.892788748546884,0.0 -69.96337143910455,41.89278093744228,0.0 -69.96337870983814,41.89277218153319,0.0 -69.96338516304492,41.89276307752045,0.0 -69.96339035894994,41.89275424582765,0.0 -69.96339394346158,41.89274628832029,0.0 -69.96339567230213,41.89273974728944,0.0 -69.96339542765465,41.892735068495675,0.0 -69.96339322619185,41.89273257079102,0.0</coordinates>
                    </LinearRing>
                </outerBoundaryIs>
            </Polygon>
        </Placemark>
        <Placemark id="732">
            <name>PRN:30 elev:5</name>
            <styleUrl>#737</styleUrl>
            <Polygon id="731">
                <altitudeMode>relativeToGround</altitudeMode>
                <outerBoundaryIs>
                    <LinearRing id="735">
                        <coordinates>-69.96350179862411,41.89234297749767,0.0 -69.96349255772515,41.892348960428,0.0 -69.96347849536123,41.89236918786585,0.0 -69.96346056984646,41.892402281343216,0.0 -69.96344000276044,41.8924459855928,0.0 -69.96341819570357,41.892497322241205,0.0 -69.9633966347837,41.892552792780414,0.0 -69.96337678934216,41.892608616985385,0.0 -69.96336001182054,41.892660990530025,0.0 -69.96334744559198,41.89270634424535,0.0 -69.96333994703879,41.89274158735208,0.0 -69.96333802718749,41.892764318091785,0.0 -69.96334181687983,41.89277298740239,0.0 -69.96335105785427,41.892767004484135,0.0 -69.96336512034613,41.89274677706183,0.0 -69.96338304600702,41.892713683599325,0.0 -69.96340361321822,41.892669979359916,0.0 -69.96342542034574,41.892618642714254,0.0 -69.96344698126285,41.89256317216966,0.0 -69.96346682662892,41.8925073479526,0.0 -69.9634836040226,41.89245497439243,0.0 -69.96349617010503,41.89240962066225,0.0 -69.96350366853305,41.89237437754535,0.0 -69.96350558831368,41.89235164680289,0.0 -69.96350179862411,41.89234297749767,0.0</coordinates>
                    </LinearRing>
                </outerBoundaryIs>
            </Polygon>
        </Placemark>
        <Placemark id="741">
            <name>PRN:30 elev:10</name>
            <styleUrl>#746</styleUrl>
            <Polygon id="740">
                <altitudeMode>relativeToGround</altitudeMode>
                <outerBoundaryIs>
                    <LinearRing id="744">
                        <coordinates>-69.96340128499281,41.892650338506186,0.0 -69.96339596116687,41.89265167128313,0.0 -69.96338883767984,41.89265770201174,0.0 -69.9633803999837,41.89266801970752,0.0 -69.96337122309149,41.89268192123637,0.0 -69.96336193239165,41.89269845923191,0.0 -69.9633531610293,41.892716506657194,0.0 -69.9633455067586,41.89273483361015,0.0 -69.96333949120674,41.89275219113951,0.0 -69.96333552432553,41.8927673963586,0.0 -69.96333387645339,41.89277941305709,0.0 -69.96333465989164,41.89278742231694,0.0 -69.96333782125102,41.89279087832029,0.0 -69.96334314508978,41.89278954554603,0.0 -69.96335026859582,41.892783514820245,0.0 -69.96335870631208,41.89277319712666,0.0 -69.96336788322014,41.892759295598815,0.0 -69.96337717392728,41.89274275760278,0.0 -69.96338594528646,41.892724710175685,0.0 -69.96339359954433,41.892706383220045,0.0 -69.96339961507718,41.89268902568787,0.0 -69.96340358193827,41.89267382046657,0.0 -69.96340522979457,41.892661803767076,0.0 -69.963404446349,41.8926537945077,0.0 -69.96340128499281,41.892650338506186,0.0</coordinates>
                    </LinearRing>
                </outerBoundaryIs>
            </Polygon>
        </Placemark>
        <Placemark id="750">
            <name>PRN:30 elev:15</name>
            <styleUrl>#755</styleUrl>
            <Polygon id="749">
                <altitudeMode>relativeToGround</altitudeMode>
                <outerBoundaryIs>
                    <LinearRing id="753">
                        <coordinates>-69.96337517672616,41.89272609729238,0.0 -69.9633711806864,41.89272637224286,0.0 -69.96336611267552,41.89272914563456,0.0 -69.96336031806942,41.89273422846528,0.0 -69.96335419176023,41.892741274348445,0.0 -69.96334815124528,41.89274980311875,0.0 -69.96334260817547,41.892759233554614,0.0 -69.96333794030197,41.89276892298753,0.0 -69.96333446573315,41.89277821109876,0.0 -69.9633324212558,41.89278646491903,0.0 -69.96333194619837,41.892793121964175,0.0 -69.96333307293574,41.892797728567594,0.0 -69.96333572468285,41.89279997079683,0.0 -69.96333972072738,41.89279969584758,0.0 -69.96334478874499,41.89279692245704,0.0 -69.96335058335802,41.8927918396271,0.0 -69.96335670967245,41.89278479374413,0.0 -69.96336275018957,41.892776264973385,0.0 -69.96336829325789,41.89276683453655,0.0 -69.96337296112662,41.8927571451024,0.0 -69.96337643568869,41.89274785699,0.0 -69.96337848015912,41.892739603168955,0.0 -69.96337895521131,41.892732946123616,0.0 -69.96337782847178,41.89272833952065,0.0 -69.96337517672616,41.89272609729238,0.0</coordinates>
                    </LinearRing>
                </outerBoundaryIs>
            </Polygon>
        </Placemark>
        <Placemark id="759">
            <name>usgs</name>
            <styleUrl>#760</styleUrl>
            <Point id="758">
                <coordinates>-69.9633227139,41.8928243333,0.0</coordinates>
            </Point>
        </Placemark>
    </Document>
</kml>
