ISO-10303-21;
HEADER;
/* Generated by software containing ST-Developer
 * from STEP Tools, Inc. (www.steptools.com) 
 */

FILE_DESCRIPTION(
/* description */ ('Alibre Inc.'),
/* implementation_level */ '2;1');

FILE_NAME(
/* name */ 'export-964666BA-D6A7-4892-A230-9C3106993340',
/* time_stamp */ '2026-07-10T10:38:22-04:00',
/* author */ (''),
/* organization */ (''),
/* preprocessor_version */ 'ST-DEVELOPER v17',
/* originating_system */ 'Alibre',
/* authorisation */ '');

FILE_SCHEMA (('CONFIG_CONTROL_DESIGN'));
ENDSEC;

DATA;
#10=MECHANICAL_CONTEXT('detailed design',#18,'mechanical');
#11=PRODUCT_RELATED_PRODUCT_CATEGORY('detail','',(#98));
#12=CC_DESIGN_SECURITY_CLASSIFICATION(#14,(#97));
#13=SECURITY_CLASSIFICATION_LEVEL('unclassified');
#14=SECURITY_CLASSIFICATION('name','Security for version',#13);
#15=SHAPE_DEFINITION_REPRESENTATION(#16,#3124);
#16=PRODUCT_DEFINITION_SHAPE('','DefinitionDesc',#96);
#17=APPLICATION_PROTOCOL_DEFINITION('AP definition status',
'config_control_design',1994,#18);
#18=APPLICATION_CONTEXT(
'control the configuration of three dimensional design');
#19=DESIGN_CONTEXT('detailed design',#18,'design');
#20=PERSON_AND_ORGANIZATION_ROLE('creator');
#21=PERSON_AND_ORGANIZATION_ROLE('classification_officer');
#22=PERSON_AND_ORGANIZATION_ROLE('creator');
#23=PERSON_AND_ORGANIZATION_ROLE('design_supplier');
#24=PERSON_AND_ORGANIZATION_ROLE('design_owner');
#25=CC_DESIGN_PERSON_AND_ORGANIZATION_ASSIGNMENT(#57,#20,(#96));
#26=CC_DESIGN_PERSON_AND_ORGANIZATION_ASSIGNMENT(#60,#21,(#14));
#27=CC_DESIGN_PERSON_AND_ORGANIZATION_ASSIGNMENT(#61,#22,(#97));
#28=CC_DESIGN_PERSON_AND_ORGANIZATION_ASSIGNMENT(#62,#23,(#97));
#29=CC_DESIGN_PERSON_AND_ORGANIZATION_ASSIGNMENT(#63,#24,(#98));
#30=DATE_TIME_ROLE('creation_date');
#31=DATE_TIME_ROLE('classification_date');
#32=CC_DESIGN_DATE_AND_TIME_ASSIGNMENT(#86,#30,(#96));
#33=CC_DESIGN_DATE_AND_TIME_ASSIGNMENT(#89,#31,(#14));
#34=CC_DESIGN_APPROVAL(#93,(#96));
#35=CC_DESIGN_APPROVAL(#94,(#97));
#36=CC_DESIGN_APPROVAL(#95,(#14));
#37=APPROVAL_PERSON_ORGANIZATION(#56,#93,#64);
#38=APPROVAL_PERSON_ORGANIZATION(#58,#94,#65);
#39=APPROVAL_PERSON_ORGANIZATION(#59,#95,#66);
#40=ORGANIZATION('DEFINITION_APPROVEDBY_ORG_ID',
'DEFINITION_APPROVEDBY_ORG_NAME','DEFINITION_APPROVEDBY_ORG_DESCR');
#41=ORGANIZATION('DEF_CREATOR_ORG_ID','DEF_CREATOR_ORG_NAME',
'DEF_CREATOR_ORG_DESCR');
#42=ORGANIZATION('APPROVEDBY_ORG_ID','APPROVEDBY_ORG_NAME',
'APPROVEDBY_ORG_DESCR');
#43=ORGANIZATION('SECURITY_APPROVEDBY_ORG_ID',
'SECURITY_APPROVEDBY_ORG_NAME','SECURITY_APPROVEDBY_ORG_DESCR');
#44=ORGANIZATION('CLASSOFFICER_ORG_ID','CLASSOFFICER_ORG_NAME',
'CLASSOFFICER_ORG_DESCR');
#45=ORGANIZATION('CREATOR_ORG_ID','CREATOR_ORG_NAME',
'CREATOR_ORG_DESCR');
#46=ORGANIZATION('SUPPLIER_ORG_ID','SUPPLIER_ORG_NAME',
'SUPPLIER_ORG_DESCR');
#47=ORGANIZATION('OWNER_ORG_ID','OWNER_ORG_NAME','OWNER_ORG_DESCR');
#48=PERSON('DEFINITION_approverID','DEFINITION_APPROVEDBY_LASTNAME',
'DEFINITION_APPROVEDBY_FIRSTNAME',$,$,$);
#49=PERSON('DEF_createrID','DEF_CREATOR_LASTNAME',
'DEF_CREATOR_FIRSTNAME',$,$,$);
#50=PERSON('approverID','APPROVEDBY_LASTNAME','APPROVEDBY_FIRSTNAME',$,
$,$);
#51=PERSON('SECURITY_approverID','SECURITY_LASTNAME',
'SECURITY_APPROVEDBY_FIRSTNAME',$,$,$);
#52=PERSON('classifierID','CLASSOFFICER_LASTNAME',
'CLASSOFFICER_FIRSTNAME',$,$,$);
#53=PERSON('createrID','CREATOR_LASTNAME','CREATOR_FIRSTNAME',$,$,$);
#54=PERSON('supplierID','SUPPLIER_LASTNAME','SUPPLIER_FIRSTNAME',$,$,$);
#55=PERSON('ownerID','OWNER_LASTNAME','OWNER_FIRSTNAME',$,$,$);
#56=PERSON_AND_ORGANIZATION(#48,#40);
#57=PERSON_AND_ORGANIZATION(#49,#41);
#58=PERSON_AND_ORGANIZATION(#50,#42);
#59=PERSON_AND_ORGANIZATION(#51,#43);
#60=PERSON_AND_ORGANIZATION(#52,#44);
#61=PERSON_AND_ORGANIZATION(#53,#45);
#62=PERSON_AND_ORGANIZATION(#54,#46);
#63=PERSON_AND_ORGANIZATION(#55,#47);
#64=APPROVAL_ROLE('definition_approval');
#65=APPROVAL_ROLE('version_approval');
#66=APPROVAL_ROLE('security_approval');
#67=APPROVAL_DATE_TIME(#85,#93);
#68=APPROVAL_DATE_TIME(#87,#94);
#69=APPROVAL_DATE_TIME(#88,#95);
#70=COORDINATED_UNIVERSAL_TIME_OFFSET(4,0,.BEHIND.);
#71=COORDINATED_UNIVERSAL_TIME_OFFSET(4,0,.BEHIND.);
#72=COORDINATED_UNIVERSAL_TIME_OFFSET(4,0,.BEHIND.);
#73=COORDINATED_UNIVERSAL_TIME_OFFSET(4,0,.BEHIND.);
#74=COORDINATED_UNIVERSAL_TIME_OFFSET(4,0,.BEHIND.);
#75=LOCAL_TIME(14,22,43.,#70);
#76=LOCAL_TIME(14,22,43.,#71);
#77=LOCAL_TIME(14,22,43.,#72);
#78=LOCAL_TIME(14,22,43.,#73);
#79=LOCAL_TIME(14,22,43.,#74);
#80=CALENDAR_DATE(2026,16,6);
#81=CALENDAR_DATE(2026,16,6);
#82=CALENDAR_DATE(2026,16,6);
#83=CALENDAR_DATE(2026,16,6);
#84=CALENDAR_DATE(2026,16,6);
#85=DATE_AND_TIME(#80,#75);
#86=DATE_AND_TIME(#81,#76);
#87=DATE_AND_TIME(#82,#77);
#88=DATE_AND_TIME(#83,#78);
#89=DATE_AND_TIME(#84,#79);
#90=APPROVAL_STATUS('not_yet_approved');
#91=APPROVAL_STATUS('not_yet_approved');
#92=APPROVAL_STATUS('not_yet_approved');
#93=APPROVAL(#90,'defintion approval');
#94=APPROVAL(#91,'version approval');
#95=APPROVAL(#92,'security approval');
#96=PRODUCT_DEFINITION('DefinitionID','DefinitionDesc',#97,#19);
#97=PRODUCT_DEFINITION_FORMATION_WITH_SPECIFIED_SOURCE(
'PRODUCT_VERSION_ID','PRODUCT_VERSION_DESCR',#98,.NOT_KNOWN.);
#98=PRODUCT('','lid','',(#10));
#99=(
LENGTH_UNIT()
NAMED_UNIT(*)
SI_UNIT(.CENTI.,.METRE.)
);
#100=(
NAMED_UNIT(*)
PLANE_ANGLE_UNIT()
SI_UNIT($,.RADIAN.)
);
#101=(
NAMED_UNIT(*)
SI_UNIT($,.STERADIAN.)
SOLID_ANGLE_UNIT()
);
#102=UNCERTAINTY_MEASURE_WITH_UNIT(LENGTH_MEASURE(1.E-6),#99,
'DISTANCE_ACCURACY_VALUE',
'Maximum model space distance between geometric entities at asserted c
onnectivities');
#103=(
GEOMETRIC_REPRESENTATION_CONTEXT(3)
GLOBAL_UNCERTAINTY_ASSIGNED_CONTEXT((#102))
GLOBAL_UNIT_ASSIGNED_CONTEXT((#101,#100,#99))
REPRESENTATION_CONTEXT('ID1','3D')
);
#104=TOROIDAL_SURFACE('',#1610,0.797949693062948,0.127);
#105=TOROIDAL_SURFACE('',#1626,0.393699999999996,0.254);
#106=TOROIDAL_SURFACE('',#1646,0.393700000000006,0.254);
#107=TOROIDAL_SURFACE('',#1666,0.393700000000003,0.254);
#108=TOROIDAL_SURFACE('',#1670,0.393700000000016,0.254);
#109=TOROIDAL_SURFACE('',#1706,0.393699999999996,0.254);
#110=TOROIDAL_SURFACE('',#1710,0.393700000000006,0.254);
#111=TOROIDAL_SURFACE('',#1714,0.393700000000003,0.254);
#112=TOROIDAL_SURFACE('',#1718,0.393700000000016,0.254);
#113=B_SPLINE_SURFACE_WITH_KNOTS('',3,3,((#2273,#2274,#2275,#2276,#2277,
#2278,#2279,#2280,#2281,#2282),(#2283,#2284,#2285,#2286,#2287,#2288,#2289,
#2290,#2291,#2292),(#2293,#2294,#2295,#2296,#2297,#2298,#2299,#2300,#2301,
#2302),(#2303,#2304,#2305,#2306,#2307,#2308,#2309,#2310,#2311,#2312),(#2313,
#2314,#2315,#2316,#2317,#2318,#2319,#2320,#2321,#2322),(#2323,#2324,#2325,
#2326,#2327,#2328,#2329,#2330,#2331,#2332)),.UNSPECIFIED.,.F.,.F.,.U.,(4,
2,4),(4,2,2,2,4),(0.,0.5,1.),(0.,0.0288317676042877,0.0749625957711479,
0.148771920838124,0.251492579264028),.UNSPECIFIED.);
#114=B_SPLINE_SURFACE_WITH_KNOTS('',3,3,((#2362,#2363,#2364,#2365,#2366,
#2367,#2368,#2369,#2370,#2371),(#2372,#2373,#2374,#2375,#2376,#2377,#2378,
#2379,#2380,#2381),(#2382,#2383,#2384,#2385,#2386,#2387,#2388,#2389,#2390,
#2391),(#2392,#2393,#2394,#2395,#2396,#2397,#2398,#2399,#2400,#2401),(#2402,
#2403,#2404,#2405,#2406,#2407,#2408,#2409,#2410,#2411),(#2412,#2413,#2414,
#2415,#2416,#2417,#2418,#2419,#2420,#2421)),.UNSPECIFIED.,.F.,.F.,.U.,(4,
2,4),(4,2,2,2,4),(0.,0.5,1.),(0.,0.032202509153209,0.0837265237983434,0.166164947230559,
0.25117957139503),.UNSPECIFIED.);
#115=CIRCLE('',#1598,0.2286);
#116=CIRCLE('',#1599,0.2286);
#117=CIRCLE('',#1600,0.3048);
#118=CIRCLE('',#1601,0.3048);
#119=CIRCLE('',#1602,0.2286);
#120=CIRCLE('',#1603,0.2286);
#121=CIRCLE('',#1604,0.4064);
#122=CIRCLE('',#1606,0.127);
#123=CIRCLE('',#1607,0.127);
#124=CIRCLE('',#1608,0.127);
#125=CIRCLE('',#1609,0.127);
#126=CIRCLE('',#1611,0.127);
#127=CIRCLE('',#1612,0.797949693062948);
#128=CIRCLE('',#1613,0.670949693062948);
#129=CIRCLE('',#1614,0.127);
#130=CIRCLE('',#1616,0.127);
#131=CIRCLE('',#1617,0.127);
#132=CIRCLE('',#1619,0.670949693062948);
#133=CIRCLE('',#1623,0.3048);
#134=CIRCLE('',#1627,0.3048);
#135=CIRCLE('',#1628,0.393699999999996);
#136=CIRCLE('',#1630,0.3048);
#137=CIRCLE('',#1631,0.3048);
#138=CIRCLE('',#1632,0.3048);
#139=CIRCLE('',#1634,0.406399999999999);
#140=CIRCLE('',#1635,0.406399999999999);
#141=CIRCLE('',#1637,0.3048);
#142=CIRCLE('',#1639,0.393700000000003);
#143=CIRCLE('',#1640,0.4064);
#144=CIRCLE('',#1643,0.393700000000016);
#145=CIRCLE('',#1647,0.393700000000006);
#146=CIRCLE('',#1648,0.647700000000006);
#147=CIRCLE('',#1650,0.4064);
#148=CIRCLE('',#1651,0.3048);
#149=CIRCLE('',#1652,0.3048);
#150=CIRCLE('',#1653,0.647699999999997);
#151=CIRCLE('',#1654,0.393699999999996);
#152=CIRCLE('',#1657,0.2286);
#153=CIRCLE('',#1658,0.2286);
#154=CIRCLE('',#1659,0.3048);
#155=CIRCLE('',#1660,0.4064);
#156=CIRCLE('',#1661,0.3048);
#157=CIRCLE('',#1662,0.3048);
#158=CIRCLE('',#1663,0.4064);
#159=CIRCLE('',#1664,0.1524);
#160=CIRCLE('',#1665,0.1524);
#161=CIRCLE('',#1667,0.647700000000003);
#162=CIRCLE('',#1669,0.3048);
#163=CIRCLE('',#1671,0.647700000000016);
#164=CIRCLE('',#1674,0.3048);
#165=CIRCLE('',#1676,0.2286);
#166=CIRCLE('',#1677,0.2286);
#167=CIRCLE('',#1678,0.3048);
#168=CIRCLE('',#1679,0.4064);
#169=CIRCLE('',#1680,0.1524);
#170=CIRCLE('',#1681,0.1524);
#171=CIRCLE('',#1691,0.3048);
#172=CIRCLE('',#1692,0.4064);
#173=CIRCLE('',#1707,0.647699999999996);
#174=CIRCLE('',#1708,0.393699999999996);
#175=CIRCLE('',#1711,0.647700000000006);
#176=CIRCLE('',#1712,0.393700000000006);
#177=CIRCLE('',#1715,0.647700000000003);
#178=CIRCLE('',#1716,0.393700000000003);
#179=CIRCLE('',#1719,0.647700000000016);
#180=CIRCLE('',#1720,0.393700000000016);
#181=CIRCLE('',#1727,0.1524);
#182=CIRCLE('',#1728,0.1524);
#183=CIRCLE('',#1729,0.1524);
#184=CIRCLE('',#1730,0.1524);
#185=PLANE('',#1597);
#186=PLANE('',#1620);
#187=PLANE('',#1621);
#188=PLANE('',#1622);
#189=PLANE('',#1624);
#190=PLANE('',#1638);
#191=PLANE('',#1641);
#192=PLANE('',#1642);
#193=PLANE('',#1644);
#194=PLANE('',#1645);
#195=PLANE('',#1649);
#196=PLANE('',#1656);
#197=PLANE('',#1668);
#198=PLANE('',#1672);
#199=PLANE('',#1675);
#200=PLANE('',#1682);
#201=PLANE('',#1683);
#202=PLANE('',#1684);
#203=PLANE('',#1686);
#204=PLANE('',#1690);
#205=PLANE('',#1695);
#206=PLANE('',#1696);
#207=PLANE('',#1697);
#208=PLANE('',#1698);
#209=PLANE('',#1701);
#210=PLANE('',#1722);
#211=PLANE('',#1724);
#212=PLANE('',#1726);
#213=PLANE('',#1736);
#214=PLANE('',#1738);
#215=PLANE('',#1739);
#216=PLANE('',#1740);
#217=PLANE('',#1742);
#218=PLANE('',#1743);
#219=PLANE('',#1744);
#220=PLANE('',#1745);
#221=PLANE('',#1746);
#222=VECTOR('',#1751,1.);
#223=VECTOR('',#1754,1.);
#224=VECTOR('',#1756,1.);
#225=VECTOR('',#1757,1.);
#226=VECTOR('',#1758,1.);
#227=VECTOR('',#1761,1.);
#228=VECTOR('',#1764,1.);
#229=VECTOR('',#1765,1.);
#230=VECTOR('',#1766,1.);
#231=VECTOR('',#1769,1.);
#232=VECTOR('',#1772,1.);
#233=VECTOR('',#1773,1.);
#234=VECTOR('',#1774,1.);
#235=VECTOR('',#1777,1.);
#236=VECTOR('',#1780,1.);
#237=VECTOR('',#1781,1.);
#238=VECTOR('',#1782,1.);
#239=VECTOR('',#1783,1.);
#240=VECTOR('',#1786,1.);
#241=VECTOR('',#1787,1.);
#242=VECTOR('',#1788,1.);
#243=VECTOR('',#1789,1.);
#244=VECTOR('',#1790,1.);
#245=VECTOR('',#1795,1.);
#246=VECTOR('',#1798,1.);
#247=VECTOR('',#1801,1.);
#248=VECTOR('',#1817,1.);
#249=VECTOR('',#1820,1.);
#250=VECTOR('',#1826,1.);
#251=VECTOR('',#1827,1.);
#252=VECTOR('',#1828,1.);
#253=VECTOR('',#1830,1.);
#254=VECTOR('',#1831,1.);
#255=VECTOR('',#1833,1.);
#256=VECTOR('',#1834,1.);
#257=VECTOR('',#1835,1.);
#258=VECTOR('',#1841,1.);
#259=VECTOR('',#1851,1.);
#260=VECTOR('',#1854,1.);
#261=VECTOR('',#1859,1.);
#262=VECTOR('',#1862,1.);
#263=VECTOR('',#1867,1.);
#264=VECTOR('',#1876,1.);
#265=VECTOR('',#1881,1.);
#266=VECTOR('',#1882,1.);
#267=VECTOR('',#1883,1.);
#268=VECTOR('',#1885,1.);
#269=VECTOR('',#1886,1.);
#270=VECTOR('',#1893,1.);
#271=VECTOR('',#1898,1.);
#272=VECTOR('',#1907,1.);
#273=VECTOR('',#1909,1.);
#274=VECTOR('',#1910,1.);
#275=VECTOR('',#1913,1.);
#276=VECTOR('',#1916,1.);
#277=VECTOR('',#1917,1.);
#278=VECTOR('',#1918,1.);
#279=VECTOR('',#1925,1.);
#280=VECTOR('',#1938,1.);
#281=VECTOR('',#1941,1.);
#282=VECTOR('',#1946,1.);
#283=VECTOR('',#1947,1.);
#284=VECTOR('',#1953,1.);
#285=VECTOR('',#1954,1.);
#286=VECTOR('',#1955,1.);
#287=VECTOR('',#1958,1.);
#288=VECTOR('',#1970,1.);
#289=VECTOR('',#1972,1.);
#290=VECTOR('',#1974,1.);
#291=VECTOR('',#1977,1.);
#292=VECTOR('',#1979,1.);
#293=VECTOR('',#1984,1.);
#294=VECTOR('',#1994,1.);
#295=VECTOR('',#1997,1.);
#296=VECTOR('',#1998,1.);
#297=VECTOR('',#2001,1.);
#298=VECTOR('',#2003,1.);
#299=VECTOR('',#2005,1.);
#300=VECTOR('',#2008,1.);
#301=VECTOR('',#2009,1.);
#302=VECTOR('',#2012,1.);
#303=VECTOR('',#2014,1.);
#304=VECTOR('',#2017,1.);
#305=VECTOR('',#2020,1.);
#306=VECTOR('',#2025,1.);
#307=VECTOR('',#2033,1.);
#308=VECTOR('',#2034,1.);
#309=VECTOR('',#2042,1.);
#310=VECTOR('',#2043,1.);
#311=VECTOR('',#2051,1.);
#312=VECTOR('',#2052,1.);
#313=VECTOR('',#2060,1.);
#314=VECTOR('',#2061,1.);
#315=VECTOR('',#2063,1.);
#316=VECTOR('',#2064,1.);
#317=VECTOR('',#2065,1.);
#318=VECTOR('',#2068,1.);
#319=VECTOR('',#2070,1.);
#320=VECTOR('',#2073,1.);
#321=VECTOR('',#2093,1.);
#322=VECTOR('',#2094,1.);
#323=VECTOR('',#2098,1.);
#324=VECTOR('',#2101,1.);
#325=VECTOR('',#2106,1.);
#326=VECTOR('',#2107,1.);
#327=VECTOR('',#2108,1.);
#328=VECTOR('',#2109,1.);
#329=VECTOR('',#2111,1.);
#330=VECTOR('',#2112,1.);
#331=VECTOR('',#2114,1.);
#332=VECTOR('',#2116,1.);
#333=LINE('',#2161,#222);
#334=LINE('',#2204,#223);
#335=LINE('',#2206,#224);
#336=LINE('',#2208,#225);
#337=LINE('',#2210,#226);
#338=LINE('',#2214,#227);
#339=LINE('',#2218,#228);
#340=LINE('',#2220,#229);
#341=LINE('',#2222,#230);
#342=LINE('',#2226,#231);
#343=LINE('',#2230,#232);
#344=LINE('',#2232,#233);
#345=LINE('',#2234,#234);
#346=LINE('',#2238,#235);
#347=LINE('',#2242,#236);
#348=LINE('',#2244,#237);
#349=LINE('',#2246,#238);
#350=LINE('',#2248,#239);
#351=LINE('',#2252,#240);
#352=LINE('',#2254,#241);
#353=LINE('',#2256,#242);
#354=LINE('',#2258,#243);
#355=LINE('',#2260,#244);
#356=LINE('',#2264,#245);
#357=LINE('',#2268,#246);
#358=LINE('',#2272,#247);
#359=LINE('',#2447,#248);
#360=LINE('',#2450,#249);
#361=LINE('',#2454,#250);
#362=LINE('',#2456,#251);
#363=LINE('',#2458,#252);
#364=LINE('',#2460,#253);
#365=LINE('',#2462,#254);
#366=LINE('',#2464,#255);
#367=LINE('',#2466,#256);
#368=LINE('',#2468,#257);
#369=LINE('',#2473,#258);
#370=LINE('',#2544,#259);
#371=LINE('',#2548,#260);
#372=LINE('',#2560,#261);
#373=LINE('',#2564,#262);
#374=LINE('',#2590,#263);
#375=LINE('',#2598,#264);
#376=LINE('',#2602,#265);
#377=LINE('',#2604,#266);
#378=LINE('',#2606,#267);
#379=LINE('',#2608,#268);
#380=LINE('',#2610,#269);
#381=LINE('',#2642,#270);
#382=LINE('',#2648,#271);
#383=LINE('',#2699,#272);
#384=LINE('',#2701,#273);
#385=LINE('',#2704,#274);
#386=LINE('',#2707,#275);
#387=LINE('',#2711,#276);
#388=LINE('',#2713,#277);
#389=LINE('',#2715,#278);
#390=LINE('',#2723,#279);
#391=LINE('',#2769,#280);
#392=LINE('',#2773,#281);
#393=LINE('',#2810,#282);
#394=LINE('',#2812,#283);
#395=LINE('',#2822,#284);
#396=LINE('',#2824,#285);
#397=LINE('',#2826,#286);
#398=LINE('',#2830,#287);
#399=LINE('',#2841,#288);
#400=LINE('',#2843,#289);
#401=LINE('',#2845,#290);
#402=LINE('',#2847,#291);
#403=LINE('',#2849,#292);
#404=LINE('',#2852,#293);
#405=LINE('',#2859,#294);
#406=LINE('',#2861,#295);
#407=LINE('',#2862,#296);
#408=LINE('',#2865,#297);
#409=LINE('',#2867,#298);
#410=LINE('',#2869,#299);
#411=LINE('',#2871,#300);
#412=LINE('',#2872,#301);
#413=LINE('',#2874,#302);
#414=LINE('',#2876,#303);
#415=LINE('',#2878,#304);
#416=LINE('',#2880,#305);
#417=LINE('',#2883,#306);
#418=LINE('',#2920,#307);
#419=LINE('',#2922,#308);
#420=LINE('',#2958,#309);
#421=LINE('',#2960,#310);
#422=LINE('',#2996,#311);
#423=LINE('',#2998,#312);
#424=LINE('',#3034,#313);
#425=LINE('',#3035,#314);
#426=LINE('',#3037,#315);
#427=LINE('',#3038,#316);
#428=LINE('',#3039,#317);
#429=LINE('',#3041,#318);
#430=LINE('',#3043,#319);
#431=LINE('',#3045,#320);
#432=LINE('',#3060,#321);
#433=LINE('',#3061,#322);
#434=LINE('',#3064,#323);
#435=LINE('',#3067,#324);
#436=LINE('',#3071,#325);
#437=LINE('',#3074,#326);
#438=LINE('',#3076,#327);
#439=LINE('',#3078,#328);
#440=LINE('',#3080,#329);
#441=LINE('',#3081,#330);
#442=LINE('',#3083,#331);
#443=LINE('',#3085,#332);
#444=B_SPLINE_CURVE_WITH_KNOTS('',3,(#2122,#2123,#2124,#2125,#2126,#2127,
#2128,#2129,#2130,#2131,#2132,#2133,#2134,#2135,#2136,#2137,#2138,#2139,
#2140,#2141,#2142,#2143,#2144,#2145,#2146,#2147,#2148,#2149,#2150,#2151,
#2152,#2153,#2154,#2155,#2156,#2157,#2158,#2159),.UNSPECIFIED.,.T.,.U.,
(4,2,2,2,2,2,2,2,2,2,2,2,2,2,2,2,2,2,4),(0.,0.0463938972332349,0.0927877944664698,
0.162290588103364,0.231793381740257,0.331173070495936,0.430552759251614,
0.506075303498535,0.523458103417898,0.540840903337262,0.558223703256625,
0.575606503175989,0.65112904742291,0.750508736178588,0.849888424934266,
0.91939121857116,0.988894012208054,1.03528790944129,1.08168180667452),
 .UNSPECIFIED.);
#445=B_SPLINE_CURVE_WITH_KNOTS('',3,(#2163,#2164,#2165,#2166,#2167,#2168,
#2169,#2170,#2171,#2172,#2173,#2174,#2175,#2176,#2177,#2178,#2179,#2180,
#2181,#2182,#2183,#2184,#2185,#2186,#2187,#2188,#2189,#2190,#2191,#2192,
#2193,#2194,#2195,#2196,#2197,#2198,#2199,#2200),.UNSPECIFIED.,.T.,.U.,
(4,2,2,2,2,2,2,2,2,2,2,2,2,2,2,2,2,2,4),(0.,0.0463938972332351,0.0927877944664703,
0.162290588103364,0.231793381740258,0.331173070495936,0.430552759251614,
0.506075303498535,0.523458103417899,0.540840903337262,0.558223703256626,
0.575606503175989,0.65112904742291,0.750508736178588,0.849888424934267,
0.91939121857116,0.988894012208054,1.03528790944129,1.08168180667452),
 .UNSPECIFIED.);
#446=B_SPLINE_CURVE_WITH_KNOTS('',3,(#2336,#2337,#2338,#2339,#2340,#2341,
#2342,#2343,#2344,#2345),.UNSPECIFIED.,.F.,.U.,(4,2,2,2,4),(0.,0.0288317676042877,
0.0749625957711479,0.148771920838124,0.251492579264028),.UNSPECIFIED.);
#447=B_SPLINE_CURVE_WITH_KNOTS('',3,(#2346,#2347,#2348,#2349,#2350,#2351,
#2352,#2353,#2354,#2355),.UNSPECIFIED.,.F.,.U.,(4,2,2,2,4),(0.,0.0288317676042877,
0.0749625957711479,0.148771920838124,0.251492579264028),.UNSPECIFIED.);
#448=B_SPLINE_CURVE_WITH_KNOTS('',3,(#2424,#2425,#2426,#2427,#2428,#2429,
#2430,#2431,#2432,#2433),.UNSPECIFIED.,.F.,.U.,(4,2,2,2,4),(0.,0.032202509153209,
0.0837265237983434,0.166164947230559,0.25117957139503),.UNSPECIFIED.);
#449=B_SPLINE_CURVE_WITH_KNOTS('',3,(#2434,#2435,#2436,#2437,#2438,#2439,
#2440,#2441,#2442,#2443),.UNSPECIFIED.,.F.,.U.,(4,2,2,2,4),(0.,0.032202509153209,
0.0837265237983434,0.166164947230559,0.25117957139503),.UNSPECIFIED.);
#450=B_SPLINE_CURVE_WITH_KNOTS('',3,(#2475,#2476,#2477,#2478,#2479,#2480,
#2481,#2482,#2483,#2484,#2485,#2486),.UNSPECIFIED.,.F.,.U.,(4,2,2,2,2,4),
(0.,0.0894073267552001,0.182864844093452,0.286119104372159,0.358183124336567,
0.372732624726048),.UNSPECIFIED.);
#451=B_SPLINE_CURVE_WITH_KNOTS('',3,(#2488,#2489,#2490,#2491),
 .UNSPECIFIED.,.F.,.U.,(4,4),(2.28871659147244,2.34382257573024),
 .UNSPECIFIED.);
#452=B_SPLINE_CURVE_WITH_KNOTS('',3,(#2492,#2493,#2494,#2495),
 .UNSPECIFIED.,.F.,.U.,(4,4),(0.429799788841089,0.488466871151292),
 .UNSPECIFIED.);
#453=B_SPLINE_CURVE_WITH_KNOTS('',3,(#2497,#2498,#2499,#2500,#2501,#2502,
#2503,#2504,#2505,#2506,#2507,#2508),.UNSPECIFIED.,.F.,.U.,(4,2,2,2,2,4),
(0.0644334474208239,0.0733706314775684,0.145832011538473,0.249655614505091,
0.343628455414332,0.433528773040765),.UNSPECIFIED.);
#454=B_SPLINE_CURVE_WITH_KNOTS('',3,(#2516,#2517,#2518,#2519,#2520,#2521,
#2522,#2523,#2524,#2525,#2526,#2527,#2528,#2529),.UNSPECIFIED.,.F.,.U.,
(4,2,2,2,2,2,4),(0.,0.0886799974600149,0.18165996377578,0.285099305730176,
0.3590520852084,0.43402910590192,0.434834219260329),.UNSPECIFIED.);
#455=B_SPLINE_CURVE_WITH_KNOTS('',3,(#2531,#2532,#2533,#2534),
 .UNSPECIFIED.,.F.,.U.,(4,4),(-1.48412601002257,-1.47350348866921),
 .UNSPECIFIED.);
#456=B_SPLINE_CURVE_WITH_KNOTS('',3,(#2537,#2538,#2539,#2540),
 .UNSPECIFIED.,.F.,.U.,(4,4),(0.393615820943095,0.398575842820713),
 .UNSPECIFIED.);
#457=B_SPLINE_CURVE_WITH_KNOTS('',3,(#2552,#2553,#2554,#2555,#2556,#2557),
 .UNSPECIFIED.,.F.,.U.,(4,2,4),(0.452117759189472,0.492774877368851,0.507160259253126),
 .UNSPECIFIED.);
#458=B_SPLINE_CURVE_WITH_KNOTS('',3,(#2566,#2567,#2568,#2569,#2570,#2571,
#2572,#2573,#2574,#2575,#2576,#2577),.UNSPECIFIED.,.F.,.U.,(4,2,2,2,2,4),
(-1.02434157705137,-0.962712466591823,-0.80193028658412,-0.640849126287563,
-0.479792504636445,-0.452543571542906),.UNSPECIFIED.);
#459=B_SPLINE_CURVE_WITH_KNOTS('',3,(#2581,#2582,#2583,#2584),
 .UNSPECIFIED.,.F.,.U.,(4,4),(-1.49328957120577,-1.4809893072281),
 .UNSPECIFIED.);
#460=B_SPLINE_CURVE_WITH_KNOTS('',3,(#2586,#2587,#2588,#2589),
 .UNSPECIFIED.,.F.,.U.,(4,4),(0.382303921207595,0.38806724838579),
 .UNSPECIFIED.);
#461=B_SPLINE_CURVE_WITH_KNOTS('',3,(#2612,#2613,#2614,#2615,#2616,#2617,
#2618,#2619,#2620,#2621),.UNSPECIFIED.,.F.,.U.,(4,2,2,2,4),(-0.776211914084544,
-0.627097413917672,-0.471502267366306,-0.31534595595349,-0.199260856799466),
 .UNSPECIFIED.);
#462=B_SPLINE_CURVE_WITH_KNOTS('',3,(#2625,#2626,#2627,#2628,#2629,#2630,
#2631,#2632,#2633,#2634,#2635,#2636,#2637,#2638),.UNSPECIFIED.,.F.,.U.,
(4,2,2,2,2,2,4),(0.,0.0892619832799047,0.182624609875865,0.285917180113527,
0.358354676403163,0.431719625300189,0.43252294850384),.UNSPECIFIED.);
#463=B_SPLINE_CURVE_WITH_KNOTS('',3,(#2651,#2652,#2653,#2654,#2655,#2656,
#2657,#2658,#2659,#2660,#2661,#2662,#2663,#2664),.UNSPECIFIED.,.F.,.U.,
(4,2,2,2,2,2,4),(0.,0.0886799974600149,0.18165996377578,0.285099305730176,
0.3590520852084,0.43402910590192,0.434834219260329),.UNSPECIFIED.);
#464=B_SPLINE_CURVE_WITH_KNOTS('',3,(#2668,#2669,#2670,#2671,#2672,#2673,
#2674,#2675,#2676,#2677),.UNSPECIFIED.,.F.,.U.,(4,2,2,2,4),(0.0807962559812156,
0.146618536504228,0.250489260075223,0.344374459724131,0.434136063774668),
 .UNSPECIFIED.);
#465=B_SPLINE_CURVE_WITH_KNOTS('',3,(#2679,#2680,#2681,#2682,#2683,#2684,
#2685,#2686),.UNSPECIFIED.,.F.,.U.,(4,2,2,4),(-0.747561710537021,-0.622543294139498,
-0.468527969320321,-0.327925219795308),.UNSPECIFIED.);
#466=B_SPLINE_CURVE_WITH_KNOTS('',3,(#2690,#2691,#2692,#2693),
 .UNSPECIFIED.,.F.,.U.,(4,4),(0.369458776397012,0.387077835573968),
 .UNSPECIFIED.);
#467=B_SPLINE_CURVE_WITH_KNOTS('',3,(#2695,#2696,#2697,#2698),
 .UNSPECIFIED.,.F.,.U.,(4,4),(0.50792331443949,0.565098486842201),
 .UNSPECIFIED.);
#468=B_SPLINE_CURVE_WITH_KNOTS('',3,(#2733,#2734,#2735,#2736,#2737,#2738,
#2739,#2740,#2741,#2742,#2743,#2744),.UNSPECIFIED.,.F.,.U.,(4,2,2,2,2,4),
(-1.13014793795855,-1.12613629911047,-0.965562562342104,-0.804232922706083,
-0.642532944213975,-0.486972434821258),.UNSPECIFIED.);
#469=B_SPLINE_CURVE_WITH_KNOTS('',3,(#2746,#2747,#2748,#2749,#2750,#2751),
 .UNSPECIFIED.,.F.,.U.,(4,2,4),(-1.3754520262937,-1.3728015653892,-1.37231708168323),
 .UNSPECIFIED.);
#470=B_SPLINE_CURVE_WITH_KNOTS('',3,(#2754,#2755,#2756,#2757,#2758,#2759,
#2760,#2761,#2762,#2763,#2764,#2765,#2766,#2767),.UNSPECIFIED.,.F.,.U.,
(4,2,2,2,2,2,4),(-0.436452947282526,-0.347213207966366,-0.253660093405497,
-0.149617826997566,-0.0753210223239157,0.,0.000809750014827405),
 .UNSPECIFIED.);
#471=B_SPLINE_CURVE_WITH_KNOTS('',3,(#2775,#2776,#2777,#2778),
 .UNSPECIFIED.,.F.,.U.,(4,4),(-1.44640524863337,-1.42134530959503),
 .UNSPECIFIED.);
#472=B_SPLINE_CURVE_WITH_KNOTS('',3,(#2780,#2781,#2782,#2783,#2784,#2785,
#2786,#2787,#2788,#2789,#2790,#2791),.UNSPECIFIED.,.F.,.U.,(4,2,2,2,2,4),
(0.,0.0887152332370457,0.18171848987943,0.285149248436331,0.359009374047395,
0.38510350468249),.UNSPECIFIED.);
#473=B_SPLINE_CURVE_WITH_KNOTS('',3,(#2795,#2796,#2797,#2798,#2799,#2800,
#2801,#2802,#2803,#2804,#2805,#2806,#2807,#2808),.UNSPECIFIED.,.F.,.U.,
(4,2,2,2,2,2,4),(-0.433547452860031,-0.343651413779354,-0.249681272117695,
-0.14585620603471,-0.0733830865821313,0.,0.000807397801833683),
 .UNSPECIFIED.);
#474=B_SPLINE_CURVE_WITH_KNOTS('',3,(#2815,#2816,#2817,#2818,#2819,#2820),
 .UNSPECIFIED.,.F.,.U.,(4,2,4),(2.18974552862112,2.19884517539826,2.23937355722204),
 .UNSPECIFIED.);
#475=B_SPLINE_CURVE_WITH_KNOTS('',3,(#2888,#2889,#2890,#2891,#2892,#2893,
#2894,#2895,#2896,#2897,#2898,#2899,#2900,#2901),.UNSPECIFIED.,.F.,.U.,
(4,2,2,2,2,2,4),(-0.000809889824294929,0.,0.075421833672988,0.1498133497015,
0.253866361897542,0.347397946556186,0.43660405211436),.UNSPECIFIED.);
#476=B_SPLINE_CURVE_WITH_KNOTS('',3,(#2905,#2906,#2907,#2908,#2909,#2910,
#2911,#2912,#2913,#2914,#2915,#2916,#2917,#2918),.UNSPECIFIED.,.F.,.U.,
(4,2,2,2,2,2,4),(0.,0.0892619832799016,0.18262460987585,0.285917180113498,
0.358354676403125,0.43171962534129,0.432522948541479),.UNSPECIFIED.);
#477=B_SPLINE_CURVE_WITH_KNOTS('',3,(#2924,#2925,#2926,#2927,#2928,#2929,
#2930,#2931,#2932,#2933,#2934,#2935,#2936,#2937),.UNSPECIFIED.,.F.,.U.,
(4,2,2,2,2,2,4),(-0.434136062190599,-0.344374458478781,-0.250489259180417,
-0.146618535997242,-0.0737755899085621,0.,0.000807819590137388),
 .UNSPECIFIED.);
#478=B_SPLINE_CURVE_WITH_KNOTS('',3,(#2943,#2944,#2945,#2946,#2947,#2948,
#2949,#2950,#2951,#2952,#2953,#2954,#2955,#2956),.UNSPECIFIED.,.F.,.U.,
(4,2,2,2,2,2,4),(0.,0.0894073267551958,0.182864844093445,0.286119104372163,
0.358183124336584,0.43115140968931,0.431954367088504),.UNSPECIFIED.);
#479=B_SPLINE_CURVE_WITH_KNOTS('',3,(#2962,#2963,#2964,#2965,#2966,#2967,
#2968,#2969,#2970,#2971,#2972,#2973,#2974,#2975),.UNSPECIFIED.,.F.,.U.,
(4,2,2,2,2,2,4),(-0.433528773120932,-0.343628455477451,-0.249655614550386,
-0.14583201156407,-0.0733706314894216,0.,0.000807384903298157),
 .UNSPECIFIED.);
#480=B_SPLINE_CURVE_WITH_KNOTS('',3,(#2981,#2982,#2983,#2984,#2985,#2986,
#2987,#2988,#2989,#2990,#2991,#2992,#2993,#2994),.UNSPECIFIED.,.F.,.U.,
(4,2,2,2,2,2,4),(0.,0.088715233237044,0.181718489879419,0.285149248436309,
0.359009374047365,0.433887697475058,0.434692688188608),.UNSPECIFIED.);
#481=B_SPLINE_CURVE_WITH_KNOTS('',3,(#3000,#3001,#3002,#3003,#3004,#3005,
#3006,#3007,#3008,#3009,#3010,#3011,#3012,#3013),.UNSPECIFIED.,.F.,.U.,
(4,2,2,2,2,2,4),(-0.43645294729708,-0.347213207977869,-0.253660093413796,
-0.149617827002305,-0.0753210223261126,0.,0.000809750014856425),
 .UNSPECIFIED.);
#482=B_SPLINE_CURVE_WITH_KNOTS('',3,(#3019,#3020,#3021,#3022,#3023,#3024,
#3025,#3026,#3027,#3028,#3029,#3030,#3031,#3032),.UNSPECIFIED.,.F.,.U.,
(4,2,2,2,2,2,4),(0.,0.0894028434960163,0.182857437871816,0.286112889712694,
0.358188400740185,0.431168886596126,0.431971854777329),.UNSPECIFIED.);
#483=VERTEX_POINT('',#2120);
#484=VERTEX_POINT('',#2121);
#485=VERTEX_POINT('',#2160);
#486=VERTEX_POINT('',#2162);
#487=VERTEX_POINT('',#2201);
#488=VERTEX_POINT('',#2203);
#489=VERTEX_POINT('',#2207);
#490=VERTEX_POINT('',#2209);
#491=VERTEX_POINT('',#2211);
#492=VERTEX_POINT('',#2213);
#493=VERTEX_POINT('',#2215);
#494=VERTEX_POINT('',#2217);
#495=VERTEX_POINT('',#2219);
#496=VERTEX_POINT('',#2221);
#497=VERTEX_POINT('',#2223);
#498=VERTEX_POINT('',#2225);
#499=VERTEX_POINT('',#2227);
#500=VERTEX_POINT('',#2229);
#501=VERTEX_POINT('',#2231);
#502=VERTEX_POINT('',#2233);
#503=VERTEX_POINT('',#2235);
#504=VERTEX_POINT('',#2237);
#505=VERTEX_POINT('',#2239);
#506=VERTEX_POINT('',#2241);
#507=VERTEX_POINT('',#2243);
#508=VERTEX_POINT('',#2245);
#509=VERTEX_POINT('',#2247);
#510=VERTEX_POINT('',#2249);
#511=VERTEX_POINT('',#2251);
#512=VERTEX_POINT('',#2253);
#513=VERTEX_POINT('',#2255);
#514=VERTEX_POINT('',#2257);
#515=VERTEX_POINT('',#2259);
#516=VERTEX_POINT('',#2263);
#517=VERTEX_POINT('',#2265);
#518=VERTEX_POINT('',#2267);
#519=VERTEX_POINT('',#2269);
#520=VERTEX_POINT('',#2271);
#521=VERTEX_POINT('',#2334);
#522=VERTEX_POINT('',#2335);
#523=VERTEX_POINT('',#2358);
#524=VERTEX_POINT('',#2359);
#525=VERTEX_POINT('',#2423);
#526=VERTEX_POINT('',#2446);
#527=VERTEX_POINT('',#2449);
#528=VERTEX_POINT('',#2455);
#529=VERTEX_POINT('',#2457);
#530=VERTEX_POINT('',#2461);
#531=VERTEX_POINT('',#2465);
#532=VERTEX_POINT('',#2467);
#533=VERTEX_POINT('',#2469);
#534=VERTEX_POINT('',#2474);
#535=VERTEX_POINT('',#2487);
#536=VERTEX_POINT('',#2496);
#537=VERTEX_POINT('',#2509);
#538=VERTEX_POINT('',#2512);
#539=VERTEX_POINT('',#2513);
#540=VERTEX_POINT('',#2515);
#541=VERTEX_POINT('',#2535);
#542=VERTEX_POINT('',#2536);
#543=VERTEX_POINT('',#2541);
#544=VERTEX_POINT('',#2543);
#545=VERTEX_POINT('',#2545);
#546=VERTEX_POINT('',#2547);
#547=VERTEX_POINT('',#2549);
#548=VERTEX_POINT('',#2558);
#549=VERTEX_POINT('',#2559);
#550=VERTEX_POINT('',#2561);
#551=VERTEX_POINT('',#2563);
#552=VERTEX_POINT('',#2565);
#553=VERTEX_POINT('',#2578);
#554=VERTEX_POINT('',#2585);
#555=VERTEX_POINT('',#2591);
#556=VERTEX_POINT('',#2595);
#557=VERTEX_POINT('',#2603);
#558=VERTEX_POINT('',#2605);
#559=VERTEX_POINT('',#2609);
#560=VERTEX_POINT('',#2622);
#561=VERTEX_POINT('',#2624);
#562=VERTEX_POINT('',#2639);
#563=VERTEX_POINT('',#2643);
#564=VERTEX_POINT('',#2645);
#565=VERTEX_POINT('',#2647);
#566=VERTEX_POINT('',#2649);
#567=VERTEX_POINT('',#2665);
#568=VERTEX_POINT('',#2667);
#569=VERTEX_POINT('',#2678);
#570=VERTEX_POINT('',#2687);
#571=VERTEX_POINT('',#2694);
#572=VERTEX_POINT('',#2702);
#573=VERTEX_POINT('',#2703);
#574=VERTEX_POINT('',#2706);
#575=VERTEX_POINT('',#2708);
#576=VERTEX_POINT('',#2710);
#577=VERTEX_POINT('',#2712);
#578=VERTEX_POINT('',#2714);
#579=VERTEX_POINT('',#2716);
#580=VERTEX_POINT('',#2718);
#581=VERTEX_POINT('',#2720);
#582=VERTEX_POINT('',#2722);
#583=VERTEX_POINT('',#2724);
#584=VERTEX_POINT('',#2726);
#585=VERTEX_POINT('',#2729);
#586=VERTEX_POINT('',#2731);
#587=VERTEX_POINT('',#2745);
#588=VERTEX_POINT('',#2753);
#589=VERTEX_POINT('',#2770);
#590=VERTEX_POINT('',#2772);
#591=VERTEX_POINT('',#2779);
#592=VERTEX_POINT('',#2792);
#593=VERTEX_POINT('',#2794);
#594=VERTEX_POINT('',#2811);
#595=VERTEX_POINT('',#2823);
#596=VERTEX_POINT('',#2825);
#597=VERTEX_POINT('',#2827);
#598=VERTEX_POINT('',#2829);
#599=VERTEX_POINT('',#2831);
#600=VERTEX_POINT('',#2834);
#601=VERTEX_POINT('',#2837);
#602=VERTEX_POINT('',#2839);
#603=VERTEX_POINT('',#2856);
#604=VERTEX_POINT('',#2886);
#605=VERTEX_POINT('',#2887);
#606=VERTEX_POINT('',#2902);
#607=VERTEX_POINT('',#2904);
#608=VERTEX_POINT('',#2921);
#609=VERTEX_POINT('',#2923);
#610=VERTEX_POINT('',#2940);
#611=VERTEX_POINT('',#2942);
#612=VERTEX_POINT('',#2959);
#613=VERTEX_POINT('',#2961);
#614=VERTEX_POINT('',#2978);
#615=VERTEX_POINT('',#2980);
#616=VERTEX_POINT('',#2997);
#617=VERTEX_POINT('',#2999);
#618=VERTEX_POINT('',#3016);
#619=VERTEX_POINT('',#3018);
#620=VERTEX_POINT('',#3048);
#621=VERTEX_POINT('',#3050);
#622=VERTEX_POINT('',#3052);
#623=VERTEX_POINT('',#3054);
#624=VERTEX_POINT('',#3072);
#625=VERTEX_POINT('',#3073);
#626=VERTEX_POINT('',#3075);
#627=VERTEX_POINT('',#3077);
#628=ELLIPSE('',#1595,0.179605122421383,0.127);
#629=ELLIPSE('',#1596,0.179605122421383,0.127);
#630=EDGE_CURVE('',#483,#484,#628,.F.);
#631=EDGE_CURVE('',#484,#485,#444,.F.);
#632=EDGE_CURVE('',#485,#486,#333,.T.);
#633=EDGE_CURVE('',#487,#486,#445,.T.);
#634=EDGE_CURVE('',#488,#487,#629,.T.);
#635=EDGE_CURVE('',#488,#483,#334,.T.);
#636=EDGE_CURVE('',#489,#483,#335,.T.);
#637=EDGE_CURVE('',#488,#490,#336,.T.);
#638=EDGE_CURVE('',#490,#491,#337,.T.);
#639=EDGE_CURVE('',#491,#492,#115,.T.);
#640=EDGE_CURVE('',#492,#493,#338,.T.);
#641=EDGE_CURVE('',#493,#494,#116,.T.);
#642=EDGE_CURVE('',#494,#495,#339,.T.);
#643=EDGE_CURVE('',#495,#496,#340,.F.);
#644=EDGE_CURVE('',#496,#497,#341,.T.);
#645=EDGE_CURVE('',#497,#498,#117,.T.);
#646=EDGE_CURVE('',#499,#498,#342,.T.);
#647=EDGE_CURVE('',#499,#500,#118,.T.);
#648=EDGE_CURVE('',#500,#501,#343,.T.);
#649=EDGE_CURVE('',#501,#502,#344,.F.);
#650=EDGE_CURVE('',#502,#503,#345,.T.);
#651=EDGE_CURVE('',#503,#504,#119,.T.);
#652=EDGE_CURVE('',#504,#505,#346,.T.);
#653=EDGE_CURVE('',#505,#506,#120,.T.);
#654=EDGE_CURVE('',#506,#507,#347,.T.);
#655=EDGE_CURVE('',#507,#508,#348,.T.);
#656=EDGE_CURVE('',#508,#509,#349,.F.);
#657=EDGE_CURVE('',#509,#510,#350,.T.);
#658=EDGE_CURVE('',#510,#511,#121,.T.);
#659=EDGE_CURVE('',#512,#511,#351,.T.);
#660=EDGE_CURVE('',#513,#512,#352,.T.);
#661=EDGE_CURVE('',#513,#514,#353,.T.);
#662=EDGE_CURVE('',#514,#515,#354,.F.);
#663=EDGE_CURVE('',#515,#489,#355,.T.);
#664=EDGE_CURVE('',#516,#490,#122,.T.);
#665=EDGE_CURVE('',#487,#517,#356,.T.);
#666=EDGE_CURVE('',#517,#518,#123,.T.);
#667=EDGE_CURVE('',#518,#519,#357,.T.);
#668=EDGE_CURVE('',#519,#520,#124,.T.);
#669=EDGE_CURVE('',#520,#516,#358,.T.);
#670=EDGE_CURVE('',#521,#522,#125,.T.);
#671=EDGE_CURVE('',#522,#518,#446,.F.);
#672=EDGE_CURVE('',#517,#521,#447,.T.);
#673=EDGE_CURVE('',#523,#524,#126,.T.);
#674=EDGE_CURVE('',#524,#522,#127,.T.);
#675=EDGE_CURVE('',#521,#523,#128,.T.);
#676=EDGE_CURVE('',#525,#512,#129,.T.);
#677=EDGE_CURVE('',#512,#524,#448,.F.);
#678=EDGE_CURVE('',#523,#525,#449,.T.);
#679=EDGE_CURVE('',#526,#513,#130,.T.);
#680=EDGE_CURVE('',#525,#484,#359,.T.);
#681=EDGE_CURVE('',#489,#527,#131,.T.);
#682=EDGE_CURVE('',#527,#526,#360,.T.);
#683=EDGE_CURVE('',#485,#486,#132,.T.);
#684=EDGE_CURVE('',#528,#516,#361,.T.);
#685=EDGE_CURVE('',#528,#529,#362,.T.);
#686=EDGE_CURVE('',#529,#491,#363,.T.);
#687=EDGE_CURVE('',#520,#530,#364,.F.);
#688=EDGE_CURVE('',#530,#528,#365,.F.);
#689=EDGE_CURVE('',#531,#519,#366,.T.);
#690=EDGE_CURVE('',#531,#532,#367,.T.);
#691=EDGE_CURVE('',#530,#532,#368,.F.);
#692=EDGE_CURVE('',#533,#518,#351,.T.);
#693=EDGE_CURVE('',#533,#531,#133,.T.);
#694=EDGE_CURVE('',#522,#534,#369,.T.);
#695=EDGE_CURVE('',#535,#534,#450,.F.);
#696=EDGE_CURVE('',#535,#533,#451,.F.);
#697=EDGE_CURVE('',#511,#536,#452,.F.);
#698=EDGE_CURVE('',#537,#536,#453,.F.);
#699=EDGE_CURVE('',#537,#524,#369,.T.);
#700=EDGE_CURVE('',#538,#539,#134,.T.);
#701=EDGE_CURVE('',#538,#540,#135,.T.);
#702=EDGE_CURVE('',#540,#539,#454,.F.);
#703=EDGE_CURVE('',#541,#542,#455,.T.);
#704=EDGE_CURVE('',#542,#543,#456,.T.);
#705=EDGE_CURVE('',#544,#543,#136,.T.);
#706=EDGE_CURVE('',#545,#544,#370,.T.);
#707=EDGE_CURVE('',#546,#545,#137,.F.);
#708=EDGE_CURVE('',#547,#546,#371,.T.);
#709=EDGE_CURVE('',#541,#547,#138,.T.);
#710=EDGE_CURVE('',#548,#549,#457,.T.);
#711=EDGE_CURVE('',#549,#550,#372,.T.);
#712=EDGE_CURVE('',#550,#551,#139,.T.);
#713=EDGE_CURVE('',#551,#552,#373,.T.);
#714=EDGE_CURVE('',#553,#552,#458,.F.);
#715=EDGE_CURVE('',#548,#553,#140,.T.);
#716=EDGE_CURVE('',#549,#554,#459,.T.);
#717=EDGE_CURVE('',#554,#498,#460,.T.);
#718=EDGE_CURVE('',#555,#497,#374,.T.);
#719=EDGE_CURVE('',#550,#555,#141,.F.);
#720=EDGE_CURVE('',#556,#541,#142,.T.);
#721=EDGE_CURVE('',#547,#556,#143,.T.);
#722=EDGE_CURVE('',#539,#499,#134,.T.);
#723=EDGE_CURVE('',#540,#499,#375,.T.);
#724=EDGE_CURVE('',#548,#553,#144,.T.);
#725=EDGE_CURVE('',#507,#557,#376,.T.);
#726=EDGE_CURVE('',#506,#558,#377,.F.);
#727=EDGE_CURVE('',#557,#558,#378,.F.);
#728=EDGE_CURVE('',#557,#559,#379,.T.);
#729=EDGE_CURVE('',#508,#559,#380,.T.);
#730=EDGE_CURVE('',#536,#560,#461,.F.);
#731=EDGE_CURVE('',#560,#561,#145,.T.);
#732=EDGE_CURVE('',#561,#562,#462,.F.);
#733=EDGE_CURVE('',#562,#537,#146,.T.);
#734=EDGE_CURVE('',#561,#563,#381,.T.);
#735=EDGE_CURVE('',#560,#564,#147,.T.);
#736=EDGE_CURVE('',#564,#565,#148,.T.);
#737=EDGE_CURVE('',#565,#566,#382,.T.);
#738=EDGE_CURVE('',#566,#563,#149,.T.);
#739=EDGE_CURVE('',#539,#567,#463,.F.);
#740=EDGE_CURVE('',#567,#568,#150,.T.);
#741=EDGE_CURVE('',#568,#569,#464,.F.);
#742=EDGE_CURVE('',#569,#570,#465,.F.);
#743=EDGE_CURVE('',#570,#538,#151,.T.);
#744=EDGE_CURVE('',#563,#571,#466,.F.);
#745=EDGE_CURVE('',#571,#569,#467,.F.);
#746=EDGE_CURVE('',#568,#562,#383,.T.);
#747=EDGE_CURVE('',#572,#573,#384,.F.);
#748=EDGE_CURVE('',#559,#573,#385,.F.);
#749=EDGE_CURVE('',#558,#574,#152,.F.);
#750=EDGE_CURVE('',#575,#574,#386,.T.);
#751=EDGE_CURVE('',#575,#576,#153,.F.);
#752=EDGE_CURVE('',#577,#576,#387,.T.);
#753=EDGE_CURVE('',#578,#577,#388,.F.);
#754=EDGE_CURVE('',#578,#579,#389,.F.);
#755=EDGE_CURVE('',#579,#580,#154,.F.);
#756=EDGE_CURVE('',#581,#580,#155,.T.);
#757=EDGE_CURVE('',#581,#582,#156,.F.);
#758=EDGE_CURVE('',#582,#583,#390,.F.);
#759=EDGE_CURVE('',#583,#584,#157,.F.);
#760=EDGE_CURVE('',#572,#584,#158,.T.);
#761=EDGE_CURVE('',#585,#585,#159,.T.);
#762=EDGE_CURVE('',#586,#586,#160,.T.);
#763=EDGE_CURVE('',#556,#587,#468,.F.);
#764=EDGE_CURVE('',#587,#535,#469,.T.);
#765=EDGE_CURVE('',#534,#588,#161,.T.);
#766=EDGE_CURVE('',#542,#588,#470,.F.);
#767=EDGE_CURVE('',#589,#543,#391,.T.);
#768=EDGE_CURVE('',#589,#590,#162,.T.);
#769=EDGE_CURVE('',#590,#544,#392,.T.);
#770=EDGE_CURVE('',#552,#591,#471,.F.);
#771=EDGE_CURVE('',#591,#592,#472,.F.);
#772=EDGE_CURVE('',#592,#593,#163,.T.);
#773=EDGE_CURVE('',#554,#593,#473,.F.);
#774=EDGE_CURVE('',#590,#594,#393,.T.);
#775=EDGE_CURVE('',#545,#594,#394,.F.);
#776=EDGE_CURVE('',#594,#551,#164,.F.);
#777=EDGE_CURVE('',#591,#589,#474,.F.);
#778=EDGE_CURVE('',#555,#595,#395,.F.);
#779=EDGE_CURVE('',#596,#595,#396,.F.);
#780=EDGE_CURVE('',#597,#596,#397,.T.);
#781=EDGE_CURVE('',#597,#598,#165,.F.);
#782=EDGE_CURVE('',#599,#598,#398,.T.);
#783=EDGE_CURVE('',#599,#529,#166,.F.);
#784=EDGE_CURVE('',#532,#600,#167,.F.);
#785=EDGE_CURVE('',#546,#600,#168,.T.);
#786=EDGE_CURVE('',#601,#601,#169,.T.);
#787=EDGE_CURVE('',#602,#602,#170,.T.);
#788=EDGE_CURVE('',#595,#496,#399,.F.);
#789=EDGE_CURVE('',#495,#596,#400,.F.);
#790=EDGE_CURVE('',#494,#597,#401,.T.);
#791=EDGE_CURVE('',#598,#493,#402,.T.);
#792=EDGE_CURVE('',#492,#599,#403,.T.);
#793=EDGE_CURVE('',#600,#587,#404,.T.);
#794=EDGE_CURVE('',#603,#538,#171,.T.);
#795=EDGE_CURVE('',#570,#603,#172,.T.);
#796=EDGE_CURVE('',#574,#505,#405,.T.);
#797=EDGE_CURVE('',#576,#503,#406,.T.);
#798=EDGE_CURVE('',#504,#575,#407,.T.);
#799=EDGE_CURVE('',#577,#502,#408,.T.);
#800=EDGE_CURVE('',#501,#578,#409,.T.);
#801=EDGE_CURVE('',#500,#579,#410,.T.);
#802=EDGE_CURVE('',#510,#572,#411,.T.);
#803=EDGE_CURVE('',#584,#564,#412,.T.);
#804=EDGE_CURVE('',#565,#583,#413,.T.);
#805=EDGE_CURVE('',#582,#566,#414,.T.);
#806=EDGE_CURVE('',#571,#581,#415,.T.);
#807=EDGE_CURVE('',#580,#603,#416,.T.);
#808=EDGE_CURVE('',#593,#567,#417,.T.);
#809=EDGE_CURVE('',#604,#605,#173,.T.);
#810=EDGE_CURVE('',#605,#606,#475,.F.);
#811=EDGE_CURVE('',#606,#607,#174,.T.);
#812=EDGE_CURVE('',#607,#604,#476,.F.);
#813=EDGE_CURVE('',#608,#604,#418,.T.);
#814=EDGE_CURVE('',#607,#609,#419,.T.);
#815=EDGE_CURVE('',#609,#608,#477,.F.);
#816=EDGE_CURVE('',#610,#608,#175,.T.);
#817=EDGE_CURVE('',#609,#611,#176,.T.);
#818=EDGE_CURVE('',#611,#610,#478,.F.);
#819=EDGE_CURVE('',#612,#610,#420,.T.);
#820=EDGE_CURVE('',#611,#613,#421,.T.);
#821=EDGE_CURVE('',#613,#612,#479,.F.);
#822=EDGE_CURVE('',#614,#612,#177,.T.);
#823=EDGE_CURVE('',#613,#615,#178,.T.);
#824=EDGE_CURVE('',#615,#614,#480,.F.);
#825=EDGE_CURVE('',#616,#614,#422,.T.);
#826=EDGE_CURVE('',#615,#617,#423,.T.);
#827=EDGE_CURVE('',#617,#616,#481,.F.);
#828=EDGE_CURVE('',#618,#616,#179,.T.);
#829=EDGE_CURVE('',#617,#619,#180,.T.);
#830=EDGE_CURVE('',#619,#618,#482,.F.);
#831=EDGE_CURVE('',#605,#618,#424,.T.);
#832=EDGE_CURVE('',#619,#606,#425,.T.);
#833=EDGE_CURVE('',#616,#592,#426,.T.);
#834=EDGE_CURVE('',#588,#592,#427,.T.);
#835=EDGE_CURVE('',#614,#588,#428,.T.);
#836=EDGE_CURVE('',#618,#593,#429,.T.);
#837=EDGE_CURVE('',#605,#567,#430,.T.);
#838=EDGE_CURVE('',#604,#568,#431,.T.);
#839=EDGE_CURVE('',#620,#620,#181,.T.);
#840=EDGE_CURVE('',#621,#621,#182,.T.);
#841=EDGE_CURVE('',#622,#622,#183,.T.);
#842=EDGE_CURVE('',#623,#623,#184,.T.);
#843=EDGE_CURVE('',#610,#537,#432,.T.);
#844=EDGE_CURVE('',#608,#562,#433,.T.);
#845=EDGE_CURVE('',#612,#534,#434,.T.);
#846=EDGE_CURVE('',#573,#509,#435,.T.);
#847=EDGE_CURVE('',#624,#625,#436,.F.);
#848=EDGE_CURVE('',#624,#626,#437,.F.);
#849=EDGE_CURVE('',#627,#626,#438,.F.);
#850=EDGE_CURVE('',#625,#627,#439,.T.);
#851=EDGE_CURVE('',#514,#624,#440,.F.);
#852=EDGE_CURVE('',#625,#515,#441,.F.);
#853=EDGE_CURVE('',#626,#526,#442,.T.);
#854=EDGE_CURVE('',#527,#627,#443,.F.);
#855=ORIENTED_EDGE('',*,*,#630,.T.);
#856=ORIENTED_EDGE('',*,*,#631,.T.);
#857=ORIENTED_EDGE('',*,*,#632,.T.);
#858=ORIENTED_EDGE('',*,*,#633,.F.);
#859=ORIENTED_EDGE('',*,*,#634,.F.);
#860=ORIENTED_EDGE('',*,*,#635,.T.);
#861=ORIENTED_EDGE('',*,*,#636,.T.);
#862=ORIENTED_EDGE('',*,*,#635,.F.);
#863=ORIENTED_EDGE('',*,*,#637,.T.);
#864=ORIENTED_EDGE('',*,*,#638,.T.);
#865=ORIENTED_EDGE('',*,*,#639,.T.);
#866=ORIENTED_EDGE('',*,*,#640,.T.);
#867=ORIENTED_EDGE('',*,*,#641,.T.);
#868=ORIENTED_EDGE('',*,*,#642,.T.);
#869=ORIENTED_EDGE('',*,*,#643,.T.);
#870=ORIENTED_EDGE('',*,*,#644,.T.);
#871=ORIENTED_EDGE('',*,*,#645,.T.);
#872=ORIENTED_EDGE('',*,*,#646,.F.);
#873=ORIENTED_EDGE('',*,*,#647,.T.);
#874=ORIENTED_EDGE('',*,*,#648,.T.);
#875=ORIENTED_EDGE('',*,*,#649,.T.);
#876=ORIENTED_EDGE('',*,*,#650,.T.);
#877=ORIENTED_EDGE('',*,*,#651,.T.);
#878=ORIENTED_EDGE('',*,*,#652,.T.);
#879=ORIENTED_EDGE('',*,*,#653,.T.);
#880=ORIENTED_EDGE('',*,*,#654,.T.);
#881=ORIENTED_EDGE('',*,*,#655,.T.);
#882=ORIENTED_EDGE('',*,*,#656,.T.);
#883=ORIENTED_EDGE('',*,*,#657,.T.);
#884=ORIENTED_EDGE('',*,*,#658,.T.);
#885=ORIENTED_EDGE('',*,*,#659,.F.);
#886=ORIENTED_EDGE('',*,*,#660,.F.);
#887=ORIENTED_EDGE('',*,*,#661,.T.);
#888=ORIENTED_EDGE('',*,*,#662,.T.);
#889=ORIENTED_EDGE('',*,*,#663,.T.);
#890=ORIENTED_EDGE('',*,*,#664,.T.);
#891=ORIENTED_EDGE('',*,*,#637,.F.);
#892=ORIENTED_EDGE('',*,*,#634,.T.);
#893=ORIENTED_EDGE('',*,*,#665,.T.);
#894=ORIENTED_EDGE('',*,*,#666,.T.);
#895=ORIENTED_EDGE('',*,*,#667,.T.);
#896=ORIENTED_EDGE('',*,*,#668,.T.);
#897=ORIENTED_EDGE('',*,*,#669,.T.);
#898=ORIENTED_EDGE('',*,*,#670,.T.);
#899=ORIENTED_EDGE('',*,*,#671,.T.);
#900=ORIENTED_EDGE('',*,*,#666,.F.);
#901=ORIENTED_EDGE('',*,*,#672,.T.);
#902=ORIENTED_EDGE('',*,*,#673,.T.);
#903=ORIENTED_EDGE('',*,*,#674,.T.);
#904=ORIENTED_EDGE('',*,*,#670,.F.);
#905=ORIENTED_EDGE('',*,*,#675,.T.);
#906=ORIENTED_EDGE('',*,*,#676,.T.);
#907=ORIENTED_EDGE('',*,*,#677,.T.);
#908=ORIENTED_EDGE('',*,*,#673,.F.);
#909=ORIENTED_EDGE('',*,*,#678,.T.);
#910=ORIENTED_EDGE('',*,*,#679,.T.);
#911=ORIENTED_EDGE('',*,*,#660,.T.);
#912=ORIENTED_EDGE('',*,*,#676,.F.);
#913=ORIENTED_EDGE('',*,*,#680,.T.);
#914=ORIENTED_EDGE('',*,*,#630,.F.);
#915=ORIENTED_EDGE('',*,*,#636,.F.);
#916=ORIENTED_EDGE('',*,*,#681,.T.);
#917=ORIENTED_EDGE('',*,*,#682,.T.);
#918=ORIENTED_EDGE('',*,*,#680,.F.);
#919=ORIENTED_EDGE('',*,*,#678,.F.);
#920=ORIENTED_EDGE('',*,*,#675,.F.);
#921=ORIENTED_EDGE('',*,*,#672,.F.);
#922=ORIENTED_EDGE('',*,*,#665,.F.);
#923=ORIENTED_EDGE('',*,*,#633,.T.);
#924=ORIENTED_EDGE('',*,*,#683,.F.);
#925=ORIENTED_EDGE('',*,*,#631,.F.);
#926=ORIENTED_EDGE('',*,*,#664,.F.);
#927=ORIENTED_EDGE('',*,*,#684,.F.);
#928=ORIENTED_EDGE('',*,*,#685,.T.);
#929=ORIENTED_EDGE('',*,*,#686,.T.);
#930=ORIENTED_EDGE('',*,*,#638,.F.);
#931=ORIENTED_EDGE('',*,*,#669,.F.);
#932=ORIENTED_EDGE('',*,*,#687,.T.);
#933=ORIENTED_EDGE('',*,*,#688,.T.);
#934=ORIENTED_EDGE('',*,*,#684,.T.);
#935=ORIENTED_EDGE('',*,*,#668,.F.);
#936=ORIENTED_EDGE('',*,*,#689,.F.);
#937=ORIENTED_EDGE('',*,*,#690,.T.);
#938=ORIENTED_EDGE('',*,*,#691,.F.);
#939=ORIENTED_EDGE('',*,*,#687,.F.);
#940=ORIENTED_EDGE('',*,*,#667,.F.);
#941=ORIENTED_EDGE('',*,*,#692,.F.);
#942=ORIENTED_EDGE('',*,*,#693,.T.);
#943=ORIENTED_EDGE('',*,*,#689,.T.);
#944=ORIENTED_EDGE('',*,*,#632,.F.);
#945=ORIENTED_EDGE('',*,*,#683,.T.);
#946=ORIENTED_EDGE('',*,*,#671,.F.);
#947=ORIENTED_EDGE('',*,*,#694,.T.);
#948=ORIENTED_EDGE('',*,*,#695,.F.);
#949=ORIENTED_EDGE('',*,*,#696,.T.);
#950=ORIENTED_EDGE('',*,*,#692,.T.);
#951=ORIENTED_EDGE('',*,*,#677,.F.);
#952=ORIENTED_EDGE('',*,*,#659,.T.);
#953=ORIENTED_EDGE('',*,*,#697,.T.);
#954=ORIENTED_EDGE('',*,*,#698,.F.);
#955=ORIENTED_EDGE('',*,*,#699,.T.);
#956=ORIENTED_EDGE('',*,*,#700,.F.);
#957=ORIENTED_EDGE('',*,*,#701,.T.);
#958=ORIENTED_EDGE('',*,*,#702,.T.);
#959=ORIENTED_EDGE('',*,*,#703,.T.);
#960=ORIENTED_EDGE('',*,*,#704,.T.);
#961=ORIENTED_EDGE('',*,*,#705,.F.);
#962=ORIENTED_EDGE('',*,*,#706,.F.);
#963=ORIENTED_EDGE('',*,*,#707,.F.);
#964=ORIENTED_EDGE('',*,*,#708,.F.);
#965=ORIENTED_EDGE('',*,*,#709,.F.);
#966=ORIENTED_EDGE('',*,*,#710,.T.);
#967=ORIENTED_EDGE('',*,*,#711,.T.);
#968=ORIENTED_EDGE('',*,*,#712,.T.);
#969=ORIENTED_EDGE('',*,*,#713,.T.);
#970=ORIENTED_EDGE('',*,*,#714,.F.);
#971=ORIENTED_EDGE('',*,*,#715,.F.);
#972=ORIENTED_EDGE('',*,*,#716,.T.);
#973=ORIENTED_EDGE('',*,*,#717,.T.);
#974=ORIENTED_EDGE('',*,*,#645,.F.);
#975=ORIENTED_EDGE('',*,*,#718,.F.);
#976=ORIENTED_EDGE('',*,*,#719,.F.);
#977=ORIENTED_EDGE('',*,*,#711,.F.);
#978=ORIENTED_EDGE('',*,*,#720,.T.);
#979=ORIENTED_EDGE('',*,*,#709,.T.);
#980=ORIENTED_EDGE('',*,*,#721,.T.);
#981=ORIENTED_EDGE('',*,*,#700,.T.);
#982=ORIENTED_EDGE('',*,*,#722,.T.);
#983=ORIENTED_EDGE('',*,*,#723,.F.);
#984=ORIENTED_EDGE('',*,*,#701,.F.);
#985=ORIENTED_EDGE('',*,*,#724,.F.);
#986=ORIENTED_EDGE('',*,*,#715,.T.);
#987=ORIENTED_EDGE('',*,*,#725,.F.);
#988=ORIENTED_EDGE('',*,*,#654,.F.);
#989=ORIENTED_EDGE('',*,*,#726,.T.);
#990=ORIENTED_EDGE('',*,*,#727,.F.);
#991=ORIENTED_EDGE('',*,*,#655,.F.);
#992=ORIENTED_EDGE('',*,*,#725,.T.);
#993=ORIENTED_EDGE('',*,*,#728,.T.);
#994=ORIENTED_EDGE('',*,*,#729,.F.);
#995=ORIENTED_EDGE('',*,*,#730,.T.);
#996=ORIENTED_EDGE('',*,*,#731,.T.);
#997=ORIENTED_EDGE('',*,*,#732,.T.);
#998=ORIENTED_EDGE('',*,*,#733,.T.);
#999=ORIENTED_EDGE('',*,*,#698,.T.);
#1000=ORIENTED_EDGE('',*,*,#734,.F.);
#1001=ORIENTED_EDGE('',*,*,#731,.F.);
#1002=ORIENTED_EDGE('',*,*,#735,.T.);
#1003=ORIENTED_EDGE('',*,*,#736,.T.);
#1004=ORIENTED_EDGE('',*,*,#737,.T.);
#1005=ORIENTED_EDGE('',*,*,#738,.T.);
#1006=ORIENTED_EDGE('',*,*,#700,.T.);
#1007=ORIENTED_EDGE('',*,*,#739,.T.);
#1008=ORIENTED_EDGE('',*,*,#740,.T.);
#1009=ORIENTED_EDGE('',*,*,#741,.T.);
#1010=ORIENTED_EDGE('',*,*,#742,.T.);
#1011=ORIENTED_EDGE('',*,*,#743,.T.);
#1012=ORIENTED_EDGE('',*,*,#734,.T.);
#1013=ORIENTED_EDGE('',*,*,#744,.T.);
#1014=ORIENTED_EDGE('',*,*,#745,.T.);
#1015=ORIENTED_EDGE('',*,*,#741,.F.);
#1016=ORIENTED_EDGE('',*,*,#746,.T.);
#1017=ORIENTED_EDGE('',*,*,#732,.F.);
#1018=ORIENTED_EDGE('',*,*,#747,.T.);
#1019=ORIENTED_EDGE('',*,*,#748,.F.);
#1020=ORIENTED_EDGE('',*,*,#728,.F.);
#1021=ORIENTED_EDGE('',*,*,#727,.T.);
#1022=ORIENTED_EDGE('',*,*,#749,.T.);
#1023=ORIENTED_EDGE('',*,*,#750,.F.);
#1024=ORIENTED_EDGE('',*,*,#751,.T.);
#1025=ORIENTED_EDGE('',*,*,#752,.F.);
#1026=ORIENTED_EDGE('',*,*,#753,.F.);
#1027=ORIENTED_EDGE('',*,*,#754,.T.);
#1028=ORIENTED_EDGE('',*,*,#755,.T.);
#1029=ORIENTED_EDGE('',*,*,#756,.F.);
#1030=ORIENTED_EDGE('',*,*,#757,.T.);
#1031=ORIENTED_EDGE('',*,*,#758,.T.);
#1032=ORIENTED_EDGE('',*,*,#759,.T.);
#1033=ORIENTED_EDGE('',*,*,#760,.F.);
#1034=ORIENTED_EDGE('',*,*,#761,.T.);
#1035=ORIENTED_EDGE('',*,*,#762,.T.);
#1036=ORIENTED_EDGE('',*,*,#703,.F.);
#1037=ORIENTED_EDGE('',*,*,#720,.F.);
#1038=ORIENTED_EDGE('',*,*,#763,.T.);
#1039=ORIENTED_EDGE('',*,*,#764,.T.);
#1040=ORIENTED_EDGE('',*,*,#695,.T.);
#1041=ORIENTED_EDGE('',*,*,#765,.T.);
#1042=ORIENTED_EDGE('',*,*,#766,.F.);
#1043=ORIENTED_EDGE('',*,*,#705,.T.);
#1044=ORIENTED_EDGE('',*,*,#767,.F.);
#1045=ORIENTED_EDGE('',*,*,#768,.T.);
#1046=ORIENTED_EDGE('',*,*,#769,.T.);
#1047=ORIENTED_EDGE('',*,*,#710,.F.);
#1048=ORIENTED_EDGE('',*,*,#724,.T.);
#1049=ORIENTED_EDGE('',*,*,#714,.T.);
#1050=ORIENTED_EDGE('',*,*,#770,.T.);
#1051=ORIENTED_EDGE('',*,*,#771,.T.);
#1052=ORIENTED_EDGE('',*,*,#772,.T.);
#1053=ORIENTED_EDGE('',*,*,#773,.F.);
#1054=ORIENTED_EDGE('',*,*,#716,.F.);
#1055=ORIENTED_EDGE('',*,*,#769,.F.);
#1056=ORIENTED_EDGE('',*,*,#774,.T.);
#1057=ORIENTED_EDGE('',*,*,#775,.F.);
#1058=ORIENTED_EDGE('',*,*,#706,.T.);
#1059=ORIENTED_EDGE('',*,*,#770,.F.);
#1060=ORIENTED_EDGE('',*,*,#713,.F.);
#1061=ORIENTED_EDGE('',*,*,#776,.F.);
#1062=ORIENTED_EDGE('',*,*,#774,.F.);
#1063=ORIENTED_EDGE('',*,*,#768,.F.);
#1064=ORIENTED_EDGE('',*,*,#777,.F.);
#1065=ORIENTED_EDGE('',*,*,#778,.T.);
#1066=ORIENTED_EDGE('',*,*,#779,.F.);
#1067=ORIENTED_EDGE('',*,*,#780,.F.);
#1068=ORIENTED_EDGE('',*,*,#781,.T.);
#1069=ORIENTED_EDGE('',*,*,#782,.F.);
#1070=ORIENTED_EDGE('',*,*,#783,.T.);
#1071=ORIENTED_EDGE('',*,*,#685,.F.);
#1072=ORIENTED_EDGE('',*,*,#688,.F.);
#1073=ORIENTED_EDGE('',*,*,#691,.T.);
#1074=ORIENTED_EDGE('',*,*,#784,.T.);
#1075=ORIENTED_EDGE('',*,*,#785,.F.);
#1076=ORIENTED_EDGE('',*,*,#707,.T.);
#1077=ORIENTED_EDGE('',*,*,#775,.T.);
#1078=ORIENTED_EDGE('',*,*,#776,.T.);
#1079=ORIENTED_EDGE('',*,*,#712,.F.);
#1080=ORIENTED_EDGE('',*,*,#719,.T.);
#1081=ORIENTED_EDGE('',*,*,#786,.T.);
#1082=ORIENTED_EDGE('',*,*,#787,.T.);
#1083=ORIENTED_EDGE('',*,*,#644,.F.);
#1084=ORIENTED_EDGE('',*,*,#788,.F.);
#1085=ORIENTED_EDGE('',*,*,#778,.F.);
#1086=ORIENTED_EDGE('',*,*,#718,.T.);
#1087=ORIENTED_EDGE('',*,*,#643,.F.);
#1088=ORIENTED_EDGE('',*,*,#789,.T.);
#1089=ORIENTED_EDGE('',*,*,#779,.T.);
#1090=ORIENTED_EDGE('',*,*,#788,.T.);
#1091=ORIENTED_EDGE('',*,*,#642,.F.);
#1092=ORIENTED_EDGE('',*,*,#790,.T.);
#1093=ORIENTED_EDGE('',*,*,#780,.T.);
#1094=ORIENTED_EDGE('',*,*,#789,.F.);
#1095=ORIENTED_EDGE('',*,*,#641,.F.);
#1096=ORIENTED_EDGE('',*,*,#791,.F.);
#1097=ORIENTED_EDGE('',*,*,#781,.F.);
#1098=ORIENTED_EDGE('',*,*,#790,.F.);
#1099=ORIENTED_EDGE('',*,*,#640,.F.);
#1100=ORIENTED_EDGE('',*,*,#792,.T.);
#1101=ORIENTED_EDGE('',*,*,#782,.T.);
#1102=ORIENTED_EDGE('',*,*,#791,.T.);
#1103=ORIENTED_EDGE('',*,*,#639,.F.);
#1104=ORIENTED_EDGE('',*,*,#686,.F.);
#1105=ORIENTED_EDGE('',*,*,#783,.F.);
#1106=ORIENTED_EDGE('',*,*,#792,.F.);
#1107=ORIENTED_EDGE('',*,*,#764,.F.);
#1108=ORIENTED_EDGE('',*,*,#793,.F.);
#1109=ORIENTED_EDGE('',*,*,#784,.F.);
#1110=ORIENTED_EDGE('',*,*,#690,.F.);
#1111=ORIENTED_EDGE('',*,*,#693,.F.);
#1112=ORIENTED_EDGE('',*,*,#696,.F.);
#1113=ORIENTED_EDGE('',*,*,#763,.F.);
#1114=ORIENTED_EDGE('',*,*,#721,.F.);
#1115=ORIENTED_EDGE('',*,*,#708,.T.);
#1116=ORIENTED_EDGE('',*,*,#785,.T.);
#1117=ORIENTED_EDGE('',*,*,#793,.T.);
#1118=ORIENTED_EDGE('',*,*,#794,.T.);
#1119=ORIENTED_EDGE('',*,*,#743,.F.);
#1120=ORIENTED_EDGE('',*,*,#795,.T.);
#1121=ORIENTED_EDGE('',*,*,#653,.F.);
#1122=ORIENTED_EDGE('',*,*,#796,.F.);
#1123=ORIENTED_EDGE('',*,*,#749,.F.);
#1124=ORIENTED_EDGE('',*,*,#726,.F.);
#1125=ORIENTED_EDGE('',*,*,#651,.F.);
#1126=ORIENTED_EDGE('',*,*,#797,.F.);
#1127=ORIENTED_EDGE('',*,*,#751,.F.);
#1128=ORIENTED_EDGE('',*,*,#798,.F.);
#1129=ORIENTED_EDGE('',*,*,#652,.F.);
#1130=ORIENTED_EDGE('',*,*,#798,.T.);
#1131=ORIENTED_EDGE('',*,*,#750,.T.);
#1132=ORIENTED_EDGE('',*,*,#796,.T.);
#1133=ORIENTED_EDGE('',*,*,#650,.F.);
#1134=ORIENTED_EDGE('',*,*,#799,.F.);
#1135=ORIENTED_EDGE('',*,*,#752,.T.);
#1136=ORIENTED_EDGE('',*,*,#797,.T.);
#1137=ORIENTED_EDGE('',*,*,#649,.F.);
#1138=ORIENTED_EDGE('',*,*,#800,.T.);
#1139=ORIENTED_EDGE('',*,*,#753,.T.);
#1140=ORIENTED_EDGE('',*,*,#799,.T.);
#1141=ORIENTED_EDGE('',*,*,#648,.F.);
#1142=ORIENTED_EDGE('',*,*,#801,.T.);
#1143=ORIENTED_EDGE('',*,*,#754,.F.);
#1144=ORIENTED_EDGE('',*,*,#800,.F.);
#1145=ORIENTED_EDGE('',*,*,#697,.F.);
#1146=ORIENTED_EDGE('',*,*,#658,.F.);
#1147=ORIENTED_EDGE('',*,*,#802,.T.);
#1148=ORIENTED_EDGE('',*,*,#760,.T.);
#1149=ORIENTED_EDGE('',*,*,#803,.T.);
#1150=ORIENTED_EDGE('',*,*,#735,.F.);
#1151=ORIENTED_EDGE('',*,*,#730,.F.);
#1152=ORIENTED_EDGE('',*,*,#736,.F.);
#1153=ORIENTED_EDGE('',*,*,#803,.F.);
#1154=ORIENTED_EDGE('',*,*,#759,.F.);
#1155=ORIENTED_EDGE('',*,*,#804,.F.);
#1156=ORIENTED_EDGE('',*,*,#737,.F.);
#1157=ORIENTED_EDGE('',*,*,#804,.T.);
#1158=ORIENTED_EDGE('',*,*,#758,.F.);
#1159=ORIENTED_EDGE('',*,*,#805,.T.);
#1160=ORIENTED_EDGE('',*,*,#744,.F.);
#1161=ORIENTED_EDGE('',*,*,#738,.F.);
#1162=ORIENTED_EDGE('',*,*,#805,.F.);
#1163=ORIENTED_EDGE('',*,*,#757,.F.);
#1164=ORIENTED_EDGE('',*,*,#806,.F.);
#1165=ORIENTED_EDGE('',*,*,#745,.F.);
#1166=ORIENTED_EDGE('',*,*,#806,.T.);
#1167=ORIENTED_EDGE('',*,*,#756,.T.);
#1168=ORIENTED_EDGE('',*,*,#807,.T.);
#1169=ORIENTED_EDGE('',*,*,#795,.F.);
#1170=ORIENTED_EDGE('',*,*,#742,.F.);
#1171=ORIENTED_EDGE('',*,*,#647,.F.);
#1172=ORIENTED_EDGE('',*,*,#722,.F.);
#1173=ORIENTED_EDGE('',*,*,#700,.F.);
#1174=ORIENTED_EDGE('',*,*,#794,.F.);
#1175=ORIENTED_EDGE('',*,*,#807,.F.);
#1176=ORIENTED_EDGE('',*,*,#755,.F.);
#1177=ORIENTED_EDGE('',*,*,#801,.F.);
#1178=ORIENTED_EDGE('',*,*,#722,.T.);
#1179=ORIENTED_EDGE('',*,*,#646,.T.);
#1180=ORIENTED_EDGE('',*,*,#717,.F.);
#1181=ORIENTED_EDGE('',*,*,#773,.T.);
#1182=ORIENTED_EDGE('',*,*,#808,.T.);
#1183=ORIENTED_EDGE('',*,*,#739,.F.);
#1184=ORIENTED_EDGE('',*,*,#722,.F.);
#1185=ORIENTED_EDGE('',*,*,#702,.F.);
#1186=ORIENTED_EDGE('',*,*,#723,.T.);
#1187=ORIENTED_EDGE('',*,*,#809,.T.);
#1188=ORIENTED_EDGE('',*,*,#810,.T.);
#1189=ORIENTED_EDGE('',*,*,#811,.T.);
#1190=ORIENTED_EDGE('',*,*,#812,.T.);
#1191=ORIENTED_EDGE('',*,*,#813,.T.);
#1192=ORIENTED_EDGE('',*,*,#812,.F.);
#1193=ORIENTED_EDGE('',*,*,#814,.T.);
#1194=ORIENTED_EDGE('',*,*,#815,.T.);
#1195=ORIENTED_EDGE('',*,*,#816,.T.);
#1196=ORIENTED_EDGE('',*,*,#815,.F.);
#1197=ORIENTED_EDGE('',*,*,#817,.T.);
#1198=ORIENTED_EDGE('',*,*,#818,.T.);
#1199=ORIENTED_EDGE('',*,*,#819,.T.);
#1200=ORIENTED_EDGE('',*,*,#818,.F.);
#1201=ORIENTED_EDGE('',*,*,#820,.T.);
#1202=ORIENTED_EDGE('',*,*,#821,.T.);
#1203=ORIENTED_EDGE('',*,*,#822,.T.);
#1204=ORIENTED_EDGE('',*,*,#821,.F.);
#1205=ORIENTED_EDGE('',*,*,#823,.T.);
#1206=ORIENTED_EDGE('',*,*,#824,.T.);
#1207=ORIENTED_EDGE('',*,*,#825,.T.);
#1208=ORIENTED_EDGE('',*,*,#824,.F.);
#1209=ORIENTED_EDGE('',*,*,#826,.T.);
#1210=ORIENTED_EDGE('',*,*,#827,.T.);
#1211=ORIENTED_EDGE('',*,*,#828,.T.);
#1212=ORIENTED_EDGE('',*,*,#827,.F.);
#1213=ORIENTED_EDGE('',*,*,#829,.T.);
#1214=ORIENTED_EDGE('',*,*,#830,.T.);
#1215=ORIENTED_EDGE('',*,*,#831,.T.);
#1216=ORIENTED_EDGE('',*,*,#830,.F.);
#1217=ORIENTED_EDGE('',*,*,#832,.T.);
#1218=ORIENTED_EDGE('',*,*,#810,.F.);
#1219=ORIENTED_EDGE('',*,*,#825,.F.);
#1220=ORIENTED_EDGE('',*,*,#833,.T.);
#1221=ORIENTED_EDGE('',*,*,#834,.F.);
#1222=ORIENTED_EDGE('',*,*,#835,.F.);
#1223=ORIENTED_EDGE('',*,*,#828,.F.);
#1224=ORIENTED_EDGE('',*,*,#836,.T.);
#1225=ORIENTED_EDGE('',*,*,#772,.F.);
#1226=ORIENTED_EDGE('',*,*,#833,.F.);
#1227=ORIENTED_EDGE('',*,*,#831,.F.);
#1228=ORIENTED_EDGE('',*,*,#837,.T.);
#1229=ORIENTED_EDGE('',*,*,#808,.F.);
#1230=ORIENTED_EDGE('',*,*,#836,.F.);
#1231=ORIENTED_EDGE('',*,*,#809,.F.);
#1232=ORIENTED_EDGE('',*,*,#838,.T.);
#1233=ORIENTED_EDGE('',*,*,#740,.F.);
#1234=ORIENTED_EDGE('',*,*,#837,.F.);
#1235=ORIENTED_EDGE('',*,*,#839,.T.);
#1236=ORIENTED_EDGE('',*,*,#840,.T.);
#1237=ORIENTED_EDGE('',*,*,#841,.T.);
#1238=ORIENTED_EDGE('',*,*,#842,.T.);
#1239=ORIENTED_EDGE('',*,*,#811,.F.);
#1240=ORIENTED_EDGE('',*,*,#832,.F.);
#1241=ORIENTED_EDGE('',*,*,#829,.F.);
#1242=ORIENTED_EDGE('',*,*,#826,.F.);
#1243=ORIENTED_EDGE('',*,*,#823,.F.);
#1244=ORIENTED_EDGE('',*,*,#820,.F.);
#1245=ORIENTED_EDGE('',*,*,#817,.F.);
#1246=ORIENTED_EDGE('',*,*,#814,.F.);
#1247=ORIENTED_EDGE('',*,*,#839,.F.);
#1248=ORIENTED_EDGE('',*,*,#762,.F.);
#1249=ORIENTED_EDGE('',*,*,#840,.F.);
#1250=ORIENTED_EDGE('',*,*,#787,.F.);
#1251=ORIENTED_EDGE('',*,*,#841,.F.);
#1252=ORIENTED_EDGE('',*,*,#786,.F.);
#1253=ORIENTED_EDGE('',*,*,#842,.F.);
#1254=ORIENTED_EDGE('',*,*,#761,.F.);
#1255=ORIENTED_EDGE('',*,*,#816,.F.);
#1256=ORIENTED_EDGE('',*,*,#843,.T.);
#1257=ORIENTED_EDGE('',*,*,#733,.F.);
#1258=ORIENTED_EDGE('',*,*,#844,.F.);
#1259=ORIENTED_EDGE('',*,*,#813,.F.);
#1260=ORIENTED_EDGE('',*,*,#844,.T.);
#1261=ORIENTED_EDGE('',*,*,#746,.F.);
#1262=ORIENTED_EDGE('',*,*,#838,.F.);
#1263=ORIENTED_EDGE('',*,*,#822,.F.);
#1264=ORIENTED_EDGE('',*,*,#835,.T.);
#1265=ORIENTED_EDGE('',*,*,#765,.F.);
#1266=ORIENTED_EDGE('',*,*,#845,.F.);
#1267=ORIENTED_EDGE('',*,*,#674,.F.);
#1268=ORIENTED_EDGE('',*,*,#699,.F.);
#1269=ORIENTED_EDGE('',*,*,#843,.F.);
#1270=ORIENTED_EDGE('',*,*,#819,.F.);
#1271=ORIENTED_EDGE('',*,*,#845,.T.);
#1272=ORIENTED_EDGE('',*,*,#694,.F.);
#1273=ORIENTED_EDGE('',*,*,#657,.F.);
#1274=ORIENTED_EDGE('',*,*,#846,.F.);
#1275=ORIENTED_EDGE('',*,*,#747,.F.);
#1276=ORIENTED_EDGE('',*,*,#802,.F.);
#1277=ORIENTED_EDGE('',*,*,#656,.F.);
#1278=ORIENTED_EDGE('',*,*,#729,.T.);
#1279=ORIENTED_EDGE('',*,*,#748,.T.);
#1280=ORIENTED_EDGE('',*,*,#846,.T.);
#1281=ORIENTED_EDGE('',*,*,#704,.F.);
#1282=ORIENTED_EDGE('',*,*,#766,.T.);
#1283=ORIENTED_EDGE('',*,*,#834,.T.);
#1284=ORIENTED_EDGE('',*,*,#771,.F.);
#1285=ORIENTED_EDGE('',*,*,#777,.T.);
#1286=ORIENTED_EDGE('',*,*,#767,.T.);
#1287=ORIENTED_EDGE('',*,*,#847,.F.);
#1288=ORIENTED_EDGE('',*,*,#848,.T.);
#1289=ORIENTED_EDGE('',*,*,#849,.F.);
#1290=ORIENTED_EDGE('',*,*,#850,.F.);
#1291=ORIENTED_EDGE('',*,*,#662,.F.);
#1292=ORIENTED_EDGE('',*,*,#851,.T.);
#1293=ORIENTED_EDGE('',*,*,#847,.T.);
#1294=ORIENTED_EDGE('',*,*,#852,.T.);
#1295=ORIENTED_EDGE('',*,*,#679,.F.);
#1296=ORIENTED_EDGE('',*,*,#853,.F.);
#1297=ORIENTED_EDGE('',*,*,#848,.F.);
#1298=ORIENTED_EDGE('',*,*,#851,.F.);
#1299=ORIENTED_EDGE('',*,*,#661,.F.);
#1300=ORIENTED_EDGE('',*,*,#682,.F.);
#1301=ORIENTED_EDGE('',*,*,#854,.T.);
#1302=ORIENTED_EDGE('',*,*,#849,.T.);
#1303=ORIENTED_EDGE('',*,*,#853,.T.);
#1304=ORIENTED_EDGE('',*,*,#681,.F.);
#1305=ORIENTED_EDGE('',*,*,#663,.F.);
#1306=ORIENTED_EDGE('',*,*,#852,.F.);
#1307=ORIENTED_EDGE('',*,*,#850,.T.);
#1308=ORIENTED_EDGE('',*,*,#854,.F.);
#1309=EDGE_LOOP('',(#855,#856,#857,#858,#859,#860));
#1310=EDGE_LOOP('',(#861,#862,#863,#864,#865,#866,#867,#868,#869,#870,#871,
#872,#873,#874,#875,#876,#877,#878,#879,#880,#881,#882,#883,#884,#885,#886,
#887,#888,#889));
#1311=EDGE_LOOP('',(#890,#891,#892,#893,#894,#895,#896,#897));
#1312=EDGE_LOOP('',(#898,#899,#900,#901));
#1313=EDGE_LOOP('',(#902,#903,#904,#905));
#1314=EDGE_LOOP('',(#906,#907,#908,#909));
#1315=EDGE_LOOP('',(#910,#911,#912,#913,#914,#915,#916,#917));
#1316=EDGE_LOOP('',(#918,#919,#920,#921,#922,#923,#924,#925));
#1317=EDGE_LOOP('',(#926,#927,#928,#929,#930));
#1318=EDGE_LOOP('',(#931,#932,#933,#934));
#1319=EDGE_LOOP('',(#935,#936,#937,#938,#939));
#1320=EDGE_LOOP('',(#940,#941,#942,#943));
#1321=EDGE_LOOP('',(#944,#945));
#1322=EDGE_LOOP('',(#946,#947,#948,#949,#950));
#1323=EDGE_LOOP('',(#951,#952,#953,#954,#955));
#1324=EDGE_LOOP('',(#956,#957,#958));
#1325=EDGE_LOOP('',(#959,#960,#961,#962,#963,#964,#965));
#1326=EDGE_LOOP('',(#966,#967,#968,#969,#970,#971));
#1327=EDGE_LOOP('',(#972,#973,#974,#975,#976,#977));
#1328=EDGE_LOOP('',(#978,#979,#980));
#1329=EDGE_LOOP('',(#981,#982,#983,#984));
#1330=EDGE_LOOP('',(#985,#986));
#1331=EDGE_LOOP('',(#987,#988,#989,#990));
#1332=EDGE_LOOP('',(#991,#992,#993,#994));
#1333=EDGE_LOOP('',(#995,#996,#997,#998,#999));
#1334=EDGE_LOOP('',(#1000,#1001,#1002,#1003,#1004,#1005));
#1335=EDGE_LOOP('',(#1006,#1007,#1008,#1009,#1010,#1011));
#1336=EDGE_LOOP('',(#1012,#1013,#1014,#1015,#1016,#1017));
#1337=EDGE_LOOP('',(#1018,#1019,#1020,#1021,#1022,#1023,#1024,#1025,#1026,
#1027,#1028,#1029,#1030,#1031,#1032,#1033));
#1338=EDGE_LOOP('',(#1034));
#1339=EDGE_LOOP('',(#1035));
#1340=EDGE_LOOP('',(#1036,#1037,#1038,#1039,#1040,#1041,#1042));
#1341=EDGE_LOOP('',(#1043,#1044,#1045,#1046));
#1342=EDGE_LOOP('',(#1047,#1048,#1049,#1050,#1051,#1052,#1053,#1054));
#1343=EDGE_LOOP('',(#1055,#1056,#1057,#1058));
#1344=EDGE_LOOP('',(#1059,#1060,#1061,#1062,#1063,#1064));
#1345=EDGE_LOOP('',(#1065,#1066,#1067,#1068,#1069,#1070,#1071,#1072,#1073,
#1074,#1075,#1076,#1077,#1078,#1079,#1080));
#1346=EDGE_LOOP('',(#1081));
#1347=EDGE_LOOP('',(#1082));
#1348=EDGE_LOOP('',(#1083,#1084,#1085,#1086));
#1349=EDGE_LOOP('',(#1087,#1088,#1089,#1090));
#1350=EDGE_LOOP('',(#1091,#1092,#1093,#1094));
#1351=EDGE_LOOP('',(#1095,#1096,#1097,#1098));
#1352=EDGE_LOOP('',(#1099,#1100,#1101,#1102));
#1353=EDGE_LOOP('',(#1103,#1104,#1105,#1106));
#1354=EDGE_LOOP('',(#1107,#1108,#1109,#1110,#1111,#1112));
#1355=EDGE_LOOP('',(#1113,#1114,#1115,#1116,#1117));
#1356=EDGE_LOOP('',(#1118,#1119,#1120));
#1357=EDGE_LOOP('',(#1121,#1122,#1123,#1124));
#1358=EDGE_LOOP('',(#1125,#1126,#1127,#1128));
#1359=EDGE_LOOP('',(#1129,#1130,#1131,#1132));
#1360=EDGE_LOOP('',(#1133,#1134,#1135,#1136));
#1361=EDGE_LOOP('',(#1137,#1138,#1139,#1140));
#1362=EDGE_LOOP('',(#1141,#1142,#1143,#1144));
#1363=EDGE_LOOP('',(#1145,#1146,#1147,#1148,#1149,#1150,#1151));
#1364=EDGE_LOOP('',(#1152,#1153,#1154,#1155));
#1365=EDGE_LOOP('',(#1156,#1157,#1158,#1159));
#1366=EDGE_LOOP('',(#1160,#1161,#1162,#1163,#1164));
#1367=EDGE_LOOP('',(#1165,#1166,#1167,#1168,#1169,#1170));
#1368=EDGE_LOOP('',(#1171,#1172,#1173,#1174,#1175,#1176,#1177));
#1369=EDGE_LOOP('',(#1178,#1179,#1180,#1181,#1182,#1183));
#1370=EDGE_LOOP('',(#1184,#1185,#1186));
#1371=EDGE_LOOP('',(#1187,#1188,#1189,#1190));
#1372=EDGE_LOOP('',(#1191,#1192,#1193,#1194));
#1373=EDGE_LOOP('',(#1195,#1196,#1197,#1198));
#1374=EDGE_LOOP('',(#1199,#1200,#1201,#1202));
#1375=EDGE_LOOP('',(#1203,#1204,#1205,#1206));
#1376=EDGE_LOOP('',(#1207,#1208,#1209,#1210));
#1377=EDGE_LOOP('',(#1211,#1212,#1213,#1214));
#1378=EDGE_LOOP('',(#1215,#1216,#1217,#1218));
#1379=EDGE_LOOP('',(#1219,#1220,#1221,#1222));
#1380=EDGE_LOOP('',(#1223,#1224,#1225,#1226));
#1381=EDGE_LOOP('',(#1227,#1228,#1229,#1230));
#1382=EDGE_LOOP('',(#1231,#1232,#1233,#1234));
#1383=EDGE_LOOP('',(#1235));
#1384=EDGE_LOOP('',(#1236));
#1385=EDGE_LOOP('',(#1237));
#1386=EDGE_LOOP('',(#1238));
#1387=EDGE_LOOP('',(#1239,#1240,#1241,#1242,#1243,#1244,#1245,#1246));
#1388=EDGE_LOOP('',(#1247));
#1389=EDGE_LOOP('',(#1248));
#1390=EDGE_LOOP('',(#1249));
#1391=EDGE_LOOP('',(#1250));
#1392=EDGE_LOOP('',(#1251));
#1393=EDGE_LOOP('',(#1252));
#1394=EDGE_LOOP('',(#1253));
#1395=EDGE_LOOP('',(#1254));
#1396=EDGE_LOOP('',(#1255,#1256,#1257,#1258));
#1397=EDGE_LOOP('',(#1259,#1260,#1261,#1262));
#1398=EDGE_LOOP('',(#1263,#1264,#1265,#1266));
#1399=EDGE_LOOP('',(#1267,#1268,#1269,#1270,#1271,#1272));
#1400=EDGE_LOOP('',(#1273,#1274,#1275,#1276));
#1401=EDGE_LOOP('',(#1277,#1278,#1279,#1280));
#1402=EDGE_LOOP('',(#1281,#1282,#1283,#1284,#1285,#1286));
#1403=EDGE_LOOP('',(#1287,#1288,#1289,#1290));
#1404=EDGE_LOOP('',(#1291,#1292,#1293,#1294));
#1405=EDGE_LOOP('',(#1295,#1296,#1297,#1298,#1299));
#1406=EDGE_LOOP('',(#1300,#1301,#1302,#1303));
#1407=EDGE_LOOP('',(#1304,#1305,#1306,#1307,#1308));
#1408=FACE_BOUND('',#1309,.T.);
#1409=FACE_BOUND('',#1310,.T.);
#1410=FACE_BOUND('',#1311,.T.);
#1411=FACE_BOUND('',#1312,.T.);
#1412=FACE_BOUND('',#1313,.T.);
#1413=FACE_BOUND('',#1314,.T.);
#1414=FACE_BOUND('',#1315,.T.);
#1415=FACE_BOUND('',#1316,.T.);
#1416=FACE_BOUND('',#1317,.T.);
#1417=FACE_BOUND('',#1318,.T.);
#1418=FACE_BOUND('',#1319,.T.);
#1419=FACE_BOUND('',#1320,.T.);
#1420=FACE_BOUND('',#1321,.T.);
#1421=FACE_BOUND('',#1322,.T.);
#1422=FACE_BOUND('',#1323,.T.);
#1423=FACE_BOUND('',#1324,.T.);
#1424=FACE_BOUND('',#1325,.T.);
#1425=FACE_BOUND('',#1326,.T.);
#1426=FACE_BOUND('',#1327,.T.);
#1427=FACE_BOUND('',#1328,.T.);
#1428=FACE_BOUND('',#1329,.T.);
#1429=FACE_BOUND('',#1330,.T.);
#1430=FACE_BOUND('',#1331,.T.);
#1431=FACE_BOUND('',#1332,.T.);
#1432=FACE_BOUND('',#1333,.T.);
#1433=FACE_BOUND('',#1334,.T.);
#1434=FACE_BOUND('',#1335,.T.);
#1435=FACE_BOUND('',#1336,.T.);
#1436=FACE_BOUND('',#1337,.T.);
#1437=FACE_BOUND('',#1338,.T.);
#1438=FACE_BOUND('',#1339,.T.);
#1439=FACE_BOUND('',#1340,.T.);
#1440=FACE_BOUND('',#1341,.T.);
#1441=FACE_BOUND('',#1342,.T.);
#1442=FACE_BOUND('',#1343,.T.);
#1443=FACE_BOUND('',#1344,.T.);
#1444=FACE_BOUND('',#1345,.T.);
#1445=FACE_BOUND('',#1346,.T.);
#1446=FACE_BOUND('',#1347,.T.);
#1447=FACE_BOUND('',#1348,.T.);
#1448=FACE_BOUND('',#1349,.T.);
#1449=FACE_BOUND('',#1350,.T.);
#1450=FACE_BOUND('',#1351,.T.);
#1451=FACE_BOUND('',#1352,.T.);
#1452=FACE_BOUND('',#1353,.T.);
#1453=FACE_BOUND('',#1354,.T.);
#1454=FACE_BOUND('',#1355,.T.);
#1455=FACE_BOUND('',#1356,.T.);
#1456=FACE_BOUND('',#1357,.T.);
#1457=FACE_BOUND('',#1358,.T.);
#1458=FACE_BOUND('',#1359,.T.);
#1459=FACE_BOUND('',#1360,.T.);
#1460=FACE_BOUND('',#1361,.T.);
#1461=FACE_BOUND('',#1362,.T.);
#1462=FACE_BOUND('',#1363,.T.);
#1463=FACE_BOUND('',#1364,.T.);
#1464=FACE_BOUND('',#1365,.T.);
#1465=FACE_BOUND('',#1366,.T.);
#1466=FACE_BOUND('',#1367,.T.);
#1467=FACE_BOUND('',#1368,.T.);
#1468=FACE_BOUND('',#1369,.T.);
#1469=FACE_BOUND('',#1370,.T.);
#1470=FACE_BOUND('',#1371,.T.);
#1471=FACE_BOUND('',#1372,.T.);
#1472=FACE_BOUND('',#1373,.T.);
#1473=FACE_BOUND('',#1374,.T.);
#1474=FACE_BOUND('',#1375,.T.);
#1475=FACE_BOUND('',#1376,.T.);
#1476=FACE_BOUND('',#1377,.T.);
#1477=FACE_BOUND('',#1378,.T.);
#1478=FACE_BOUND('',#1379,.T.);
#1479=FACE_BOUND('',#1380,.T.);
#1480=FACE_BOUND('',#1381,.T.);
#1481=FACE_BOUND('',#1382,.T.);
#1482=FACE_BOUND('',#1383,.T.);
#1483=FACE_BOUND('',#1384,.T.);
#1484=FACE_BOUND('',#1385,.T.);
#1485=FACE_BOUND('',#1386,.T.);
#1486=FACE_BOUND('',#1387,.T.);
#1487=FACE_BOUND('',#1388,.T.);
#1488=FACE_BOUND('',#1389,.T.);
#1489=FACE_BOUND('',#1390,.T.);
#1490=FACE_BOUND('',#1391,.T.);
#1491=FACE_BOUND('',#1392,.T.);
#1492=FACE_BOUND('',#1393,.T.);
#1493=FACE_BOUND('',#1394,.T.);
#1494=FACE_BOUND('',#1395,.T.);
#1495=FACE_BOUND('',#1396,.T.);
#1496=FACE_BOUND('',#1397,.T.);
#1497=FACE_BOUND('',#1398,.T.);
#1498=FACE_BOUND('',#1399,.T.);
#1499=FACE_BOUND('',#1400,.T.);
#1500=FACE_BOUND('',#1401,.T.);
#1501=FACE_BOUND('',#1402,.T.);
#1502=FACE_BOUND('',#1403,.T.);
#1503=FACE_BOUND('',#1404,.T.);
#1504=FACE_BOUND('',#1405,.T.);
#1505=FACE_BOUND('',#1406,.T.);
#1506=FACE_BOUND('',#1407,.T.);
#1507=ADVANCED_FACE('',(#1408),#3087,.T.);
#1508=ADVANCED_FACE('',(#1409),#185,.T.);
#1509=ADVANCED_FACE('',(#1410),#3088,.T.);
#1510=ADVANCED_FACE('',(#1411),#113,.F.);
#1511=ADVANCED_FACE('',(#1412),#104,.T.);
#1512=ADVANCED_FACE('',(#1413),#114,.F.);
#1513=ADVANCED_FACE('',(#1414),#3089,.T.);
#1514=ADVANCED_FACE('',(#1415),#3090,.F.);
#1515=ADVANCED_FACE('',(#1416),#186,.F.);
#1516=ADVANCED_FACE('',(#1417),#187,.T.);
#1517=ADVANCED_FACE('',(#1418),#188,.F.);
#1518=ADVANCED_FACE('',(#1419),#185,.T.);
#1519=ADVANCED_FACE('',(#1420),#189,.T.);
#1520=ADVANCED_FACE('',(#1421),#3091,.T.);
#1521=ADVANCED_FACE('',(#1422),#3091,.T.);
#1522=ADVANCED_FACE('',(#1423),#105,.T.);
#1523=ADVANCED_FACE('',(#1424),#3092,.T.);
#1524=ADVANCED_FACE('',(#1425),#3093,.F.);
#1525=ADVANCED_FACE('',(#1426),#3094,.T.);
#1526=ADVANCED_FACE('',(#1427),#190,.T.);
#1527=ADVANCED_FACE('',(#1428),#191,.F.);
#1528=ADVANCED_FACE('',(#1429),#192,.T.);
#1529=ADVANCED_FACE('',(#1430),#193,.T.);
#1530=ADVANCED_FACE('',(#1431),#194,.F.);
#1531=ADVANCED_FACE('',(#1432),#106,.T.);
#1532=ADVANCED_FACE('',(#1433),#195,.T.);
#1533=ADVANCED_FACE('',(#1434),#105,.T.);
#1534=ADVANCED_FACE('',(#1435),#3095,.T.);
#1535=ADVANCED_FACE('',(#1436,#1437,#1438),#196,.T.);
#1536=ADVANCED_FACE('',(#1439),#107,.T.);
#1537=ADVANCED_FACE('',(#1440),#197,.T.);
#1538=ADVANCED_FACE('',(#1441),#108,.T.);
#1539=ADVANCED_FACE('',(#1442),#198,.F.);
#1540=ADVANCED_FACE('',(#1443),#3096,.T.);
#1541=ADVANCED_FACE('',(#1444,#1445,#1446),#199,.T.);
#1542=ADVANCED_FACE('',(#1447),#200,.F.);
#1543=ADVANCED_FACE('',(#1448),#201,.T.);
#1544=ADVANCED_FACE('',(#1449),#202,.F.);
#1545=ADVANCED_FACE('',(#1450),#3097,.T.);
#1546=ADVANCED_FACE('',(#1451),#203,.F.);
#1547=ADVANCED_FACE('',(#1452),#3098,.T.);
#1548=ADVANCED_FACE('',(#1453),#3099,.T.);
#1549=ADVANCED_FACE('',(#1454),#3100,.F.);
#1550=ADVANCED_FACE('',(#1455),#204,.T.);
#1551=ADVANCED_FACE('',(#1456),#3101,.T.);
#1552=ADVANCED_FACE('',(#1457),#3102,.T.);
#1553=ADVANCED_FACE('',(#1458),#205,.F.);
#1554=ADVANCED_FACE('',(#1459),#206,.F.);
#1555=ADVANCED_FACE('',(#1460),#207,.T.);
#1556=ADVANCED_FACE('',(#1461),#208,.F.);
#1557=ADVANCED_FACE('',(#1462),#3103,.F.);
#1558=ADVANCED_FACE('',(#1463),#3104,.T.);
#1559=ADVANCED_FACE('',(#1464),#209,.F.);
#1560=ADVANCED_FACE('',(#1465),#3105,.T.);
#1561=ADVANCED_FACE('',(#1466),#3106,.F.);
#1562=ADVANCED_FACE('',(#1467),#3107,.T.);
#1563=ADVANCED_FACE('',(#1468),#3108,.T.);
#1564=ADVANCED_FACE('',(#1469),#3108,.T.);
#1565=ADVANCED_FACE('',(#1470),#109,.T.);
#1566=ADVANCED_FACE('',(#1471),#3109,.T.);
#1567=ADVANCED_FACE('',(#1472),#110,.T.);
#1568=ADVANCED_FACE('',(#1473),#3110,.T.);
#1569=ADVANCED_FACE('',(#1474),#111,.T.);
#1570=ADVANCED_FACE('',(#1475),#3111,.T.);
#1571=ADVANCED_FACE('',(#1476),#112,.T.);
#1572=ADVANCED_FACE('',(#1477),#3112,.T.);
#1573=ADVANCED_FACE('',(#1478),#210,.T.);
#1574=ADVANCED_FACE('',(#1479),#3113,.T.);
#1575=ADVANCED_FACE('',(#1480),#211,.T.);
#1576=ADVANCED_FACE('',(#1481),#3114,.T.);
#1577=ADVANCED_FACE('',(#1482,#1483,#1484,#1485,#1486),#212,.F.);
#1578=ADVANCED_FACE('',(#1487,#1488),#3115,.F.);
#1579=ADVANCED_FACE('',(#1489,#1490),#3116,.F.);
#1580=ADVANCED_FACE('',(#1491,#1492),#3117,.F.);
#1581=ADVANCED_FACE('',(#1493,#1494),#3118,.F.);
#1582=ADVANCED_FACE('',(#1495),#3119,.T.);
#1583=ADVANCED_FACE('',(#1496),#213,.T.);
#1584=ADVANCED_FACE('',(#1497),#3120,.T.);
#1585=ADVANCED_FACE('',(#1498),#214,.T.);
#1586=ADVANCED_FACE('',(#1499),#215,.F.);
#1587=ADVANCED_FACE('',(#1500),#216,.T.);
#1588=ADVANCED_FACE('',(#1501),#3121,.T.);
#1589=ADVANCED_FACE('',(#1502),#217,.T.);
#1590=ADVANCED_FACE('',(#1503),#218,.T.);
#1591=ADVANCED_FACE('',(#1504),#219,.F.);
#1592=ADVANCED_FACE('',(#1505),#220,.T.);
#1593=ADVANCED_FACE('',(#1506),#221,.F.);
#1594=AXIS2_PLACEMENT_3D('',#2118,#1747,#1748);
#1595=AXIS2_PLACEMENT_3D('',#2119,#1749,#1750);
#1596=AXIS2_PLACEMENT_3D('',#2202,#1752,#1753);
#1597=AXIS2_PLACEMENT_3D('',#2205,#1755,$);
#1598=AXIS2_PLACEMENT_3D('',#2212,#1759,#1760);
#1599=AXIS2_PLACEMENT_3D('',#2216,#1762,#1763);
#1600=AXIS2_PLACEMENT_3D('',#2224,#1767,#1768);
#1601=AXIS2_PLACEMENT_3D('',#2228,#1770,#1771);
#1602=AXIS2_PLACEMENT_3D('',#2236,#1775,#1776);
#1603=AXIS2_PLACEMENT_3D('',#2240,#1778,#1779);
#1604=AXIS2_PLACEMENT_3D('',#2250,#1784,#1785);
#1605=AXIS2_PLACEMENT_3D('',#2261,#1791,#1792);
#1606=AXIS2_PLACEMENT_3D('',#2262,#1793,#1794);
#1607=AXIS2_PLACEMENT_3D('',#2266,#1796,#1797);
#1608=AXIS2_PLACEMENT_3D('',#2270,#1799,#1800);
#1609=AXIS2_PLACEMENT_3D('',#2333,#1802,#1803);
#1610=AXIS2_PLACEMENT_3D('',#2356,#1804,$);
#1611=AXIS2_PLACEMENT_3D('',#2357,#1805,#1806);
#1612=AXIS2_PLACEMENT_3D('',#2360,#1807,#1808);
#1613=AXIS2_PLACEMENT_3D('',#2361,#1809,#1810);
#1614=AXIS2_PLACEMENT_3D('',#2422,#1811,#1812);
#1615=AXIS2_PLACEMENT_3D('',#2444,#1813,#1814);
#1616=AXIS2_PLACEMENT_3D('',#2445,#1815,#1816);
#1617=AXIS2_PLACEMENT_3D('',#2448,#1818,#1819);
#1618=AXIS2_PLACEMENT_3D('',#2451,#1821,#1822);
#1619=AXIS2_PLACEMENT_3D('',#2452,#1823,#1824);
#1620=AXIS2_PLACEMENT_3D('',#2453,#1825,$);
#1621=AXIS2_PLACEMENT_3D('',#2459,#1829,$);
#1622=AXIS2_PLACEMENT_3D('',#2463,#1832,$);
#1623=AXIS2_PLACEMENT_3D('',#2470,#1836,#1837);
#1624=AXIS2_PLACEMENT_3D('',#2471,#1838,$);
#1625=AXIS2_PLACEMENT_3D('',#2472,#1839,#1840);
#1626=AXIS2_PLACEMENT_3D('',#2510,#1842,$);
#1627=AXIS2_PLACEMENT_3D('',#2511,#1843,#1844);
#1628=AXIS2_PLACEMENT_3D('',#2514,#1845,#1846);
#1629=AXIS2_PLACEMENT_3D('',#2530,#1847,#1848);
#1630=AXIS2_PLACEMENT_3D('',#2542,#1849,#1850);
#1631=AXIS2_PLACEMENT_3D('',#2546,#1852,#1853);
#1632=AXIS2_PLACEMENT_3D('',#2550,#1855,#1856);
#1633=AXIS2_PLACEMENT_3D('',#2551,#1857,#1858);
#1634=AXIS2_PLACEMENT_3D('',#2562,#1860,#1861);
#1635=AXIS2_PLACEMENT_3D('',#2579,#1863,#1864);
#1636=AXIS2_PLACEMENT_3D('',#2580,#1865,#1866);
#1637=AXIS2_PLACEMENT_3D('',#2592,#1868,#1869);
#1638=AXIS2_PLACEMENT_3D('',#2593,#1870,$);
#1639=AXIS2_PLACEMENT_3D('',#2594,#1871,#1872);
#1640=AXIS2_PLACEMENT_3D('',#2596,#1873,#1874);
#1641=AXIS2_PLACEMENT_3D('',#2597,#1875,$);
#1642=AXIS2_PLACEMENT_3D('',#2599,#1877,$);
#1643=AXIS2_PLACEMENT_3D('',#2600,#1878,#1879);
#1644=AXIS2_PLACEMENT_3D('',#2601,#1880,$);
#1645=AXIS2_PLACEMENT_3D('',#2607,#1884,$);
#1646=AXIS2_PLACEMENT_3D('',#2611,#1887,$);
#1647=AXIS2_PLACEMENT_3D('',#2623,#1888,#1889);
#1648=AXIS2_PLACEMENT_3D('',#2640,#1890,#1891);
#1649=AXIS2_PLACEMENT_3D('',#2641,#1892,$);
#1650=AXIS2_PLACEMENT_3D('',#2644,#1894,#1895);
#1651=AXIS2_PLACEMENT_3D('',#2646,#1896,#1897);
#1652=AXIS2_PLACEMENT_3D('',#2650,#1899,#1900);
#1653=AXIS2_PLACEMENT_3D('',#2666,#1901,#1902);
#1654=AXIS2_PLACEMENT_3D('',#2688,#1903,#1904);
#1655=AXIS2_PLACEMENT_3D('',#2689,#1905,#1906);
#1656=AXIS2_PLACEMENT_3D('',#2700,#1908,$);
#1657=AXIS2_PLACEMENT_3D('',#2705,#1911,#1912);
#1658=AXIS2_PLACEMENT_3D('',#2709,#1914,#1915);
#1659=AXIS2_PLACEMENT_3D('',#2717,#1919,#1920);
#1660=AXIS2_PLACEMENT_3D('',#2719,#1921,#1922);
#1661=AXIS2_PLACEMENT_3D('',#2721,#1923,#1924);
#1662=AXIS2_PLACEMENT_3D('',#2725,#1926,#1927);
#1663=AXIS2_PLACEMENT_3D('',#2727,#1928,#1929);
#1664=AXIS2_PLACEMENT_3D('',#2728,#1930,#1931);
#1665=AXIS2_PLACEMENT_3D('',#2730,#1932,#1933);
#1666=AXIS2_PLACEMENT_3D('',#2732,#1934,$);
#1667=AXIS2_PLACEMENT_3D('',#2752,#1935,#1936);
#1668=AXIS2_PLACEMENT_3D('',#2768,#1937,$);
#1669=AXIS2_PLACEMENT_3D('',#2771,#1939,#1940);
#1670=AXIS2_PLACEMENT_3D('',#2774,#1942,$);
#1671=AXIS2_PLACEMENT_3D('',#2793,#1943,#1944);
#1672=AXIS2_PLACEMENT_3D('',#2809,#1945,$);
#1673=AXIS2_PLACEMENT_3D('',#2813,#1948,#1949);
#1674=AXIS2_PLACEMENT_3D('',#2814,#1950,#1951);
#1675=AXIS2_PLACEMENT_3D('',#2821,#1952,$);
#1676=AXIS2_PLACEMENT_3D('',#2828,#1956,#1957);
#1677=AXIS2_PLACEMENT_3D('',#2832,#1959,#1960);
#1678=AXIS2_PLACEMENT_3D('',#2833,#1961,#1962);
#1679=AXIS2_PLACEMENT_3D('',#2835,#1963,#1964);
#1680=AXIS2_PLACEMENT_3D('',#2836,#1965,#1966);
#1681=AXIS2_PLACEMENT_3D('',#2838,#1967,#1968);
#1682=AXIS2_PLACEMENT_3D('',#2840,#1969,$);
#1683=AXIS2_PLACEMENT_3D('',#2842,#1971,$);
#1684=AXIS2_PLACEMENT_3D('',#2844,#1973,$);
#1685=AXIS2_PLACEMENT_3D('',#2846,#1975,#1976);
#1686=AXIS2_PLACEMENT_3D('',#2848,#1978,$);
#1687=AXIS2_PLACEMENT_3D('',#2850,#1980,#1981);
#1688=AXIS2_PLACEMENT_3D('',#2851,#1982,#1983);
#1689=AXIS2_PLACEMENT_3D('',#2853,#1985,#1986);
#1690=AXIS2_PLACEMENT_3D('',#2854,#1987,$);
#1691=AXIS2_PLACEMENT_3D('',#2855,#1988,#1989);
#1692=AXIS2_PLACEMENT_3D('',#2857,#1990,#1991);
#1693=AXIS2_PLACEMENT_3D('',#2858,#1992,#1993);
#1694=AXIS2_PLACEMENT_3D('',#2860,#1995,#1996);
#1695=AXIS2_PLACEMENT_3D('',#2863,#1999,$);
#1696=AXIS2_PLACEMENT_3D('',#2864,#2000,$);
#1697=AXIS2_PLACEMENT_3D('',#2866,#2002,$);
#1698=AXIS2_PLACEMENT_3D('',#2868,#2004,$);
#1699=AXIS2_PLACEMENT_3D('',#2870,#2006,#2007);
#1700=AXIS2_PLACEMENT_3D('',#2873,#2010,#2011);
#1701=AXIS2_PLACEMENT_3D('',#2875,#2013,$);
#1702=AXIS2_PLACEMENT_3D('',#2877,#2015,#2016);
#1703=AXIS2_PLACEMENT_3D('',#2879,#2018,#2019);
#1704=AXIS2_PLACEMENT_3D('',#2881,#2021,#2022);
#1705=AXIS2_PLACEMENT_3D('',#2882,#2023,#2024);
#1706=AXIS2_PLACEMENT_3D('',#2884,#2026,$);
#1707=AXIS2_PLACEMENT_3D('',#2885,#2027,#2028);
#1708=AXIS2_PLACEMENT_3D('',#2903,#2029,#2030);
#1709=AXIS2_PLACEMENT_3D('',#2919,#2031,#2032);
#1710=AXIS2_PLACEMENT_3D('',#2938,#2035,$);
#1711=AXIS2_PLACEMENT_3D('',#2939,#2036,#2037);
#1712=AXIS2_PLACEMENT_3D('',#2941,#2038,#2039);
#1713=AXIS2_PLACEMENT_3D('',#2957,#2040,#2041);
#1714=AXIS2_PLACEMENT_3D('',#2976,#2044,$);
#1715=AXIS2_PLACEMENT_3D('',#2977,#2045,#2046);
#1716=AXIS2_PLACEMENT_3D('',#2979,#2047,#2048);
#1717=AXIS2_PLACEMENT_3D('',#2995,#2049,#2050);
#1718=AXIS2_PLACEMENT_3D('',#3014,#2053,$);
#1719=AXIS2_PLACEMENT_3D('',#3015,#2054,#2055);
#1720=AXIS2_PLACEMENT_3D('',#3017,#2056,#2057);
#1721=AXIS2_PLACEMENT_3D('',#3033,#2058,#2059);
#1722=AXIS2_PLACEMENT_3D('',#3036,#2062,$);
#1723=AXIS2_PLACEMENT_3D('',#3040,#2066,#2067);
#1724=AXIS2_PLACEMENT_3D('',#3042,#2069,$);
#1725=AXIS2_PLACEMENT_3D('',#3044,#2071,#2072);
#1726=AXIS2_PLACEMENT_3D('',#3046,#2074,$);
#1727=AXIS2_PLACEMENT_3D('',#3047,#2075,#2076);
#1728=AXIS2_PLACEMENT_3D('',#3049,#2077,#2078);
#1729=AXIS2_PLACEMENT_3D('',#3051,#2079,#2080);
#1730=AXIS2_PLACEMENT_3D('',#3053,#2081,#2082);
#1731=AXIS2_PLACEMENT_3D('',#3055,#2083,#2084);
#1732=AXIS2_PLACEMENT_3D('',#3056,#2085,#2086);
#1733=AXIS2_PLACEMENT_3D('',#3057,#2087,#2088);
#1734=AXIS2_PLACEMENT_3D('',#3058,#2089,#2090);
#1735=AXIS2_PLACEMENT_3D('',#3059,#2091,#2092);
#1736=AXIS2_PLACEMENT_3D('',#3062,#2095,$);
#1737=AXIS2_PLACEMENT_3D('',#3063,#2096,#2097);
#1738=AXIS2_PLACEMENT_3D('',#3065,#2099,$);
#1739=AXIS2_PLACEMENT_3D('',#3066,#2100,$);
#1740=AXIS2_PLACEMENT_3D('',#3068,#2102,$);
#1741=AXIS2_PLACEMENT_3D('',#3069,#2103,#2104);
#1742=AXIS2_PLACEMENT_3D('',#3070,#2105,$);
#1743=AXIS2_PLACEMENT_3D('',#3079,#2110,$);
#1744=AXIS2_PLACEMENT_3D('',#3082,#2113,$);
#1745=AXIS2_PLACEMENT_3D('',#3084,#2115,$);
#1746=AXIS2_PLACEMENT_3D('',#3086,#2117,$);
#1747=DIRECTION('',(0.,-1.,0.));
#1748=DIRECTION('',(0.0898025612106914,0.,0.0898025612106916));
#1749=DIRECTION('',(0.707106781186548,-0.707106781186547,0.));
#1750=DIRECTION('',(0.127,0.127,1.38777878078145E-17));
#1751=DIRECTION('',(0.,1.,0.));
#1752=DIRECTION('',(0.707106781186548,0.707106781186547,0.));
#1753=DIRECTION('',(0.127,-0.127,1.38777878078145E-17));
#1754=DIRECTION('',(0.,-1.,0.));
#1755=DIRECTION('',(0.,0.,1.));
#1756=DIRECTION('',(-1.,0.,0.));
#1757=DIRECTION('',(1.,0.,0.));
#1758=DIRECTION('',(0.,1.,0.));
#1759=DIRECTION('',(0.,0.,1.));
#1760=DIRECTION('',(0.161644610179245,0.161644610179245,0.));
#1761=DIRECTION('',(-1.,0.,0.));
#1762=DIRECTION('',(0.,0.,1.));
#1763=DIRECTION('',(-0.161644610179245,0.161644610179244,0.));
#1764=DIRECTION('',(0.,-1.,0.));
#1765=DIRECTION('',(1.,0.,0.));
#1766=DIRECTION('',(0.,1.,0.));
#1767=DIRECTION('',(0.,0.,1.));
#1768=DIRECTION('',(0.259949801758934,0.159151313426848,0.));
#1769=DIRECTION('',(0.,1.,0.));
#1770=DIRECTION('',(0.,0.,1.));
#1771=DIRECTION('',(0.263011220691112,-0.154039403369954,0.));
#1772=DIRECTION('',(0.,1.,0.));
#1773=DIRECTION('',(-1.,0.,0.));
#1774=DIRECTION('',(0.,-1.,0.));
#1775=DIRECTION('',(0.,0.,1.));
#1776=DIRECTION('',(-0.161644610179245,-0.161644610179244,0.));
#1777=DIRECTION('',(1.,0.,0.));
#1778=DIRECTION('',(0.,0.,1.));
#1779=DIRECTION('',(0.161644610179245,-0.161644610179245,0.));
#1780=DIRECTION('',(1.,0.,0.));
#1781=DIRECTION('',(0.,1.,0.));
#1782=DIRECTION('',(-1.,0.,0.));
#1783=DIRECTION('',(0.,-1.,0.));
#1784=DIRECTION('',(0.,0.,-1.));
#1785=DIRECTION('',(-0.4064,0.,0.));
#1786=DIRECTION('',(0.,-1.,0.));
#1787=DIRECTION('',(1.,0.,0.));
#1788=DIRECTION('',(0.,-1.,0.));
#1789=DIRECTION('',(1.,0.,0.));
#1790=DIRECTION('',(0.,1.,0.));
#1791=DIRECTION('',(1.,0.,0.));
#1792=DIRECTION('',(0.,-0.0528450666953588,0.115483327480477));
#1793=DIRECTION('',(-1.,0.,0.));
#1794=DIRECTION('',(0.,-0.0528450666953588,0.115483327480477));
#1795=DIRECTION('',(1.,0.,0.));
#1796=DIRECTION('',(-1.,0.,0.));
#1797=DIRECTION('',(0.,-0.0961058920142956,0.0830220303301269));
#1798=DIRECTION('',(-1.,0.,0.));
#1799=DIRECTION('',(1.,0.,0.));
#1800=DIRECTION('',(0.,-0.0528450666953588,0.115483327480477));
#1801=DIRECTION('',(-1.,0.,0.));
#1802=DIRECTION('',(0.,0.812874677444139,0.582438630904653));
#1803=DIRECTION('',(0.,-0.073969706124891,0.103235084035406));
#1804=DIRECTION('',(-1.,0.,0.));
#1805=DIRECTION('',(0.,0.812874677444218,-0.582438630904543));
#1806=DIRECTION('',(0.,0.0739697061248767,0.103235084035416));
#1807=DIRECTION('',(1.,0.,0.));
#1808=DIRECTION('',(0.,2.37666673910574E-15,-0.797949693062948));
#1809=DIRECTION('',(-1.,0.,0.));
#1810=DIRECTION('',(0.,1.99840144432528E-15,-0.670949693062948));
#1811=DIRECTION('',(1.,0.,0.));
#1812=DIRECTION('',(0.,0.0961058920142959,0.083022030330127));
#1813=DIRECTION('',(-1.,0.,0.));
#1814=DIRECTION('',(0.,0.0528450666953588,0.115483327480477));
#1815=DIRECTION('',(1.,0.,0.));
#1816=DIRECTION('',(0.,0.0528450666953588,0.115483327480477));
#1817=DIRECTION('',(-1.,0.,0.));
#1818=DIRECTION('',(-1.,0.,0.));
#1819=DIRECTION('',(0.,0.0528450666953588,0.115483327480477));
#1820=DIRECTION('',(1.,0.,0.));
#1821=DIRECTION('',(-1.,0.,0.));
#1822=DIRECTION('',(0.,0.,-0.670949693062948));
#1823=DIRECTION('',(1.,0.,0.));
#1824=DIRECTION('',(0.,0.,-0.670949693062948));
#1825=DIRECTION('',(-1.,0.,0.));
#1826=DIRECTION('',(0.,0.,1.));
#1827=DIRECTION('',(0.,1.,0.));
#1828=DIRECTION('',(0.,0.,1.));
#1829=DIRECTION('',(0.,1.,0.));
#1830=DIRECTION('',(0.,0.,1.));
#1831=DIRECTION('',(1.,0.,0.));
#1832=DIRECTION('',(1.,0.,0.));
#1833=DIRECTION('',(0.,-1.,0.));
#1834=DIRECTION('',(0.,0.,-1.));
#1835=DIRECTION('',(0.,-1.,0.));
#1836=DIRECTION('',(0.,0.,1.));
#1837=DIRECTION('',(-0.25922460580171,0.160329796815651,0.));
#1838=DIRECTION('',(1.,0.,0.));
#1839=DIRECTION('',(0.,-1.,0.));
#1840=DIRECTION('',(0.179605122421384,0.,0.179605122421383));
#1841=DIRECTION('',(0.,1.,0.));
#1842=DIRECTION('',(0.,0.,-1.));
#1843=DIRECTION('',(0.,0.,1.));
#1844=DIRECTION('',(0.263011220691112,-0.154039403369954,0.));
#1845=DIRECTION('',(0.,0.,-1.));
#1846=DIRECTION('',(-0.216327302162309,-0.328941010424627,0.));
#1847=DIRECTION('',(0.,0.,-1.));
#1848=DIRECTION('',(0.150448773573687,-0.265081509219661,0.));
#1849=DIRECTION('',(0.,0.,1.));
#1850=DIRECTION('',(0.150448773573687,-0.265081509219661,0.));
#1851=DIRECTION('',(0.,0.,1.));
#1852=DIRECTION('',(0.,0.,1.));
#1853=DIRECTION('',(0.150448773573687,-0.265081509219661,0.));
#1854=DIRECTION('',(0.,0.,-1.));
#1855=DIRECTION('',(0.,0.,1.));
#1856=DIRECTION('',(0.150448773573687,-0.265081509219661,0.));
#1857=DIRECTION('',(0.,0.,1.));
#1858=DIRECTION('',(-0.406399999999999,0.,0.));
#1859=DIRECTION('',(0.,0.,-1.));
#1860=DIRECTION('',(0.,0.,-1.));
#1861=DIRECTION('',(-0.406399999999999,0.,0.));
#1862=DIRECTION('',(0.,0.,1.));
#1863=DIRECTION('',(0.,0.,-1.));
#1864=DIRECTION('',(-0.406399999999999,0.,0.));
#1865=DIRECTION('',(0.,0.,-1.));
#1866=DIRECTION('',(0.259949801758934,0.159151313426848,0.));
#1867=DIRECTION('',(0.,0.,1.));
#1868=DIRECTION('',(0.,0.,1.));
#1869=DIRECTION('',(0.259949801758934,0.159151313426848,0.));
#1870=DIRECTION('',(0.,0.,1.));
#1871=DIRECTION('',(0.,0.,1.));
#1872=DIRECTION('',(0.393700000000003,0.,0.));
#1873=DIRECTION('',(0.,0.,-1.));
#1874=DIRECTION('',(-0.4064,0.,0.));
#1875=DIRECTION('',(0.,0.,1.));
#1876=DIRECTION('',(0.,1.,0.));
#1877=DIRECTION('',(0.,0.,1.));
#1878=DIRECTION('',(0.,0.,-1.));
#1879=DIRECTION('',(-0.273902612050028,0.282802137743307,0.));
#1880=DIRECTION('',(0.,-1.,0.));
#1881=DIRECTION('',(0.,0.,-1.));
#1882=DIRECTION('',(0.,0.,1.));
#1883=DIRECTION('',(1.,0.,0.));
#1884=DIRECTION('',(-1.,0.,0.));
#1885=DIRECTION('',(0.,1.,0.));
#1886=DIRECTION('',(0.,0.,-1.));
#1887=DIRECTION('',(0.,0.,-1.));
#1888=DIRECTION('',(0.,0.,-1.));
#1889=DIRECTION('',(0.331232399551165,-0.212802226227974,0.));
#1890=DIRECTION('',(0.,0.,1.));
#1891=DIRECTION('',(0.544930721842237,-0.350093985084729,0.));
#1892=DIRECTION('',(0.,0.,1.));
#1893=DIRECTION('',(-1.,0.,0.));
#1894=DIRECTION('',(0.,0.,-1.));
#1895=DIRECTION('',(-0.4064,0.,0.));
#1896=DIRECTION('',(0.,0.,1.));
#1897=DIRECTION('',(0.158869172275331,0.260122329107963,0.));
#1898=DIRECTION('',(-1.,0.,0.));
#1899=DIRECTION('',(0.,0.,1.));
#1900=DIRECTION('',(-0.164737902206917,0.256445829711587,0.));
#1901=DIRECTION('',(0.,0.,1.));
#1902=DIRECTION('',(-0.355893303557348,-0.541161017150194,0.));
#1903=DIRECTION('',(0.,0.,-1.));
#1904=DIRECTION('',(-0.216327302162309,-0.328941010424627,0.));
#1905=DIRECTION('',(-1.,0.,0.));
#1906=DIRECTION('',(0.,-0.179605122421383,0.179605122421383));
#1907=DIRECTION('',(1.,0.,0.));
#1908=DIRECTION('',(0.,0.,1.));
#1909=DIRECTION('',(0.,-1.,0.));
#1910=DIRECTION('',(-1.,0.,0.));
#1911=DIRECTION('',(0.,0.,1.));
#1912=DIRECTION('',(0.161644610179245,-0.161644610179245,0.));
#1913=DIRECTION('',(1.,0.,0.));
#1914=DIRECTION('',(0.,0.,1.));
#1915=DIRECTION('',(-0.161644610179245,-0.161644610179244,0.));
#1916=DIRECTION('',(0.,-1.,0.));
#1917=DIRECTION('',(-1.,0.,0.));
#1918=DIRECTION('',(0.,1.,0.));
#1919=DIRECTION('',(0.,0.,1.));
#1920=DIRECTION('',(0.263011220691112,-0.154039403369954,0.));
#1921=DIRECTION('',(0.,0.,-1.));
#1922=DIRECTION('',(-0.4064,0.,0.));
#1923=DIRECTION('',(0.,0.,1.));
#1924=DIRECTION('',(-0.164737902206917,0.256445829711587,0.));
#1925=DIRECTION('',(-1.,0.,0.));
#1926=DIRECTION('',(0.,0.,1.));
#1927=DIRECTION('',(0.158869172275331,0.260122329107963,0.));
#1928=DIRECTION('',(0.,0.,-1.));
#1929=DIRECTION('',(-0.4064,0.,0.));
#1930=DIRECTION('',(0.,0.,-1.));
#1931=DIRECTION('',(0.1524,0.,0.));
#1932=DIRECTION('',(0.,0.,-1.));
#1933=DIRECTION('',(0.1524,0.,0.));
#1934=DIRECTION('',(0.,0.,-1.));
#1935=DIRECTION('',(0.,0.,1.));
#1936=DIRECTION('',(0.45056466892956,0.465302878899755,0.));
#1937=DIRECTION('',(0.,0.,1.));
#1938=DIRECTION('',(1.,0.,0.));
#1939=DIRECTION('',(0.,0.,1.));
#1940=DIRECTION('',(-0.157759203503174,-0.260796997126202,0.));
#1941=DIRECTION('',(1.,0.,0.));
#1942=DIRECTION('',(0.,0.,-1.));
#1943=DIRECTION('',(0.,0.,1.));
#1944=DIRECTION('',(-0.450613974662942,0.465255129835756,0.));
#1945=DIRECTION('',(0.,1.,0.));
#1946=DIRECTION('',(0.,0.,-1.));
#1947=DIRECTION('',(1.,0.,0.));
#1948=DIRECTION('',(0.,0.,1.));
#1949=DIRECTION('',(-0.157759203503174,-0.260796997126202,0.));
#1950=DIRECTION('',(0.,0.,1.));
#1951=DIRECTION('',(-0.157759203503174,-0.260796997126202,0.));
#1952=DIRECTION('',(0.,0.,1.));
#1953=DIRECTION('',(0.,1.,0.));
#1954=DIRECTION('',(1.,0.,0.));
#1955=DIRECTION('',(0.,-1.,0.));
#1956=DIRECTION('',(0.,0.,1.));
#1957=DIRECTION('',(-0.161644610179245,0.161644610179244,0.));
#1958=DIRECTION('',(-1.,0.,0.));
#1959=DIRECTION('',(0.,0.,1.));
#1960=DIRECTION('',(0.161644610179245,0.161644610179245,0.));
#1961=DIRECTION('',(0.,0.,1.));
#1962=DIRECTION('',(-0.25922460580171,0.160329796815651,0.));
#1963=DIRECTION('',(0.,0.,-1.));
#1964=DIRECTION('',(-0.4064,0.,0.));
#1965=DIRECTION('',(0.,0.,-1.));
#1966=DIRECTION('',(0.1524,0.,0.));
#1967=DIRECTION('',(0.,0.,-1.));
#1968=DIRECTION('',(0.1524,0.,0.));
#1969=DIRECTION('',(-1.,0.,0.));
#1970=DIRECTION('',(0.,0.,-1.));
#1971=DIRECTION('',(0.,1.,0.));
#1972=DIRECTION('',(0.,0.,1.));
#1973=DIRECTION('',(1.,0.,0.));
#1974=DIRECTION('',(0.,0.,-1.));
#1975=DIRECTION('',(0.,0.,1.));
#1976=DIRECTION('',(-0.161644610179245,0.161644610179244,0.));
#1977=DIRECTION('',(0.,0.,1.));
#1978=DIRECTION('',(0.,-1.,0.));
#1979=DIRECTION('',(0.,0.,-1.));
#1980=DIRECTION('',(0.,0.,1.));
#1981=DIRECTION('',(0.161644610179245,0.161644610179245,0.));
#1982=DIRECTION('',(0.,0.,1.));
#1983=DIRECTION('',(-0.25922460580171,0.160329796815651,0.));
#1984=DIRECTION('',(0.,0.,1.));
#1985=DIRECTION('',(0.,0.,1.));
#1986=DIRECTION('',(-0.4064,0.,0.));
#1987=DIRECTION('',(0.,0.,1.));
#1988=DIRECTION('',(0.,0.,1.));
#1989=DIRECTION('',(0.263011220691112,-0.154039403369954,0.));
#1990=DIRECTION('',(0.,0.,-1.));
#1991=DIRECTION('',(-0.4064,0.,0.));
#1992=DIRECTION('',(0.,0.,1.));
#1993=DIRECTION('',(0.161644610179245,-0.161644610179245,0.));
#1994=DIRECTION('',(0.,0.,1.));
#1995=DIRECTION('',(0.,0.,1.));
#1996=DIRECTION('',(-0.161644610179245,-0.161644610179244,0.));
#1997=DIRECTION('',(0.,0.,1.));
#1998=DIRECTION('',(0.,0.,-1.));
#1999=DIRECTION('',(0.,1.,0.));
#2000=DIRECTION('',(1.,0.,0.));
#2001=DIRECTION('',(0.,0.,1.));
#2002=DIRECTION('',(0.,-1.,0.));
#2003=DIRECTION('',(0.,0.,-1.));
#2004=DIRECTION('',(-1.,0.,0.));
#2005=DIRECTION('',(0.,0.,-1.));
#2006=DIRECTION('',(0.,0.,1.));
#2007=DIRECTION('',(-0.4064,0.,0.));
#2008=DIRECTION('',(0.,0.,-1.));
#2009=DIRECTION('',(0.,0.,1.));
#2010=DIRECTION('',(0.,0.,1.));
#2011=DIRECTION('',(0.158869172275331,0.260122329107963,0.));
#2012=DIRECTION('',(0.,0.,-1.));
#2013=DIRECTION('',(0.,-1.,0.));
#2014=DIRECTION('',(0.,0.,1.));
#2015=DIRECTION('',(0.,0.,-1.));
#2016=DIRECTION('',(-0.164737902206917,0.256445829711587,0.));
#2017=DIRECTION('',(0.,0.,-1.));
#2018=DIRECTION('',(0.,0.,1.));
#2019=DIRECTION('',(-0.4064,0.,0.));
#2020=DIRECTION('',(0.,0.,1.));
#2021=DIRECTION('',(0.,0.,1.));
#2022=DIRECTION('',(0.263011220691112,-0.154039403369954,0.));
#2023=DIRECTION('',(0.,1.,0.));
#2024=DIRECTION('',(-0.179605122421384,0.,0.179605122421383));
#2025=DIRECTION('',(0.,-1.,0.));
#2026=DIRECTION('',(0.,0.,1.));
#2027=DIRECTION('',(0.,0.,-1.));
#2028=DIRECTION('',(-0.464121557344361,-0.451781440530973,0.));
#2029=DIRECTION('',(0.,0.,1.));
#2030=DIRECTION('',(-0.282113103483826,-0.274612248165884,0.));
#2031=DIRECTION('',(1.,0.,0.));
#2032=DIRECTION('',(0.,-0.179605122421383,-0.179605122421383));
#2033=DIRECTION('',(-1.,0.,0.));
#2034=DIRECTION('',(1.,0.,0.));
#2035=DIRECTION('',(0.,0.,1.));
#2036=DIRECTION('',(0.,0.,-1.));
#2037=DIRECTION('',(0.456422393613724,-0.459558362569899,0.));
#2038=DIRECTION('',(0.,0.,1.));
#2039=DIRECTION('',(0.277433219647559,-0.279339396856214,0.));
#2040=DIRECTION('',(0.,1.,0.));
#2041=DIRECTION('',(0.179605122421384,0.,-0.179605122421383));
#2042=DIRECTION('',(0.,-1.,0.));
#2043=DIRECTION('',(0.,1.,0.));
#2044=DIRECTION('',(0.,0.,1.));
#2045=DIRECTION('',(0.,0.,-1.));
#2046=DIRECTION('',(0.45056466892956,0.465302878899755,0.));
#2047=DIRECTION('',(0.,0.,1.));
#2048=DIRECTION('',(0.273872641898361,0.282831161684166,0.));
#2049=DIRECTION('',(-1.,0.,0.));
#2050=DIRECTION('',(0.,0.179605122421383,-0.179605122421383));
#2051=DIRECTION('',(1.,0.,0.));
#2052=DIRECTION('',(-1.,0.,0.));
#2053=DIRECTION('',(0.,0.,1.));
#2054=DIRECTION('',(0.,0.,-1.));
#2055=DIRECTION('',(-0.450613974662942,0.465255129835756,0.));
#2056=DIRECTION('',(0.,0.,1.));
#2057=DIRECTION('',(-0.273902612050028,0.282802137743307,0.));
#2058=DIRECTION('',(0.,-1.,0.));
#2059=DIRECTION('',(-0.179605122421384,0.,-0.179605122421383));
#2060=DIRECTION('',(0.,1.,0.));
#2061=DIRECTION('',(0.,-1.,0.));
#2062=DIRECTION('',(0.,1.,0.));
#2063=DIRECTION('',(0.,0.,1.));
#2064=DIRECTION('',(-1.,0.,0.));
#2065=DIRECTION('',(0.,0.,1.));
#2066=DIRECTION('',(0.,0.,1.));
#2067=DIRECTION('',(0.647700000000016,0.,0.));
#2068=DIRECTION('',(0.,0.,1.));
#2069=DIRECTION('',(-1.,0.,0.));
#2070=DIRECTION('',(0.,0.,1.));
#2071=DIRECTION('',(0.,0.,1.));
#2072=DIRECTION('',(0.647699999999996,0.,0.));
#2073=DIRECTION('',(0.,0.,1.));
#2074=DIRECTION('',(0.,0.,1.));
#2075=DIRECTION('',(0.,0.,1.));
#2076=DIRECTION('',(0.1524,0.,0.));
#2077=DIRECTION('',(0.,0.,1.));
#2078=DIRECTION('',(0.1524,0.,0.));
#2079=DIRECTION('',(0.,0.,1.));
#2080=DIRECTION('',(0.1524,0.,0.));
#2081=DIRECTION('',(0.,0.,1.));
#2082=DIRECTION('',(0.1524,0.,0.));
#2083=DIRECTION('',(0.,0.,1.));
#2084=DIRECTION('',(0.1524,0.,0.));
#2085=DIRECTION('',(0.,0.,1.));
#2086=DIRECTION('',(0.1524,0.,0.));
#2087=DIRECTION('',(0.,0.,1.));
#2088=DIRECTION('',(0.1524,0.,0.));
#2089=DIRECTION('',(0.,0.,1.));
#2090=DIRECTION('',(0.1524,0.,0.));
#2091=DIRECTION('',(0.,0.,1.));
#2092=DIRECTION('',(0.647700000000006,0.,0.));
#2093=DIRECTION('',(0.,0.,1.));
#2094=DIRECTION('',(0.,0.,1.));
#2095=DIRECTION('',(0.,-1.,0.));
#2096=DIRECTION('',(0.,0.,1.));
#2097=DIRECTION('',(0.647700000000003,0.,0.));
#2098=DIRECTION('',(0.,0.,1.));
#2099=DIRECTION('',(1.,0.,0.));
#2100=DIRECTION('',(1.,0.,0.));
#2101=DIRECTION('',(0.,0.,1.));
#2102=DIRECTION('',(0.,-1.,0.));
#2103=DIRECTION('',(1.,0.,0.));
#2104=DIRECTION('',(0.,0.179605122421383,0.179605122421383));
#2105=DIRECTION('',(0.,0.,1.));
#2106=DIRECTION('',(1.,0.,0.));
#2107=DIRECTION('',(0.,-1.,0.));
#2108=DIRECTION('',(-1.,0.,0.));
#2109=DIRECTION('',(0.,1.,0.));
#2110=DIRECTION('',(0.,1.,0.));
#2111=DIRECTION('',(0.,0.,1.));
#2112=DIRECTION('',(0.,0.,-1.));
#2113=DIRECTION('',(1.,0.,0.));
#2114=DIRECTION('',(0.,0.,1.));
#2115=DIRECTION('',(0.,-1.,0.));
#2116=DIRECTION('',(0.,0.,1.));
#2117=DIRECTION('',(-1.,0.,0.));
#2118=CARTESIAN_POINT('',(2.50001675415039,0.585104737785733,0.635));
#2119=CARTESIAN_POINT('',(2.50001675415039,0.654924810205496,0.635));
#2120=CARTESIAN_POINT('',(2.50001675415039,0.654924810205496,0.762));
#2121=CARTESIAN_POINT('',(2.59612264616469,0.751030702219791,0.718022030330127));
#2122=CARTESIAN_POINT('',(2.50001675415039,0.716143101921518,0.762));
#2123=CARTESIAN_POINT('',(2.48455212173931,0.716143101921518,0.762));
#2124=CARTESIAN_POINT('',(2.46830980577591,0.718304661188295,0.75897995415186));
#2125=CARTESIAN_POINT('',(2.43902428774506,0.726942102055988,0.747500105260148));
#2126=CARTESIAN_POINT('',(2.42597769681638,0.733451493702785,0.739074210035179));
#2127=CARTESIAN_POINT('',(2.40059444937744,0.75196639933983,0.716594480590902));
#2128=CARTESIAN_POINT('',(2.38941006077923,0.766616388377699,0.69998953764806));
#2129=CARTESIAN_POINT('',(2.37564644988125,0.800005422390646,0.666456356924877));
#2130=CARTESIAN_POINT('',(2.37301675415039,0.818766690541613,0.649570999869213));
#2131=CARTESIAN_POINT('',(2.37301675415039,0.862532859416249,0.614165421185419));
#2132=CARTESIAN_POINT('',(2.37827787544809,0.89182202970965,0.593847002172583));
#2133=CARTESIAN_POINT('',(2.39637187742035,0.951773230062059,0.55902843683629));
#2134=CARTESIAN_POINT('',(2.40905589041822,0.982461028806101,0.544495469725364));
#2135=CARTESIAN_POINT('',(2.43484119373958,1.03102452973965,0.525112969896287));
#2136=CARTESIAN_POINT('',(2.44974283507656,1.05596467704567,0.51683559784094));
#2137=CARTESIAN_POINT('',(2.47237705514407,1.07626975809203,0.51096699148184));
#2138=CARTESIAN_POINT('',(2.47738189926579,1.08006470375516,0.509912248803934));
#2139=CARTESIAN_POINT('',(2.48828655530093,1.08554379509706,0.508423206450775));
#2140=CARTESIAN_POINT('',(2.4942224875106,1.08715878447157,0.508));
#2141=CARTESIAN_POINT('',(2.50581102079018,1.08715878447157,0.508));
#2142=CARTESIAN_POINT('',(2.51174695299985,1.08554379509706,0.508423206450775));
#2143=CARTESIAN_POINT('',(2.52265160903499,1.08006470375516,0.509912248803934));
#2144=CARTESIAN_POINT('',(2.52765645315671,1.07626975809203,0.51096699148184));
#2145=CARTESIAN_POINT('',(2.55029067322422,1.05596467704567,0.51683559784094));
#2146=CARTESIAN_POINT('',(2.5651923145612,1.03102452973965,0.525112969896287));
#2147=CARTESIAN_POINT('',(2.59097761788256,0.982461028806101,0.544495469725364));
#2148=CARTESIAN_POINT('',(2.60366163088043,0.95177323006206,0.55902843683629));
#2149=CARTESIAN_POINT('',(2.62175563285269,0.89182202970965,0.593847002172583));
#2150=CARTESIAN_POINT('',(2.62701675415039,0.862532859416249,0.61416542118542));
#2151=CARTESIAN_POINT('',(2.62701675415039,0.818766690541613,0.649570999869213));
#2152=CARTESIAN_POINT('',(2.62438705841953,0.800005422390646,0.666456356924877));
#2153=CARTESIAN_POINT('',(2.61062344752155,0.766616388377699,0.69998953764806));
#2154=CARTESIAN_POINT('',(2.59943905892334,0.75196639933983,0.716594480590902));
#2155=CARTESIAN_POINT('',(2.5740558114844,0.733451493702785,0.739074210035179));
#2156=CARTESIAN_POINT('',(2.56100922055571,0.726942102055988,0.747500105260148));
#2157=CARTESIAN_POINT('',(2.53172370252487,0.718304661188295,0.75897995415186));
#2158=CARTESIAN_POINT('',(2.51548138656147,0.716143101921518,0.762));
#2159=CARTESIAN_POINT('',(2.50001675415039,0.716143101921518,0.762));
#2160=CARTESIAN_POINT('',(2.62701675415039,0.836778452096019,0.635));
#2161=CARTESIAN_POINT('',(2.62701675415039,0.585104737785733,0.635));
#2162=CARTESIAN_POINT('',(2.62701675415039,1.68075096413148,0.635));
#2163=CARTESIAN_POINT('',(2.50001675415039,1.80138631430598,0.762));
#2164=CARTESIAN_POINT('',(2.51548138656147,1.80138631430598,0.762));
#2165=CARTESIAN_POINT('',(2.53172370252487,1.7992247550392,0.75897995415186));
#2166=CARTESIAN_POINT('',(2.56100922055571,1.79058731417151,0.747500105260148));
#2167=CARTESIAN_POINT('',(2.5740558114844,1.78407792252471,0.739074210035179));
#2168=CARTESIAN_POINT('',(2.59943905892334,1.76556301688767,0.716594480590902));
#2169=CARTESIAN_POINT('',(2.61062344752155,1.7509130278498,0.69998953764806));
#2170=CARTESIAN_POINT('',(2.62438705841953,1.71752399383685,0.666456356924877));
#2171=CARTESIAN_POINT('',(2.62701675415039,1.69876272568588,0.649570999869213));
#2172=CARTESIAN_POINT('',(2.62701675415039,1.65499655681125,0.61416542118542));
#2173=CARTESIAN_POINT('',(2.62175563285269,1.62570738651785,0.593847002172583));
#2174=CARTESIAN_POINT('',(2.60366163088043,1.56575618616544,0.55902843683629));
#2175=CARTESIAN_POINT('',(2.59097761788256,1.53506838742139,0.544495469725364));
#2176=CARTESIAN_POINT('',(2.5651923145612,1.48650488648784,0.525112969896287));
#2177=CARTESIAN_POINT('',(2.55029067322422,1.46156473918182,0.51683559784094));
#2178=CARTESIAN_POINT('',(2.52765645315671,1.44125965813547,0.51096699148184));
#2179=CARTESIAN_POINT('',(2.52265160903499,1.43746471247234,0.509912248803934));
#2180=CARTESIAN_POINT('',(2.51174695299985,1.43198562113043,0.508423206450775));
#2181=CARTESIAN_POINT('',(2.50581102079018,1.43037063175593,0.508));
#2182=CARTESIAN_POINT('',(2.4942224875106,1.43037063175593,0.508));
#2183=CARTESIAN_POINT('',(2.48828655530093,1.43198562113043,0.508423206450775));
#2184=CARTESIAN_POINT('',(2.47738189926579,1.43746471247234,0.509912248803934));
#2185=CARTESIAN_POINT('',(2.47237705514407,1.44125965813547,0.51096699148184));
#2186=CARTESIAN_POINT('',(2.44974283507656,1.46156473918182,0.51683559784094));
#2187=CARTESIAN_POINT('',(2.43484119373958,1.48650488648784,0.525112969896287));
#2188=CARTESIAN_POINT('',(2.40905589041822,1.53506838742139,0.544495469725364));
#2189=CARTESIAN_POINT('',(2.39637187742035,1.56575618616544,0.55902843683629));
#2190=CARTESIAN_POINT('',(2.37827787544809,1.62570738651785,0.593847002172583));
#2191=CARTESIAN_POINT('',(2.37301675415039,1.65499655681125,0.614165421185419));
#2192=CARTESIAN_POINT('',(2.37301675415039,1.69876272568588,0.649570999869213));
#2193=CARTESIAN_POINT('',(2.37564644988125,1.71752399383685,0.666456356924877));
#2194=CARTESIAN_POINT('',(2.38941006077923,1.7509130278498,0.69998953764806));
#2195=CARTESIAN_POINT('',(2.40059444937744,1.76556301688767,0.716594480590902));
#2196=CARTESIAN_POINT('',(2.42597769681638,1.78407792252471,0.739074210035179));
#2197=CARTESIAN_POINT('',(2.43902428774506,1.79058731417151,0.747500105260149));
#2198=CARTESIAN_POINT('',(2.46830980577591,1.7992247550392,0.75897995415186));
#2199=CARTESIAN_POINT('',(2.48455212173931,1.80138631430598,0.762));
#2200=CARTESIAN_POINT('',(2.50001675415039,1.80138631430598,0.762));
#2201=CARTESIAN_POINT('',(2.59612264616469,1.7664987140077,0.718022030330127));
#2202=CARTESIAN_POINT('',(2.50001675415039,1.862604606022,0.635));
#2203=CARTESIAN_POINT('',(2.50001675415039,1.862604606022,0.762));
#2204=CARTESIAN_POINT('',(2.50001675415039,0.585104737785733,0.762));
#2205=CARTESIAN_POINT('',(0.0824912823184203,-0.0885552325422824,0.762));
#2206=CARTESIAN_POINT('',(4.53201675415039,0.654924810205496,0.762));
#2207=CARTESIAN_POINT('',(3.84164240098246,0.654924810205496,0.762));
#2208=CARTESIAN_POINT('',(4.53201675415039,1.862604606022,0.762));
#2209=CARTESIAN_POINT('',(3.84164240098246,1.862604606022,0.762));
#2210=CARTESIAN_POINT('',(3.84164240098246,-0.074744617312294,0.762));
#2211=CARTESIAN_POINT('',(3.84164240098246,2.49041844733481,0.762));
#2212=CARTESIAN_POINT('',(3.61304240098246,2.49041844733481,0.762));
#2213=CARTESIAN_POINT('',(3.61304240098246,2.71901844733481,0.762));
#2214=CARTESIAN_POINT('',(0.0993655831818122,2.71901844733481,0.762));
#2215=CARTESIAN_POINT('',(-3.38056263289206,2.71901844733481,0.762));
#2216=CARTESIAN_POINT('',(-3.38056263289206,2.49041844733481,0.762));
#2217=CARTESIAN_POINT('',(-3.60916263289206,2.49041844733481,0.762));
#2218=CARTESIAN_POINT('',(-3.60916263289206,-0.074744617312294,0.762));
#2219=CARTESIAN_POINT('',(-3.60916263289206,-1.08875180489297,0.762));
#2220=CARTESIAN_POINT('',(-1.64029110360103,-1.08875180489297,0.762));
#2221=CARTESIAN_POINT('',(-3.95444677138082,-1.08875180489297,0.762));
#2222=CARTESIAN_POINT('',(-3.95444677138082,-0.0747449749401615,0.762));
#2223=CARTESIAN_POINT('',(-3.95444677138082,2.39003316769426,0.762));
#2224=CARTESIAN_POINT('',(-4.25924677138082,2.39003316769426,0.762));
#2225=CARTESIAN_POINT('',(-4.10469693756104,2.65274477548174,0.762));
#2226=CARTESIAN_POINT('',(-4.10469693756104,-0.0833184410202926,0.762));
#2227=CARTESIAN_POINT('',(-4.10469693756104,-2.82219753683303,0.762));
#2228=CARTESIAN_POINT('',(-4.25924677138082,-2.55948592904556,0.762));
#2229=CARTESIAN_POINT('',(-3.95444677138082,-2.55948592904556,0.762));
#2230=CARTESIAN_POINT('',(-3.95444677138082,-0.0747449749401615,0.762));
#2231=CARTESIAN_POINT('',(-3.95444677138082,-2.43163952996011,0.762));
#2232=CARTESIAN_POINT('',(-1.64029110360103,-2.43163952996011,0.762));
#2233=CARTESIAN_POINT('',(-3.60916263289206,-2.43163952996011,0.762));
#2234=CARTESIAN_POINT('',(-3.60916263289206,-0.074744617312294,0.762));
#2235=CARTESIAN_POINT('',(-3.60916263289206,-2.61228645149942,0.762));
#2236=CARTESIAN_POINT('',(-3.38056263289206,-2.61228645149942,0.762));
#2237=CARTESIAN_POINT('',(-3.38056263289206,-2.84088645149942,0.762));
#2238=CARTESIAN_POINT('',(0.0993655831818122,-2.84088645149942,0.762));
#2239=CARTESIAN_POINT('',(3.61304240098246,-2.84088645149942,0.762));
#2240=CARTESIAN_POINT('',(3.61304240098246,-2.61228645149942,0.762));
#2241=CARTESIAN_POINT('',(3.84164240098246,-2.61228645149942,0.762));
#2242=CARTESIAN_POINT('',(1.97476684165044,-2.61228645149942,0.762));
#2243=CARTESIAN_POINT('',(3.86704240098246,-2.61228645149942,0.762));
#2244=CARTESIAN_POINT('',(3.86704240098246,-0.074744617312294,0.762));
#2245=CARTESIAN_POINT('',(3.86704240098246,-2.58333335091348,0.762));
#2246=CARTESIAN_POINT('',(1.86289011549993,-2.58333335091348,0.762));
#2247=CARTESIAN_POINT('',(4.15592830949076,-2.58333335091348,0.762));
#2248=CARTESIAN_POINT('',(4.15592830949076,-0.0747449749401613,0.762));
#2249=CARTESIAN_POINT('',(4.15592830949068,-2.74462903339588,0.762));
#2250=CARTESIAN_POINT('',(4.13965592637309,-3.15070312706704,0.762));
#2251=CARTESIAN_POINT('',(4.27801675415039,-2.7685811029219,0.762));
#2252=CARTESIAN_POINT('',(4.27801675415039,-0.0865398724166183,0.762));
#2253=CARTESIAN_POINT('',(4.27801675415039,0.654924810205495,0.762));
#2254=CARTESIAN_POINT('',(4.53201675415039,0.654924810205496,0.762));
#2255=CARTESIAN_POINT('',(4.15592830949076,0.654924810205496,0.762));
#2256=CARTESIAN_POINT('',(4.15592830949076,-0.0747449749401613,0.762));
#2257=CARTESIAN_POINT('',(4.15592830949076,-1.15511752373452,0.762));
#2258=CARTESIAN_POINT('',(1.86289011549993,-1.15511752373452,0.762));
#2259=CARTESIAN_POINT('',(3.84164240098246,-1.15511752373452,0.762));
#2260=CARTESIAN_POINT('',(3.84164240098246,-0.074744617312294,0.762));
#2261=CARTESIAN_POINT('',(4.53201675415039,1.862604606022,0.635));
#2262=CARTESIAN_POINT('',(3.84164240098246,1.862604606022,0.635));
#2263=CARTESIAN_POINT('',(3.84164240098246,1.81239460700278,0.751653143971733));
#2264=CARTESIAN_POINT('',(4.53201675415039,1.7664987140077,0.718022030330127));
#2265=CARTESIAN_POINT('',(4.27801675415039,1.7664987140077,0.718022030330127));
#2266=CARTESIAN_POINT('',(4.27801675415039,1.862604606022,0.635));
#2267=CARTESIAN_POINT('',(4.27801675415039,1.862604606022,0.762));
#2268=CARTESIAN_POINT('',(4.53201675415039,1.862604606022,0.762));
#2269=CARTESIAN_POINT('',(4.15592830949076,1.862604606022,0.762));
#2270=CARTESIAN_POINT('',(4.15592830949076,1.862604606022,0.635));
#2271=CARTESIAN_POINT('',(4.15592830949076,1.81239460700278,0.751653143971733));
#2272=CARTESIAN_POINT('',(4.53201675415039,1.81239460700278,0.751653143971733));
#2273=CARTESIAN_POINT('',(4.27801675415039,1.7664987140077,0.718022030330127));
#2274=CARTESIAN_POINT('',(4.28762734335182,1.7664987140077,0.718022030330127));
#2275=CARTESIAN_POINT('',(4.29736563008601,1.76568633659097,0.717076902587691));
#2276=CARTESIAN_POINT('',(4.32141653543715,1.76160417182855,0.712402811706541));
#2277=CARTESIAN_POINT('',(4.33506077044366,1.75715018340443,0.707346568819662));
#2278=CARTESIAN_POINT('',(4.36524252320633,1.74206943273387,0.691040082689344));
#2279=CARTESIAN_POINT('',(4.37873670260683,1.7293903900684,0.678033273971802));
#2280=CARTESIAN_POINT('',(4.40045478814786,1.69554434665676,0.646614317147798));
#2281=CARTESIAN_POINT('',(4.40501675415038,1.67295489301765,0.628003852130645));
#2282=CARTESIAN_POINT('',(4.40501675415039,1.64955172874723,0.611235084035469));
#2283=CARTESIAN_POINT('',(4.27801675415039,1.77837516324278,0.731770149271094));
#2284=CARTESIAN_POINT('',(4.28944410096044,1.77837516324278,0.731770149271094));
#2285=CARTESIAN_POINT('',(4.30102360812448,1.77748539683685,0.730682627375838));
#2286=CARTESIAN_POINT('',(4.32969229225137,1.7730119695687,0.725311549551431));
#2287=CARTESIAN_POINT('',(4.3460335911274,1.76812955334165,0.719505894713896));
#2288=CARTESIAN_POINT('',(4.3825823601161,1.75157466106284,0.70085776136426));
#2289=CARTESIAN_POINT('',(4.39939214156078,1.73763573934741,0.68605216585175));
#2290=CARTESIAN_POINT('',(4.42790148399552,1.70035452940987,0.650571851689863));
#2291=CARTESIAN_POINT('',(4.43556343995059,1.67542678281959,0.629775003517127));
#2292=CARTESIAN_POINT('',(4.43826527640087,1.64955172874724,0.611235084035474));
#2293=CARTESIAN_POINT('',(4.27801675415039,1.7932394437464,0.742923746614581));
#2294=CARTESIAN_POINT('',(4.29125984046333,1.7932394437464,0.742923746614581));
#2295=CARTESIAN_POINT('',(4.30467953673104,1.79230806659841,0.741653331028935));
#2296=CARTESIAN_POINT('',(4.33796277505686,1.78762382091345,0.735375902284562));
#2297=CARTESIAN_POINT('',(4.35699861241894,1.78251048899158,0.728589248098483));
#2298=CARTESIAN_POINT('',(4.39990378283998,1.76515345817238,0.706748152244343));
#2299=CARTESIAN_POINT('',(4.42001866061991,1.75052350885026,0.689371074400573));
#2300=CARTESIAN_POINT('',(4.45527160844161,1.7112890451327,0.647445069928057));
#2301=CARTESIAN_POINT('',(4.46598759317868,1.68498127561247,0.622637622032259));
#2302=CARTESIAN_POINT('',(4.47130905981331,1.65752367301539,0.600109119372889));
#2303=CARTESIAN_POINT('',(4.27801675415039,1.82627963490688,0.758042908346373));
#2304=CARTESIAN_POINT('',(4.29456385957938,1.82627963490688,0.758042908346373));
#2305=CARTESIAN_POINT('',(4.31133163917137,1.82530914668617,0.756331336324018));
#2306=CARTESIAN_POINT('',(4.35291434152516,1.8204286591983,0.747865259183686));
#2307=CARTESIAN_POINT('',(4.376692442414,1.81510145735886,0.73870741852981));
#2308=CARTESIAN_POINT('',(4.43025419070893,1.79702220087068,0.70913472766709));
#2309=CARTESIAN_POINT('',(4.45532888810917,1.78178706201926,0.685515699637161));
#2310=CARTESIAN_POINT('',(4.4990879731673,1.74092890100961,0.628039780624817));
#2311=CARTESIAN_POINT('',(4.51218811628954,1.71353035123096,0.593641187877331));
#2312=CARTESIAN_POINT('',(4.51832957090882,1.68491023512229,0.561887336582894));
#2313=CARTESIAN_POINT('',(4.27801675415039,1.84443702993579,0.762));
#2314=CARTESIAN_POINT('',(4.29605028762974,1.84443702993579,0.762));
#2315=CARTESIAN_POINT('',(4.31432408492904,1.84346857880521,0.760030172417698));
#2316=CARTESIAN_POINT('',(4.3595858954955,1.83860018691621,0.750282030249588));
#2317=CARTESIAN_POINT('',(4.38540721060861,1.83328724744939,0.739734297314756));
#2318=CARTESIAN_POINT('',(4.44325087646696,1.8152765580741,0.705627168686939));
#2319=CARTESIAN_POINT('',(4.46996238398817,1.80011610341302,0.678343250712186));
#2320=CARTESIAN_POINT('',(4.51541084491188,1.759547222396,0.611810216151453));
#2321=CARTESIAN_POINT('',(4.52777271937867,1.73240314216826,0.571885313911978));
#2322=CARTESIAN_POINT('',(4.53201675415038,1.70415621109294,0.535026881799982));
#2323=CARTESIAN_POINT('',(4.27801675415039,1.862604606022,0.762));
#2324=CARTESIAN_POINT('',(4.29723793255325,1.862604606022,0.762));
#2325=CARTESIAN_POINT('',(4.31671450602164,1.86163845860881,0.759751949513416));
#2326=CARTESIAN_POINT('',(4.36481631672391,1.85678360562522,0.748634307095439));
#2327=CARTESIAN_POINT('',(4.39210478673693,1.85148654873306,0.736607690193006));
#2328=CARTESIAN_POINT('',(4.45246829226227,1.83355125418989,0.697821606117992));
#2329=CARTESIAN_POINT('',(4.47945665106327,1.81847227240057,0.666884028737156));
#2330=CARTESIAN_POINT('',(4.52289282214533,1.77821971661145,0.592151907347781));
#2331=CARTESIAN_POINT('',(4.53201675415037,1.75135444223372,0.547885653106264));
#2332=CARTESIAN_POINT('',(4.53201675415039,1.72352143487212,0.508000000000126));
#2333=CARTESIAN_POINT('',(4.40501675415039,1.72352143487212,0.508000000000063));
#2334=CARTESIAN_POINT('',(4.40501675415039,1.64955172874723,0.611235084035469));
#2335=CARTESIAN_POINT('',(4.53201675415039,1.72352143487212,0.508000000000063));
#2336=CARTESIAN_POINT('',(4.27801675415039,1.862604606022,0.762));
#2337=CARTESIAN_POINT('',(4.29723793255325,1.862604606022,0.762));
#2338=CARTESIAN_POINT('',(4.31671450602164,1.86163845860881,0.759751949513416));
#2339=CARTESIAN_POINT('',(4.36481631672391,1.85678360562522,0.748634307095439));
#2340=CARTESIAN_POINT('',(4.39210478673693,1.85148654873306,0.736607690193006));
#2341=CARTESIAN_POINT('',(4.45246829226227,1.83355125418989,0.697821606117992));
#2342=CARTESIAN_POINT('',(4.47945665106327,1.81847227240057,0.666884028737156));
#2343=CARTESIAN_POINT('',(4.52289282214533,1.77821971661145,0.592151907347781));
#2344=CARTESIAN_POINT('',(4.53201675415037,1.75135444223372,0.547885653106264));
#2345=CARTESIAN_POINT('',(4.53201675415039,1.72352143487212,0.508000000000126));
#2346=CARTESIAN_POINT('',(4.27801675415039,1.7664987140077,0.718022030330127));
#2347=CARTESIAN_POINT('',(4.28762734335182,1.7664987140077,0.718022030330127));
#2348=CARTESIAN_POINT('',(4.29736563008601,1.76568633659097,0.717076902587691));
#2349=CARTESIAN_POINT('',(4.32141653543715,1.76160417182855,0.712402811706541));
#2350=CARTESIAN_POINT('',(4.33506077044366,1.75715018340443,0.707346568819662));
#2351=CARTESIAN_POINT('',(4.36524252320633,1.74206943273387,0.691040082689344));
#2352=CARTESIAN_POINT('',(4.37873670260683,1.7293903900684,0.678033273971802));
#2353=CARTESIAN_POINT('',(4.40045478814786,1.69554434665676,0.646614317147798));
#2354=CARTESIAN_POINT('',(4.40501675415038,1.67295489301765,0.628003852130645));
#2355=CARTESIAN_POINT('',(4.40501675415039,1.64955172874723,0.611235084035469));
#2356=CARTESIAN_POINT('',(4.40501675415039,1.25876470811375,1.15663309936526));
#2357=CARTESIAN_POINT('',(4.40501675415039,0.794007981355465,0.508));
#2358=CARTESIAN_POINT('',(4.40501675415039,0.867977687480342,0.611235084035416));
#2359=CARTESIAN_POINT('',(4.53201675415039,0.794007981355465,0.508));
#2360=CARTESIAN_POINT('',(4.53201675415039,1.25876470811375,1.15663309936526));
#2361=CARTESIAN_POINT('',(4.40501675415039,1.25876470811375,1.15663309936526));
#2362=CARTESIAN_POINT('',(4.40501675415039,0.867977687480342,0.611235084035416));
#2363=CARTESIAN_POINT('',(4.40501675415039,0.86064089054795,0.616492024716558));
#2364=CARTESIAN_POINT('',(4.40455473441235,0.853349371887387,0.621942425704235));
#2365=CARTESIAN_POINT('',(4.40189476228425,0.834757455796573,0.636439072426123));
#2366=CARTESIAN_POINT('',(4.39882500792693,0.823681043761167,0.645684652183329));
#2367=CARTESIAN_POINT('',(4.3860587477909,0.796696963711713,0.669642342251611));
#2368=CARTESIAN_POINT('',(4.37319099151903,0.781481117059348,0.684775906835352));
#2369=CARTESIAN_POINT('',(4.33401497757184,0.758384134807017,0.709323814535646));
#2370=CARTESIAN_POINT('',(4.30635496220521,0.751030702219791,0.718022030330127));
#2371=CARTESIAN_POINT('',(4.27801675415039,0.751030702219791,0.718022030330127));
#2372=CARTESIAN_POINT('',(4.43826527640088,0.867977687480342,0.611235084035416));
#2373=CARTESIAN_POINT('',(4.4374182616489,0.859865963136148,0.617047273481594));
#2374=CARTESIAN_POINT('',(4.43606201114844,0.851809219783782,0.623093641795118));
#2375=CARTESIAN_POINT('',(4.43093884877606,0.831277232493246,0.639232196720343));
#2376=CARTESIAN_POINT('',(4.42621935925372,0.81905616368344,0.649580472060321));
#2377=CARTESIAN_POINT('',(4.40869414972685,0.789311153081045,0.676536373346593));
#2378=CARTESIAN_POINT('',(4.39236831220577,0.772571291394787,0.693717331165568));
#2379=CARTESIAN_POINT('',(4.34465112984113,0.747204757783001,0.721750076460842));
#2380=CARTESIAN_POINT('',(4.31171193398075,0.739154252984719,0.731770149271094));
#2381=CARTESIAN_POINT('',(4.27801675415039,0.739154252984719,0.731770149271094));
#2382=CARTESIAN_POINT('',(4.47130905981333,0.860005743212191,0.600109119372818));
#2383=CARTESIAN_POINT('',(4.46964080163979,0.851397896333993,0.60717171344312));
#2384=CARTESIAN_POINT('',(4.46741266362196,0.842862607767598,0.614474943886842));
#2385=CARTESIAN_POINT('',(4.45987647266719,0.821141331332095,0.633868174112255));
#2386=CARTESIAN_POINT('',(4.45353030757866,0.808242763287347,0.646206737635994));
#2387=CARTESIAN_POINT('',(4.43129173183876,0.776900936361387,0.678173425228322));
#2388=CARTESIAN_POINT('',(4.41152225680022,0.759319133254328,0.698370715492519));
#2389=CARTESIAN_POINT('',(4.3552814221884,0.732713035004398,0.731228248404615));
#2390=CARTESIAN_POINT('',(4.31706590372473,0.724289972481093,0.742923746614581));
#2391=CARTESIAN_POINT('',(4.27801675415039,0.724289972481093,0.742923746614581));
#2392=CARTESIAN_POINT('',(4.51832957090884,0.832619181105291,0.561887336582793));
#2393=CARTESIAN_POINT('',(4.516404249833,0.823646890963478,0.571842039975745));
#2394=CARTESIAN_POINT('',(4.51375886417983,0.814752457424928,0.582082870396172));
#2395=CARTESIAN_POINT('',(4.50465413232987,0.792121420642369,0.609144968272388));
#2396=CARTESIAN_POINT('',(4.49686831292581,0.778686834116301,0.626234310361199));
#2397=CARTESIAN_POINT('',(4.46936214008732,0.746046052609066,0.670239903077144));
#2398=CARTESIAN_POINT('',(4.44474483522283,0.727738330942306,0.697759312481188));
#2399=CARTESIAN_POINT('',(4.37455858903105,0.700026817762984,0.742304313604431));
#2400=CARTESIAN_POINT('',(4.32680828050988,0.691249781320616,0.758042908346373));
#2401=CARTESIAN_POINT('',(4.27801675415039,0.691249781320616,0.758042908346373));
#2402=CARTESIAN_POINT('',(4.53201675415039,0.813373205134641,0.535026881799866));
#2403=CARTESIAN_POINT('',(4.53068626648923,0.804517906984863,0.546581850543719));
#2404=CARTESIAN_POINT('',(4.52852363414111,0.795729244087897,0.558469545454406));
#2405=CARTESIAN_POINT('',(4.52032895347505,0.77334541807539,0.589873709903011));
#2406=CARTESIAN_POINT('',(4.5127629899984,0.760035529792379,0.609694771938475));
#2407=CARTESIAN_POINT('',(4.48477000645426,0.727656781931979,0.660677465439905));
#2408=CARTESIAN_POINT('',(4.45877284717311,0.709450416863463,0.692493588820561));
#2409=CARTESIAN_POINT('',(4.38319460245047,0.681854616839771,0.743892880154872));
#2410=CARTESIAN_POINT('',(4.33119122795117,0.673092386291705,0.762));
#2411=CARTESIAN_POINT('',(4.27801675415039,0.673092386291705,0.762));
#2412=CARTESIAN_POINT('',(4.53201675415039,0.794007981355465,0.508));
#2413=CARTESIAN_POINT('',(4.53201675415039,0.785282446608528,0.520503990228591));
#2414=CARTESIAN_POINT('',(4.5310927146743,0.776610760583011,0.533468138927527));
#2415=CARTESIAN_POINT('',(4.52577277041812,0.754499693402412,0.567949397125488));
#2416=CARTESIAN_POINT('',(4.51963326170347,0.741326694479731,0.589940636128139));
#2417=CARTESIAN_POINT('',(4.49410074143142,0.709234961499346,0.646925628100374));
#2418=CARTESIAN_POINT('',(4.46836522888768,0.69113899947495,0.682921838663991));
#2419=CARTESIAN_POINT('',(4.39001320099329,0.663670129469522,0.741310703335397));
#2420=CARTESIAN_POINT('',(4.33469317026004,0.654924810205496,0.762));
#2421=CARTESIAN_POINT('',(4.27801675415039,0.654924810205496,0.762));
#2422=CARTESIAN_POINT('',(4.27801675415039,0.654924810205495,0.635));
#2423=CARTESIAN_POINT('',(4.27801675415039,0.751030702219791,0.718022030330127));
#2424=CARTESIAN_POINT('',(4.53201675415039,0.794007981355465,0.508));
#2425=CARTESIAN_POINT('',(4.53201675415039,0.785282446608528,0.520503990228591));
#2426=CARTESIAN_POINT('',(4.5310927146743,0.776610760583011,0.533468138927527));
#2427=CARTESIAN_POINT('',(4.52577277041812,0.754499693402412,0.567949397125488));
#2428=CARTESIAN_POINT('',(4.51963326170347,0.741326694479731,0.589940636128139));
#2429=CARTESIAN_POINT('',(4.49410074143142,0.709234961499346,0.646925628100374));
#2430=CARTESIAN_POINT('',(4.46836522888768,0.69113899947495,0.682921838663991));
#2431=CARTESIAN_POINT('',(4.39001320099329,0.663670129469522,0.741310703335397));
#2432=CARTESIAN_POINT('',(4.33469317026004,0.654924810205496,0.762));
#2433=CARTESIAN_POINT('',(4.27801675415039,0.654924810205496,0.762));
#2434=CARTESIAN_POINT('',(4.40501675415039,0.867977687480342,0.611235084035416));
#2435=CARTESIAN_POINT('',(4.40501675415039,0.86064089054795,0.616492024716558));
#2436=CARTESIAN_POINT('',(4.40455473441235,0.853349371887387,0.621942425704235));
#2437=CARTESIAN_POINT('',(4.40189476228425,0.834757455796573,0.636439072426123));
#2438=CARTESIAN_POINT('',(4.39882500792693,0.823681043761167,0.645684652183329));
#2439=CARTESIAN_POINT('',(4.3860587477909,0.796696963711713,0.669642342251611));
#2440=CARTESIAN_POINT('',(4.37319099151903,0.781481117059348,0.684775906835352));
#2441=CARTESIAN_POINT('',(4.33401497757184,0.758384134807017,0.709323814535646));
#2442=CARTESIAN_POINT('',(4.30635496220521,0.751030702219791,0.718022030330127));
#2443=CARTESIAN_POINT('',(4.27801675415039,0.751030702219791,0.718022030330127));
#2444=CARTESIAN_POINT('',(4.53201675415039,0.654924810205496,0.635));
#2445=CARTESIAN_POINT('',(4.15592830949076,0.654924810205496,0.635));
#2446=CARTESIAN_POINT('',(4.15592830949076,0.659124038918062,0.761930557700735));
#2447=CARTESIAN_POINT('',(4.53201675415039,0.751030702219791,0.718022030330127));
#2448=CARTESIAN_POINT('',(3.84164240098246,0.654924810205496,0.635));
#2449=CARTESIAN_POINT('',(3.84164240098246,0.659124038918062,0.761930557700735));
#2450=CARTESIAN_POINT('',(4.53201675415039,0.659124038918062,0.761930557700735));
#2451=CARTESIAN_POINT('',(4.53201675415039,1.25876470811375,1.15663309936526));
#2452=CARTESIAN_POINT('',(2.62701675415039,1.25876470811375,1.15663309936526));
#2453=CARTESIAN_POINT('',(3.84164240098246,-0.0609340020823055,0.468307116999089));
#2454=CARTESIAN_POINT('',(3.84164240098246,1.81239460700278,1.16680711699909));
#2455=CARTESIAN_POINT('',(3.84164240098246,1.81239460700278,0.468307116999089));
#2456=CARTESIAN_POINT('',(3.84164240098246,-0.0609343597101731,0.468307116999089));
#2457=CARTESIAN_POINT('',(3.84164240098246,2.49041844733481,0.468307116999089));
#2458=CARTESIAN_POINT('',(3.84164240098246,2.49041844733481,0.468307116999089));
#2459=CARTESIAN_POINT('',(4.20266042008646,1.81239460700278,1.86530711699909));
#2460=CARTESIAN_POINT('',(4.15592830949076,1.81239460700278,1.16680711699909));
#2461=CARTESIAN_POINT('',(4.15592830949076,1.81239460700278,0.468307116999089));
#2462=CARTESIAN_POINT('',(2.15170059457072,1.81239460700278,0.468307116999089));
#2463=CARTESIAN_POINT('',(4.15592830949076,-0.0609347173380402,0.468307116999089));
#2464=CARTESIAN_POINT('',(4.15592830949076,-0.0747449749401613,0.762));
#2465=CARTESIAN_POINT('',(4.15592830949076,2.35262620846272,0.762));
#2466=CARTESIAN_POINT('',(4.15592830949076,2.35262620846272,0.468307116999089));
#2467=CARTESIAN_POINT('',(4.15592830949076,2.35262620846272,0.468307116999089));
#2468=CARTESIAN_POINT('',(4.15592830949076,-0.0609347173380404,0.468307116999089));
#2469=CARTESIAN_POINT('',(4.2780167541504,2.59659245109705,0.762));
#2470=CARTESIAN_POINT('',(4.46072830949076,2.35262620846272,0.762));
#2471=CARTESIAN_POINT('',(2.62701675415039,1.25876470811375,1.15663309936526));
#2472=CARTESIAN_POINT('',(4.27801675415039,-0.0865398724166183,0.508));
#2473=CARTESIAN_POINT('',(4.53201675415039,-0.0865398724166183,0.508));
#2474=CARTESIAN_POINT('',(4.53201675415039,2.51275530990045,0.508));
#2475=CARTESIAN_POINT('',(4.53201675415039,2.51275530990045,0.508));
#2476=CARTESIAN_POINT('',(4.53201675415039,2.51275530990045,0.537802442251733));
#2477=CARTESIAN_POINT('',(4.52676785285522,2.51533648679842,0.567182110380348));
#2478=CARTESIAN_POINT('',(4.50622741393625,2.52566176404896,0.623669979172274));
#2479=CARTESIAN_POINT('',(4.49079031886534,2.5334910096968,0.649832044914725));
#2480=CARTESIAN_POINT('',(4.4505501166351,2.55468684675154,0.697245232837286));
#2481=CARTESIAN_POINT('',(4.42545668557272,2.56828388474483,0.717113678901777));
#2482=CARTESIAN_POINT('',(4.37933665214747,2.59478320264687,0.74190926586351));
#2483=CARTESIAN_POINT('',(4.35955692280059,2.60655026688501,0.749440722824477));
#2484=CARTESIAN_POINT('',(4.33547638794976,2.6215761037841,0.755450545432867));
#2485=CARTESIAN_POINT('',(4.33142523533404,2.6241273278094,0.756355811182072));
#2486=CARTESIAN_POINT('',(4.32737182708267,2.62670482601588,0.757158738108855));
#2487=CARTESIAN_POINT('',(4.32737182708267,2.62670482601588,0.757158738108855));
#2488=CARTESIAN_POINT('',(4.2780167541504,2.59659245109705,0.762));
#2489=CARTESIAN_POINT('',(4.29297576467972,2.60779557514673,0.761999999999999));
#2490=CARTESIAN_POINT('',(4.30990754986548,2.6182073569383,0.76061818200517));
#2491=CARTESIAN_POINT('',(4.32737182708267,2.62670482601588,0.757158738108855));
#2492=CARTESIAN_POINT('',(4.33210221670498,-2.79275706222278,0.75617486323207));
#2493=CARTESIAN_POINT('',(4.31461654135229,-2.78335605551794,0.759985566811042));
#2494=CARTESIAN_POINT('',(4.29640420841799,-2.77523893270514,0.762));
#2495=CARTESIAN_POINT('',(4.27801675415039,-2.7685811029219,0.762));
#2496=CARTESIAN_POINT('',(4.33210221670498,-2.79275706222278,0.75617486323207));
#2497=CARTESIAN_POINT('',(4.33210221670498,-2.79275706222278,0.75617486323207));
#2498=CARTESIAN_POINT('',(4.33457698788152,-2.79119506103077,0.755635529223553));
#2499=CARTESIAN_POINT('',(4.33705036564108,-2.78964299353307,0.755057724975472));
#2500=CARTESIAN_POINT('',(4.35955692280059,-2.77559929146692,0.749440722824477));
#2501=CARTESIAN_POINT('',(4.37933665214747,-2.76383222722878,0.74190926586351));
#2502=CARTESIAN_POINT('',(4.42545668557272,-2.73733290932674,0.717113678901776));
#2503=CARTESIAN_POINT('',(4.4505501166351,-2.72373587133345,0.697245232837285));
#2504=CARTESIAN_POINT('',(4.49079031886534,-2.70254003427871,0.649832044914726));
#2505=CARTESIAN_POINT('',(4.50622741393625,-2.69471078863087,0.623669979172275));
#2506=CARTESIAN_POINT('',(4.52676785285522,-2.68438551138033,0.567182110380348));
#2507=CARTESIAN_POINT('',(4.53201675415039,-2.68180433448236,0.537802442251733));
#2508=CARTESIAN_POINT('',(4.53201675415039,-2.68180433448236,0.508));
#2509=CARTESIAN_POINT('',(4.53201675415039,-2.68180433448236,0.508));
#2510=CARTESIAN_POINT('',(-3.98376083374023,-3.19698143005371,0.508));
#2511=CARTESIAN_POINT('',(-4.25924677138082,-2.55948592904556,0.762));
#2512=CARTESIAN_POINT('',(-4.10514636986301,-2.82246141507429,0.762));
#2513=CARTESIAN_POINT('',(-4.10478699048265,-2.82225049302801,0.761999984036361));
#2514=CARTESIAN_POINT('',(-3.98376083374023,-3.19698143005371,0.762));
#2515=CARTESIAN_POINT('',(-4.10469693756104,-2.82231604762208,0.762));
#2516=CARTESIAN_POINT('',(-4.35869693756104,-2.66883541989017,0.508));
#2517=CARTESIAN_POINT('',(-4.35869693756104,-2.66883541989017,0.537559999153338));
#2518=CARTESIAN_POINT('',(-4.35353279758136,-2.67148376547844,0.56669159803062));
#2519=CARTESIAN_POINT('',(-4.33331476590502,-2.68208245332278,0.622813356400309));
#2520=CARTESIAN_POINT('',(-4.31809362379483,-2.69013340133143,0.648838564240012));
#2521=CARTESIAN_POINT('',(-4.27832618019222,-2.71198030205987,0.696229488254802));
#2522=CARTESIAN_POINT('',(-4.25344500874005,-2.72604568784543,0.716157174807224));
#2523=CARTESIAN_POINT('',(-4.20732660531719,-2.7537044955478,0.7413737616552));
#2524=CARTESIAN_POINT('',(-4.18726281332549,-2.76617762108244,0.749116482946593));
#2525=CARTESIAN_POINT('',(-4.14638905844005,-2.79287865139084,0.75945232883685));
#2526=CARTESIAN_POINT('',(-4.12568562628743,-2.80705496730943,0.761946728160612));
#2527=CARTESIAN_POINT('',(-4.10513348847544,-2.82199833089632,0.761999718698709));
#2528=CARTESIAN_POINT('',(-4.10491518899409,-2.82215715621119,0.762));
#2529=CARTESIAN_POINT('',(-4.10469693756104,-2.82231604762208,0.762));
#2530=CARTESIAN_POINT('',(3.53249241822768,3.35360347083335,0.468307116999089));
#2531=CARTESIAN_POINT('',(3.76907395514966,3.16142590609794,0.762));
#2532=CARTESIAN_POINT('',(3.76688105243343,3.15872631785184,0.762));
#2533=CARTESIAN_POINT('',(3.76464359945572,3.156066310231,0.761992257862196));
#2534=CARTESIAN_POINT('',(3.76236292934273,3.15344706454075,0.761972633841861));
#2535=CARTESIAN_POINT('',(3.76907395514966,3.16142590609794,0.762));
#2536=CARTESIAN_POINT('',(3.76236292934273,3.15344706454075,0.761972633841861));
#2537=CARTESIAN_POINT('',(3.76236292934273,3.15344706454075,0.761972633841861));
#2538=CARTESIAN_POINT('',(3.76127462393843,3.15219719538008,0.761990982510623));
#2539=CARTESIAN_POINT('',(3.76017440342394,3.15095422555802,0.762));
#2540=CARTESIAN_POINT('',(3.75906251830378,3.14971862649345,0.762));
#2541=CARTESIAN_POINT('',(3.75906251830378,3.14971862649345,0.762));
#2542=CARTESIAN_POINT('',(3.53249241822768,3.35360347083335,0.762));
#2543=CARTESIAN_POINT('',(3.53249241822768,3.04880347083335,0.762));
#2544=CARTESIAN_POINT('',(3.53249241822768,3.04880347083335,0.468307116999089));
#2545=CARTESIAN_POINT('',(3.53249241822768,3.04880347083335,0.468307116999089));
#2546=CARTESIAN_POINT('',(3.53249241822768,3.35360347083335,0.468307116999089));
#2547=CARTESIAN_POINT('',(3.79418000326153,3.19732600016292,0.468307116999089));
#2548=CARTESIAN_POINT('',(3.79418000326153,3.19732600016292,0.468307116999089));
#2549=CARTESIAN_POINT('',(3.79418000326153,3.19732600016292,0.762));
#2550=CARTESIAN_POINT('',(3.53249241822768,3.35360347083335,0.762));
#2551=CARTESIAN_POINT('',(-3.93585076079122,3.02345282347922,0.468307116999089));
#2552=CARTESIAN_POINT('',(-4.1677536566261,2.68971339382879,0.762));
#2553=CARTESIAN_POINT('',(-4.15666360399583,2.68200733607404,0.762));
#2554=CARTESIAN_POINT('',(-4.14517687780945,2.67484530280517,0.761994728736811));
#2555=CARTESIAN_POINT('',(-4.12914119274216,2.6659297303045,0.761979598527145));
#2556=CARTESIAN_POINT('',(-4.12491260140672,2.6636758053382,0.761974913058898));
#2557=CARTESIAN_POINT('',(-4.12064848112813,2.66149873445924,0.761969480469018));
#2558=CARTESIAN_POINT('',(-4.1677536566261,2.68971339382879,0.762));
#2559=CARTESIAN_POINT('',(-4.12064848112813,2.66149873445924,0.761969480469018));
#2560=CARTESIAN_POINT('',(-4.12064848112813,2.66149873445924,0.468307116999089));
#2561=CARTESIAN_POINT('',(-4.12064848112813,2.66149873445924,0.468307116999089));
#2562=CARTESIAN_POINT('',(-3.93585076079122,3.02345282347922,0.468307116999089));
#2563=CARTESIAN_POINT('',(-3.57589339821336,3.21211033625301,0.468307116999089));
#2564=CARTESIAN_POINT('',(-3.57589339821336,3.21211033625301,0.468307116999089));
#2565=CARTESIAN_POINT('',(-3.57589339821336,3.21211033625301,0.75915410311355));
#2566=CARTESIAN_POINT('',(-3.57589339821336,3.21211033625301,0.75915410311355));
#2567=CARTESIAN_POINT('',(-3.58538647808481,3.23022307368406,0.759283388555636));
#2568=CARTESIAN_POINT('',(-3.59625455994085,3.24763439160454,0.759422120309554));
#2569=CARTESIAN_POINT('',(-3.64016878223564,3.30736355987981,0.759943090869922));
#2570=CARTESIAN_POINT('',(-3.68014435765727,3.34383912766355,0.760349847123746));
#2571=CARTESIAN_POINT('',(-3.77202692316206,3.39922614683509,0.761081996032387));
#2572=CARTESIAN_POINT('',(-3.82305186964377,3.41755983645401,0.761398203669138));
#2573=CARTESIAN_POINT('',(-3.92926580675496,3.43333047302981,0.761841455341615));
#2574=CARTESIAN_POINT('',(-3.98340863552053,3.43061537478643,0.761963491015374));
#2575=CARTESIAN_POINT('',(-4.04426265317669,3.41523123278482,0.761997631443728));
#2576=CARTESIAN_POINT('',(-4.0529793314069,3.412713544076,0.762));
#2577=CARTESIAN_POINT('',(-4.06159303071962,3.40991089565944,0.762));
#2578=CARTESIAN_POINT('',(-4.06159303071962,3.40991089565944,0.762));
#2579=CARTESIAN_POINT('',(-3.93585076079122,3.02345282347922,0.762));
#2580=CARTESIAN_POINT('',(-4.25924677138082,2.39003316769426,0.468307116999089));
#2581=CARTESIAN_POINT('',(-4.12064848112813,2.66149873445924,0.761969480469018));
#2582=CARTESIAN_POINT('',(-4.11704199863577,2.65965742429522,0.761964885725201));
#2583=CARTESIAN_POINT('',(-4.11347414601724,2.65774523035983,0.761957686210199));
#2584=CARTESIAN_POINT('',(-4.10994712357417,2.65576358590944,0.761945733468447));
#2585=CARTESIAN_POINT('',(-4.10994712357417,2.65576358590944,0.761945733468447));
#2586=CARTESIAN_POINT('',(-4.10994712357417,2.65576358590944,0.761945733468447));
#2587=CARTESIAN_POINT('',(-4.10818216262509,2.65477194916021,0.761982223048965));
#2588=CARTESIAN_POINT('',(-4.10643096175394,2.65376487943949,0.762));
#2589=CARTESIAN_POINT('',(-4.10469693756104,2.65274477548174,0.762));
#2590=CARTESIAN_POINT('',(-3.95444677138082,2.39003316769426,0.468307116999089));
#2591=CARTESIAN_POINT('',(-3.95444677138082,2.39003316769426,0.468307116999089));
#2592=CARTESIAN_POINT('',(-4.25924677138082,2.39003316769426,0.468307116999089));
#2593=CARTESIAN_POINT('',(0.0824912823184203,-0.0885552325422824,0.762));
#2594=CARTESIAN_POINT('',(4.1394510269165,3.0279324054718,0.762));
#2595=CARTESIAN_POINT('',(4.5055032341759,3.1728650503815,0.762));
#2596=CARTESIAN_POINT('',(4.14309678330668,2.98895603926901,0.762));
#2597=CARTESIAN_POINT('',(0.0824912823184203,-0.0885552325422824,0.762));
#2598=CARTESIAN_POINT('',(-4.10469693756104,-0.0833184410202926,0.762));
#2599=CARTESIAN_POINT('',(0.0824912823184203,-0.0885552325422824,0.762));
#2600=CARTESIAN_POINT('',(-3.96624040603638,3.0279324054718,0.762));
#2601=CARTESIAN_POINT('',(3.86704240098246,-2.61228645149942,0.615153558499544));
#2602=CARTESIAN_POINT('',(3.86704240098246,-2.61228645149942,0.468307116999089));
#2603=CARTESIAN_POINT('',(3.86704240098246,-2.61228645149942,0.468307116999089));
#2604=CARTESIAN_POINT('',(3.84164240098246,-2.61228645149942,0.468307116999089));
#2605=CARTESIAN_POINT('',(3.84164240098246,-2.61228645149942,0.468307116999089));
#2606=CARTESIAN_POINT('',(1.98389158501872,-2.61228645149942,0.468307116999089));
#2607=CARTESIAN_POINT('',(3.86704240098246,-0.0609340020823055,0.468307116999089));
#2608=CARTESIAN_POINT('',(3.86704240098246,-2.86628645149942,0.468307116999089));
#2609=CARTESIAN_POINT('',(3.86704240098246,-2.58333335091348,0.468307116999089));
#2610=CARTESIAN_POINT('',(3.86704240098246,-2.58333335091348,1.16680711699909));
#2611=CARTESIAN_POINT('',(4.1394510269165,-3.19698143005371,0.508));
#2612=CARTESIAN_POINT('',(4.52311119456184,-3.28532488347472,0.762));
#2613=CARTESIAN_POINT('',(4.53956444989088,-3.23845959510581,0.762));
#2614=CARTESIAN_POINT('',(4.54729318594591,-3.18895574000493,0.761814109319275));
#2615=CARTESIAN_POINT('',(4.54443630490838,-3.08742877216194,0.761054600391083));
#2616=CARTESIAN_POINT('',(4.53306688700079,-3.03634278018233,0.760473021302157));
#2617=CARTESIAN_POINT('',(4.49166563518303,-2.94103893698185,0.759104573482444));
#2618=CARTESIAN_POINT('',(4.4619489869104,-2.89772676658264,0.758332981636055));
#2619=CARTESIAN_POINT('',(4.39731050535062,-2.83404543647543,0.757079535540682));
#2620=CARTESIAN_POINT('',(4.3660606500756,-2.81101449028112,0.756582692606226));
#2621=CARTESIAN_POINT('',(4.33210221670498,-2.79275706222278,0.75617486323207));
#2622=CARTESIAN_POINT('',(4.52311119456184,-3.28532488347472,0.762));
#2623=CARTESIAN_POINT('',(4.1394510269165,-3.19698143005371,0.762));
#2624=CARTESIAN_POINT('',(3.76963100024273,-3.33201045608521,0.762));
#2625=CARTESIAN_POINT('',(3.62159804883779,-3.58601045608521,0.508));
#2626=CARTESIAN_POINT('',(3.62159804883779,-3.58601045608521,0.537753994426635));
#2627=CARTESIAN_POINT('',(3.62419306335199,-3.58077854773923,0.567084067462713));
#2628=CARTESIAN_POINT('',(3.63457462184203,-3.5603027199593,0.623498959171074));
#2629=CARTESIAN_POINT('',(3.64244936592336,-3.54490883709445,0.649633803052215));
#2630=CARTESIAN_POINT('',(3.66377834348262,-3.50476301008693,0.69704307292349));
#2631=CARTESIAN_POINT('',(3.67747070211388,-3.47971173229561,0.71692360977859));
#2632=CARTESIAN_POINT('',(3.70420320792545,-3.43359198326553,0.741802875718447));
#2633=CARTESIAN_POINT('',(3.71611052150589,-3.41375572389807,0.749376235042305));
#2634=CARTESIAN_POINT('',(3.74157668650178,-3.37332343703282,0.759493664323542));
#2635=CARTESIAN_POINT('',(3.75508497307624,-3.35283241804442,0.761946586486157));
#2636=CARTESIAN_POINT('',(3.76932239171129,-3.33245180960589,0.7619997124711));
#2637=CARTESIAN_POINT('',(3.76947666352013,-3.33223111018487,0.762));
#2638=CARTESIAN_POINT('',(3.76963100024273,-3.33201045608521,0.762));
#2639=CARTESIAN_POINT('',(3.62159804883779,-3.58601045608521,0.508));
#2640=CARTESIAN_POINT('',(4.1394510269165,-3.19698143005371,0.508));
#2641=CARTESIAN_POINT('',(0.0824912823184203,-0.0885552325422824,0.762));
#2642=CARTESIAN_POINT('',(0.0801681894532751,-3.33201045608521,0.762));
#2643=CARTESIAN_POINT('',(-3.53344880975892,-3.33201045608521,0.762));
#2644=CARTESIAN_POINT('',(4.13965592637309,-3.15070312706704,0.762));
#2645=CARTESIAN_POINT('',(3.7781037031385,-3.33628585760555,0.762));
#2646=CARTESIAN_POINT('',(3.50693953571256,-3.47547290550943,0.762));
#2647=CARTESIAN_POINT('',(3.50693953571256,-3.17067290550943,0.762));
#2648=CARTESIAN_POINT('',(0.091616025686697,-3.17067290550943,0.762));
#2649=CARTESIAN_POINT('',(-3.26452211787951,-3.17067290550943,0.762));
#2650=CARTESIAN_POINT('',(-3.26452211787951,-3.47547290550943,0.762));
#2651=CARTESIAN_POINT('',(-4.35869693756104,-2.66883541989017,0.508));
#2652=CARTESIAN_POINT('',(-4.35869693756104,-2.66883541989017,0.537559999153338));
#2653=CARTESIAN_POINT('',(-4.35353279758136,-2.67148376547844,0.56669159803062));
#2654=CARTESIAN_POINT('',(-4.33331476590502,-2.68208245332278,0.622813356400309));
#2655=CARTESIAN_POINT('',(-4.31809362379483,-2.69013340133143,0.648838564240012));
#2656=CARTESIAN_POINT('',(-4.27832618019222,-2.71198030205987,0.696229488254802));
#2657=CARTESIAN_POINT('',(-4.25344500874005,-2.72604568784543,0.716157174807224));
#2658=CARTESIAN_POINT('',(-4.20732660531719,-2.7537044955478,0.7413737616552));
#2659=CARTESIAN_POINT('',(-4.18726281332549,-2.76617762108244,0.749116482946593));
#2660=CARTESIAN_POINT('',(-4.14638905844005,-2.79287865139084,0.75945232883685));
#2661=CARTESIAN_POINT('',(-4.12568562628743,-2.80705496730943,0.761946728160612));
#2662=CARTESIAN_POINT('',(-4.10513348847544,-2.82199833089632,0.761999718698709));
#2663=CARTESIAN_POINT('',(-4.10491518899409,-2.82215715621119,0.762));
#2664=CARTESIAN_POINT('',(-4.10469693756104,-2.82231604762208,0.762));
#2665=CARTESIAN_POINT('',(-4.35869693756104,-2.66883541989017,0.508));
#2666=CARTESIAN_POINT('',(-3.98376083374023,-3.19698143005371,0.508));
#2667=CARTESIAN_POINT('',(-3.46590785566153,-3.58601045608521,0.508));
#2668=CARTESIAN_POINT('',(-3.56943501365627,-3.39946880389256,0.752878278561212));
#2669=CARTESIAN_POINT('',(-3.55813312170427,-3.41757159130496,0.747891375938721));
#2670=CARTESIAN_POINT('',(-3.54745095774824,-3.43542427697884,0.740814446172936));
#2671=CARTESIAN_POINT('',(-3.52178050893758,-3.47971173229568,0.71692360977854));
#2672=CARTESIAN_POINT('',(-3.50808815030633,-3.50476301008699,0.697043072923432));
#2673=CARTESIAN_POINT('',(-3.48675917274708,-3.5449088370945,0.649633803052144));
#2674=CARTESIAN_POINT('',(-3.47888442866575,-3.56030271995934,0.623498959170999));
#2675=CARTESIAN_POINT('',(-3.46850287017552,-3.58077854773965,0.567084067461538));
#2676=CARTESIAN_POINT('',(-3.46590785566153,-3.58601045608521,0.537753994425981));
#2677=CARTESIAN_POINT('',(-3.46590785566153,-3.58601045608521,0.508));
#2678=CARTESIAN_POINT('',(-3.56943501365627,-3.39946880389256,0.752878278561212));
#2679=CARTESIAN_POINT('',(-3.92326283202526,-3.58600544189423,0.762));
#2680=CARTESIAN_POINT('',(-3.88172121688134,-3.58722485782485,0.762));
#2681=CARTESIAN_POINT('',(-3.84018248082868,-3.58206634001197,0.761653013892807));
#2682=CARTESIAN_POINT('',(-3.75073437360915,-3.55661226961892,0.76016444150525));
#2683=CARTESIAN_POINT('',(-3.70447786668309,-3.53333791214437,0.758872600798043));
#2684=CARTESIAN_POINT('',(-3.62662996605776,-3.47354326575331,0.755944433108578));
#2685=CARTESIAN_POINT('',(-3.59471949745011,-3.43881932478421,0.754376473191098));
#2686=CARTESIAN_POINT('',(-3.56943501365627,-3.39946880389256,0.752878278561212));
#2687=CARTESIAN_POINT('',(-3.92326283202526,-3.58600544189423,0.762));
#2688=CARTESIAN_POINT('',(-3.98376083374023,-3.19698143005371,0.762));
#2689=CARTESIAN_POINT('',(0.0801681894532751,-3.33201045608521,0.508));
#2690=CARTESIAN_POINT('',(-3.54172912586114,-3.34874755395783,0.761447962222627));
#2691=CARTESIAN_POINT('',(-3.53913060972701,-3.34306339625841,0.761823330416178));
#2692=CARTESIAN_POINT('',(-3.53636091307883,-3.33746932225828,0.761999999999899));
#2693=CARTESIAN_POINT('',(-3.53344880976144,-3.33201045608992,0.762));
#2694=CARTESIAN_POINT('',(-3.54172912586114,-3.34874755395783,0.761447962222627));
#2695=CARTESIAN_POINT('',(-3.56943501365627,-3.39946880389256,0.752878278561212));
#2696=CARTESIAN_POINT('',(-3.55901351427481,-3.3832497095074,0.757346266969914));
#2697=CARTESIAN_POINT('',(-3.54971019485195,-3.36620584646456,0.760295058297703));
#2698=CARTESIAN_POINT('',(-3.54172912586209,-3.34874755395992,0.76144796222249));
#2699=CARTESIAN_POINT('',(0.0801681894532751,-3.58601045608521,0.508));
#2700=CARTESIAN_POINT('',(0.100740769054974,-0.0609347173380406,0.468307116999089));
#2701=CARTESIAN_POINT('',(4.15592830949076,-0.0609347173380404,0.468307116999089));
#2702=CARTESIAN_POINT('',(4.15592830949068,-2.74462903339588,0.468307116999089));
#2703=CARTESIAN_POINT('',(4.15592830949076,-2.58333335091348,0.468307116999089));
#2704=CARTESIAN_POINT('',(1.8720148588682,-2.58333335091348,0.468307116999089));
#2705=CARTESIAN_POINT('',(3.61304240098246,-2.61228645149942,0.468307116999089));
#2706=CARTESIAN_POINT('',(3.61304240098246,-2.84088645149942,0.468307116999089));
#2707=CARTESIAN_POINT('',(0.108490326550089,-2.84088645149942,0.468307116999089));
#2708=CARTESIAN_POINT('',(-3.38056263289206,-2.84088645149942,0.468307116999089));
#2709=CARTESIAN_POINT('',(-3.38056263289206,-2.61228645149942,0.468307116999089));
#2710=CARTESIAN_POINT('',(-3.60916263289206,-2.61228645149942,0.468307116999089));
#2711=CARTESIAN_POINT('',(-3.60916263289206,-0.0609343597101731,0.468307116999089));
#2712=CARTESIAN_POINT('',(-3.60916263289206,-2.43163952996011,0.468307116999089));
#2713=CARTESIAN_POINT('',(-1.63116636023275,-2.43163952996011,0.468307116999089));
#2714=CARTESIAN_POINT('',(-3.95444677138082,-2.43163952996011,0.468307116999089));
#2715=CARTESIAN_POINT('',(-3.95444677138082,-0.0609347173380406,0.468307116999089));
#2716=CARTESIAN_POINT('',(-3.95444677138082,-2.55948592904556,0.468307116999089));
#2717=CARTESIAN_POINT('',(-4.25924677138082,-2.55948592904556,0.468307116999089));
#2718=CARTESIAN_POINT('',(-4.11014321357617,-2.8253264245499,0.468307116999089));
#2719=CARTESIAN_POINT('',(-3.91133846983663,-3.17978041855569,0.468307116999089));
#2720=CARTESIAN_POINT('',(-3.54172912586114,-3.34874755395783,0.468307116999089));
#2721=CARTESIAN_POINT('',(-3.26452211787951,-3.47547290550943,0.468307116999089));
#2722=CARTESIAN_POINT('',(-3.26452211787951,-3.17067290550943,0.468307116999089));
#2723=CARTESIAN_POINT('',(0.100740769054974,-3.17067290550943,0.468307116999089));
#2724=CARTESIAN_POINT('',(3.50693953571256,-3.17067290550943,0.468307116999089));
#2725=CARTESIAN_POINT('',(3.50693953571256,-3.47547290550943,0.468307116999089));
#2726=CARTESIAN_POINT('',(3.7781037031385,-3.33628585760555,0.468307116999089));
#2727=CARTESIAN_POINT('',(4.13965592637309,-3.15070312706704,0.468307116999089));
#2728=CARTESIAN_POINT('',(-3.91133846983663,-3.17978041855569,0.468307116999089));
#2729=CARTESIAN_POINT('',(-4.06373846983663,-3.17978041855569,0.468307116999089));
#2730=CARTESIAN_POINT('',(4.13965592637309,-3.15070312706704,0.468307116999089));
#2731=CARTESIAN_POINT('',(3.98725592637309,-3.15070312706704,0.468307116999089));
#2732=CARTESIAN_POINT('',(4.1394510269165,3.0279324054718,0.508));
#2733=CARTESIAN_POINT('',(4.32460051255473,2.62533899309399,0.757144423640121));
#2734=CARTESIAN_POINT('',(4.32579636228706,2.62593591556592,0.757152887896985));
#2735=CARTESIAN_POINT('',(4.32698954190158,2.62653887439253,0.757161451678067));
#2736=CARTESIAN_POINT('',(4.37583061930344,2.65152356067031,0.757516841478956));
#2737=CARTESIAN_POINT('',(4.41819881315225,2.6850738335068,0.75801725335903));
#2738=CARTESIAN_POINT('',(4.48765793257099,2.76685207797353,0.759135600531267));
#2739=CARTESIAN_POINT('',(4.51399093501049,2.81434185531423,0.7597400102573));
#2740=CARTESIAN_POINT('',(4.54667862626412,2.91693123820539,0.760813381454883));
#2741=CARTESIAN_POINT('',(4.5526633604361,2.97103124337965,0.761268421596542));
#2742=CARTESIAN_POINT('',(4.54335666666192,3.07637279073241,0.761859201836277));
#2743=CARTESIAN_POINT('',(4.52895163982151,3.12665821463614,0.762));
#2744=CARTESIAN_POINT('',(4.5055032341759,3.1728650503815,0.762));
#2745=CARTESIAN_POINT('',(4.32460051255473,2.62533899309399,0.757144423640121));
#2746=CARTESIAN_POINT('',(4.32460051255473,2.62533899309399,0.757144423640121));
#2747=CARTESIAN_POINT('',(4.32537968598168,2.6257279266828,0.757149938650786));
#2748=CARTESIAN_POINT('',(4.32616042544474,2.62611347059126,0.757154199496815));
#2749=CARTESIAN_POINT('',(4.32708567966018,2.62656545869495,0.757157762096236));
#2750=CARTESIAN_POINT('',(4.32722872606918,2.62663519837416,0.757158270953266));
#2751=CARTESIAN_POINT('',(4.32737182708267,2.62670482601588,0.757158738108855));
#2752=CARTESIAN_POINT('',(4.1394510269165,3.0279324054718,0.508));
#2753=CARTESIAN_POINT('',(3.61190955357979,3.40371862649345,0.508));
#2754=CARTESIAN_POINT('',(3.61190955357979,3.40371862649345,0.508));
#2755=CARTESIAN_POINT('',(3.61190955357979,3.40371862649345,0.537571744412347));
#2756=CARTESIAN_POINT('',(3.61455476217102,3.39855039605651,0.56671535451433));
#2757=CARTESIAN_POINT('',(3.62514066827519,3.37831679829642,0.622854902026616));
#2758=CARTESIAN_POINT('',(3.63318121293684,3.36308521108169,0.648886776514246));
#2759=CARTESIAN_POINT('',(3.65499742978638,3.32329483701506,0.696278932376086));
#2760=CARTESIAN_POINT('',(3.66904061476689,3.29840330712785,0.716203822061028));
#2761=CARTESIAN_POINT('',(3.69664365863439,3.25228481445511,0.741399882141833));
#2762=CARTESIAN_POINT('',(3.70908232595789,3.23223485265609,0.749132277716129));
#2763=CARTESIAN_POINT('',(3.73570809092105,3.19138787257029,0.759454822871751));
#2764=CARTESIAN_POINT('',(3.74984365593276,3.17069729165404,0.761946719842385));
#2765=CARTESIAN_POINT('',(3.76474394826975,3.15015546221104,0.761999718331293));
#2766=CARTESIAN_POINT('',(3.76490249847424,3.14993702040923,0.762));
#2767=CARTESIAN_POINT('',(3.76506111470028,3.14971862649345,0.762));
#2768=CARTESIAN_POINT('',(0.0824912823184203,-0.0885552325422824,0.762));
#2769=CARTESIAN_POINT('',(0.0845482963792443,3.14971862649345,0.762));
#2770=CARTESIAN_POINT('',(-3.5324954763564,3.14971862649356,0.762));
#2771=CARTESIAN_POINT('',(-3.30592537627997,3.35360347083335,0.762));
#2772=CARTESIAN_POINT('',(-3.30592537627997,3.04880347083335,0.762));
#2773=CARTESIAN_POINT('',(0.091616025686697,3.04880347083335,0.762));
#2774=CARTESIAN_POINT('',(-3.96624040603638,3.0279324054718,0.508));
#2775=CARTESIAN_POINT('',(-3.56336779483112,3.19042736617783,0.758716570081299));
#2776=CARTESIAN_POINT('',(-3.56783458555959,3.19747460762734,0.758961168484716));
#2777=CARTESIAN_POINT('',(-3.57201637085305,3.20471299213062,0.759101302209834));
#2778=CARTESIAN_POINT('',(-3.57589339821336,3.21211033625301,0.75915410311355));
#2779=CARTESIAN_POINT('',(-3.56336779483112,3.19042736617783,0.758716570081299));
#2780=CARTESIAN_POINT('',(-3.43869893269965,3.40371862649345,0.508));
#2781=CARTESIAN_POINT('',(-3.43869893269965,3.40371862649345,0.537571744412349));
#2782=CARTESIAN_POINT('',(-3.44134414129089,3.3985503960565,0.566715354514333));
#2783=CARTESIAN_POINT('',(-3.45193004739505,3.37831679829642,0.622854902026614));
#2784=CARTESIAN_POINT('',(-3.4599705920567,3.36308521108169,0.648886776514244));
#2785=CARTESIAN_POINT('',(-3.48178680890625,3.32329483701506,0.696278932376086));
#2786=CARTESIAN_POINT('',(-3.49582999388675,3.29840330712785,0.716203822061027));
#2787=CARTESIAN_POINT('',(-3.52343303775426,3.25228481445511,0.741399882141833));
#2788=CARTESIAN_POINT('',(-3.53587170507776,3.23223485265609,0.749132277716129));
#2789=CARTESIAN_POINT('',(-3.55376458046456,3.20478512771433,0.756069168145373));
#2790=CARTESIAN_POINT('',(-3.55852437651817,3.19760346659551,0.757551389799208));
#2791=CARTESIAN_POINT('',(-3.56336779483112,3.19042736617783,0.758716570081299));
#2792=CARTESIAN_POINT('',(-3.43869893269965,3.40371862649345,0.508));
#2793=CARTESIAN_POINT('',(-3.96624040603638,3.0279324054718,0.508));
#2794=CARTESIAN_POINT('',(-4.35869693756105,2.51267212089356,0.508));
#2795=CARTESIAN_POINT('',(-4.35869693756104,2.51267212089355,0.508));
#2796=CARTESIAN_POINT('',(-4.35869693756104,2.51267212089355,0.537800947832005));
#2797=CARTESIAN_POINT('',(-4.35344856083998,2.51525372782113,0.567179085979691));
#2798=CARTESIAN_POINT('',(-4.33291011628548,2.52558075377816,0.62366470509616));
#2799=CARTESIAN_POINT('',(-4.31747435456508,2.53341141205909,0.649825932100525));
#2800=CARTESIAN_POINT('',(-4.27723706268905,2.55461137929644,0.697239003124946));
#2801=CARTESIAN_POINT('',(-4.25214492990901,2.56821137082724,0.717107824020204));
#2802=CARTESIAN_POINT('',(-4.20602490489232,2.59471789343134,0.74190598882897));
#2803=CARTESIAN_POINT('',(-4.18624343354158,2.60648927782207,0.749438735961649));
#2804=CARTESIAN_POINT('',(-4.14591775214914,2.63165910499338,0.759503709657617));
#2805=CARTESIAN_POINT('',(-4.1254781880887,2.64500726027422,0.761946550557327));
#2806=CARTESIAN_POINT('',(-4.10513948735005,2.65907549797991,0.761999710909312));
#2807=CARTESIAN_POINT('',(-4.10491819011941,2.65922866410395,0.762));
#2808=CARTESIAN_POINT('',(-4.10469693756104,2.65938189485192,0.762));
#2809=CARTESIAN_POINT('',(0.100740769054974,3.04880347083335,0.468307116999089));
#2810=CARTESIAN_POINT('',(-3.30592537627997,3.04880347083335,0.468307116999089));
#2811=CARTESIAN_POINT('',(-3.30592537627997,3.04880347083335,0.468307116999089));
#2812=CARTESIAN_POINT('',(0.100740769054974,3.04880347083335,0.468307116999089));
#2813=CARTESIAN_POINT('',(-3.30592537627997,3.35360347083335,0.468307116999089));
#2814=CARTESIAN_POINT('',(-3.30592537627997,3.35360347083335,0.468307116999089));
#2815=CARTESIAN_POINT('',(-3.5324954763564,3.14971862649356,0.762));
#2816=CARTESIAN_POINT('',(-3.53453536044064,3.15198547836579,0.761999999999999));
#2817=CARTESIAN_POINT('',(-3.53653579358872,3.1542769249265,0.761969644084178));
#2818=CARTESIAN_POINT('',(-3.5472261515108,3.16689673932017,0.76162807705519));
#2819=CARTESIAN_POINT('',(-3.55571422364761,3.1783523513943,0.760677184943526));
#2820=CARTESIAN_POINT('',(-3.56336779483112,3.19042736617783,0.758716570081299));
#2821=CARTESIAN_POINT('',(0.100740769054974,-0.0609347173380406,0.468307116999089));
#2822=CARTESIAN_POINT('',(-3.95444677138082,-0.0609347173380406,0.468307116999089));
#2823=CARTESIAN_POINT('',(-3.95444677138082,-1.08875180489297,0.468307116999089));
#2824=CARTESIAN_POINT('',(-1.63116636023275,-1.08875180489297,0.468307116999089));
#2825=CARTESIAN_POINT('',(-3.60916263289206,-1.08875180489297,0.468307116999089));
#2826=CARTESIAN_POINT('',(-3.60916263289206,-0.0609343597101731,0.468307116999089));
#2827=CARTESIAN_POINT('',(-3.60916263289206,2.49041844733481,0.468307116999089));
#2828=CARTESIAN_POINT('',(-3.38056263289206,2.49041844733481,0.468307116999089));
#2829=CARTESIAN_POINT('',(-3.38056263289206,2.71901844733481,0.468307116999089));
#2830=CARTESIAN_POINT('',(0.108490326550089,2.71901844733481,0.468307116999089));
#2831=CARTESIAN_POINT('',(3.61304240098246,2.71901844733481,0.468307116999089));
#2832=CARTESIAN_POINT('',(3.61304240098246,2.49041844733481,0.468307116999089));
#2833=CARTESIAN_POINT('',(4.46072830949076,2.35262620846272,0.468307116999089));
#2834=CARTESIAN_POINT('',(4.32460051255473,2.62533899309399,0.468307116999089));
#2835=CARTESIAN_POINT('',(4.14309678330668,2.98895603926901,0.468307116999089));
#2836=CARTESIAN_POINT('',(4.14309678330668,2.98895603926901,0.468307116999089));
#2837=CARTESIAN_POINT('',(3.99069678330668,2.98895603926901,0.468307116999089));
#2838=CARTESIAN_POINT('',(-3.93585076079122,3.02345282347922,0.468307116999089));
#2839=CARTESIAN_POINT('',(-4.08825076079122,3.02345282347922,0.468307116999089));
#2840=CARTESIAN_POINT('',(-3.95444677138082,-0.0609347173380406,0.468307116999089));
#2841=CARTESIAN_POINT('',(-3.95444677138082,-1.08875180489297,1.16680711699909));
#2842=CARTESIAN_POINT('',(-3.36307348952047,-1.08875180489297,1.86530711699909));
#2843=CARTESIAN_POINT('',(-3.60916263289206,-1.08875180489297,1.16680711699909));
#2844=CARTESIAN_POINT('',(-3.60916263289206,-0.0609340020823055,0.468307116999089));
#2845=CARTESIAN_POINT('',(-3.60916263289206,2.49041844733481,0.468307116999089));
#2846=CARTESIAN_POINT('',(-3.38056263289206,2.49041844733481,0.468307116999089));
#2847=CARTESIAN_POINT('',(-3.38056263289206,2.71901844733481,0.468307116999089));
#2848=CARTESIAN_POINT('',(0.116239884045204,2.71901844733481,0.468307116999089));
#2849=CARTESIAN_POINT('',(3.61304240098246,2.71901844733481,0.468307116999089));
#2850=CARTESIAN_POINT('',(3.61304240098246,2.49041844733481,0.468307116999089));
#2851=CARTESIAN_POINT('',(4.46072830949076,2.35262620846272,0.468307116999089));
#2852=CARTESIAN_POINT('',(4.32460051255473,2.62533899309399,0.468307116999089));
#2853=CARTESIAN_POINT('',(4.14309678330668,2.98895603926901,0.468307116999089));
#2854=CARTESIAN_POINT('',(0.0824912823184203,-0.0885552325422824,0.762));
#2855=CARTESIAN_POINT('',(-4.25924677138082,-2.55948592904556,0.762));
#2856=CARTESIAN_POINT('',(-4.11014321357617,-2.8253264245499,0.762));
#2857=CARTESIAN_POINT('',(-3.91133846983663,-3.17978041855569,0.762));
#2858=CARTESIAN_POINT('',(3.61304240098246,-2.61228645149942,0.468307116999089));
#2859=CARTESIAN_POINT('',(3.61304240098246,-2.84088645149942,0.468307116999089));
#2860=CARTESIAN_POINT('',(-3.38056263289206,-2.61228645149942,0.468307116999089));
#2861=CARTESIAN_POINT('',(-3.60916263289206,-2.61228645149942,0.468307116999089));
#2862=CARTESIAN_POINT('',(-3.38056263289206,-2.84088645149942,0.468307116999089));
#2863=CARTESIAN_POINT('',(0.116239884045204,-2.84088645149942,0.468307116999089));
#2864=CARTESIAN_POINT('',(-3.60916263289206,-0.0609340020823055,0.468307116999089));
#2865=CARTESIAN_POINT('',(-3.60916263289206,-2.43163952996011,1.16680711699909));
#2866=CARTESIAN_POINT('',(-3.36307348952047,-2.43163952996011,1.86530711699909));
#2867=CARTESIAN_POINT('',(-3.95444677138082,-2.43163952996011,1.16680711699909));
#2868=CARTESIAN_POINT('',(-3.95444677138082,-0.0609347173380406,0.468307116999089));
#2869=CARTESIAN_POINT('',(-3.95444677138082,-2.55948592904556,0.468307116999089));
#2870=CARTESIAN_POINT('',(4.13965592637309,-3.15070312706704,0.468307116999089));
#2871=CARTESIAN_POINT('',(4.15592830949076,-2.7446290333998,0.468307116999089));
#2872=CARTESIAN_POINT('',(3.7781037031385,-3.33628585760555,0.468307116999089));
#2873=CARTESIAN_POINT('',(3.50693953571256,-3.47547290550943,0.468307116999089));
#2874=CARTESIAN_POINT('',(3.50693953571256,-3.17067290550943,0.468307116999089));
#2875=CARTESIAN_POINT('',(0.100740769054974,-3.17067290550943,0.468307116999089));
#2876=CARTESIAN_POINT('',(-3.26452211787951,-3.17067290550943,0.468307116999089));
#2877=CARTESIAN_POINT('',(-3.26452211787951,-3.47547290550943,0.468307116999089));
#2878=CARTESIAN_POINT('',(-3.54172912586114,-3.34874755395783,0.468307116999089));
#2879=CARTESIAN_POINT('',(-3.91133846983663,-3.17978041855569,0.468307116999089));
#2880=CARTESIAN_POINT('',(-4.11014321357617,-2.8253264245499,0.468307116999089));
#2881=CARTESIAN_POINT('',(-4.25924677138082,-2.55948592904556,0.468307116999089));
#2882=CARTESIAN_POINT('',(-4.10469693756104,-0.0833184410202926,0.508));
#2883=CARTESIAN_POINT('',(-4.35869693756104,-0.0833184410202926,0.508));
#2884=CARTESIAN_POINT('',(-3.98376083374023,-3.19698143005371,0.254));
#2885=CARTESIAN_POINT('',(-3.98376083374023,-3.19698143005371,0.254));
#2886=CARTESIAN_POINT('',(-3.46590785566153,-3.58601045608521,0.254));
#2887=CARTESIAN_POINT('',(-4.35869693756104,-2.66883541989017,0.254));
#2888=CARTESIAN_POINT('',(-4.10469693756104,-2.82231604762208,0.));
#2889=CARTESIAN_POINT('',(-4.10491518899595,-2.82215715620984,1.33640460583448E-20));
#2890=CARTESIAN_POINT('',(-4.10513348847356,-2.82199833089765,2.81301286633239E-7));
#2891=CARTESIAN_POINT('',(-4.12568562635662,-2.80705496725981,5.32718395651412E-5));
#2892=CARTESIAN_POINT('',(-4.14638905845197,-2.79287865138306,0.00254767116616388));
#2893=CARTESIAN_POINT('',(-4.18726281332549,-2.76617762108244,0.0128835170534063));
#2894=CARTESIAN_POINT('',(-4.20732660531719,-2.7537044955478,0.0206262383448));
#2895=CARTESIAN_POINT('',(-4.25344500874005,-2.72604568784543,0.0458428251927761));
#2896=CARTESIAN_POINT('',(-4.27832618019222,-2.71198030205987,0.0657705117451985));
#2897=CARTESIAN_POINT('',(-4.31809362379483,-2.69013340133143,0.113161435759988));
#2898=CARTESIAN_POINT('',(-4.33331476590502,-2.68208245332278,0.139186643599691));
#2899=CARTESIAN_POINT('',(-4.35353279758136,-2.67148376547844,0.19530840196938));
#2900=CARTESIAN_POINT('',(-4.35869693756104,-2.66883541989017,0.224440000846662));
#2901=CARTESIAN_POINT('',(-4.35869693756104,-2.66883541989017,0.254));
#2902=CARTESIAN_POINT('',(-4.10469693756104,-2.82231604762208,0.));
#2903=CARTESIAN_POINT('',(-3.98376083374023,-3.19698143005371,0.));
#2904=CARTESIAN_POINT('',(-3.61394080706647,-3.33201045608521,0.));
#2905=CARTESIAN_POINT('',(-3.46590785566153,-3.58601045608521,0.254));
#2906=CARTESIAN_POINT('',(-3.46590785566153,-3.58601045608521,0.224246005573366));
#2907=CARTESIAN_POINT('',(-3.46850287017573,-3.58077854773923,0.194915932537289));
#2908=CARTESIAN_POINT('',(-3.47888442866577,-3.5603027199593,0.138501040828926));
#2909=CARTESIAN_POINT('',(-3.4867591727471,-3.54490883709445,0.112366196947785));
#2910=CARTESIAN_POINT('',(-3.50808815030636,-3.50476301008693,0.0649569270765087));
#2911=CARTESIAN_POINT('',(-3.52178050893762,-3.47971173229561,0.0450763902214086));
#2912=CARTESIAN_POINT('',(-3.54851301474919,-3.43359198326553,0.0201971242815532));
#2913=CARTESIAN_POINT('',(-3.56042032832964,-3.41375572389807,0.0126237649576946));
#2914=CARTESIAN_POINT('',(-3.58588649333271,-3.37332343702141,0.00250633567360254));
#2915=CARTESIAN_POINT('',(-3.59939477994528,-3.35283241797862,5.34135136728275E-5));
#2916=CARTESIAN_POINT('',(-3.61363219853379,-3.3324518096077,2.87528904970537E-7));
#2917=CARTESIAN_POINT('',(-3.61378647034512,-3.33223111018308,1.35111667335123E-20));
#2918=CARTESIAN_POINT('',(-3.61394080706647,-3.33201045608521,0.));
#2919=CARTESIAN_POINT('',(0.0801681894532751,-3.33201045608521,0.254));
#2920=CARTESIAN_POINT('',(0.0801681894532751,-3.58601045608521,0.254));
#2921=CARTESIAN_POINT('',(3.62159804883779,-3.58601045608521,0.254));
#2922=CARTESIAN_POINT('',(0.0801681894532751,-3.33201045608521,0.));
#2923=CARTESIAN_POINT('',(3.76963100024273,-3.33201045608521,0.));
#2924=CARTESIAN_POINT('',(3.62159804883779,-3.58601045608521,0.254));
#2925=CARTESIAN_POINT('',(3.62159804883779,-3.58601045608521,0.224246005573365));
#2926=CARTESIAN_POINT('',(3.62419306335199,-3.58077854773923,0.194915932537287));
#2927=CARTESIAN_POINT('',(3.63457462184203,-3.5603027199593,0.138501040828926));
#2928=CARTESIAN_POINT('',(3.64244936592336,-3.54490883709445,0.112366196947785));
#2929=CARTESIAN_POINT('',(3.66377834348262,-3.50476301008693,0.0649569270765096));
#2930=CARTESIAN_POINT('',(3.67747070211388,-3.47971173229561,0.0450763902214095));
#2931=CARTESIAN_POINT('',(3.70420320792545,-3.43359198326553,0.0201971242815529));
#2932=CARTESIAN_POINT('',(3.7161105215059,-3.41375572389807,0.0126237649576943));
#2933=CARTESIAN_POINT('',(3.74157668650889,-3.37332343702154,0.00250633567363628));
#2934=CARTESIAN_POINT('',(3.75508497312101,-3.35283241797938,5.34135136748009E-5));
#2935=CARTESIAN_POINT('',(3.76932239171006,-3.33245180960769,2.87528904943847E-7));
#2936=CARTESIAN_POINT('',(3.76947666352138,-3.33223111018309,1.3511166734139E-20));
#2937=CARTESIAN_POINT('',(3.76963100024273,-3.33201045608521,0.));
#2938=CARTESIAN_POINT('',(4.1394510269165,-3.19698143005371,0.254));
#2939=CARTESIAN_POINT('',(4.1394510269165,-3.19698143005371,0.254));
#2940=CARTESIAN_POINT('',(4.53201675415039,-2.68180433448236,0.254));
#2941=CARTESIAN_POINT('',(4.1394510269165,-3.19698143005371,0.));
#2942=CARTESIAN_POINT('',(4.27801675415039,-2.82847196038414,0.));
#2943=CARTESIAN_POINT('',(4.53201675415039,-2.68180433448236,0.254));
#2944=CARTESIAN_POINT('',(4.53201675415039,-2.68180433448236,0.224197557748268));
#2945=CARTESIAN_POINT('',(4.52676785285522,-2.68438551138033,0.194817889619654));
#2946=CARTESIAN_POINT('',(4.50622741393625,-2.69471078863087,0.138330020827723));
#2947=CARTESIAN_POINT('',(4.49079031886533,-2.70254003427871,0.112167955085271));
#2948=CARTESIAN_POINT('',(4.4505501166351,-2.72373587133345,0.0647547671627156));
#2949=CARTESIAN_POINT('',(4.42545668557272,-2.73733290932674,0.0448863210982242));
#2950=CARTESIAN_POINT('',(4.37933665214747,-2.76383222722878,0.0200907341364878));
#2951=CARTESIAN_POINT('',(4.35955692280058,-2.77559929146692,0.0125592771755208));
#2952=CARTESIAN_POINT('',(4.31923463283458,-2.8007597024038,0.0024959703859977));
#2953=CARTESIAN_POINT('',(4.2987967065984,-2.81410277067939,5.34505982176715E-5));
#2954=CARTESIAN_POINT('',(4.27845934225147,-2.82816563395491,2.89140781590058E-7));
#2955=CARTESIAN_POINT('',(4.27823802586897,-2.82831876486638,1.35489850953238E-20));
#2956=CARTESIAN_POINT('',(4.27801675415039,-2.82847196038414,0.));
#2957=CARTESIAN_POINT('',(4.27801675415039,-0.0865398724166183,0.254));
#2958=CARTESIAN_POINT('',(4.53201675415039,-0.0865398724166183,0.254));
#2959=CARTESIAN_POINT('',(4.53201675415039,2.51275530990045,0.254));
#2960=CARTESIAN_POINT('',(4.27801675415039,-0.0865398724166183,0.));
#2961=CARTESIAN_POINT('',(4.27801675415039,2.65942293580223,0.));
#2962=CARTESIAN_POINT('',(4.53201675415039,2.51275530990045,0.254));
#2963=CARTESIAN_POINT('',(4.53201675415039,2.51275530990045,0.224197557748267));
#2964=CARTESIAN_POINT('',(4.52676785285522,2.51533648679842,0.194817889619652));
#2965=CARTESIAN_POINT('',(4.50622741393625,2.52566176404897,0.138330020827724));
#2966=CARTESIAN_POINT('',(4.49079031886533,2.5334910096968,0.112167955085272));
#2967=CARTESIAN_POINT('',(4.4505501166351,2.55468684675154,0.0647547671627152));
#2968=CARTESIAN_POINT('',(4.42545668557272,2.56828388474483,0.044886321098224));
#2969=CARTESIAN_POINT('',(4.37933665214747,2.59478320264687,0.0200907341364898));
#2970=CARTESIAN_POINT('',(4.35955692280059,2.60655026688501,0.0125592771755235));
#2971=CARTESIAN_POINT('',(4.31923463285717,2.6317106778078,0.00249597039163384));
#2972=CARTESIAN_POINT('',(4.29879670672836,2.64505374600895,5.34505985563985E-5));
#2973=CARTESIAN_POINT('',(4.27845934224786,2.65911660937544,2.89140772267425E-7));
#2974=CARTESIAN_POINT('',(4.27823802587256,2.65926974028199,1.35489853147565E-20));
#2975=CARTESIAN_POINT('',(4.27801675415039,2.65942293580223,0.));
#2976=CARTESIAN_POINT('',(4.1394510269165,3.0279324054718,0.254));
#2977=CARTESIAN_POINT('',(4.1394510269165,3.0279324054718,0.254));
#2978=CARTESIAN_POINT('',(3.61190955357979,3.40371862649345,0.254));
#2979=CARTESIAN_POINT('',(4.1394510269165,3.0279324054718,0.));
#2980=CARTESIAN_POINT('',(3.76506111470028,3.14971862649345,0.));
#2981=CARTESIAN_POINT('',(3.61190955357979,3.40371862649345,0.254));
#2982=CARTESIAN_POINT('',(3.61190955357979,3.40371862649345,0.224428255587652));
#2983=CARTESIAN_POINT('',(3.61455476217102,3.39855039605651,0.195284645485668));
#2984=CARTESIAN_POINT('',(3.62514066827519,3.37831679829642,0.139145097973386));
#2985=CARTESIAN_POINT('',(3.63318121293684,3.36308521108169,0.113113223485756));
#2986=CARTESIAN_POINT('',(3.65499742978638,3.32329483701506,0.065721067623913));
#2987=CARTESIAN_POINT('',(3.66904061476689,3.29840330712785,0.0457961779389718));
#2988=CARTESIAN_POINT('',(3.6966436586344,3.25228481445511,0.0206001178581669));
#2989=CARTESIAN_POINT('',(3.70908232595789,3.23223485265609,0.0128677222838707));
#2990=CARTESIAN_POINT('',(3.73570809092105,3.19138787257029,0.0025451771282492));
#2991=CARTESIAN_POINT('',(3.74984365593276,3.17069729165404,5.32801576148601E-5));
#2992=CARTESIAN_POINT('',(3.76474394826975,3.15015546221104,2.81668706759869E-7));
#2993=CARTESIAN_POINT('',(3.76490249847424,3.14993702040923,1.33727704954433E-20));
#2994=CARTESIAN_POINT('',(3.76506111470028,3.14971862649345,0.));
#2995=CARTESIAN_POINT('',(0.0845482963792443,3.14971862649345,0.254));
#2996=CARTESIAN_POINT('',(0.0845482963792443,3.40371862649345,0.254));
#2997=CARTESIAN_POINT('',(-3.43869893269965,3.40371862649345,0.254));
#2998=CARTESIAN_POINT('',(0.0845482963792443,3.14971862649345,0.));
#2999=CARTESIAN_POINT('',(-3.59185049382015,3.14971862649345,0.));
#3000=CARTESIAN_POINT('',(-3.43869893269965,3.40371862649345,0.254));
#3001=CARTESIAN_POINT('',(-3.43869893269965,3.40371862649345,0.224428255587652));
#3002=CARTESIAN_POINT('',(-3.44134414129089,3.39855039605651,0.195284645485668));
#3003=CARTESIAN_POINT('',(-3.45193004739505,3.37831679829642,0.139145097973385));
#3004=CARTESIAN_POINT('',(-3.4599705920567,3.36308521108169,0.113113223485755));
#3005=CARTESIAN_POINT('',(-3.48178680890625,3.32329483701506,0.0657210676239143));
#3006=CARTESIAN_POINT('',(-3.49582999388675,3.29840330712785,0.0457961779389729));
#3007=CARTESIAN_POINT('',(-3.52343303775426,3.25228481445511,0.020600117858167));
#3008=CARTESIAN_POINT('',(-3.53587170507776,3.23223485265609,0.0128677222838707));
#3009=CARTESIAN_POINT('',(-3.56249747004085,3.19138787257039,0.00254517712827572));
#3010=CARTESIAN_POINT('',(-3.5766330350522,3.17069729165463,5.32801576163886E-5));
#3011=CARTESIAN_POINT('',(-3.59153332738962,3.15015546221104,2.81668706739769E-7));
#3012=CARTESIAN_POINT('',(-3.5916918775941,3.14993702040923,1.33727704959202E-20));
#3013=CARTESIAN_POINT('',(-3.59185049382015,3.14971862649345,0.));
#3014=CARTESIAN_POINT('',(-3.96624040603638,3.0279324054718,0.254));
#3015=CARTESIAN_POINT('',(-3.96624040603638,3.0279324054718,0.254));
#3016=CARTESIAN_POINT('',(-4.35869693756105,2.51267212089356,0.254));
#3017=CARTESIAN_POINT('',(-3.96624040603638,3.0279324054718,0.));
#3018=CARTESIAN_POINT('',(-4.10469693756104,2.65938189485192,0.));
#3019=CARTESIAN_POINT('',(-4.35869693756104,2.51267212089355,0.254));
#3020=CARTESIAN_POINT('',(-4.35869693756104,2.51267212089355,0.224199052167995));
#3021=CARTESIAN_POINT('',(-4.35344856083998,2.51525372782113,0.194820914020309));
#3022=CARTESIAN_POINT('',(-4.33291011628548,2.52558075377816,0.13833529490384));
#3023=CARTESIAN_POINT('',(-4.31747435456508,2.53341141205909,0.112174067899475));
#3024=CARTESIAN_POINT('',(-4.27723706268905,2.55461137929644,0.0647609968750539));
#3025=CARTESIAN_POINT('',(-4.25214492990901,2.56821137082724,0.0448921759797958));
#3026=CARTESIAN_POINT('',(-4.20602490489232,2.59471789343134,0.0200940111710297));
#3027=CARTESIAN_POINT('',(-4.18624343354158,2.60648927782207,0.0125612640383511));
#3028=CARTESIAN_POINT('',(-4.14591775213777,2.63165910500047,0.00249629033954623));
#3029=CARTESIAN_POINT('',(-4.12547818802328,2.64500726031881,5.34494425033976E-5));
#3030=CARTESIAN_POINT('',(-4.10513948735189,2.65907549797867,2.89090693127487E-7));
#3031=CARTESIAN_POINT('',(-4.1049181901176,2.6592286641052,1.35478117596124E-20));
#3032=CARTESIAN_POINT('',(-4.10469693756104,2.65938189485192,0.));
#3033=CARTESIAN_POINT('',(-4.10469693756104,-0.0833184410202926,0.254));
#3034=CARTESIAN_POINT('',(-4.35869693756104,-0.0833184410202926,0.254));
#3035=CARTESIAN_POINT('',(-4.10469693756104,-0.0833184410202926,0.));
#3036=CARTESIAN_POINT('',(0.0866053104400684,3.40371862649345,0.));
#3037=CARTESIAN_POINT('',(-3.43869893269965,3.40371862649345,0.));
#3038=CARTESIAN_POINT('',(0.0845482963792443,3.40371862649345,0.508));
#3039=CARTESIAN_POINT('',(3.61190955357979,3.40371862649345,0.));
#3040=CARTESIAN_POINT('',(-3.96624040603638,3.0279324054718,0.));
#3041=CARTESIAN_POINT('',(-4.35869693756105,2.51267212089356,0.));
#3042=CARTESIAN_POINT('',(-4.35869693756104,-0.0780816494983028,0.));
#3043=CARTESIAN_POINT('',(-4.35869693756104,-2.66883541989017,0.));
#3044=CARTESIAN_POINT('',(-3.98376083374023,-3.19698143005371,0.));
#3045=CARTESIAN_POINT('',(-3.46590785566153,-3.58601045608521,0.));
#3046=CARTESIAN_POINT('',(0.0824912823184203,-0.0885552325422824,0.));
#3047=CARTESIAN_POINT('',(4.13965592637309,-3.15070312706704,0.));
#3048=CARTESIAN_POINT('',(3.98725592637309,-3.15070312706704,0.));
#3049=CARTESIAN_POINT('',(-3.93585076079122,3.02345282347922,0.));
#3050=CARTESIAN_POINT('',(-4.08825076079122,3.02345282347922,0.));
#3051=CARTESIAN_POINT('',(4.14309678330668,2.98895603926901,0.));
#3052=CARTESIAN_POINT('',(3.99069678330668,2.98895603926901,0.));
#3053=CARTESIAN_POINT('',(-3.91133846983663,-3.17978041855569,0.));
#3054=CARTESIAN_POINT('',(-4.06373846983663,-3.17978041855569,0.));
#3055=CARTESIAN_POINT('',(4.13965592637309,-3.15070312706704,-11.3146925619143));
#3056=CARTESIAN_POINT('',(-3.93585076079122,3.02345282347922,-11.3146925619143));
#3057=CARTESIAN_POINT('',(4.14309678330668,2.98895603926901,-11.3146925619143));
#3058=CARTESIAN_POINT('',(-3.91133846983663,-3.17978041855569,-11.3146925619143));
#3059=CARTESIAN_POINT('',(4.1394510269165,-3.19698143005371,0.));
#3060=CARTESIAN_POINT('',(4.53201675415039,-2.68180433448236,0.));
#3061=CARTESIAN_POINT('',(3.62159804883779,-3.58601045608521,0.));
#3062=CARTESIAN_POINT('',(0.0778450965881299,-3.58601045608521,0.));
#3063=CARTESIAN_POINT('',(4.1394510269165,3.0279324054718,0.));
#3064=CARTESIAN_POINT('',(4.53201675415039,2.51275530990045,0.));
#3065=CARTESIAN_POINT('',(4.53201675415039,-0.0845245122909541,0.));
#3066=CARTESIAN_POINT('',(4.15592830949076,-0.0609347173380402,0.468307116999089));
#3067=CARTESIAN_POINT('',(4.15592830949076,-2.58333335091348,1.16680711699909));
#3068=CARTESIAN_POINT('',(3.64328894868143,-2.58333335091348,1.86530711699909));
#3069=CARTESIAN_POINT('',(0.0845482963792443,3.14971862649345,0.508));
#3070=CARTESIAN_POINT('',(0.100740769054974,-0.0609347173380406,0.468307116999089));
#3071=CARTESIAN_POINT('',(1.8720148588682,-1.15511752373452,0.468307116999089));
#3072=CARTESIAN_POINT('',(4.15592830949076,-1.15511752373452,0.468307116999089));
#3073=CARTESIAN_POINT('',(3.84164240098246,-1.15511752373452,0.468307116999089));
#3074=CARTESIAN_POINT('',(4.15592830949076,-0.0609347173380404,0.468307116999089));
#3075=CARTESIAN_POINT('',(4.15592830949076,0.659124038918062,0.468307116999089));
#3076=CARTESIAN_POINT('',(2.15170059457072,0.659124038918062,0.468307116999089));
#3077=CARTESIAN_POINT('',(3.84164240098246,0.659124038918062,0.468307116999089));
#3078=CARTESIAN_POINT('',(3.84164240098246,-0.0609343597101731,0.468307116999089));
#3079=CARTESIAN_POINT('',(3.64328894868143,-1.15511752373452,1.86530711699909));
#3080=CARTESIAN_POINT('',(4.15592830949076,-1.15511752373452,1.16680711699909));
#3081=CARTESIAN_POINT('',(3.84164240098246,-1.15511752373452,1.16680711699909));
#3082=CARTESIAN_POINT('',(4.15592830949076,-0.0609347173380402,0.468307116999089));
#3083=CARTESIAN_POINT('',(4.15592830949076,0.659124038918062,1.16680711699909));
#3084=CARTESIAN_POINT('',(4.20266042008646,0.659124038918062,1.86530711699909));
#3085=CARTESIAN_POINT('',(3.84164240098246,0.659124038918062,1.16680711699909));
#3086=CARTESIAN_POINT('',(3.84164240098246,-0.0609340020823055,0.468307116999089));
#3087=CYLINDRICAL_SURFACE('',#1594,0.127);
#3088=CYLINDRICAL_SURFACE('',#1605,0.127);
#3089=CYLINDRICAL_SURFACE('',#1615,0.127);
#3090=CYLINDRICAL_SURFACE('',#1618,0.670949693062948);
#3091=CYLINDRICAL_SURFACE('',#1625,0.254);
#3092=CYLINDRICAL_SURFACE('',#1629,0.3048);
#3093=CYLINDRICAL_SURFACE('',#1633,0.406399999999999);
#3094=CYLINDRICAL_SURFACE('',#1636,0.3048);
#3095=CYLINDRICAL_SURFACE('',#1655,0.254);
#3096=CYLINDRICAL_SURFACE('',#1673,0.3048);
#3097=CYLINDRICAL_SURFACE('',#1685,0.2286);
#3098=CYLINDRICAL_SURFACE('',#1687,0.2286);
#3099=CYLINDRICAL_SURFACE('',#1688,0.3048);
#3100=CYLINDRICAL_SURFACE('',#1689,0.4064);
#3101=CYLINDRICAL_SURFACE('',#1693,0.2286);
#3102=CYLINDRICAL_SURFACE('',#1694,0.2286);
#3103=CYLINDRICAL_SURFACE('',#1699,0.4064);
#3104=CYLINDRICAL_SURFACE('',#1700,0.3048);
#3105=CYLINDRICAL_SURFACE('',#1702,0.3048);
#3106=CYLINDRICAL_SURFACE('',#1703,0.4064);
#3107=CYLINDRICAL_SURFACE('',#1704,0.3048);
#3108=CYLINDRICAL_SURFACE('',#1705,0.254);
#3109=CYLINDRICAL_SURFACE('',#1709,0.254);
#3110=CYLINDRICAL_SURFACE('',#1713,0.254);
#3111=CYLINDRICAL_SURFACE('',#1717,0.254);
#3112=CYLINDRICAL_SURFACE('',#1721,0.254);
#3113=CYLINDRICAL_SURFACE('',#1723,0.647700000000016);
#3114=CYLINDRICAL_SURFACE('',#1725,0.647699999999996);
#3115=CYLINDRICAL_SURFACE('',#1731,0.1524);
#3116=CYLINDRICAL_SURFACE('',#1732,0.1524);
#3117=CYLINDRICAL_SURFACE('',#1733,0.1524);
#3118=CYLINDRICAL_SURFACE('',#1734,0.1524);
#3119=CYLINDRICAL_SURFACE('',#1735,0.647700000000006);
#3120=CYLINDRICAL_SURFACE('',#1737,0.647700000000003);
#3121=CYLINDRICAL_SURFACE('',#1741,0.254);
#3122=CLOSED_SHELL('',(#1507,#1508,#1509,#1510,#1511,#1512,#1513,#1514,
#1515,#1516,#1517,#1518,#1519,#1520,#1521,#1522,#1523,#1524,#1525,#1526,
#1527,#1528,#1529,#1530,#1531,#1532,#1533,#1534,#1535,#1536,#1537,#1538,
#1539,#1540,#1541,#1542,#1543,#1544,#1545,#1546,#1547,#1548,#1549,#1550,
#1551,#1552,#1553,#1554,#1555,#1556,#1557,#1558,#1559,#1560,#1561,#1562,
#1563,#1564,#1565,#1566,#1567,#1568,#1569,#1570,#1571,#1572,#1573,#1574,
#1575,#1576,#1577,#1578,#1579,#1580,#1581,#1582,#1583,#1584,#1585,#1586,
#1587,#1588,#1589,#1590,#1591,#1592,#1593));
#3123=MANIFOLD_SOLID_BREP('',#3122);
#3124=ADVANCED_BREP_SHAPE_REPRESENTATION('',(#3123),#103);
ENDSEC;
END-ISO-10303-21;
